zone,time_elapsed,power_j,watts,watts_since_last,start_power,prev_power,prev_power_reading,temp
package-0,0.000499377,0.0,0.0,0.0,17915.787875,0.0,17915.787875,27.799999237060547
dram,0.000658736,0.0,0.0,0.0,556.245219,0.0,556.245219,27.799999237060547
core,0.000786141,0.009277000001020497,25.85390052231873,0.0,16031.643773,0.0,16031.65305,27.799999237060547
uncore,0.000912721,0.0,0.0,0.0,2.64074,0.0,2.64074,27.799999237060547
package-0,1.001170534,18.902172999998584,18.882933443474098,18.8897046237852,17915.787875,0.0,17934.690048,27.799999237060547
dram,1.001271646,0.45940999999993437,0.45894239002393244,0.4591069609410817,556.245219,0.0,556.704629,27.799999237060547
core,1.001357756,17.459977000000436,17.442205381128478,17.43918905399406,16031.643773,0.009277000001020497,16049.10375,27.799999237060547
uncore,1.001442056,0.00579799999999997,0.005792098511915558,0.0057941754849410295,2.64074,0.0,2.646538,27.799999237060547
package-0,2.001665602,38.846152999998594,19.407943902946815,19.933205364971645,17915.787875,18.902172999998584,17954.634028,27.799999237060547
dram,2.001760395,0.9063689999999269,0.4528314221325654,0.4467175326450492,556.245219,0.45940999999993437,557.151588,27.799999237060547
core,2.001846023,35.98574800000097,17.978855679470364,18.515762545261605,16031.643773,17.459977000000436,16067.629521,27.799999237060547
uncore,2.001930058,0.00579799999999997,0.002896741377435473,0.0,2.64074,0.00579799999999997,2.646538,27.799999237060547
package-0,2.919012364,57.13712199999645,19.57522756154186,19.940246857532458,17915.787875,38.846152999998594,17972.924997,27.799999237060547
dram,2.919206053,1.3176839999999856,0.4514396814421987,0.44840285040164324,556.245219,0.9063689999999269,557.562903,27.799999237060547
core,2.91939254,52.952440000000934,18.141551878286315,18.496561162820846,16031.643773,35.98574800000097,16084.596213,27.799999237060547
uncore,2.919579552,0.00579799999999997,0.0019863998295508506,0.0,2.64074,0.00579799999999997,2.646538,27.799999237060547
