zone,time_elapsed,power_j,watts,watts_since_last,start_power,prev_power,prev_power_reading,temp
package-0,0.000433711,0.0,0.0,0.0,1853.561661,0.0,1853.561661,27.799999237060547
dram,0.00055419,0.0,0.0,0.0,180.729395,0.0,180.729395,27.799999237060547
core,0.000642807,0.006896999999980835,21.640566413605082,0.0,1222.561567,0.0,1222.568464,27.799999237060547
uncore,0.000733138,0.0,0.0,0.0,0.596556,0.0,0.596556,27.799999237060547
package-0,1.000989847,18.827710000000025,18.811938916949305,18.81793129963603,1853.561661,0.0,1872.389371,27.799999237060547
dram,1.001101742,0.4652089999999873,0.46481931640198515,0.4649673806305774,180.729395,0.0,181.194604,27.799999237060547
core,1.001194855,17.261124999999993,17.246666171182053,17.245266531737325,1222.561567,0.006896999999980835,1239.822692,27.799999237060547
uncore,1.00128552,0.007751000000000063,0.007744507353537689,0.0077469743002988615,0.596556,0.0,0.604307,27.799999237060547
package-0,2.00151426,38.02065400000015,18.997133993865386,19.182382333746222,1853.561661,18.827710000000025,1891.582315,27.799999237060547
dram,2.001615045,0.9152809999999931,0.45732290136405607,0.449824330322325,180.729395,0.4652089999999873,181.644676,27.799999237060547
core,2.001707444,34.871127000000115,17.423463366413863,17.60031140934063,1222.561567,17.261124999999993,1257.432694,27.799999237060547
uncore,2.001798574,0.007751000000000063,0.0038728104357818576,0.0,0.596556,0.007751000000000063,0.604307,27.799999237060547
package-0,2.8526699840000003,54.35886900000014,19.056776276558626,19.19703025732453,1853.561661,38.02065400000015,1907.92053,27.799999237060547
dram,2.852848055,1.2988859999999818,0.45535494696833584,0.4507271321781947,180.729395,0.9152809999999931,182.028281,27.799999237060547
core,2.853020531,49.87444499999992,17.484656280882593,17.62855670624106,1222.561567,34.871127000000115,1272.436012,27.799999237060547
uncore,2.853195751,0.007751000000000063,0.002717294815674085,0.0,0.596556,0.007751000000000063,0.604307,27.799999237060547
