zone,time_elapsed,power_j,watts,watts_since_last,start_power,prev_power,prev_power_reading,temp
package-0,0.000786486,0.0,0.0,0.0,13652.155052,0.0,13652.155052,27.799999237060547
dram,0.000910199,0.0008550000000013824,1.4897624569430465,0.0,457.05254,0.0,457.053395,27.799999237060547
core,0.000998478,0.009887000000162516,17.22722972165403,0.0,12081.329179,0.0,12081.339066,27.799999237060547
uncore,0.00108439,0.0,0.0,0.0,2.090753,0.0,2.090753,27.799999237060547
package-0,1.001438383,18.603590000000622,18.581402467593335,18.59206004100589,13652.155052,0.0,13670.758642,27.799999237060547
dram,1.001659424,0.4666129999999953,0.46605649498891083,0.46546933686339137,457.05254,0.0008550000000013824,457.519153,27.799999237060547
core,1.001859624,17.16413999999895,17.143669224600593,17.143621297533016,12081.329179,0.009887000000162516,12098.493319,27.799999237060547
uncore,1.002078112,0.00781300000000007,0.00780368184201561,0.0078081577319418175,2.090753,0.0,2.098566,27.799999237060547
package-0,2.002386223,38.300805999999284,19.129507542403708,19.677724053338114,13652.155052,18.603590000000622,13690.455858,27.799999237060547
dram,2.002601478,0.9206519999999614,0.45982372741525723,0.45358969264760685,457.05254,0.4666129999999953,457.973192,27.799999237060547
core,2.002813389,35.42684999999983,17.69409746308248,18.244637610014543,12081.329179,17.16413999999895,12116.756029,27.799999237060547
uncore,2.003030801,0.00781300000000007,0.0039022375254662866,0.0,2.090753,0.00781300000000007,2.098566,27.799999237060547
package-0,2.899382756,55.951882999999725,19.299236703278922,19.678091111615302,13652.155052,38.300805999999284,13708.106935,27.799999237060547
dram,2.899563279,1.3283050000000003,0.4581663964579895,0.4544670490035184,457.05254,0.9206519999999614,458.380845,27.799999237060547
core,2.8997384999999998,51.79173699999956,17.86429585644089,18.24419764398939,12081.329179,35.42684999999983,12133.120916,27.799999237060547
uncore,2.899892251,0.00781300000000007,0.002694903697212841,0.0,2.090753,0.00781300000000007,2.098566,27.799999237060547
