zone,time_elapsed,power_j,watts,watts_since_last,start_power,prev_power,prev_power_reading,temp
package-0,0.000639364,0.017027999998390442,38.626872304002745,0.0,18926.582407,0.0,18926.599435,27.799999237060547
dram,0.000871531,0.0007940000000417058,1.8011355775128126,0.0,579.847758,0.0,579.848552,27.799999237060547
core,0.00106043,0.012267999998584855,27.82913257080313,0.0,16968.089252,0.0,16968.10152,27.799999237060547
uncore,0.001261561,0.0,0.0,0.0,2.773552,0.0,2.773552,27.799999237060547
package-0,1.001616204,18.86903099999836,18.84318899836946,18.834475806324885,18926.582407,0.017027999998390442,18945.451438,27.799999237060547
dram,1.001825871,0.4602039999999761,0.45957372955749143,0.4589828746676146,579.847758,0.0007940000000417058,580.307962,27.799999237060547
core,1.002026511,17.42384399999719,17.399981248113974,17.39538800847641,16968.089252,0.012267999998584855,16985.513096,27.799999237060547
uncore,1.002240899,0.006470000000000198,0.006461139038854975,0.0064639846740384005,2.773552,0.0,2.780022,27.799999237060547
package-0,2.002567331,38.69466399999874,19.324645571448052,19.80629209634942,18926.582407,18.86903099999836,18965.277071,27.799999237060547
dram,2.002758087,0.9079570000000103,0.45344617074633414,0.4473161943942597,579.847758,0.4602039999999761,580.755715,27.799999237060547
core,2.002971396,35.81790099999853,17.887950698789084,18.376112670849917,16968.089252,17.42384399999719,17003.907153,27.799999237060547
uncore,2.003182929,0.006470000000000198,0.0032312066812953018,0.0,2.773552,0.006470000000000198,2.780022,27.799999237060547
package-0,2.904191641,56.525306999999884,19.46472175052449,19.7758009019245,18926.582407,38.69466399999874,18983.107714,27.799999237060547
dram,2.904372984,1.3114590000000135,0.45160629595910745,0.4475203286571263,579.847758,0.9079570000000103,581.159217,27.799999237060547
core,2.904545757,52.36931099999856,18.033587449275693,18.357015437194374,16968.089252,35.81790099999853,17020.458563,27.799999237060547
uncore,2.904718441,0.006470000000000198,0.0022279710878155435,0.0,2.773552,0.006470000000000198,2.780022,27.799999237060547
