zone,time_elapsed,power_j,watts,watts_since_last,start_power,prev_power,prev_power_reading,temp
package-0,0.000489281,0.0,0.0,0.0,18255.157673,0.0,18255.157673,27.799999237060547
dram,0.0007646,0.0,0.0,0.0,564.117452,0.0,564.117452,27.799999237060547
core,0.000897372,0.01080300000103307,28.108583489317983,0.0,16346.058129,0.0,16346.068932,27.799999237060547
uncore,0.00102638,0.0,0.0,0.0,2.680596,0.0,2.680596,27.799999237060547
package-0,1.001275062,18.70478599999842,18.683642058586276,18.690817398924516,18255.157673,0.0,18273.862459,27.799999237060547
dram,1.001378491,0.4666730000000143,0.4661454715604678,0.4663244919246499,564.117452,0.0,564.584125,27.799999237060547
core,1.001463976,17.25844000000143,17.23893101207582,17.234756587430024,16346.058129,0.01080300000103307,16363.316569,27.799999237060547
uncore,1.001547707,0.0067750000000001975,0.006767341521412562,0.006769940478213864,2.680596,0.0,2.687371,27.799999237060547
package-0,2.001774534,38.68971999999849,19.328906065899247,19.97456514331048,18255.157673,18.70478599999842,18293.847393,27.799999237060547
dram,2.001870315,0.9219950000000381,0.46061730992703515,0.45508576361487396,564.117452,0.4666730000000143,565.039447,27.799999237060547
core,2.001954924,35.81796300000133,17.894211751827296,18.549893694533385,16346.058129,17.25844000000143,16381.876092,27.799999237060547
uncore,2.002038286,0.0067750000000001975,0.003384706288814609,0.0,2.680596,0.0067750000000001975,2.687371,27.799999237060547
package-0,2.866328877,56.00718099999722,19.540695249688113,20.0310513862692,18255.157673,38.68971999999849,18311.164854,27.799999237060547
dram,2.8665237660000003,1.316646999999989,0.459373196776627,0.45649269784372604,564.117452,0.9219950000000381,565.434099,27.799999237060547
core,2.866715125,51.88622000000214,18.102907423217115,18.586101141201915,16346.058129,35.81796300000133,16397.944349,27.799999237060547
uncore,2.8669069719999998,0.0067750000000001975,0.002363772072667742,0.0,2.680596,0.0067750000000001975,2.687371,27.799999237060547
