zone,time_elapsed,power_j,watts,watts_since_last,start_power,prev_power,prev_power_reading,temp
package-0,0.00042829,0.0,0.0,0.0,4922.549104,0.0,4922.549104,27.799999237060547
dram,0.00054931,0.0007930000000158088,2.7909464934231814,0.0,253.17556,0.0,253.176353,27.799999237060547
core,0.000639068,0.005920000000060099,20.835313040231508,0.0,4041.037445,0.0,4041.043365,27.799999237060547
uncore,0.00072565,0.0,0.0,0.0,0.995053,0.0,0.995053,27.799999237060547
package-0,1.001069501,19.032117000000653,19.016338668399015,19.021738891435398,4922.549104,0.0,4941.581221,27.799999237060547
dram,1.001283485,0.4664290000000051,0.4660423130418165,0.46538209125405783,253.17556,0.0007930000000158088,253.641989,27.799999237060547
core,1.001487363,17.451798999999937,17.437330810693034,17.436365858278528,4041.037445,0.005920000000060099,4058.489244,27.799999237060547
uncore,1.001700297,0.007201999999999931,0.007196029274610055,0.007198072789070796,0.995053,0.0,1.002255,27.799999237060547
package-0,2.002017971,38.765526000000136,19.36512577598426,19.713856402941914,4922.549104,19.032117000000653,4961.31463,27.799999237060547
dram,2.002225602,0.9183940000000064,0.4587791565606346,0.45151717623426857,253.17556,0.4664290000000051,254.093954,27.799999237060547
core,2.002431306,35.61135899999999,17.789477333255494,18.141566831185546,4041.037445,17.451798999999937,4076.648804,27.799999237060547
uncore,2.002637649,0.007201999999999931,0.00359772329256249,0.0,0.995053,0.007201999999999931,1.002255,27.799999237060547
package-0,2.920003043,56.86112200000025,19.474244588999884,19.712195348278296,4922.549104,38.765526000000136,4979.410226,27.799999237060547
dram,2.920181865,1.3334930000000043,0.4567051779196195,0.45218254081683074,253.17556,0.9183940000000064,254.509053,27.799999237060547
core,2.920354367,52.26072999999997,17.898666129375336,18.136769497835658,4041.037445,35.61135899999999,4093.298175,27.799999237060547
uncore,2.920529476,0.007201999999999931,0.0024665976434649884,0.0,0.995053,0.007201999999999931,1.002255,27.799999237060547
