zone,time_elapsed,power_j,watts,watts_since_last,start_power,prev_power,prev_power_reading,temp
package-0,0.000735842,0.0,0.0,0.0,18141.376531,0.0,18141.376531,27.799999237060547
dram,0.000861476,0.0,0.0,0.0,561.473416,0.0,561.473416,27.799999237060547
core,0.000952651,0.008422999999311287,14.204430472510705,0.0,16240.639209,0.0,16240.647632,27.799999237060547
uncore,0.001067694,0.0,0.0,0.0,2.666558,0.0,2.666558,27.799999237060547
package-0,1.001427655,19.12195999999676,19.0995280435987,19.110847176139764,18141.376531,0.0,18160.498491,27.799999237060547
dram,1.00164686,0.45855599999993046,0.4580180683131123,0.45828950785913686,561.473416,0.0,561.931972,27.799999237060547
core,1.001855145,17.68611199999941,17.66536443577298,17.66741552154623,16240.639209,0.008422999999311287,16258.325321,27.799999237060547
uncore,1.002063179,0.007018999999999664,0.0070107660165608324,0.007014920872616683,2.666558,0.0,2.673577,27.799999237060547
package-0,2.002385149,38.9545509999989,19.45602271358826,19.812575880158757,18141.376531,19.12195999999676,18180.331082,27.799999237060547
dram,2.002511438,0.9051489999999376,0.45208066968044336,0.44614229679051653,561.473416,0.45855599999993046,562.378565,27.799999237060547
core,2.002753965,36.087798999998995,18.02421075338304,18.38311595345174,16240.639209,17.68611199999941,16276.727008,27.799999237060547
uncore,2.00293655,0.007018999999999664,0.00350567058074096,0.0,2.666558,0.007018999999999664,2.673577,27.799999237060547
package-0,2.915682029,56.96256199999698,19.53800337109483,19.717727609092844,18141.376531,38.9545509999989,18198.339093,27.799999237060547
dram,2.915863936,1.3133510000000115,0.45047581015461263,0.44695751493539365,561.473416,0.9051489999999376,562.786767,27.799999237060547
core,2.916037115,52.79606899999999,18.10890763836447,18.294586597000215,16240.639209,36.087798999998995,16293.435278,27.799999237060547
uncore,2.9162105240000002,0.007018999999999664,0.0024074978520403512,0.0,2.666558,0.007018999999999664,2.673577,27.799999237060547
