zone,time_elapsed,power_j,watts,watts_since_last,start_power,prev_power,prev_power_reading,temp
package-0,0.000401092,0.0,0.0,0.0,19039.396144,0.0,19039.396144,27.799999237060547
dram,0.000536957,0.0,0.0,0.0,582.448826,0.0,582.448826,27.799999237060547
core,0.000625486,0.005494000000908272,18.754565753317287,0.0,17072.622858,0.0,17072.628352,27.799999237060547
uncore,0.000712185,0.0,0.0,0.0,2.788017,0.0,2.788017,27.799999237060547
package-0,1.000959178,19.301342000002478,19.285590166379052,19.291236767902532,19039.396144,0.0,19058.697486,27.799999237060547
dram,1.001059434,0.45898299999998926,0.45860842377352895,0.4587426991056303,582.448826,0.0,582.907809,27.799999237060547
core,1.001144404,17.869339000000764,17.85475582465013,17.854492370533862,17072.622858,0.005494000000908272,17090.492197,27.799999237060547
uncore,1.001227667,0.008605999999999892,0.008598976639646856,0.008601494322236546,2.788017,0.0,2.796623,27.799999237060547
package-0,2.001453631,39.24697000000015,19.610444995379506,19.93539840946403,19039.396144,19.301342000002478,19078.643114,27.799999237060547
dram,2.001548389,0.9052709999999706,0.4523347191238345,0.44605911056616276,582.448826,0.45898299999998926,583.354097,27.799999237060547
core,2.001633187,36.37039100000038,18.17311125332607,18.491563294685275,17072.622858,17.869339000000764,17108.993249,27.799999237060547
uncore,2.001716847,0.008605999999999892,0.004300140612899118,0.0,2.788017,0.008605999999999892,2.796623,27.799999237060547
package-0,2.851740935,56.17447800000082,19.699143489799095,19.907913275415865,19039.396144,39.24697000000015,19095.570622,27.799999237060547
dram,2.851848189,1.28503099999989,0.4506318698295244,0.44662387077117444,582.448826,0.9052709999999706,583.733857,27.799999237060547
core,2.852029705,52.08067800000208,18.26353862991035,18.476377688193367,17072.622858,36.37039100000038,17124.703536,27.799999237060547
uncore,2.852222796,0.008605999999999892,0.0030179333197044825,0.0,2.788017,0.008605999999999892,2.796623,27.799999237060547
