zone,time_elapsed,power_j,watts,watts_since_last,start_power,prev_power,prev_power_reading,temp
package-0,0.000336798,0.0,0.0,0.0,18592.829599,0.0,18592.829599,27.799999237060547
dram,0.000454721,0.0,0.0,0.0,572.067383,0.0,572.067383,27.799999237060547
core,0.000536622,0.005493000000569737,25.23150700294775,0.0,16658.926042,0.0,16658.931535,27.799999237060547
uncore,0.000616109,0.0,0.0,0.0,2.724053,0.0,2.724053,27.799999237060547
package-0,1.000867636,19.090344000000186,19.076593801030935,19.08074476352083,18592.829599,0.0,18611.919943,27.799999237060547
dram,1.000963889,0.46722300000010364,0.4668864733658527,0.4669880653092675,572.067383,0.0,572.534606,27.799999237060547
core,1.001045706,17.638992000000144,17.626287166099978,17.624632311852963,16658.926042,0.005493000000569737,16676.565034,27.799999237060547
uncore,1.001125596,0.008299999999999752,0.008294021760349131,0.008295826494127953,2.724053,0.0,2.732353,27.799999237060547
package-0,2.001351331,38.84639700000116,19.41114868975631,19.745770469012317,18592.829599,19.090344000000186,18631.675996,27.799999237060547
dram,2.001441903,0.9223000000000638,0.4608639106623698,0.4548401438144294,572.067383,0.46722300000010364,572.989683,27.799999237060547
core,2.001522854,35.96823000000222,17.972957971813344,18.319698090500243,16658.926042,17.638992000000144,16694.894272,27.799999237060547
uncore,2.001602391,0.008299999999999752,0.004147425413094753,0.0,2.724053,0.008299999999999752,2.732353,27.799999237060547
package-0,2.845718471,55.52036600000065,19.511135315802132,19.748124368834592,18592.829599,38.84639700000116,18648.349965,27.799999237060547
dram,2.84580743,1.3077360000000908,0.45956854919413337,0.4564982736999749,572.067383,0.9223000000000638,573.375119,27.799999237060547
core,2.845886282,51.41893500000151,18.06979800132175,18.299328967576336,16658.926042,35.96823000000222,16710.344977,27.799999237060547
uncore,2.845963888,0.008299999999999752,0.0029168111593707966,0.0,2.724053,0.008299999999999752,2.732353,27.799999237060547
