zone,time_elapsed,power_j,watts,watts_since_last,start_power,prev_power,prev_power_reading,temp
package-0,0.000619884,0.0,0.0,0.0,6161.754062,0.0,6161.754062,27.799999237060547
dram,0.000775208,0.0,0.0,0.0,282.025095,0.0,282.025095,27.799999237060547
core,0.000916131,0.008299999999508145,17.91329533306459,0.0,5180.433149,0.0,5180.441449,27.799999237060547
uncore,0.001043451,0.0,0.0,0.0,1.145871,0.0,1.145871,27.799999237060547
package-0,1.001297787,18.99818099999993,18.976405309237908,18.985191882284635,6161.754062,0.0,6180.752243,27.799999237060547
dram,1.001401529,0.46484299999997347,0.4643101975479445,0.4645251853393946,282.025095,0.0,282.489938,27.799999237060547
core,1.001486861,17.43324399999983,17.41326203802553,17.413030509503603,5180.433149,0.008299999999508145,5197.866393,27.799999237060547
uncore,1.001570941,0.006835999999999842,0.006828164585543628,0.006831326204719033,1.145871,0.0,1.152707,27.799999237060547
package-0,2.001798037,39.094992000000275,19.53101123082548,20.085953598040785,6161.754062,18.99818099999993,6200.849054,27.799999237060547
dram,2.001894139,0.9145489999999654,0.4568888718570248,0.4494630440998929,282.025095,0.46484299999997347,282.939644,27.799999237060547
core,2.001979833,35.94448799999918,17.957087670314674,18.501243208486734,5180.433149,17.43324399999983,5216.377637,27.799999237060547
uncore,2.002063344,0.006835999999999842,0.0034151175366379143,0.0,1.145871,0.006835999999999842,1.152707,27.799999237060547
package-0,2.920629399,57.4801379999999,19.681866147395695,20.010526487333504,6161.754062,39.094992000000275,6219.2342,27.799999237060547
dram,2.920826501,1.328792999999962,0.45499414012533623,0.45086617937214535,282.025095,0.9145489999999654,283.353888,27.799999237060547
core,2.92101764,52.88078499999938,18.106994317571047,18.433588708833632,5180.433149,35.94448799999918,5233.313934,27.799999237060547
uncore,2.921207146,0.006835999999999842,0.0023407257126556325,0.0,1.145871,0.006835999999999842,1.152707,27.799999237060547
