zone,time_elapsed,power_j,watts,watts_since_last,start_power,prev_power,prev_power_reading,temp
package-0,0.000688453,0.0,0.0,0.0,15557.12393,0.0,15557.12393,27.799999237060547
dram,0.000883224,0.0007939999999848624,1.4719895588570806,0.0,501.417844,0.0,501.418638,27.799999237060547
core,0.001045797,0.009826999999859254,18.218188154857852,0.0,13846.207839,0.0,13846.217666,27.799999237060547
uncore,0.001195453,0.0,0.0,0.0,2.346429,0.0,2.346429,27.799999237060547
package-0,1.001540779,18.738600000000588,18.71425240205472,18.72433929977347,15557.12393,0.0,15575.86253,27.799999237060547
dram,1.001761022,0.461119999999994,0.46052085361953876,0.45997567654506855,501.417844,0.0007939999999848624,501.878964,27.799999237060547
core,1.001949737,17.303667000000132,17.28118385146688,17.28067881036947,13846.207839,0.009826999999859254,13863.511506,27.799999237060547
uncore,1.002087902,0.007384999999999753,0.007375404458666343,0.007379379768436174,2.346429,0.0,2.353814,27.799999237060547
package-0,2.002420765,38.48269000000073,19.22023963925729,19.72643206187784,15557.12393,18.738600000000588,15595.60662,27.799999237060547
dram,2.002632604,0.9100320000000011,0.4545169040779706,0.4485105198447627,501.417844,0.461119999999994,502.327876,27.799999237060547
core,2.002840929,35.61746299999868,17.78919753796685,18.2974172316404,13846.207839,17.303667000000132,13881.825302,27.799999237060547
uncore,2.003047917,0.007384999999999753,0.003688449787057704,0.0,2.346429,0.007384999999999753,2.353814,27.799999237060547
package-0,2.868138997,55.54117899999983,19.366259656270902,19.70396037464781,15557.12393,38.48269000000073,15612.665109,27.799999237060547
dram,2.868318225,1.2994350000000168,0.45309077101958495,0.44979255089766135,501.417844,0.9100320000000011,502.717279,27.799999237060547
core,2.868495899,51.43114299999979,17.93316036299479,18.26610341029613,13846.207839,35.61746299999868,13897.638982,27.799999237060547
uncore,2.868669437,0.007384999999999753,0.002575023255476018,0.0,2.346429,0.007384999999999753,2.353814,27.799999237060547
