zone,time_elapsed,power_j,watts,watts_since_last,start_power,prev_power,prev_power_reading,temp
package-0,0.00033495,0.0,0.0,0.0,20954.258856,0.0,20954.258856,27.799999237060547
dram,0.000454046,0.0,0.0,0.0,626.794965,0.0,626.794965,27.799999237060547
core,0.000543829,0.007140999998227926,33.97353859656566,0.0,18847.356291,0.0,18847.363432,27.799999237060547
uncore,0.000631935,0.0,0.0,0.0,3.038749,0.0,3.038749,27.799999237060547
package-0,1.000890424,19.307262999998784,19.292756236387472,19.2968092430435,20954.258856,0.0,20973.566119,27.799999237060547
dram,1.000999611,0.46514700000000175,0.4647975057411049,0.4648951500259024,626.794965,0.0,627.260112,27.799999237060547
core,1.001089884,17.85554499999853,17.842129003621096,17.83874013011591,18847.356291,0.007140999998227926,18865.211836,27.799999237060547
uncore,1.001181002,0.007079999999999753,0.007074680349753724,0.007076166592890553,3.038749,0.0,3.045829,27.799999237060547
package-0,2.001406689,39.36659900000086,19.67067051644479,20.048667823172014,20954.258856,19.307262999998784,20993.625455,27.799999237060547
dram,2.001508479,0.9176609999999528,0.4585361101879774,0.45227333902442934,626.794965,0.46514700000000175,627.712626,27.799999237060547
core,2.001600349,36.487271999998484,18.23193071760799,18.621818069899508,18847.356291,17.85554499999853,18883.843563,27.799999237060547
uncore,2.001690825,0.007079999999999753,0.0035377287038796832,0.0,3.038749,0.007079999999999753,3.045829,27.799999237060547
package-0,2.85066699,56.36032999999952,19.77187689317512,20.01037397822431,20954.258856,39.36659900000086,21010.619186,27.799999237060547
dram,2.850765324,1.3032799999999725,0.4572061894835773,0.4540721753869049,626.794965,0.9176609999999528,628.098245,27.799999237060547
core,2.850857508,52.26439300000129,18.334973274509885,18.577797395391126,18847.356291,36.487271999998484,18899.620684,27.799999237060547
uncore,2.850945135,0.007079999999999753,0.002483748558670188,0.0,3.038749,0.007079999999999753,3.045829,27.799999237060547
