zone,time_elapsed,power_j,watts,watts_since_last,start_power,prev_power,prev_power_reading,temp
package-0,0.000348656,0.0,0.0,0.0,19488.632482,0.0,19488.632482,27.799999237060547
dram,0.000466801,0.0,0.0,0.0,592.802376,0.0,592.802376,27.799999237060547
core,0.000552327,0.006836000000475906,30.70468969881873,0.0,17489.019314,0.0,17489.02615,27.799999237060547
uncore,0.000635773,0.0,0.0,0.0,2.848564,0.0,2.848564,27.799999237060547
package-0,1.00098429,18.72297400000025,18.709117354159535,18.713280539394123,19488.632482,0.0,19507.355456,27.799999237060547
dram,1.001206691,0.4586170000000038,0.45827758312394923,0.458379559846383,592.802376,0.0,593.260993,27.799999237060547
core,1.001419515,17.29951699999947,17.286713837409785,17.283728046154813,17489.019314,0.006836000000475906,17506.318831,27.799999237060547
uncore,1.001619907,0.008544999999999803,0.008538675949199492,0.008540575990177468,2.848564,0.0,2.857109,27.799999237060547
package-0,2.001946652,38.55471000000034,19.260666027730796,19.812076021286423,19488.632482,18.72297400000025,19527.187192,27.799999237060547
dram,2.002149993,0.9049660000000586,0.45209127218055595,0.44590651670767584,592.802376,0.4586170000000038,593.707342,27.799999237060547
core,2.003089829,35.71133499999996,17.840209324344727,18.393565641762166,17489.019314,17.29951699999947,17524.730649,27.799999237060547
uncore,2.003301941,0.008544999999999803,0.004268801171295398,0.0,2.848564,0.008544999999999803,2.857109,27.799999237060547
package-0,2.892928134,56.21347899999819,19.432752772210144,19.819371612713912,19488.632482,38.55471000000034,19544.845961,27.799999237060547
dram,2.893110792,1.3034020000000055,0.4505803461978429,0.44718582296892784,592.802376,0.9049660000000586,594.105778,27.799999237060547
core,2.893285444,52.07933499999854,18.00359735066593,18.37067320813317,17489.019314,35.71133499999996,17541.098649,27.799999237060547
uncore,2.893460531,0.008544999999999803,0.0029539689660292544,0.0,2.848564,0.008544999999999803,2.857109,27.799999237060547
