zone,time_elapsed,power_j,watts,watts_since_last,start_power,prev_power,prev_power_reading,temp
package-0,0.000529663,0.01788399999986723,47.495996409030795,0.0,3189.444715,0.0,3189.462599,27.799999237060547
dram,0.000673646,0.0007319999999992888,1.944032060592422,0.0,212.502996,0.0,212.503728,27.799999237060547
core,0.000802078,0.01013199999988501,26.908378193603845,0.0,2448.395343,0.0,2448.405475,27.799999237060547
uncore,0.000941122,0.0,0.0,0.0,0.768369,0.0,0.768369,27.799999237060547
package-0,1.001289549,18.9333630000001,18.913543743387475,18.902788612864985,3189.444715,0.01788399999986723,3208.378078,27.799999237060547
dram,1.00150043,0.46423200000000975,0.4637460465465323,0.46318903803932276,212.502996,0.0007319999999992888,212.967228,27.799999237060547
core,1.001700452,17.356401000000005,17.338232491569112,17.334631395212945,2448.395343,0.01013199999988501,2465.751744,27.799999237060547
uncore,1.001911255,0.0067750000000000865,0.006767907997192633,0.006770454655267273,0.768369,0.0,0.775144,27.799999237060547
package-0,2.002234967,38.45046300000013,19.205823420053576,19.498124912288514,3189.444715,18.9333630000001,3227.895178,27.799999237060547
dram,2.002451109,0.9136320000000069,0.45635483928790305,0.4489630803542734,212.502996,0.46423200000000975,213.416628,27.799999237060547
core,2.00267379,35.29556400000001,17.629966372451687,17.92172202816525,2448.395343,17.356401000000005,2483.690907,27.799999237060547
uncore,2.002811246,0.0067750000000000865,0.0033840802819686253,0.0,0.768369,0.0067750000000000865,0.775144,27.799999237060547
package-0,2.821609815,54.334456000000046,19.25798318418535,19.385427348346038,3189.444715,38.45046300000013,3243.779171,27.799999237060547
dram,2.821788981,1.2828939999999989,0.45470136075517603,0.4506613465206662,212.502996,0.9136320000000069,213.78589,27.799999237060547
core,2.821964027,49.8741399999999,17.67709516491162,17.792246942588076,2448.395343,35.29556400000001,2498.269483,27.799999237060547
uncore,2.8221368140000003,0.0067750000000000865,0.00240129092436036,0.0,0.768369,0.0067750000000000865,0.775144,27.799999237060547
