zone,time_elapsed,power_j,watts,watts_since_last,start_power,prev_power,prev_power_reading,temp
package-0,0.000545872,0.0,0.0,0.0,8970.878157,0.0,8970.878157,27.799999237060547
dram,0.000666803,0.0007939999999848624,1.9695586600672288,0.0,347.996545,0.0,347.997339,27.799999237060547
core,0.000768421,0.007262999999511521,18.01625257856287,0.0,7769.214974,0.0,7769.222237,27.799999237060547
uncore,0.000878201,0.0,0.0,0.0,1.493404,0.0,1.493404,27.799999237060547
package-0,1.00122686,18.548048000000563,18.529812403957955,18.53727810094581,8970.878157,0.0,8989.426205,27.799999237060547
dram,1.001396847,0.46392699999995557,0.4634708881026143,0.4628640824481655,347.996545,0.0007939999999848624,348.460472,27.799999237060547
core,1.001525049,16.96736299999975,16.950681461458537,16.95025214080996,7769.214974,0.007262999999511521,7786.182337,27.799999237060547
uncore,1.001656356,0.006592000000000153,0.006585519045825737,0.0065881723640910305,1.493404,0.0,1.499996,27.799999237060547
package-0,2.001974718,38.54702100000031,19.256668973564253,19.983684661902323,8970.878157,18.548048000000563,9009.425178,27.799999237060547
dram,2.002189454,0.9135109999999713,0.45635637915337113,0.4492403127419154,347.996545,0.46392699999995557,348.910056,27.799999237060547
core,2.002398334,35.39053399999921,17.679804569999067,18.409087293447392,7769.214974,16.96736299999975,7804.605508,27.799999237060547
uncore,2.002605447,0.006592000000000153,0.003293119898259777,0.0,1.493404,0.006592000000000153,1.499996,27.799999237060547
package-0,2.86701934,55.85203000000001,19.48226186879375,20.004280717329785,8970.878157,38.54702100000031,9026.730187,27.799999237060547
dram,2.867198245,1.302791999999954,0.4544388969312063,0.450001869512038,347.996545,0.9135109999999713,349.299337,27.799999237060547
core,2.867372446,51.33360799999991,17.906149404524843,18.429908230222907,7769.214974,35.39053399999921,7820.548582,27.799999237060547
uncore,2.867547629,0.006592000000000153,0.0022994163370443537,0.0,1.493404,0.006592000000000153,1.499996,27.799999237060547
