zone,time_elapsed,power_j,watts,watts_since_last,start_power,prev_power,prev_power_reading,temp
package-0,0.000520706,0.0,0.0,0.0,17129.695527,0.0,17129.695527,27.799999237060547
dram,0.000679069,0.0,0.0,0.0,537.963771,0.0,537.963771,27.799999237060547
core,0.000831541,0.009642999999414315,25.257075803743156,0.0,15303.348091,0.0,15303.357734,27.799999237060547
uncore,0.000953698,0.0,0.0,0.0,2.544671,0.0,2.544671,27.799999237060547
package-0,1.001295923,18.305006999999023,18.285659400928385,18.292636037806737,17129.695527,0.0,17148.000534,27.799999237060547
dram,1.001488531,0.45879999999999654,0.45831506828412183,0.4584899319703137,537.963771,0.0,538.422571,27.799999237060547
core,1.001692131,16.86958600000071,16.85175557871676,16.848548646673972,15303.348091,0.009642999999414315,15320.217677,27.799999237060547
uncore,1.001886613,0.006285999999999792,0.006279355970431378,0.006281751770630598,2.544671,0.0,2.550957,27.799999237060547
package-0,2.002217374,38.14296900000045,19.052481202777674,19.81939594301905,17129.695527,18.305006999999023,17167.838496,27.799999237060547
dram,2.002429326,0.9047830000000658,0.451940725959058,0.44556561106711484,537.963771,0.45879999999999654,538.868554,27.799999237060547
core,2.002634957,35.27890099999968,17.621874116751123,18.39208599274024,15303.348091,16.86958600000071,15338.626992,27.799999237060547
uncore,2.00284224,0.006285999999999792,0.0031398682373324186,0.0,2.544671,0.006285999999999792,2.550957,27.799999237060547
package-0,2.8765343420000002,55.403605999999854,19.262155809469697,19.74227511654247,17129.695527,38.14296900000045,17185.099133,27.799999237060547
dram,2.8767303,1.2952240000000756,0.450310156637929,0.44657642929275543,537.963771,0.9047830000000658,539.258995,27.799999237060547
core,2.87691595,51.29418000000078,17.833432850544096,18.31786648929688,15303.348091,35.27890099999968,15354.642271,27.799999237060547
uncore,2.8770827,0.006285999999999792,0.002185451817311726,0.0,2.544671,0.006285999999999792,2.550957,27.799999237060547
