zone,time_elapsed,power_j,watts,watts_since_last,start_power,prev_power,prev_power_reading,temp
package-0,0.000526392,0.0,0.0,0.0,15947.502326,0.0,15947.502326,27.799999237060547
dram,0.000649518,0.0,0.0,0.0,510.545384,0.0,510.545384,27.799999237060547
core,0.000793751,0.005310000000463333,12.21630451143601,0.0,14207.821904,0.0,14207.827214,27.799999237060547
uncore,0.000972759,0.0,0.0,0.0,2.396173,0.0,2.396173,27.799999237060547
package-0,1.001235283,18.57899300000099,18.55891431475192,18.5669760075215,15947.502326,0.0,15966.081319,27.799999237060547
dram,1.001339468,0.4680169999999748,0.4675112047701573,0.46771428409016885,510.545384,0.0,511.013401,27.799999237060547
core,1.001426163,17.131486999998742,17.112972663117215,17.115099696712175,14207.821904,0.005310000000463333,14224.953391,27.799999237060547
uncore,1.001510427,0.005980999999999792,0.005974536214988694,0.005977131457069622,2.396173,0.0,2.402154,27.799999237060547
package-0,2.00174298,38.51039900000069,19.239641450519766,19.920740395750332,15947.502326,18.57899300000099,15986.012725,27.799999237060547
dram,2.00183818,0.9248640000000137,0.4620583585875976,0.456602534090082,510.545384,0.4680169999999748,511.470248,27.799999237060547
core,2.001923401,35.63619999999901,17.803703115591745,18.49481084128622,14207.821904,17.131486999998742,14243.458104,27.799999237060547
uncore,2.00200799,0.005980999999999792,0.0029880836995626213,0.0,2.396173,0.005980999999999792,2.402154,27.799999237060547
package-0,2.889015226,56.23490200000015,19.46592153677632,19.976391694771852,15947.502326,38.51039900000069,16003.737228,27.799999237060547
dram,2.889124509,1.33068499999996,0.46062158693126826,0.4573803425666255,510.545384,0.9248640000000137,511.876069,27.799999237060547
core,2.889312463,52.09062599999925,18.03136490782083,18.544952086309717,14207.821904,35.63619999999901,14259.91253,27.799999237060547
uncore,2.889507256,0.005980999999999792,0.0020703455073408828,0.0,2.396173,0.005980999999999792,2.402154,27.799999237060547
