zone,time_elapsed,power_j,watts,watts_since_last,start_power,prev_power,prev_power_reading,temp
package-0,0.000687602,0.020080999999663618,36.70276444992208,0.0,2187.274002,0.0,2187.294083,27.799999237060547
dram,0.000806723,0.0007929999999873871,1.4493945624626678,0.0,188.748906,0.0,188.749699,27.799999237060547
core,0.00089603,0.008972999999969034,16.40027416032723,0.0,1528.527214,0.0,1528.536187,27.799999237060547
uncore,0.000982061,0.0,0.0,0.0,0.640379,0.0,0.640379,27.799999237060547
package-0,1.001337518,18.239088999999694,18.21929373735406,18.2091864200747,2187.274002,0.020080999999663618,2205.513091,27.799999237060547
dram,1.001554391,0.4668570000000045,0.4663503103877682,0.46581275224677404,188.748906,0.0007929999999873871,189.215763,27.799999237060547
core,1.001748208,16.65938200000005,16.641301226217767,16.64143302706111,1528.527214,0.008972999999969034,1545.186596,27.799999237060547
uncore,1.001881073,0.007750999999999952,0.007742587678487276,0.00774682155812204,0.640379,0.0,0.64813,27.799999237060547
package-0,2.002211441,37.52071699999988,18.741711724416263,19.264225296058708,2187.274002,18.239088999999694,2224.794719,27.799999237060547
dram,2.002424744,0.9163179999999898,0.4577036148827733,0.4490553373289577,188.748906,0.4668570000000045,189.665224,27.799999237060547
core,2.002637726,34.365512999999964,17.165677774965786,17.690150266643688,1528.527214,16.65938200000005,1562.892727,27.799999237060547
uncore,2.002849866,0.007750999999999952,0.003871647963868868,0.0,0.640379,0.007750999999999952,0.64813,27.799999237060547
package-0,2.876030357,54.3502639999997,18.89900214959951,19.259359661031798,2187.274002,37.52071699999988,2241.624266,27.799999237060547
dram,2.8762110979999997,1.3096280000000036,0.45539176014261706,0.45009522527735085,188.748906,0.9163179999999898,190.058534,27.799999237060547
core,2.876383358,49.812495000000126,17.321101698455827,17.677182993427607,1528.527214,34.365512999999964,1578.339709,27.799999237060547
uncore,2.876555964,0.007750999999999952,0.002695224546867808,0.0,0.640379,0.007750999999999952,0.64813,27.799999237060547
