zone,time_elapsed,power_j,watts,watts_since_last,start_power,prev_power,prev_power_reading,temp
package-0,0.000370317,0.0,0.0,0.0,20334.6872,0.0,20334.6872,27.799999237060547
dram,0.00048501,0.0,0.0,0.0,612.336445,0.0,612.336445,27.799999237060547
core,0.000566874,0.006104000000050291,26.374803939154276,0.0,18273.231601,0.0,18273.237705,27.799999237060547
uncore,0.000646308,0.0,0.0,0.0,2.958122,0.0,2.958122,27.799999237060547
package-0,1.000896558,19.123547999999573,19.109206368637054,19.11362657517144,20334.6872,0.0,20353.810748,27.799999237060547
dram,1.001033297,0.47271599999999125,0.47236148845165493,0.47247075177204445,612.336445,0.0,612.809161,27.799999237060547
core,1.0011175,17.671159000001353,17.65790658219026,17.655890251113316,18273.231601,0.006104000000050291,18290.90276,27.799999237060547
uncore,1.001197613,0.008300999999999892,0.008294774696936869,0.008296693385584076,2.958122,0.0,2.966423,27.799999237060547
package-0,2.001416423,38.98818200000096,19.48142690362751,19.85372217590257,20334.6872,19.123547999999573,20373.675382,27.799999237060547
dram,2.001506507,0.9341399999999567,0.4667665737210653,0.46117053560072335,612.336445,0.47271599999999125,613.270585,27.799999237060547
core,2.00158722,36.10873400000128,18.04263820261065,18.42744707238702,18273.231601,17.671159000001353,18309.340335,27.799999237060547
uncore,2.001666799,0.008300999999999892,0.004147803678740544,0.0,2.958122,0.008300999999999892,2.966423,27.799999237060547
package-0,2.867509235,56.168862999998964,19.588921444069673,19.83731547461081,20334.6872,38.98818200000096,20390.856063,27.799999237060547
dram,2.867602731,1.3347739999999249,0.4655031566436668,0.4625837036294149,612.336445,0.9341399999999567,613.671219,27.799999237060547
core,2.8676840009999998,52.043751000001066,18.150286396108143,18.39903548190662,18273.231601,36.10873400000128,18325.275352,27.799999237060547
uncore,2.867763865,0.008300999999999892,0.002894978253471558,0.0,2.958122,0.008300999999999892,2.966423,27.799999237060547
