zone,time_elapsed,power_j,watts,watts_since_last,start_power,prev_power,prev_power_reading,temp
package-0,0.000655431,0.01928700000007666,34.50255991942186,0.0,7507.569708,0.0,7507.588995,27.799999237060547
dram,0.000775883,0.0007929999999873871,1.4185995756497958,0.0,313.781545,0.0,313.782338,27.799999237060547
core,0.00086514,0.0065919999997277046,11.792444391482865,0.0,6423.64249,0.0,6423.649082,27.799999237060547
uncore,0.000950747,0.0,0.0,0.0,1.307064,0.0,1.307064,27.799999237060547
package-0,1.001303253,19.37018999999964,19.349752133904236,19.34128589373205,7507.569708,0.01928700000007666,7526.939898,27.799999237060547
dram,1.001524575,0.4669789999999807,0.46648628132910736,0.46595431260522796,313.781545,0.0007929999999873871,314.248524,27.799999237060547
core,1.001723269,17.790726000000177,17.771954657244738,17.77529555424142,6423.64249,0.0065919999997277046,6441.433216,27.799999237060547
uncore,1.001935307,0.005676000000000014,0.005670011141452034,0.0056731791138029,1.307064,0.0,1.31274,27.799999237060547
package-0,2.002260942,39.381734999999935,19.670752228113003,19.991773895305247,7507.569708,19.37018999999964,7546.951443,27.799999237060547
dram,2.002495363,0.9166850000000295,0.45787427867838676,0.44926169725340964,313.781545,0.4669789999999807,314.69823,27.799999237060547
core,2.003443798,36.24435300000005,18.103663729677383,18.435395094796128,6423.64249,17.790726000000177,6459.886843,27.799999237060547
uncore,2.003643888,0.005676000000000014,0.002835100831559856,0.0,1.307064,0.005676000000000014,1.31274,27.799999237060547
package-0,2.841652532,56.165993999999955,19.76667888521308,19.995471853193802,7507.569708,39.381734999999935,7563.735702,27.799999237060547
dram,2.841833102,1.2951630000000023,0.45581087953342897,0.45088950284028206,313.781545,0.9166850000000295,315.076708,27.799999237060547
core,2.842007456,51.698231999999734,18.194325037267973,18.410559713548043,6423.64249,36.24435300000005,6475.340722,27.799999237060547
uncore,2.842182196,0.005676000000000014,0.0019975729326978495,0.0,1.307064,0.005676000000000014,1.31274,27.799999237060547
