zone,time_elapsed,power_j,watts,watts_since_last,start_power,prev_power,prev_power_reading,temp
package-0,0.000601343,0.0,0.0,0.0,14605.455285,0.0,14605.455285,27.799999237060547
dram,0.000724095,0.0,0.0,0.0,479.319756,0.0,479.319756,27.799999237060547
core,0.000812639,0.006347999998979503,13.989281052720955,0.0,12964.544813,0.0,12964.551161,27.799999237060547
uncore,0.000898524,0.0,0.0,0.0,2.218744,0.0,2.218744,27.799999237060547
package-0,1.001246769,18.789441999999326,18.770584395174897,18.77909734643507,14605.455285,0.0,14624.244727,27.799999237060547
dram,1.001423405,0.4582510000000184,0.457791086593947,0.45799870683237276,479.319756,0.0,479.778007,27.799999237060547
core,1.002244215,17.366227999998955,17.34879877219565,17.35032240140194,12964.544813,0.006347999998979503,12981.911041,27.799999237060547
uncore,1.002456026,0.0067749999999997534,0.0067682004222003956,0.006771269978219552,2.218744,0.0,2.225519,27.799999237060547
package-0,2.002785299,38.59279699999934,19.271687561704706,19.772512944546023,14605.455285,18.789441999999326,14644.048082,27.799999237060547
dram,2.002997945,0.9053940000000011,0.4521172769167882,0.446446612483733,479.319756,0.4582510000000184,480.22515,27.799999237060547
core,2.003206024,35.735076999999364,17.84465735762711,18.340241066673762,12964.544813,17.366227999998955,13000.27989,27.799999237060547
uncore,2.003403846,0.0067749999999997534,0.0033831619727004206,0.0,2.218744,0.0067749999999997534,2.225519,27.799999237060547
package-0,2.897754261,56.33085000000028,19.440821007449607,19.819261434581282,14605.455285,38.59279699999934,14661.786135,27.799999237060547
dram,2.897936879,1.3054779999999937,0.45054466827969125,0.44702591607954084,479.319756,0.9053940000000011,480.625234,27.799999237060547
core,2.898110737,52.19060100000024,18.011944295394443,18.38625311351966,12964.544813,35.735076999999364,13016.735414,27.799999237060547
uncore,2.898284506,0.0067749999999997534,0.0023381781443998382,0.0,2.218744,0.0067749999999997534,2.225519,27.799999237060547
