zone,time_elapsed,power_j,watts,watts_since_last,start_power,prev_power,prev_power_reading,temp
package-0,0.000398853,0.0,0.0,0.0,10775.468569,0.0,10775.468569,27.799999237060547
dram,0.000516332,0.0,0.0,0.0,389.978493,0.0,389.978493,27.799999237060547
core,0.000603673,0.004944000000250526,18.593386261242063,0.0,9428.954499,0.0,9428.959443,27.799999237060547
uncore,0.000689852,0.0,0.0,0.0,1.7196,0.0,1.7196,27.799999237060547
package-0,1.001023049,18.957531999998537,18.942699392806485,18.94773367217105,10775.468569,0.0,10794.426101,27.799999237060547
dram,1.001227955,0.46453800000000456,0.4641745397310316,0.46429790041255165,389.978493,0.0,390.443031,27.799999237060547
core,1.001435516,17.37416200000007,17.36056824105312,17.360240602938266,9428.954499,0.004944000000250526,9446.328661,27.799999237060547
uncore,1.001645269,0.00842199999999993,0.00841541052317502,0.008417647032695794,1.7196,0.0,1.728022,27.799999237060547
package-0,2.001967594,38.74587299999985,19.355977257270556,19.769178201802493,10775.468569,18.957531999998537,10814.214442,27.799999237060547
dram,2.002176499,0.9138770000000136,0.45653849193030127,0.44890386536290844,389.978493,0.46453800000000456,390.89237,27.799999237060547
core,2.002385897,35.58718899999985,17.77801782745194,18.195389717471116,9428.954499,17.37416200000007,9464.541688,27.799999237060547
uncore,2.002579832,0.00842199999999993,0.0042073136527529505,0.0,1.7196,0.00842199999999993,1.728022,27.799999237060547
package-0,2.861251085,55.72580999999991,19.477638489223835,19.76106258937601,10775.468569,38.74587299999985,10831.194379,27.799999237060547
dram,2.861443065,1.3004730000000109,0.4545495697415012,0.44991614237451677,389.978493,0.9138770000000136,391.278966,27.799999237060547
core,2.861629508,51.213614000000234,17.90050712979603,18.185860316984474,9428.954499,35.58718899999985,9480.168113,27.799999237060547
uncore,2.861814401,0.00842199999999993,0.0029437108470247815,0.0,1.7196,0.00842199999999993,1.728022,27.799999237060547
