zone,time_elapsed,power_j,watts,watts_since_last,start_power,prev_power,prev_power_reading,temp
package-0,0.000689327,0.018615999999383348,32.099318905739025,0.0,9083.144837,0.0,9083.163453,27.799999237060547
dram,0.000812437,0.0007939999999848624,1.3690835416585265,0.0,350.598772,0.0,350.599566,27.799999237060547
core,0.000901094,0.0065919999997277046,11.36649711135047,0.0,7872.461352,0.0,7872.467944,27.799999237060547
uncore,0.000986592,0.0,0.0,0.0,1.508418,0.0,1.508418,27.799999237060547
package-0,1.001327482,18.606764000000112,18.586400145236187,18.578567367223663,9083.144837,0.018615999999383348,9101.751601,27.799999237060547
dram,1.001551606,0.46435500000001184,0.4638467946087411,0.4633220731467025,350.598772,0.0007939999999848624,351.063127,27.799999237060547
core,1.001764175,17.02552999999989,17.006896699754943,17.010166163492638,7872.461352,0.0065919999997277046,7889.486882,27.799999237060547
uncore,1.001964394,0.006408999999999887,0.006401985779516305,0.006405696697515518,1.508418,0.0,1.514827,27.799999237060547
package-0,2.002286375,38.399804000000586,19.180068150456826,19.773809159866325,9083.144837,18.606764000000112,9121.544641,27.799999237060547
dram,2.002506422,0.9138770000000136,0.4564664741813532,0.44908524618559115,350.598772,0.46435500000001184,351.512649,27.799999237060547
core,2.002719358,35.24521000000004,17.60440052707438,18.201977830279112,7872.461352,17.02552999999989,7907.706562,27.799999237060547
uncore,2.002930274,0.006408999999999887,0.00320118969295452,0.0,1.508418,0.006408999999999887,1.514827,27.799999237060547
package-0,2.868598657,55.566203000000314,19.371864967816414,19.815103387712032,9083.144837,38.399804000000586,9138.71104,27.799999237060547
dram,2.8687778120000003,1.3042570000000069,0.45469888391203056,0.4506140198940391,350.598772,0.9138770000000136,351.903029,27.799999237060547
core,2.868950378,51.051626999999826,17.797962992564415,18.245281788235825,7872.461352,35.24521000000004,7923.512979,27.799999237060547
uncore,2.869123687,0.006408999999999887,0.0022343488645199046,0.0,1.508418,0.006408999999999887,1.514827,27.799999237060547
