zone,time_elapsed,power_j,watts,watts_since_last,start_power,prev_power,prev_power_reading,temp
package-0,0.00046406,0.0,0.0,0.0,19544.879103,0.0,19544.879103,27.799999237060547
dram,0.000614413,0.0,0.0,0.0,594.10645,0.0,594.10645,27.799999237060547
core,0.000715759,0.007202000000688713,23.264077320879892,0.0,17541.115006,0.0,17541.122208,27.799999237060547
uncore,0.000906067,0.0,0.0,0.0,2.857109,0.0,2.857109,27.799999237060547
package-0,1.00116269,18.842603000000963,18.823508113371123,18.829331315287366,19544.879103,0.0,19563.721706,27.799999237060547
dram,1.001265043,0.4586170000000038,0.4581522425765461,0.45829397561593677,594.10645,0.0,594.565067,27.799999237060547
core,1.001351278,17.394914000000426,17.37728618548001,17.3754650598315,17541.115006,0.007202000000688713,17558.50992,27.799999237060547
uncore,1.001435512,0.006041999999999881,0.0060358771036560215,0.0060377443502343175,2.857109,0.0,2.863151,27.799999237060547
package-0,2.001663943,38.783165000000736,19.37663614762985,19.930032923746094,19544.879103,18.842603000000963,19583.662268,27.799999237060547
dram,2.001759028,0.9041110000000572,0.45170707145924127,0.44525876890192495,594.10645,0.4586170000000038,595.010561,27.799999237060547
core,2.001843993,35.912200999999186,17.94226056685987,18.507509445743555,17541.115006,17.394914000000426,17577.027207,27.799999237060547
uncore,2.001927206,0.006041999999999881,0.003018671519046344,0.0,2.857109,0.006041999999999881,2.863151,27.799999237060547
package-0,2.8809964,56.317299000002095,19.548861457836413,19.940894022351983,19544.879103,38.783165000000736,19601.196402,27.799999237060547
dram,2.881190418,1.2974209999999857,0.450360792009687,0.4472962866560291,594.10645,0.9041110000000572,595.403871,27.799999237060547
core,2.881380471,52.19261600000027,18.11710144881102,18.515087779921497,17541.115006,35.912200999999186,17593.307622,27.799999237060547
uncore,2.881574407,0.006041999999999881,0.0020972991074774535,0.0,2.857109,0.006041999999999881,2.863151,27.799999237060547
