zone,time_elapsed,power_j,watts,watts_since_last,start_power,prev_power,prev_power_reading,temp
package-0,0.000362272,0.0,0.0,0.0,20615.652301,0.0,20615.652301,27.799999237060547
dram,0.000479922,0.0008550000000013824,3.440796172069518,0.0,618.892458,0.0,618.893313,27.799999237060547
core,0.000563671,0.0057369999994989485,23.087541096382328,0.0,18533.565774,0.0,18533.571511,27.799999237060547
uncore,0.000644843,0.0,0.0,0.0,2.995109,0.0,2.995109,27.799999237060547
package-0,1.000890171,18.87751600000047,18.86339139433865,18.868076395720074,20615.652301,0.0,20634.529817,27.799999237060547
dram,1.00098624,0.4747300000000223,0.4743747957429667,0.4736380412561707,618.892458,0.0008550000000013824,619.367188,27.799999237060547
core,1.001068071,17.422685000001366,17.409648933434394,17.40823874519884,18533.565774,0.0057369999994989485,18550.988459,27.799999237060547
uncore,1.00114845,0.007629000000000108,0.007623291801072134,0.007625185157991491,2.995109,0.0,3.002738,27.799999237060547
package-0,2.001371722,38.79055100000187,19.3831572082638,19.903051430373413,20615.652301,18.87751600000047,20654.442852,27.799999237060547
dram,2.001463554,0.9388399999999137,0.4691267033923761,0.46387731450016506,618.892458,0.4747300000000223,619.831298,27.799999237060547
core,2.001544977,35.90426600000137,17.940916392894596,18.472315102021682,18533.565774,17.422685000001366,18569.47004,27.799999237060547
uncore,2.001625022,0.007629000000000108,0.0038121166760905125,0.0,2.995109,0.007629000000000108,3.002738,27.799999237060547
package-0,2.868534933,56.07999600000039,19.550957944644097,19.93821606973609,20615.652301,38.79055100000187,20671.732297,27.799999237060547
dram,2.868627241,1.3415489999999863,0.46769917886012136,0.4644046732112849,618.892458,0.9388399999999137,620.234007,27.799999237060547
core,2.868708911,51.9295540000021,18.104004970652255,18.480388163055014,18533.565774,35.90426600000137,18585.495328,27.799999237060547
uncore,2.868788848,0.007629000000000108,0.002659669557745526,0.0,2.995109,0.007629000000000108,3.002738,27.799999237060547
