zone,time_elapsed,power_j,watts,watts_since_last,start_power,prev_power,prev_power_reading,temp
package-0,0.000653081,0.0,0.0,0.0,20783.721146,0.0,20783.721146,27.799999237060547
dram,0.000773308,0.0008550000000013824,1.5559458057731639,0.0,622.85308,0.0,622.853935,27.799999237060547
core,0.000862588,0.00891100000080769,16.216412954946158,0.0,18689.247626,0.0,18689.256537,27.799999237060547
uncore,0.001000364,0.0,0.0,0.0,3.017631,0.0,3.017631,27.799999237060547
package-0,1.001261361,19.427990000000136,19.406509458656107,19.41716749218935,20783.721146,0.0,20803.149136,27.799999237060547
dram,1.001368833,0.4656360000000177,0.46512116993528796,0.464522090251617,622.85308,0.0008550000000013824,623.318716,27.799999237060547
core,1.001457251,17.984145999998873,17.964261843599264,17.965221760275984,18689.247626,0.00891100000080769,18707.231772,27.799999237060547
uncore,1.001546084,0.007140999999999842,0.007133104559157135,0.0071370220522926,3.017631,0.0,3.024772,27.799999237060547
package-0,2.001777167,39.41133700000137,19.689417160262572,19.972484045818646,20783.721146,19.427990000000136,20823.132483,27.799999237060547
dram,2.001873772,0.9197980000000143,0.45951971954604953,0.45391511738331236,622.85308,0.4656360000000177,623.772878,27.799999237060547
core,2.001960204,36.52425999999832,18.247069151950715,18.530035587763408,18689.247626,17.984145999998873,18725.771886,27.799999237060547
uncore,2.002045558,0.007140999999999842,0.003567555395073936,0.0,3.017631,0.007140999999999842,3.024772,27.799999237060547
package-0,2.876187709,56.85043999999834,19.76687880856853,19.94420283390544,20783.721146,39.41133700000137,20840.571586,27.799999237060547
dram,2.876285208,1.3174410000000307,0.45807379123962283,0.4547637941862241,622.85308,0.9197980000000143,624.170521,27.799999237060547
core,2.876397161,52.71513599999889,18.329035002881536,18.516669980255234,18689.247626,36.52425999999832,18741.962762,27.799999237060547
uncore,2.876487852,0.007140999999999842,0.0024829232908661547,0.0,3.017631,0.007140999999999842,3.024772,27.799999237060547
