zone,time_elapsed,power_j,watts,watts_since_last,start_power,prev_power,prev_power_reading,temp
package-0,0.000357057,0.0,0.0,0.0,18536.63321,0.0,18536.63321,27.799999237060547
dram,0.000471624,0.0,0.0,0.0,570.724185,0.0,570.724185,27.799999237060547
core,0.000553407,0.005249000001640525,21.570819196510715,0.0,16606.933255,0.0,16606.938504,27.799999237060547
uncore,0.000632248,0.0,0.0,0.0,2.715874,0.0,2.715874,27.799999237060547
package-0,1.000881,18.487134999999398,18.473292573934604,18.477785554631108,18536.63321,0.0,18555.120345,27.799999237060547
dram,1.000979473,0.4671619999999166,0.4668122078095485,0.4669257435114374,570.724185,0.0,571.191347,27.799999237060547
core,1.001061057,17.036027999998623,17.02327210472184,17.022166073340696,16606.933255,0.005249000001640525,16623.969283,27.799999237060547
uncore,1.001141185,0.008179000000000158,0.008172875892463542,0.008174863657961912,2.715874,0.0,2.724053,27.799999237060547
package-0,2.001365799,38.175561000000016,19.07590043933825,19.67866074010959,18536.63321,18.487134999999398,18574.808771,27.799999237060547
dram,2.001459431,0.9224219999999832,0.4609239464759912,0.45503419565095354,570.724185,0.4671619999999166,571.646607,27.799999237060547
core,2.001540682,35.29641800000172,17.63722491552381,18.251333031504878,16606.933255,17.036027999998623,16642.229673,27.799999237060547
uncore,2.001619821,0.008179000000000158,0.004086954732462229,0.0,2.715874,0.008179000000000158,2.724053,27.799999237060547
package-0,2.91635061,56.17997100000139,19.264826497514363,19.678060103105455,18536.63321,38.175561000000016,18592.813181,27.799999237060547
dram,2.916443757,1.342220999999995,0.46026464994649946,0.4588225858677496,570.724185,0.9224219999999832,572.066406,27.799999237060547
core,2.916523233,51.98088500000085,17.824906508268555,18.235418123350748,16606.933255,35.29641800000172,16658.91414,27.799999237060547
uncore,2.916600682,0.008179000000000158,0.0028046831124773834,0.0,2.715874,0.008179000000000158,2.724053,27.799999237060547
