zone,time_elapsed,power_j,watts,watts_since_last,start_power,prev_power,prev_power_reading,temp
package-0,0.0006658,0.0206289999987348,37.11673716501969,0.0,12185.587213,0.0,12185.607842,27.799999237060547
dram,0.000787221,0.0007940000000417058,1.4286048432973528,0.0,422.876358,0.0,422.877152,27.799999237060547
core,0.000875429,0.007446000001436914,13.397218721267167,0.0,10725.614327,0.0,10725.621773,27.799999237060547
uncore,0.000961366,0.0,0.0,0.0,1.900446,0.0,1.900446,27.799999237060547
package-0,1.001305338,19.175242999999682,19.154818523485186,19.144840616300847,12185.587213,0.0206289999987348,12204.762456,27.799999237060547
dram,1.001525148,0.4667350000000283,0.4662378580318147,0.46570325988292616,422.876358,0.0007940000000417058,423.343093,27.799999237060547
core,1.00173717,17.592850000000908,17.574111006620324,17.576431284557998,10725.614327,0.007446000001436914,10743.207177,27.799999237060547
uncore,1.001937059,0.00836199999999998,0.008353093230337963,0.008357733402171372,1.900446,0.0,1.908808,27.799999237060547
package-0,2.002281237,39.22078499999952,19.590228209537887,20.025670067001943,12185.587213,19.175242999999682,12224.807998,27.799999237060547
dram,2.002498925,0.916746000000046,0.4579016801979394,0.44956488642322756,422.876358,0.4667350000000283,423.793104,27.799999237060547
core,2.002699829,36.06167500000083,18.012297379264897,18.45051612848376,10725.614327,17.592850000000908,10761.676002,27.799999237060547
uncore,2.002899696,0.00836199999999998,0.00417670090713782,0.0,1.900446,0.00836199999999998,1.908808,27.799999237060547
package-0,2.859411388,56.419105999999374,19.73272647030694,20.065579104187705,12185.587213,39.22078499999952,12242.006319,27.799999237060547
dram,2.859605771,1.3057830000000195,0.45670094043279374,0.45389620870289643,422.876358,0.916746000000046,424.182141,27.799999237060547
core,2.859725675,51.90593400000034,18.154233032473485,18.485771507098335,10725.614327,36.06167500000083,10777.520261,27.799999237060547
uncore,2.859839083,0.00836199999999998,0.002924630864315859,0.0,1.900446,0.00836199999999998,1.908808,27.799999237060547
