zone,time_elapsed,power_j,watts,watts_since_last,start_power,prev_power,prev_power_reading,temp
package-0,0.000686847,0.0,0.0,0.0,9026.746972,0.0,9026.746972,27.799999237060547
dram,0.000814251,0.0008540000000039072,1.8077364345762557,0.0,349.30007,0.0,349.300924,27.799999237060547
core,0.000905981,0.009520999999949709,20.153932779193056,0.0,7820.565062,0.0,7820.574583,27.799999237060547
uncore,0.000994056,0.0,0.0,0.0,1.499996,0.0,1.499996,27.799999237060547
package-0,1.001341503,19.435068999999203,19.413734276715804,19.42289985401627,9026.746972,0.0,9046.182041,27.799999237060547
dram,1.001563785,0.46355999999997266,0.4630511299607023,0.46241627955384224,349.30007,0.0008540000000039072,349.76363,27.799999237060547
core,1.001774778,17.85536200000024,17.83576139002068,17.83466693911493,7820.565062,0.009520999999949709,7838.420424,27.799999237060547
uncore,1.001985803,0.00842199999999993,0.008412754803109053,0.008416726617771738,1.499996,0.0,1.508418,27.799999237060547
package-0,2.002301691,39.38826499999959,19.673556114558362,19.93340549708731,9026.746972,19.435068999999203,9066.135237,27.799999237060547
dram,2.002515778,0.9128390000000195,0.4559426339306368,0.4488333843022766,349.30007,0.46355999999997266,350.212909,27.799999237060547
core,2.002727714,36.234465000000455,18.098303656140157,18.360873755348816,7820.565062,17.85536200000024,7856.799527,27.799999237060547
uncore,2.002939205,0.00842199999999993,0.004206600356649649,0.0,1.499996,0.00842199999999993,1.508418,27.799999237060547
package-0,2.858215531,56.38272899999902,19.727948819144473,19.855179243910726,9026.746972,39.38826499999959,9083.129701,27.799999237060547
dram,2.858393618,1.2979700000000207,0.454151230047517,0.4499609424214182,349.30007,0.9128390000000195,350.59804,27.799999237060547
core,2.858567266,51.87926200000038,18.152215113798626,18.2783198498997,7820.565062,36.234465000000455,7872.444324,27.799999237060547
uncore,2.858739945,0.00842199999999993,0.0029468028224535966,0.0,1.499996,0.00842199999999993,1.508418,27.799999237060547
