zone,time_elapsed,power_j,watts,watts_since_last,start_power,prev_power,prev_power_reading,temp
package-0,0.000326361,0.0,0.0,0.0,107276.03128,0.0,107276.03128,27.799999237060547
dram,0.000587374,0.0,0.0,0.0,40136.061985,0.0,40136.061985,27.799999237060547
core,0.000682842,0.008605999988503754,38.592793508839904,0.0,240805.292045,0.0,240805.300651,27.799999237060547
uncore,0.0007818,0.0,0.0,0.0,54.178938,0.0,54.178938,27.799999237060547
package-0,1.001103053,16.27412899999763,16.259808043984425,16.263431516493046,107276.03128,0.0,107292.305409,27.799999237060547
dram,1.001325445,0.45605300000170246,0.4556516811383264,0.45575322239488036,40136.061985,0.0,40136.518038,27.799999237060547
core,1.0015435,14.82979599997634,14.816746032374358,14.811447577794723,240805.292045,0.008605999988503754,240820.121841,27.799999237060547
uncore,1.001760468,0.007812000000001262,0.007805125573211651,0.00780686493310227,54.178938,0.0,54.18675,27.799999237060547
package-0,2.002063758,33.42362100000901,16.696251930680383,17.13265125486859,107276.03128,16.27412899999763,107309.454901,27.799999237060547
dram,2.00227953,0.9017919999969308,0.4504762192288149,0.44530128575278227,40136.061985,0.45605300000170246,40136.963777,27.799999237060547
core,2.002489984,30.54276799998479,15.25716645685791,15.697541912814746,240805.292045,14.82979599997634,240835.834813,27.799999237060547
uncore,2.002701321,0.007812000000001262,0.0039023635435089772,0.0,54.178938,0.007812000000001262,54.18675,27.799999237060547
package-0,2.634509907,44.2392669999972,16.793371234362024,17.1007708298067,107276.03128,33.42362100000901,107320.270547,27.799999237060547
dram,2.634682076,1.1836519999997108,0.44931819164841685,0.44565283166092146,40136.061985,0.9017919999969308,40137.245637,27.799999237060547
core,2.6348544240000003,40.45808699997724,15.358022871915509,15.67725107899095,240805.292045,30.54276799998479,240845.750132,27.799999237060547
uncore,2.635025632,0.007812000000001262,0.0029654608898213807,0.0,54.178938,0.007812000000001262,54.18675,27.799999237060547
