zone,time_elapsed,power_j,watts,watts_since_last,start_power,prev_power,prev_power_reading,temp
package-0,0.000656372,0.017395000002579764,34.49794044138278,0.0,113407.5118,0.0,113407.529195,27.799999237060547
dram,0.000811369,0.0006710000016028062,1.3307340090847013,0.0,40300.352702,0.0,40300.353373,27.799999237060547
core,0.000950696,0.008606000017607585,17.067506524974732,0.0,246411.872357,0.0,246411.880963,27.799999237060547
uncore,0.001088091,0.0,0.0,0.0,55.206889,0.0,55.206889,27.799999237060547
package-0,1.001330234,16.50844100001268,16.488745457383764,16.479670890698127,113407.5118,0.017395000002579764,113424.020241,27.799999237060547
dram,1.001430922,0.4562980000046082,0.4557536096099868,0.4553127199427522,40300.352702,0.0006710000016028062,40300.809,27.799999237060547
core,1.001516628,15.058800000027986,15.040833964510721,15.039812754216968,246411.872357,0.008606000017607585,246426.931157,27.799999237060547
uncore,1.001608161,0.008057000000000869,0.00804738752436122,0.008051442483775002,55.206889,0.0,55.214946,27.799999237060547
package-0,2.001833391,33.600132999999914,16.785577164613095,17.082605437585478,113407.5118,16.50844100001268,113441.111933,27.799999237060547
dram,2.001925483,0.9016700000065612,0.45044617419005045,0.445135224118675,40300.352702,0.4562980000046082,40301.254372,27.799999237060547
core,2.002009865,30.70860100002028,15.341058075667636,15.641480999060756,246411.872357,15.058800000027986,246442.580958,27.799999237060547
uncore,2.002092163,0.008057000000000869,0.004025025591871992,0.0,55.206889,0.008057000000000869,55.214946,27.799999237060547
package-0,2.630602859,44.36371700000018,16.865273939067276,17.119001110494604,113407.5118,33.600132999999914,113451.875517,27.799999237060547
dram,2.630705274,1.1823700000022654,0.4494888006650367,0.4464408520100906,40300.352702,0.9016700000065612,40301.535072,27.799999237060547
core,2.630893468,40.56648600002518,15.42172174472575,15.678527176654898,246411.872357,30.70860100002028,246452.438843,27.799999237060547
uncore,2.631085845,0.008057000000000869,0.0030629424519834337,0.0,55.206889,0.008057000000000869,55.214946,27.799999237060547
