zone,time_elapsed,power_j,watts,watts_since_last,start_power,prev_power,prev_power_reading,temp
package-0,0.000421778,0.0,0.0,0.0,115532.445019,0.0,115532.445019,27.799999237060547
dram,0.000623061,0.0006709999943268485,2.7624536612879727,0.0,40357.298174,0.0,40357.298845,27.799999237060547
core,0.000757441,0.010192999994615093,41.96377107704855,0.0,248354.889112,0.0,248354.899305,27.799999237060547
uncore,0.000882391,0.0,0.0,0.0,55.574869,0.0,55.574869,27.799999237060547
package-0,1.001130384,16.684771999993245,16.668318569386855,16.6723642931074,115532.445019,0.0,115549.129791,27.799999237060547
dram,1.001231173,0.4556259999953909,0.45517669144185513,0.454616670637842,40357.298174,0.0006709999943268485,40357.7538,27.799999237060547
core,1.001316093,15.239524000004167,15.224495778425318,15.218005638469359,248354.889112,0.010192999994615093,248370.128636,27.799999237060547
uncore,1.001399523,0.007874000000001047,0.007866235176328612,0.007868144463945823,55.574869,0.0,55.582743,27.799999237060547
package-0,2.001607431,33.83054099998844,16.90259702570863,17.13698661995522,115532.445019,16.684771999993245,115566.27556,27.799999237060547
dram,2.00169836,0.9015479999943636,0.4504362653628123,0.44569359050201873,40357.298174,0.4556259999953909,40358.199722,27.799999237060547
core,2.001782031,30.946575999987544,15.461694906192433,15.699006557403834,248354.889112,15.239524000004167,248385.835688,27.799999237060547
uncore,2.001863967,0.007874000000001047,0.003934050270744796,0.0,55.574869,0.007874000000001047,55.582743,27.799999237060547
package-0,2.6280721590000002,44.51343599999382,16.93845653819058,17.05302693158412,115532.445019,33.83054099998844,115576.958455,27.799999237060547
dram,2.628270593,1.180782999996154,0.4493169551429802,0.445740782369295,40357.298174,0.9015479999943636,40358.478957,27.799999237060547
core,2.628469337,40.739031000004616,15.502202660825208,15.631624090804289,248354.889112,30.946575999987544,248395.628143,27.799999237060547
uncore,2.628666177,0.007874000000001047,0.0029962505429090864,0.0,55.574869,0.007874000000001047,55.582743,27.799999237060547
