zone,time_elapsed,power_j,watts,watts_since_last,start_power,prev_power,prev_power_reading,temp
package-0,0.000697371,0.01800599999842234,32.53851366328862,0.0,123665.892398,0.0,123665.910404,27.799999237060547
dram,0.000883363,0.0006710000016028062,1.212559298130212,0.0,40576.089362,0.0,40576.090033,27.799999237060547
core,0.001036706,0.009887000021990389,17.866726942833317,0.0,255789.867698,0.0,255789.877585,27.799999237060547
uncore,0.001146417,0.0,0.0,0.0,56.962683,0.0,56.962683,27.799999237060547
package-0,1.001489199,16.85237400000915,16.831336764657056,16.822650855463387,123665.892398,0.01800599999842234,123682.744772,27.799999237060547
dram,1.001696936,0.45629700000426965,0.45572739317145555,0.4553088728196592,40576.089362,0.0006710000016028062,40576.545659,27.799999237060547
core,1.001898083,15.41005600002245,15.390819245909277,15.389450094115407,255789.867698,0.009887000021990389,255805.277754,27.799999237060547
uncore,1.002080435,0.007752000000003534,0.007742322986637381,0.007746604412564139,56.962683,0.0,56.970435,27.799999237060547
package-0,2.002380339,33.870458000004874,16.91676865233603,17.00222762050348,123665.892398,16.85237400000915,123699.762856,27.799999237060547
dram,2.002587607,0.9019140000018524,0.450465431625759,0.44520180212570953,40576.089362,0.45629700000426965,40576.991276,27.799999237060547
core,2.002793019,30.99058199999854,15.478400265362493,15.56600904654323,255789.867698,15.41005600002245,255820.85828,27.799999237060547
uncore,2.002999549,0.007752000000003534,0.0038717749430181854,0.0,56.962683,0.007752000000003534,56.970435,27.799999237060547
package-0,2.605133636,44.125376000010874,16.939117051370165,17.013351890028957,123665.892398,33.870458000004874,123710.017774,27.799999237060547
dram,2.605309794,1.1706510000003618,0.44939660832136086,0.44584629022315697,40576.089362,0.9019140000018524,40577.260013,27.799999237060547
core,2.605482729,40.375995000009425,15.499781925269659,15.57080553958053,255789.867698,30.99058199999854,255830.243693,27.799999237060547
uncore,2.605659136,0.007752000000003534,0.00297588479205818,0.0,56.962683,0.007752000000003534,56.970435,27.799999237060547
