zone,time_elapsed,power_j,watts,watts_since_last,start_power,prev_power,prev_power_reading,temp
package-0,0.000553133,0.017456000001402572,46.7177664577425,0.0,109361.694886,0.0,109361.712342,27.799999237060547
dram,0.000719937,0.0006110000031185336,1.635228886862859,0.0,40191.606337,0.0,40191.606948,27.799999237060547
core,0.00084346,0.010375999991083518,27.769451438475564,0.0,242713.371022,0.0,242713.381398,27.799999237060547
uncore,0.00097164,0.0,0.0,0.0,54.53227,0.0,54.53227,27.799999237060547
package-0,1.001222646,16.776935000001686,16.758865758529495,16.747679556350292,109361.694886,0.017456000001402572,109378.471821,27.799999237060547
dram,1.001322795,0.4556270000030054,0.45513627662091544,0.4546956478187813,40191.606337,0.0006110000031185336,40192.061964,27.799999237060547
core,1.001408196,15.331808999995701,15.315296200784974,15.310646006845662,242713.371022,0.010375999991083518,242728.702831,27.799999237060547
uncore,1.001491368,0.008667000000002645,0.008657665391753909,0.008660898033580269,54.53227,0.0,54.540937,27.799999237060547
package-0,2.001749988,33.87088499999663,16.921967833147217,17.085161819883844,109361.694886,16.776935000001686,109395.565771,27.799999237060547
dram,2.001853596,0.9013650000051712,0.4503239149497795,0.4455088413918748,40191.606337,0.4556270000030054,40192.507702,27.799999237060547
core,2.001938183,30.986554000002798,15.480949790599764,15.646696730376409,242713.371022,15.331808999995701,242744.357576,27.799999237060547
uncore,2.002021581,0.008667000000002645,0.0043300520553255775,0.0,54.53227,0.008667000000002645,54.540937,27.799999237060547
package-0,2.630080911,44.63752000000386,16.97271236344445,17.134353782917778,109361.694886,33.87088499999663,109406.332406,27.799999237060547
dram,2.63027835,1.1815160000041942,0.4492528084193944,0.445840910053906,40191.606337,0.9013650000051712,40192.787853,27.799999237060547
core,2.6304713790000003,40.8579889999819,15.535605361709392,15.709704994606517,242713.371022,30.986554000002798,242754.229011,27.799999237060547
uncore,2.630663057,0.008667000000002645,0.003295489938822883,0.0,54.53227,0.008667000000002645,54.540937,27.799999237060547
