zone,time_elapsed,power_j,watts,watts_since_last,start_power,prev_power,prev_power_reading,temp
package-0,0.000334645,0.0,0.0,0.0,120390.03494,0.0,120390.03494,27.799999237060547
dram,0.00044529,0.0,0.0,0.0,40487.955615,0.0,40487.955615,27.799999237060547
core,0.000526816,0.00567600000067614,26.16608735248679,0.0,252795.292356,0.0,252795.298032,27.799999237060547
uncore,0.000606114,0.0,0.0,0.0,56.413246,0.0,56.413246,27.799999237060547
package-0,1.000844166,16.58082899999863,16.56915381087226,16.572746272768445,120390.03494,0.0,120406.615769,27.799999237060547
dram,1.000939816,0.45526000000245403,0.45493943420916944,0.4550380724740516,40487.955615,0.0,40488.410875,27.799999237060547
core,1.001020949,15.154074999998556,15.143404442352722,15.14101454551186,252795.292356,0.00567600000067614,252810.446431,27.799999237060547
uncore,1.001100642,0.006835999999999842,0.006831186513721932,0.006832667626006627,56.413246,0.0,56.420082,27.799999237060547
package-0,2.001300883,33.450354000000516,16.7150607360142,16.860996657309627,120390.03494,16.58082899999863,120423.485294,27.799999237060547
dram,2.001387602,0.9009989999976824,0.4502270142805988,0.4455136578505466,40487.955615,0.45526000000245403,40488.856614,27.799999237060547
core,2.001467918,30.585676000016974,15.28358808975019,15.423799595911406,252795.292356,15.154074999998556,252825.878032,27.799999237060547
uncore,2.001546277,0.006835999999999842,0.0034159326143869406,0.0,56.413246,0.006835999999999842,56.420082,27.799999237060547
package-0,2.606854135,43.71155799999542,16.768716880008938,16.946046915377995,120390.03494,33.450354000000516,120433.746498,27.799999237060547
dram,2.60693939,1.1708960000032675,0.44918150755440467,0.4457261764230291,40487.955615,0.9009989999976824,40489.126511,27.799999237060547
core,2.607018098,39.99153600001591,15.341634466129582,15.533473931474164,252795.292356,30.585676000016974,252835.283892,27.799999237060547
uncore,2.607094844,0.006835999999999842,0.0026224402386149327,0.0,56.413246,0.006835999999999842,56.420082,27.799999237060547
