zone,time_elapsed,power_j,watts,watts_since_last,start_power,prev_power,prev_power_reading,temp
package-0,0.000424615,0.0,0.0,0.0,117080.864029,0.0,117080.864029,27.799999237060547
dram,0.000544924,0.0006710000016028062,2.4092405743500476,0.0,40398.932711,0.0,40398.933382,27.799999237060547
core,0.000633765,0.007202000007964671,25.858942763354662,0.0,249770.343435,0.0,249770.350637,27.799999237060547
uncore,0.000720382,0.0,0.0,0.0,55.842508,0.0,55.842508,27.799999237060547
package-0,1.001057733,16.16597400000319,16.152606200027684,16.157102409740745,117080.864029,0.0,117097.030003,27.799999237060547
dram,1.001260555,0.4558699999979581,0.4554930366937486,0.45494919512744714,40398.932711,0.0006710000016028062,40399.388581,27.799999237060547
core,1.001465946,14.71944500002428,14.707273348844415,14.704169190684588,249770.343435,0.007202000007964671,249785.06288,27.799999237060547
uncore,1.001671094,0.007384999999999309,0.0073788932722005955,0.0073809472473418975,55.842508,0.0,55.849893,27.799999237060547
package-0,2.001986625,33.06449099999736,16.517454854203482,16.882254037681353,117080.864029,16.16597400000319,117113.92852,27.799999237060547
dram,2.002191699,0.9016090000004624,0.45040118578121685,0.44531002528487695,40398.932711,0.4558699999979581,40399.83432,27.799999237060547
core,2.002386675,30.18540800001938,15.079201246318066,15.451078713202332,249770.343435,14.71944500002428,249800.528843,27.799999237060547
uncore,2.002595555,0.007384999999999309,0.0036891964887132552,0.0,55.842508,0.007384999999999309,55.849893,27.799999237060547
package-0,2.646030176,43.91370599999209,16.59740200858508,16.845896947038224,117080.864029,33.06449099999736,117124.777735,27.799999237060547
dram,2.646220629,1.1891449999966426,0.44944322420537086,0.44646564977296405,40398.932711,0.9016090000004624,40400.121856,27.799999237060547
core,2.64641049,40.109516000025906,15.15958961473954,15.409455952294133,249770.343435,30.18540800001938,249810.452951,27.799999237060547
uncore,2.646597399,0.007384999999999309,0.0027911972137676434,0.0,55.842508,0.007384999999999309,55.849893,27.799999237060547
