zone,time_elapsed,power_j,watts,watts_since_last,start_power,prev_power,prev_power_reading,temp
package-0,0.000508599,0.0,0.0,0.0,107807.479322,0.0,107807.479322,27.799999237060547
dram,0.000664059,0.0007330000007641502,1.9855942852921105,0.0,40150.201902,0.0,40150.202635,27.799999237060547
core,0.000791834,0.0073850000044330955,20.00493013696834,0.0,241291.541471,0.0,241291.548856,27.799999237060547
uncore,0.000942843,0.0,0.0,0.0,54.266218,0.0,54.266218,27.799999237060547
package-0,1.001293213,16.334675000005518,16.317603099385263,16.32362281367793,107807.479322,0.0,107823.813997,27.799999237060547
dram,1.001496302,0.4559319999971194,0.455455490620989,0.4548910083060345,40150.201902,0.0007330000007641502,40150.657834,27.799999237060547
core,1.001690741,14.889549999992596,14.87398844655611,14.87209559484005,241291.541471,0.0073850000044330955,241306.431021,27.799999237060547
uncore,1.001883769,0.007384999999999309,0.007377281696079547,0.007380003243343348,54.266218,0.0,54.273603,27.799999237060547
package-0,2.002153503,33.4222160000063,16.69452562819812,17.071488031088606,107807.479322,16.334675000005518,107840.901538,27.799999237060547
dram,2.002350119,0.9018529999957536,0.4504790472688475,0.4455020774661139,40150.201902,0.4559319999971194,40151.103755,27.799999237060547
core,2.002495202,30.53611600000295,15.252907561472998,15.631866761683407,241291.541471,14.889549999992596,241322.077587,27.799999237060547
uncore,2.002622204,0.007384999999999309,0.0036888359456538834,0.0,54.266218,0.007384999999999309,54.273603,27.799999237060547
package-0,2.647153084,44.46448500000406,16.79838995988927,17.120788471584348,107807.479322,33.4222160000063,107851.943807,27.799999237060547
dram,2.647347781,1.1897549999994226,0.44948161317322205,0.4463855429178452,40150.201902,0.9018529999957536,40151.391657,27.799999237060547
core,2.6475289650000002,40.65046999999322,15.357480180251807,15.682077239794792,241291.541471,30.53611600000295,241332.191941,27.799999237060547
uncore,2.647724152,0.007384999999999309,0.00279000442383982,0.0,54.266218,0.007384999999999309,54.273603,27.799999237060547
