zone,time_elapsed,power_j,watts,watts_since_last,start_power,prev_power,prev_power_reading,temp
package-0,0.000402062,0.0,0.0,0.0,121676.004731,0.0,121676.004731,27.799999237060547
dram,0.000523125,0.0,0.0,0.0,40522.595968,0.0,40522.595968,27.799999237060547
core,0.00061298,0.00604199999361299,21.24846138073849,0.0,253970.714213,0.0,253970.720255,27.799999237060547
uncore,0.000700024,0.0,0.0,0.0,56.6287,0.0,56.6287,27.799999237060547
package-0,1.001047627,15.942525000005844,15.929802710860223,15.934330021878582,121676.004731,0.0,121691.947256,27.799999237060547
dram,1.001257454,0.4559929999959422,0.45562911317159505,0.4557586047128142,40522.595968,0.0,40523.051961,27.799999237060547
core,1.001470167,14.498437000002014,14.48686710704757,14.484945436025487,253970.714213,0.00604199999361299,253985.21265,27.799999237060547
uncore,1.001662941,0.006896999999995046,0.006891496127287475,0.0068934547169145,56.6287,0.0,56.635597,27.799999237060547
package-0,2.00196221,32.75901100000192,16.36509619645095,16.800318499093887,121676.004731,15.942525000005844,121708.763742,27.799999237060547
dram,2.002126816,0.9017319999984466,0.45046936622695416,0.44531046304866734,40522.595968,0.4559929999959422,40523.4977,27.799999237060547
core,2.002314314,29.883712000009837,14.928711418887703,15.370483476532403,253970.714213,14.498437000002014,254000.597925,27.799999237060547
uncore,2.002503861,0.006896999999995046,0.003445466301373827,0.0,56.6287,0.006896999999995046,56.635597,27.799999237060547
package-0,2.638548655,43.410900000002584,16.453880563506512,16.733069173563127,121676.004731,32.75901100000192,121719.415631,27.799999237060547
dram,2.6387412770000003,1.1854219999950146,0.4493063264127173,0.44564906692046835,40522.595968,0.9017319999984466,40523.78139,27.799999237060547
core,2.638929955,39.63179499999387,15.021499702775914,15.313278907464907,253970.714213,29.883712000009837,254010.346008,27.799999237060547
uncore,2.639118319,0.006896999999995046,0.002614145623482032,0.0,56.6287,0.006896999999995046,56.635597,27.799999237060547
