zone,time_elapsed,power_j,watts,watts_since_last,start_power,prev_power,prev_power_reading,temp
package-0,0.000368278,0.0,0.0,0.0,110955.630076,0.0,110955.630076,27.799999237060547
dram,0.000484433,0.0,0.0,0.0,40234.226284,0.0,40234.226284,27.799999237060547
core,0.000571809,0.005981999973300844,23.724632344744233,0.0,244171.159038,0.0,244171.16502,27.799999237060547
uncore,0.000656631,0.0,0.0,0.0,54.796246,0.0,54.796246,27.799999237060547
package-0,1.000997043,16.258136999997078,16.245787894295532,16.24988207615227,110955.630076,0.0,110971.888213,27.799999237060547
dram,1.001225475,0.4559930000032182,0.45564664385206716,0.4557614736303754,40234.226284,0.0,40234.682277,27.799999237060547
core,1.001436233,14.815025999996578,14.803773030357736,14.801524840205976,244171.159038,0.005981999973300844,244185.974064,27.799999237060547
uncore,1.001635517,0.006409000000004994,0.006404131950336001,0.00640574588749989,54.796246,0.0,54.802655,27.799999237060547
package-0,2.001949771,33.20743399999628,16.58932146699127,16.932781171631145,110955.630076,16.258136999997078,110988.83751,27.799999237060547
dram,2.002171785,0.9017920000042068,0.45050507017291525,0.44536460205689277,40234.226284,0.4559930000032182,40235.128076,27.799999237060547
core,2.002382051,30.330610999983037,15.15215707931653,15.500466217249343,244171.159038,14.815025999996578,244201.489649,27.799999237060547
uncore,2.002592547,0.006409000000004994,0.0032017216772016106,0.0,54.796246,0.006409000000004994,54.802655,27.799999237060547
package-0,2.632672479,43.8516329999984,16.65803673843233,16.87611859966577,110955.630076,33.20743399999628,110999.481709,27.799999237060547
dram,2.632862683,1.1834080000044196,0.4495443519886492,0.4464953178314424,40234.226284,0.9017920000042068,40235.409692,27.799999237060547
core,2.633051506,40.08284499999718,15.226377193088018,15.46192978878907,244171.159038,30.330610999983037,244211.241883,27.799999237060547
uncore,2.633241764,0.006409000000004994,0.002434603916727568,0.0,54.796246,0.006409000000004994,54.802655,27.799999237060547
