zone,time_elapsed,power_j,watts,watts_since_last,start_power,prev_power,prev_power_reading,temp
package-0,0.000668412,0.0,0.0,0.0,120257.808106,0.0,120257.808106,27.799999237060547
dram,0.000823225,0.0,0.0,0.0,40484.412961,0.0,40484.412961,27.799999237060547
core,0.000969648,0.008239999995566905,16.121301042928646,0.0,252674.389284,0.0,252674.397524,27.799999237060547
uncore,0.00110205,0.0,0.0,0.0,56.390114,0.0,56.390114,27.799999237060547
package-0,1.001351789,16.26295800000662,16.243348071856737,16.25164467759063,120257.808106,0.0,120274.071064,27.799999237060547
dram,1.001451274,0.4558699999979581,0.4553203104552781,0.45555287415346213,40484.412961,0.0,40484.868831,27.799999237060547
core,1.001537212,14.817772000009427,14.79990468188308,14.799229753008978,252674.389284,0.008239999995566905,252689.207056,27.799999237060547
uncore,1.001620969,0.00762900000000144,0.007619800926754407,0.007623692888176423,56.390114,0.0,56.397743,27.799999237060547
package-0,2.001821895,33.254736000002595,16.613038979766106,16.98298465210072,120257.808106,16.26295800000662,120291.062842,27.799999237060547
dram,2.001914797,0.9013039999990724,0.45026364018053044,0.4452034852117623,40484.412961,0.4558699999979581,40485.314265,27.799999237060547
core,2.002001166,30.384139000001596,15.178977381556079,15.558311310911474,252674.389284,14.817772000009427,252704.773423,27.799999237060547
uncore,2.002085482,0.00762900000000144,0.003811212766104944,0.0,56.390114,0.00762900000000144,56.397743,27.799999237060547
package-0,2.643801846,44.160897000008845,16.704818553621536,16.991037548523565,120257.808106,33.254736000002595,120301.969003,27.799999237060547
dram,2.643902617,1.1875579999978072,0.4492196096438232,0.4459637504334275,40484.412961,0.9013039999990724,40485.600519,27.799999237060547
core,2.644126764,40.36952599999495,15.270650116674206,15.556535929859178,252674.389284,30.384139000001596,252714.75881,27.799999237060547
uncore,2.644316136,0.00762900000000144,0.002885834967201351,0.0,56.390114,0.00762900000000144,56.397743,27.799999237060547
