zone,time_elapsed,power_j,watts,watts_since_last,start_power,prev_power,prev_power_reading,temp
package-0,0.000352835,0.0,0.0,0.0,121719.430096,0.0,121719.430096,27.799999237060547
dram,0.000468672,0.0006100000027799979,2.423346772102106,0.0,40523.782123,0.0,40523.782733,27.799999237060547
core,0.000554445,0.0063479999953415245,25.21869709492974,0.0,254010.359436,0.0,254010.365784,27.799999237060547
uncore,0.000638013,0.0,0.0,0.0,56.635597,0.0,56.635597,27.799999237060547
package-0,1.000975103,16.3863110000093,16.374176098102996,16.378295756875207,121719.430096,0.0,121735.816407,27.799999237060547
dram,1.00119039,0.45587000000523403,0.4555324049399331,0.45503731293217664,40523.782123,0.0006100000027799979,40524.237993,27.799999237060547
core,1.001383744,14.94527399999788,14.934206259738788,14.93161873456298,254010.359436,0.0063479999953415245,254025.30471,27.799999237060547
uncore,1.001593437,0.006835999999999842,0.0068309375921503,0.00683265622103308,56.635597,0.0,56.642433,27.799999237060547
package-0,2.001898417,33.349463000005926,16.66057952892458,16.94692096781126,121719.430096,16.3863110000093,121752.779559,27.799999237060547
dram,2.002075132,0.9017920000042068,0.45051332114749104,0.4454953237341991,40523.782123,0.45587000000523403,40524.683915,27.799999237060547
core,2.002216048,30.473555000004126,15.223845931388333,15.51342291061964,254010.359436,14.94527399999788,254040.832991,27.799999237060547
uncore,2.00239403,0.006835999999999842,0.0034150991174792095,0.0,56.635597,0.006835999999999842,56.642433,27.799999237060547
package-0,2.63037425,44.002634000004036,16.72941782704079,16.948640176246023,121719.430096,33.349463000005926,121763.43273,27.799999237060547
dram,2.630462444,1.1825530000060098,0.4495963409762992,0.44667612718827215,40523.782123,0.9017920000042068,40524.964676,27.799999237060547
core,2.6305434229999998,40.23445499999798,15.296789022633849,15.529083490375303,254010.359436,30.473555000004126,254050.593891,27.799999237060547
uncore,2.6306223170000003,0.006835999999999842,0.002598987603006623,0.0,56.635597,0.006835999999999842,56.642433,27.799999237060547
