zone,time_elapsed,power_j,watts,watts_since_last,start_power,prev_power,prev_power_reading,temp
package-0,0.000556411,0.0,0.0,0.0,113849.700548,0.0,113849.700548,27.799999237060547
dram,0.000716388,0.0,0.0,0.0,40312.193431,0.0,40312.193431,27.799999237060547
core,0.000868951,0.011230000003706664,27.381962537443954,0.0,246816.217941,0.0,246816.229171,27.799999237060547
uncore,0.000994283,0.0,0.0,0.0,55.283366,0.0,55.283366,27.799999237060547
package-0,1.001242841,16.261616000003414,16.24378647884472,16.250443868595088,113849.700548,0.0,113865.962164,27.799999237060547
dram,1.001340732,0.45574800000031246,0.455248309895157,0.4554348898798248,40312.193431,0.0,40312.649179,27.799999237060547
core,1.001426262,14.817100999993272,14.800855270430487,14.795699001313261,246816.217941,0.011230000003706664,246831.035042,27.799999237060547
uncore,1.001510079,0.007812999999998738,0.007804433689687829,0.007807632276231726,55.283366,0.0,55.291179,27.799999237060547
package-0,2.001719078,33.365454000013415,16.66929704745448,17.095055944965008,113849.700548,16.261616000003414,113883.066002,27.799999237060547
dram,2.001810777,0.9011820000014268,0.45022826459477727,0.44520528958495403,40312.193431,0.45574800000031246,40313.094613,27.799999237060547
core,2.001895208,30.496625999978278,15.236037781429774,15.671474265896604,246816.217941,14.817100999993272,246846.714567,27.799999237060547
uncore,2.001977754,0.007812999999998738,0.0039033551838284133,0.0,55.283366,0.007812999999998738,55.291179,27.799999237060547
package-0,2.650640049,44.475411000006716,16.779823310160033,17.12074570994607,113849.700548,33.365454000013415,113894.175959,27.799999237060547
dram,2.650730897,1.1905489999990095,0.4491740809785452,0.44592241210398625,40312.193431,0.9011820000014268,40313.38398,27.799999237060547
core,2.650827334,40.67451699997764,15.34581003614834,15.684406670038676,246816.217941,30.496625999978278,246856.892458,27.799999237060547
uncore,2.651000759,0.007812999999998738,0.0029477132773936448,0.0,55.283366,0.007812999999998738,55.291179,27.799999237060547
