zone,time_elapsed,power_j,watts,watts_since_last,start_power,prev_power,prev_power_reading,temp
package-0,0.00061141,0.0,0.0,0.0,114645.212855,0.0,114645.212855,27.799999237060547
dram,0.000833813,0.0,0.0,0.0,40333.491655,0.0,40333.491655,27.799999237060547
core,0.000998637,0.011534999997820705,26.50334996328523,0.0,247543.688918,0.0,247543.700453,27.799999237060547
uncore,0.001130949,0.0,0.0,0.0,55.420512,0.0,55.420512,27.799999237060547
package-0,1.001378343,16.57173499999044,16.55129568908492,16.5584935204505,114645.212855,0.0,114661.78459,27.799999237060547
dram,1.001478504,0.4559320000043954,0.4553696608226579,0.45556769208795417,40333.491655,0.0,40333.947587,27.799999237060547
core,1.001563799,15.12624300000607,15.107586535640104,15.102630743358032,247543.688918,0.011534999997820705,247558.815161,27.799999237060547
uncore,1.001647112,0.008544999999998026,0.008534460734695526,0.008538172202988912,55.420512,0.0,55.429057,27.799999237060547
package-0,2.001854782,33.663182999996934,16.816893812285276,17.08268355838003,114645.212855,16.57173499999044,114678.876038,27.799999237060547
dram,2.001945807,0.901121000002604,0.4501670614173797,0.44496070845712754,40333.491655,0.4559320000043954,40334.392776,27.799999237060547
core,2.002030252,30.792156999988947,15.382634331402294,15.65788056777877,247543.688918,15.12624300000607,247574.481075,27.799999237060547
uncore,2.002112709,0.008544999999998026,0.0042687691661824605,0.0,55.420512,0.008544999999998026,55.429057,27.799999237060547
package-0,2.615009857,44.07111499999883,16.854008418792468,16.97518096202928,114645.212855,33.663182999996934,114689.28397,27.799999237060547
dram,2.615198517,1.1752290000003995,0.4494399440544292,0.4470660360868668,40333.491655,0.901121000002604,40334.666884,27.799999237060547
core,2.615387021,40.32783900000504,15.422476559029885,15.552554296723796,247543.688918,30.792156999988947,247584.016757,27.799999237060547
uncore,2.615575917,0.008544999999998026,0.0032678433921754014,0.0,55.420512,0.008544999999998026,55.429057,27.799999237060547
