zone,time_elapsed,power_j,watts,watts_since_last,start_power,prev_power,prev_power_reading,temp
package-0,0.000707986,0.0,0.0,0.0,122159.067093,0.0,122159.067093,27.799999237060547
dram,0.00083832,0.0006709999943268485,1.1691932293550245,0.0,40535.598743,0.0,40535.599414,27.799999237060547
core,0.000965414,0.007141000009141862,12.442934325042451,0.0,254412.279794,0.0,254412.286935,27.799999237060547
uncore,0.001098926,0.0,0.0,0.0,56.709083,0.0,56.709083,27.799999237060547
package-0,1.001452043,16.28432099999918,16.26475628730874,16.274084763423833,122159.067093,0.0,122175.351414,27.799999237060547
dram,1.001669509,0.4559309999967809,0.45538322407037884,0.45497382601562847,40535.598743,0.0006709999943268485,40536.054674,27.799999237060547
core,1.001881778,14.845665000000736,14.827828753071952,14.829196583632454,254412.279794,0.007141000009141862,254427.125459,27.799999237060547
uncore,1.002081205,0.007506999999996822,0.007497980753927729,0.007502281140182458,56.709083,0.0,56.71659,27.799999237060547
package-0,2.00238552,33.106299999999464,16.535098475910146,16.805500719185602,122159.067093,16.28432099999918,122192.173393,27.799999237060547
dram,2.002550953,0.9016090000004624,0.4503128891411833,0.44524142787165194,40535.598743,0.4559309999967809,40536.500352,27.799999237060547
core,2.002745686,30.233991999994032,15.100510629088388,15.373253079524483,254412.279794,14.845665000000736,254442.513786,27.799999237060547
uncore,2.002957241,0.007506999999996822,0.0037494067370442154,0.0,56.709083,0.007506999999996822,56.71659,27.799999237060547
package-0,2.627132194,43.67921000000206,16.627541097252642,16.923805590296695,122159.067093,33.106299999999464,122202.746303,27.799999237060547
dram,2.6273233879999998,1.180477999994764,0.44937732297160643,0.44637897618185096,40535.598743,0.9016090000004624,40536.779221,27.799999237060547
core,2.627510472,39.90718499998911,15.191629122022855,15.483649985604288,254412.279794,30.233991999994032,254452.186979,27.799999237060547
uncore,2.627699088,0.007506999999996822,0.0028577199774679272,0.0,56.709083,0.007506999999996822,56.71659,27.799999237060547
