zone,time_elapsed,power_j,watts,watts_since_last,start_power,prev_power,prev_power_reading,temp
package-0,0.000421368,0.0,0.0,0.0,112211.549712,0.0,112211.549712,27.799999237060547
dram,0.000540464,0.0,0.0,0.0,40268.197511,0.0,40268.197511,27.799999237060547
core,0.000628902,0.00653100002091378,24.73507609099364,0.0,245318.582187,0.0,245318.588718,27.799999237060547
uncore,0.000714015,0.0,0.0,0.0,55.004009,0.0,55.004009,27.799999237060547
package-0,1.001043195,16.365863999992143,16.352657675416765,16.356973052790487,112211.549712,0.0,112227.915576,27.799999237060547
dram,1.00125081,0.4570910000038566,0.45672215347631995,0.4568426799672616,40268.197511,0.0,40268.654602,27.799999237060547
core,1.001462825,14.926170999999158,14.914126426068098,14.911534730894521,245318.582187,0.00653100002091378,245333.508358,27.799999237060547
uncore,1.001645984,0.006774999999997533,0.006769532959027488,0.006771319401937374,55.004009,0.0,55.010784,27.799999237060547
package-0,2.001978624,33.37509799998952,16.67301406656004,16.99332938224866,112211.549712,16.365863999992143,112244.92481,27.799999237060547
dram,2.002191042,0.9028909999979078,0.45105228885141563,0.4453831512051942,40268.197511,0.4570910000038566,40269.100402,27.799999237060547
core,2.002408787,30.50205900002038,15.237745781796468,15.561323643699403,245318.582187,14.926170999999158,245349.084246,27.799999237060547
uncore,2.002620989,0.006774999999997533,0.0033845494716131953,0.0,55.004009,0.006774999999997533,55.010784,27.799999237060547
package-0,2.6388486650000003,44.19672599999467,16.749314398449197,16.989094136900924,112211.549712,33.37509799998952,112255.746438,27.799999237060547
dram,2.638983806,1.187314000002516,0.4499585665174577,0.4465214588577395,40268.197511,0.9028909999979078,40269.384825,27.799999237060547
core,2.63911602,40.40852700002142,15.313693668206637,15.552365819277307,245318.582187,30.50205900002038,245358.990714,27.799999237060547
uncore,2.6392570920000002,0.006774999999997533,0.0025675341890588387,0.0,55.004009,0.006774999999997533,55.010784,27.799999237060547
