zone,time_elapsed,power_j,watts,watts_since_last,start_power,prev_power,prev_power_reading,temp
package-0,0.000539458,0.01464799999666866,41.04564393483545,0.0,121234.219974,0.0,121234.234622,27.799999237060547
dram,0.000755801,0.0006099999955040403,1.7093011074142765,0.0,40510.782522,0.0,40510.783132,27.799999237060547
core,0.000937253,0.010253000014927238,28.730269522957144,0.0,253566.650123,0.0,253566.660376,27.799999237060547
uncore,0.001064692,0.0,0.0,0.0,56.556495,0.0,56.556495,27.799999237060547
package-0,1.001304108,16.65559699998994,16.636146483333725,16.62744251181348,121234.219974,0.01464799999666866,121250.875571,27.799999237060547
dram,1.001403419,0.4565419999998994,0.4560088472239729,0.4555619465796268,40510.782522,0.0006099999955040403,40511.239064,27.799999237060547
core,1.001488968,15.21529299998656,15.197524479895351,15.192698955417447,253566.650123,0.010253000014927238,253581.865416,27.799999237060547
uncore,1.00157282,0.008118000000003178,0.008108519745754994,0.008111411092661197,56.556495,0.0,56.564613,27.799999237060547
package-0,2.001776942,33.66238899999007,16.817204864279212,16.99838532954671,121234.219974,16.65559699998994,121267.882363,27.799999237060547
dram,2.001869231,0.902829999999085,0.45103979600515853,0.44606739424688907,40510.782522,0.4565419999998994,40511.685352,27.799999237060547
core,2.001953599,30.783611999999266,15.37901274525181,15.560623384793395,253566.650123,15.21529299998656,253597.433735,27.799999237060547
uncore,2.002036037,0.008118000000003178,0.00405562626848357,0.0,56.556495,0.008118000000003178,56.564613,27.799999237060547
package-0,2.623631259,44.24091399999452,16.86319140657388,17.011215395367543,121234.219974,33.66238899999007,121278.460888,27.799999237060547
dram,2.6237358200000003,1.1806609999985085,0.450029410089815,0.44677712483532117,40510.782522,0.902829999999085,40511.963183,27.799999237060547
core,2.623923626,40.46888999998919,15.425419060769988,15.57479423849486,253566.650123,30.783611999999266,253607.119013,27.799999237060547
uncore,2.6241162080000002,0.008118000000003178,0.003094316447409683,0.0,56.556495,0.008118000000003178,56.564613,27.799999237060547
