zone,time_elapsed,power_j,watts,watts_since_last,start_power,prev_power,prev_power_reading,temp
package-0,0.000663157,0.01592999999411404,32.91621551156312,0.0,107985.24321,0.0,107985.25914,27.799999237060547
dram,0.000800431,0.0006710000016028062,1.386489684191964,0.0,40154.930284,0.0,40154.930955,27.799999237060547
core,0.000889603,0.006712999980663881,13.871095679491278,0.0,241454.187967,0.0,241454.19468,27.799999237060547
uncore,0.001039822,0.0,0.0,0.0,54.297529,0.0,54.297529,27.799999237060547
package-0,1.001399742,15.623494999992545,15.605634787935527,15.597262758390311,107985.24321,0.01592999999411404,108000.866705,27.799999237060547
dram,1.001617774,0.45696899999893503,0.4564466096347132,0.45599680681048504,40154.930284,0.0006710000016028062,40155.387253,27.799999237060547
core,1.001823832,14.182335999998031,14.166123268568606,14.166265954694037,241454.187967,0.006712999980663881,241468.370303,27.799999237060547
uncore,1.002018378,0.00762900000000144,0.007620278804277751,0.007623964249631131,54.297529,0.0,54.305158,27.799999237060547
package-0,2.002330054,32.698097000000416,16.33170109774779,17.057886772065284,107985.24321,15.623494999992545,108017.941307,27.799999237060547
dram,2.002543441,0.902341000000888,0.45069177879853844,0.4449360018744841,40154.930284,0.45696899999893503,40155.832625,27.799999237060547
core,2.002746009,29.82231099999626,14.895333795603111,15.624664204048713,241454.187967,14.182335999998031,241484.010278,27.799999237060547
uncore,2.002938202,0.00762900000000144,0.0038104525677668585,0.0,54.297529,0.00762900000000144,54.305158,27.799999237060547
package-0,2.674035195,44.180246000003535,16.52326166082626,17.09424563885795,107985.24321,32.698097000000416,108029.423456,27.799999237060547
dram,2.6742313920000003,1.2022060000017518,0.4496209529535588,0.446429145668595,40154.930284,0.902341000000888,40156.13249,27.799999237060547
core,2.674421038,40.33320900000399,15.084482914101596,15.648279106730286,241454.187967,29.82231099999626,241494.521176,27.799999237060547
uncore,2.67461019,0.00762900000000144,0.002853220038893791,0.0,54.297529,0.00762900000000144,54.305158,27.799999237060547
