zone,time_elapsed,power_j,watts,watts_since_last,start_power,prev_power,prev_power_reading,temp
package-0,0.000381449,0.01653999999689404,69.98865962362706,0.0,120969.080333,0.0,120969.096873,27.799999237060547
dram,0.000544203,0.0,0.0,0.0,40503.700326,0.0,40503.700326,27.799999237060547
core,0.00066,0.007447000010870397,31.51182279781316,0.0,253324.122789,0.0,253324.130236,27.799999237060547
uncore,0.000805012,0.0,0.0,0.0,56.508461,0.0,56.508461,27.799999237060547
package-0,1.001132213,16.48768900000141,16.472794068985117,16.460155426796515,120969.080333,0.01653999999689404,120985.568022,27.799999237060547
dram,1.001353906,0.45580899999913527,0.4553972234541269,0.4555047729163522,40503.700326,0.0,40504.156135,27.799999237060547
core,1.001566022,15.046532000007574,15.032939006097115,15.02904724962915,253324.122789,0.007447000010870397,253339.169321,27.799999237060547
uncore,1.001763556,0.008240000000000691,0.008232556007602834,0.008234500259622293,56.508461,0.0,56.516701,27.799999237060547
package-0,2.002066195,33.366307999996934,16.667599546088063,16.86239373494546,120969.080333,16.48768900000141,121002.446641,27.799999237060547
dram,2.002279154,0.901121000002604,0.45014042220719186,0.4448839255721404,40503.700326,0.45580899999913527,40504.601447,27.799999237060547
core,2.002492856,30.49436800001422,15.23296836543396,15.432986133820904,253324.122789,15.046532000007574,253354.617157,27.799999237060547
uncore,2.002691766,0.008240000000000691,0.004116158738922801,0.0,56.508461,0.008240000000000691,56.516701,27.799999237060547
package-0,2.60551866,43.529672999997274,16.708078139415033,16.84236267480473,120969.080333,33.366307999996934,121012.610006,27.799999237060547
dram,2.60570966,1.1706510000003618,0.44933322568243544,0.44665541498334493,40503.700326,0.901121000002604,40504.870977,27.799999237060547
core,2.605895752,39.78243000002112,15.269766648975361,15.391842047410792,253324.122789,30.49436800001422,253363.905219,27.799999237060547
uncore,2.606088337,0.008240000000000691,0.003162775053899441,0.0,56.508461,0.008240000000000691,56.516701,27.799999237060547
