zone,time_elapsed,power_j,watts,watts_since_last,start_power,prev_power,prev_power_reading,temp
package-0,0.000619892,0.0,0.0,0.0,107453.048894,0.0,107453.048894,27.799999237060547
dram,0.000823053,0.0007320000004256144,1.6731084398849267,0.0,40140.775169,0.0,40140.775901,27.799999237060547
core,0.000956574,0.010924999980488792,24.970914839440542,0.0,240967.237614,0.0,240967.248539,27.799999237060547
uncore,0.001070977,0.0,0.0,0.0,54.205122,0.0,54.205122,27.799999237060547
package-0,1.001411955,16.523516999994172,16.50416477751766,16.511380194402616,107453.048894,0.0,107469.572411,27.799999237060547
dram,1.001621826,0.45605300000170246,0.45551887405762426,0.45498655894621753,40140.775169,0.0007320000004256144,40141.231222,27.799999237060547
core,1.001819751,15.090414999984205,15.0727412161074,15.06841385691929,240967.237614,0.010924999980488792,240982.328029,27.799999237060547
uncore,1.002034668,0.00793499999999625,0.007925706585927617,0.007929171606902395,54.205122,0.0,54.213057,27.799999237060547
package-0,2.002336111,33.61685699998634,16.790490857614426,17.07687657605336,107453.048894,16.523516999994172,107486.665751,27.799999237060547
dram,2.002544446,0.9017919999969308,0.450414812170705,0.4453096871679526,40140.775169,0.45605300000170246,40141.676961,27.799999237060547
core,2.002751595,30.75144699998782,15.359314813753109,15.645948101295964,240967.237614,15.090414999984205,240997.989061,27.799999237060547
uncore,2.002947139,0.00793499999999625,0.003963265957765226,0.0,54.205122,0.00793499999999625,54.213057,27.799999237060547
package-0,2.632546789,44.360542999987956,16.852177478637728,17.04815614748576,107453.048894,33.61685699998634,107497.409437,27.799999237060547
dram,2.632742136,1.1826139999975567,0.44926458670007524,0.44561031527347267,40140.775169,0.9017919999969308,40141.957783,27.799999237060547
core,2.63293357,40.59492799997679,15.421653684183143,15.619704552292012,240967.237614,30.75144699998782,241007.832542,27.799999237060547
uncore,2.633126214,0.00793499999999625,0.003014436236566435,0.0,54.205122,0.00793499999999625,54.213057,27.799999237060547
