zone,time_elapsed,power_j,watts,watts_since_last,start_power,prev_power,prev_power_reading,temp
package-0,0.000346564,0.0,0.0,0.0,122379.332032,0.0,122379.332032,27.799999237060547
dram,0.000464286,0.0,0.0,0.0,40541.512241,0.0,40541.512241,27.799999237060547
core,0.000550218,0.006775000016205013,30.91757905638642,0.0,254613.66911,0.0,254613.675885,27.799999237060547
uncore,0.000633271,0.0,0.0,0.0,56.747291,0.0,56.747291,27.799999237060547
package-0,1.000966512,16.452899999989313,16.440517396858418,16.4441181009381,122379.332032,0.0,122395.784932,27.799999237060547
dram,1.001183176,0.45599200000287965,0.4556488162500517,0.45574860973659287,40541.512241,0.0,40541.968233,27.799999237060547
core,1.001372982,15.010032000020146,14.99873531255238,14.995248862325262,254613.66911,0.006775000016205013,254628.679142,27.799999237060547
uncore,1.001565851,0.006225000000000591,0.006220315008024108,0.006221677344323242,56.747291,0.0,56.753516,27.799999237060547
package-0,2.00188716,33.5174929999921,16.744709978940843,17.048850841285383,122379.332032,16.452899999989313,122412.849525,27.799999237060547
dram,2.002093106,0.9018530000030296,0.45054882024416404,0.4454496913549392,40541.512241,0.45599200000287965,40542.414094,27.799999237060547
core,2.002307547,30.638044000021182,15.306191340220591,15.613595093290076,254613.66911,15.010032000020146,254644.307154,27.799999237060547
uncore,2.002520794,0.006225000000000591,0.0031098930823657135,0.0,56.747291,0.006225000000000591,56.753516,27.799999237060547
package-0,2.634904772,44.293831999995746,16.81155348870619,17.022910034137293,122379.332032,33.5174929999921,122423.625864,27.799999237060547
dram,2.635078571,1.1843840000001364,0.449528389577402,0.4463018279959425,40541.512241,0.9018530000030296,40542.696625,27.799999237060547
core,2.635250865,40.50545000002603,15.373687678673118,15.587108442703244,254613.66911,30.638044000021182,254654.17456,27.799999237060547
uncore,2.635422948,0.006225000000000591,0.0023626747956062145,0.0,56.747291,0.006225000000000591,56.753516,27.799999237060547
