zone,time_elapsed,power_j,watts,watts_since_last,start_power,prev_power,prev_power_reading,temp
package-0,0.000582659,0.0,0.0,0.0,106112.872271,0.0,106112.872271,27.799999237060547
dram,0.000719858,0.0006710000016028062,1.6703966422856953,0.0,40105.108817,0.0,40105.109488,27.799999237060547
core,0.000810227,0.008117999997921288,20.209060963057816,0.0,239741.045196,0.0,239741.053314,27.799999237060547
uncore,0.000895741,0.0,0.0,0.0,53.995833,0.0,53.995833,27.799999237060547
package-0,1.001177078,16.865374000000884,16.84854104385749,16.855305078984628,106112.872271,0.0,106129.737645,27.799999237060547
dram,1.001276917,0.45709099999658065,0.45663478759616305,0.4561475093327377,40105.108817,0.0006710000016028062,40105.565908,27.799999237060547
core,1.001362381,15.418967000005068,15.40357767064377,15.401648455662594,239741.045196,0.008117999997921288,239756.464163,27.799999237060547
uncore,1.00144564,0.007935000000003356,0.00792708025230029,0.007930262667272757,53.995833,0.0,54.003768,27.799999237060547
package-0,2.001654735,34.02829400000337,17.000999149801693,17.153526043000298,106112.872271,16.865374000000884,106146.900565,27.799999237060547
dram,2.001745299,0.9029519999967306,0.4511271174586253,0.44561696232690123,40105.108817,0.45709099999658065,40106.011769,27.799999237060547
core,2.001829431,31.142499000008684,15.559216663103806,15.71492587799579,239741.045196,15.418967000005068,239772.187695,27.799999237060547
uncore,2.001911604,0.007935000000003356,0.003964434075176385,0.0,53.995833,0.007935000000003356,54.003768,27.799999237060547
package-0,2.630844082,44.765631999995094,17.017074919991632,17.068222984402848,106112.872271,34.02829400000337,106157.637903,27.799999237060547
dram,2.631036827,1.1839570000011008,0.45006591152492775,0.4466894867061474,40105.108817,0.9029519999967306,40106.292774,27.799999237060547
core,2.631227135,40.9850640000077,15.579940984388633,15.645879282052185,239741.045196,31.142499000008684,239782.03026,27.799999237060547
uncore,2.6314157959999998,0.007935000000003356,0.003016387426189035,0.0,53.995833,0.007935000000003356,54.003768,27.799999237060547
