zone,time_elapsed,power_j,watts,watts_since_last,start_power,prev_power,prev_power_reading,temp
package-0,0.000340971,0.0,0.0,0.0,120614.597048,0.0,120614.597048,27.799999237060547
dram,0.000452159,0.0,0.0,0.0,40494.096896,0.0,40494.096896,27.799999237060547
core,0.00053429,0.0059809999947901815,27.79184689526912,0.0,253000.25283,0.0,253000.258811,27.799999237060547
uncore,0.000613716,0.0,0.0,0.0,56.451698,0.0,56.451698,27.799999237060547
package-0,1.000846272,16.57863200000429,16.566725246069062,16.5702887270679,120614.597048,0.0,120631.17568,27.799999237060547
dram,1.000937862,0.4556259999953909,0.45529876993995344,0.455396704111697,40494.096896,0.0,40494.552522,27.799999237060547
core,1.001018913,15.150717999989865,15.139836772204129,15.137115341323796,253000.25283,0.0059809999947901815,253015.403548,27.799999237060547
uncore,1.001098137,0.007018999999999664,0.007013958962483942,0.007015467655911172,56.451698,0.0,56.458717,27.799999237060547
package-0,2.001302974,33.48209200000565,16.73102145791712,16.89535693612872,120614.597048,16.57863200000429,120648.07914,27.799999237060547
dram,2.001390266,0.9014869999955408,0.45047359468924997,0.44564726623432216,40494.096896,0.4556259999953909,40494.998383,27.799999237060547
core,2.001470732,30.61381299997447,15.297740720954607,15.45568240833452,253000.25283,15.150717999989865,253030.866643,27.799999237060547
uncore,2.001549652,0.007018999999999664,0.00350739851061561,0.0,56.451698,0.007018999999999664,56.458717,27.799999237060547
package-0,2.617980549,43.88001500000246,16.761612702782188,16.860883385156,120614.597048,33.48209200000565,120658.477063,27.799999237060547
dram,2.618130687,1.1760829999984708,0.4492488836273061,0.44527461244722816,40494.096896,0.9014869999955408,40495.272979,27.799999237060547
core,2.618211881,40.141070999990916,15.333383217318673,15.449045556369402,253000.25283,30.61381299997447,253040.393901,27.799999237060547
uncore,2.618289387,0.007018999999999664,0.0026811695383608222,0.0,56.451698,0.007018999999999664,56.458717,27.799999237060547
