zone,time_elapsed,power_j,watts,watts_since_last,start_power,prev_power,prev_power_reading,temp
package-0,0.000366942,0.0,0.0,0.0,108295.153732,0.0,108295.153732,27.799999237060547
dram,0.000476675,0.0,0.0,0.0,40163.249903,0.0,40163.249903,27.799999237060547
core,0.000558509,0.005494000011822209,24.244724375445525,0.0,241737.493027,0.0,241737.498521,27.799999237060547
uncore,0.000637953,0.0,0.0,0.0,54.350874,0.0,54.350874,27.799999237060547
package-0,1.00087449,16.67970599999535,16.667453454946457,16.671228480258396,108295.153732,0.0,108311.833438,27.799999237060547
dram,1.001013985,0.4558099999994738,0.45547517200198206,0.45557833295022865,40163.249903,0.0,40163.705713,27.799999237060547
core,1.001116208,15.22884300001897,15.217656227008684,15.215611678881098,241737.493027,0.005494000011822209,241752.72187,27.799999237060547
uncore,1.001219198,0.007384999999999309,0.007379575141480454,0.007381246547554919,54.350874,0.0,54.358259,27.799999237060547
package-0,2.001418075,33.774205999987316,16.876011013928604,17.084601028394708,108295.153732,16.67970599999535,108328.927938,27.799999237060547
dram,2.001515495,0.901120999995328,0.45026455753865025,0.44505313220557613,40163.249903,0.4558099999994738,40164.151024,27.799999237060547
core,2.001596661,30.89829800001462,15.439001507839762,15.660381234165145,241737.493027,15.22884300001897,241768.391325,27.799999237060547
uncore,2.001675375,0.007384999999999309,0.003690074648620841,0.0,54.350874,0.007384999999999309,54.358259,27.799999237060547
package-0,2.625914295,44.41462099998898,16.9147572921092,17.038930846743238,108295.153732,33.774205999987316,108339.568353,27.799999237060547
dram,2.625999455,1.1801119999945513,0.44943101186022416,0.44675967580679543,40163.249903,0.901120999995328,40164.430015,27.799999237060547
core,2.626077444,40.63417400000617,15.475020961579498,15.590455625677869,241737.493027,30.89829800001462,241778.127201,27.799999237060547
uncore,2.626153786,0.007384999999999309,0.0028124856137407036,0.0,54.350874,0.007384999999999309,54.358259,27.799999237060547
