zone,time_elapsed,power_j,watts,watts_since_last,start_power,prev_power,prev_power_reading,temp
package-0,0.000377166,0.0,0.0,0.0,106919.621365,0.0,106919.621365,27.799999237060547
dram,0.000503667,0.0,0.0,0.0,40126.590451,0.0,40126.590451,27.799999237060547
core,0.000692406,0.009705000004032627,33.649195449757215,0.0,240479.160006,0.0,240479.169711,27.799999237060547
uncore,0.000885715,0.0,0.0,0.0,54.121626,0.0,54.121626,27.799999237060547
package-0,1.001242684,16.86116299999412,16.8442136279405,16.849068300692107,106919.621365,0.0,106936.482528,27.799999237060547
dram,1.001464697,0.4559930000032182,0.45553462147909723,0.4556659111648703,40126.590451,0.0,40127.046444,27.799999237060547
core,1.00168136,15.421591000020271,15.406088731077247,15.400830883186684,240479.160006,0.009705000004032627,240494.581597,27.799999237060547
uncore,1.001900831,0.007935000000003356,0.007927023488107612,0.007929308136460993,54.121626,0.0,54.129561,27.799999237060547
package-0,2.002202631,33.97568200000387,16.97086165291819,17.097511131129483,106919.621365,16.86116299999412,106953.597047,27.799999237060547
dram,2.0024129,0.9016700000065612,0.45038439042066475,0.4452341002654652,40126.590451,0.4559930000032182,40127.492121,27.799999237060547
core,2.002612147,31.105450000002747,15.53718005135999,15.668272875861303,240479.160006,15.421591000020271,240510.265456,27.799999237060547
uncore,2.002810487,0.007935000000003356,0.003963534483750686,0.0,54.121626,0.007935000000003356,54.129561,27.799999237060547
package-0,2.611694557,44.35480600000301,16.98421782089955,17.028086171060128,106919.621365,33.97568200000387,106963.976171,27.799999237060547
dram,2.611851621,1.174131000007037,0.44959494703660247,0.4470020192707692,40126.590451,0.9016700000065612,40127.764582,27.799999237060547
core,2.611982641,40.61738900002092,15.553096593242183,15.605374494628876,240479.160006,31.105450000002747,240519.777395,27.799999237060547
uncore,2.612097771,0.007935000000003356,0.0030384479284812065,0.0,54.121626,0.007935000000003356,54.129561,27.799999237060547
