zone,time_elapsed,power_j,watts,watts_since_last,start_power,prev_power,prev_power_reading,temp
package-0,0.000376056,0.0,0.0,0.0,110867.26519,0.0,110867.26519,27.799999237060547
dram,0.000491113,0.0,0.0,0.0,40231.863375,0.0,40231.863375,27.799999237060547
core,0.000578665,0.006469000014476478,25.68378262871263,0.0,244090.336736,0.0,244090.343205,27.799999237060547
uncore,0.00066478,0.0,0.0,0.0,54.782757,0.0,54.782757,27.799999237060547
package-0,1.000910335,16.446063999988837,16.43339295018763,16.43752989746655,110867.26519,0.0,110883.711254,27.799999237060547
dram,1.001015888,0.4559929999959422,0.4556416752040678,0.4557563785762874,40231.863375,0.0,40232.319368,27.799999237060547
core,1.001105709,15.01332800000091,15.001760817313917,14.999071721933554,244090.336736,0.006469000014476478,244105.350064,27.799999237060547
uncore,1.00123973,0.007385000000006414,0.007379310146021774,0.007381167815775148,54.782757,0.0,54.790142,27.799999237060547
package-0,2.001453226,33.47177699999884,16.72466141040356,17.015987954510287,110867.26519,16.446063999988837,110900.736967,27.799999237060547
dram,2.001550723,0.9012430000002496,0.4503192054458606,0.44499567429655074,40231.863375,0.4559929999959422,40232.764618,27.799999237060547
core,2.001641937,30.597394000011263,15.288434034766649,15.575164419740526,244090.336736,15.01332800000091,244120.93413,27.799999237060547
uncore,2.001729942,0.007385000000006414,0.0036900229263579836,0.0,54.782757,0.007385000000006414,54.790142,27.799999237060547
package-0,2.6308907379999997,44.19214699999429,16.798115595543972,17.03166857017928,110867.26519,33.47177699999884,110911.457337,27.799999237060547
dram,2.630985468,1.1824310000010883,0.44946023151523956,0.44672906083725517,40231.863375,0.9012430000002496,40233.045806,27.799999237060547
core,2.631072615,40.42201499998919,15.365030365569666,15.608574023034492,244090.336736,30.597394000011263,244130.758751,27.799999237060547
uncore,2.63115828,0.007385000000006414,0.002807152222615842,0.0,54.782757,0.007385000000006414,54.790142,27.799999237060547
