zone,time_elapsed,power_j,watts,watts_since_last,start_power,prev_power,prev_power_reading,temp
package-0,0.000514066,0.0,0.0,0.0,115665.263283,0.0,115665.263283,27.799999237060547
dram,0.000731208,0.0,0.0,0.0,40360.843819,0.0,40360.843819,27.799999237060547
core,0.000911775,0.01061999998637475,30.850300474881845,0.0,248476.385871,0.0,248476.396491,27.799999237060547
uncore,0.001043285,0.0,0.0,0.0,55.596842,0.0,55.596842,27.799999237060547
package-0,1.001378908,15.31258300000627,15.295105772083895,15.300366804640277,115665.263283,0.0,115680.575866,27.799999237060547
dram,1.001595956,0.4561759999996866,0.45565533722680834,0.45581206824909487,40360.843819,0.0,40361.299995,27.799999237060547
core,1.001807028,13.876856999995653,13.861018457756565,13.855174682163673,248476.385871,0.01061999998637475,248490.262728,27.799999237060547
uncore,1.002021866,0.007506999999996822,0.007498431781949405,0.007501011005284928,55.596842,0.0,55.604349,27.799999237060547
package-0,2.002327065,32.13041100000555,16.048138192697873,16.801289717670848,115665.263283,15.31258300000627,115697.393694,27.799999237060547
dram,2.002526183,0.9019140000018524,0.4504779135864816,0.4452996710521642,40360.843819,0.4561759999996866,40361.745733,27.799999237060547
core,2.002739637,29.262925999995787,14.615918867970375,15.370938677996202,248476.385871,13.876856999995653,248505.648797,27.799999237060547
uncore,2.002950337,0.007506999999996822,0.0037495123673491485,0.0,55.596842,0.007506999999996822,55.604349,27.799999237060547
package-0,2.6755447180000003,43.44288200000301,16.238310493305445,16.803886728089957,115665.263283,32.13041100000555,115708.706165,27.799999237060547
dram,2.675735079,1.2019619999991846,0.449275721558708,0.4457003783652784,40360.843819,0.9019140000018524,40362.045781,27.799999237060547
core,2.675853944,39.61476699999184,14.807417396151877,15.376937858330889,248476.385871,29.262925999995787,248516.000638,27.799999237060547
uncore,2.676021344,0.007506999999996822,0.0028060062146241568,0.0,55.596842,0.007506999999996822,55.604349,27.799999237060547
