zone,time_elapsed,power_j,watts,watts_since_last,start_power,prev_power,prev_power_reading,temp
package-0,0.000727274,0.0,0.0,0.0,26919.482355,0.0,26919.482355,27.799999237060547
dram,0.000872201,0.0007929999992484227,1.4296531319831662,0.0,38076.51257,0.0,38076.513363,27.799999237060547
core,0.000961682,0.008117999997921288,14.635465489870354,0.0,166980.331379,0.0,166980.339497,27.799999237060547
uncore,0.001095974,0.0,0.0,0.0,37.765528,0.0,37.765528,27.799999237060547
package-0,1.001347646,17.038164000001416,17.017490301908143,17.026923336022673,26919.482355,0.0,26936.520519,27.799999237060547
dram,1.001445838,0.4566029999987222,0.45604896890884333,0.4555092864338488,38076.51257,0.0007929999992484227,38076.969173,27.799999237060547
core,1.001531856,15.598104000004241,15.579177636053082,15.579700748962878,166980.331379,0.008117999997921288,166995.929483,27.799999237060547
uncore,1.001615714,0.007811999999994157,0.007802521107227042,0.007806846154368428,37.765528,0.0,37.77334,27.799999237060547
package-0,1.934063973,33.748571000000084,17.451539766459803,17.917508854849526,26919.482355,17.038164000001416,26953.230926,27.799999237060547
dram,1.93425815,0.8728610000034678,0.45136039840479025,0.446327034463468,38076.51257,0.4566029999987222,38077.385431,27.799999237060547
core,1.934449985,30.972821000003023,16.016186799760877,16.485333241033906,166980.331379,15.598104000004241,167011.3042,27.799999237060547
uncore,1.934641703,0.007811999999994157,0.00403962077847627,0.0,37.765528,0.007811999999994157,37.77334,27.799999237060547
