zone,time_elapsed,power_j,watts,watts_since_last,start_power,prev_power,prev_power_reading,temp
package-0,0.000372819,0.0,0.0,0.0,23434.554692,0.0,23434.554692,27.799999237060547
dram,0.000526407,0.0,0.0,0.0,37985.924606,0.0,37985.924606,27.799999237060547
core,0.000665105,0.008544999989680946,41.40681402395221,0.0,163782.867946,0.0,163782.876491,27.799999237060547
uncore,0.000789604,0.0,0.0,0.0,37.019253,0.0,37.019253,27.799999237060547
package-0,1.001034933,16.682757999999012,16.667882781346563,16.671320124017008,23434.554692,0.0,23451.23745,27.799999237060547
dram,1.00118395,0.45574800000031246,0.4553416312721668,0.4554355343334814,37985.924606,0.0,37986.380354,27.799999237060547
core,1.001271282,15.243307999975514,15.22971627014965,15.224317884747148,163782.867946,0.008544999989680946,163798.111254,27.799999237060547
uncore,1.001355668,0.005676000000001125,0.005670938981848651,0.0056721084741470735,37.019253,0.0,37.024929,27.799999237060547
package-0,1.938185187,33.25571299999865,17.159606724156554,17.68478730286963,23434.554692,16.682757999999012,23467.810405,27.799999237060547
dram,1.938289926,0.8738379999995232,0.450891442941426,0.4461384661602572,37985.924606,0.45574800000031246,37986.798444,27.799999237060547
core,1.93847835,30.481488999997964,15.728135602044986,16.260467120560705,163782.867946,15.243307999975514,163813.349435,27.799999237060547
uncore,1.9386716229999998,0.005676000000001125,0.002928757767615322,0.0,37.019253,0.005676000000001125,37.024929,27.799999237060547
