zone,time_elapsed,power_j,watts,watts_since_last,start_power,prev_power,prev_power_reading,temp
package-0,0.000393098,0.0,0.0,0.0,26885.71114,0.0,26885.71114,27.799999237060547
dram,0.000671805,0.0,0.0,0.0,38075.654112,0.0,38075.654112,27.799999237060547
core,0.000807844,0.008606000017607585,28.359305805345574,0.0,166949.271583,0.0,166949.280189,27.799999237060547
uncore,0.000934282,0.0,0.0,0.0,37.758143,0.0,37.758143,27.799999237060547
package-0,1.001174015,17.624222999998892,17.605723222939243,17.611061918816784,26885.71114,0.0,26903.335363,27.799999237060547
dram,1.001274855,0.4559930000032182,0.455514353719588,0.4556524822458387,38075.654112,0.0,38076.110105,27.799999237060547
core,1.001360742,16.202534000010928,16.185526540062106,16.181835007237545,166949.271583,0.008606000017607585,166965.474117,27.799999237060547
uncore,1.001445233,0.007385000000006414,0.007377248120471888,0.00737948517052826,37.758143,0.0,37.765528,27.799999237060547
package-0,1.902567374,33.75656700000036,17.743689251947583,17.89690689534799,26885.71114,17.624222999998892,26919.467707,27.799999237060547
dram,1.902671136,0.8578470000065863,0.45091583494945386,0.4458089675984343,38075.654112,0.4559930000032182,38076.511959,27.799999237060547
core,1.902856176,31.040692000009585,16.31612577823982,16.461162260389113,166949.271583,16.202534000010928,166980.312275,27.799999237060547
uncore,1.903045975,0.007385000000006414,0.00388182676057507,0.0,37.758143,0.007385000000006414,37.765528,27.799999237060547
