zone,time_elapsed,power_j,watts,watts_since_last,start_power,prev_power,prev_power_reading,temp
package-0,0.000567592,0.0,0.0,0.0,31250.853957,0.0,31250.853957,27.799999237060547
dram,0.000688711,0.0,0.0,0.0,38189.458081,0.0,38189.458081,27.799999237060547
core,0.000779079,0.0063479999953415245,13.480368725335415,0.0,170953.281962,0.0,170953.28831,27.799999237060547
uncore,0.000866496,0.0,0.0,0.0,38.709068,0.0,38.709068,27.799999237060547
package-0,1.001106263,17.133257000001322,17.116650459958368,17.124706788024426,31250.853957,0.0,31267.987214,27.799999237060547
dram,1.001205196,0.4561150000008638,0.45567290705778213,0.4558873795352483,38189.458081,0.0,38189.914196,27.799999237060547
core,1.001290628,15.692769999994198,15.677559662964308,15.678593819212269,170953.281962,0.0063479999953415245,170968.974732,27.799999237060547
uncore,1.001374506,0.00762900000000144,0.007621605533555995,0.007625192809858214,38.709068,0.0,38.716697,27.799999237060547
package-0,1.912364827,33.105994000001374,17.312545522803823,17.527719983736635,31250.853957,17.133257000001322,31283.959951,27.799999237060547
dram,1.912461424,0.8625470000042696,0.4510628559629162,0.4459990976180051,38189.458081,0.4561150000008638,38190.320628,27.799999237060547
core,1.912543228,30.37376299998141,15.883744636575804,16.11022171009093,170953.281962,15.692769999994198,170983.655725,27.799999237060547
uncore,1.912636278,0.00762900000000144,0.003989531617552091,0.0,38.709068,0.00762900000000144,38.716697,27.799999237060547
