zone,time_elapsed,power_j,watts,watts_since_last,start_power,prev_power,prev_power_reading,temp
package-0,0.000303558,0.0,0.0,0.0,21728.835487,0.0,21728.835487,27.799999237060547
dram,0.000414652,0.0,0.0,0.0,37941.622717,0.0,37941.622717,27.799999237060547
core,0.000498045,0.005981000023894012,31.684395786860126,0.0,162217.696538,0.0,162217.702519,27.799999237060547
uncore,0.000578589,0.0,0.0,0.0,36.658109,0.0,36.658109,27.799999237060547
package-0,1.000813069,16.92164799999955,16.910120506131484,16.913311023076812,21728.835487,0.0,21745.757135,27.799999237060547
dram,1.000908523,0.4561150000008638,0.4558042818683484,0.4558902807401203,37941.622717,0.0,37942.078832,27.799999237060547
core,1.000989853,15.479696000023978,15.46915080367432,15.466091392366593,162217.696538,0.005981000023894012,162233.176234,27.799999237060547
uncore,1.001069208,0.006896999999995046,0.006892301573151042,0.006893601978133577,36.658109,0.0,36.665006,27.799999237060547
package-0,1.923661909,33.315222000001086,17.31977018301381,17.76396641357757,21728.835487,16.92164799999955,21762.150709,27.799999237060547
dram,1.923748177,0.8679790000023786,0.4512410814408756,0.44629305744970166,37941.622717,0.4561150000008638,37942.490696,27.799999237060547
core,1.923826836,30.555158000002848,15.884880324846941,16.335669124790268,162217.696538,15.479696000023978,162248.251696,27.799999237060547
uncore,1.923903867,0.006896999999995046,0.003585581838600882,0.0,36.658109,0.006896999999995046,36.665006,27.799999237060547
