zone,time_elapsed,power_j,watts,watts_since_last,start_power,prev_power,prev_power_reading,temp
package-0,0.000419593,0.0,0.0,0.0,29089.768486,0.0,29089.768486,27.799999237060547
dram,0.000610004,0.0006720000019413419,2.5869336826515372,0.0,38133.005528,0.0,38133.0062,27.799999237060547
core,0.000744723,0.00982599999406375,37.82620576926149,0.0,168971.341297,0.0,168971.351123,27.799999237060547
uncore,0.000877134,0.0,0.0,0.0,38.233849,0.0,38.233849,27.799999237060547
package-0,1.001130002,17.53962799999863,17.522374261257173,17.52692269868051,29089.768486,0.0,29107.308114,27.799999237060547
dram,1.001231966,0.4558099999994738,0.4553616195289339,0.45480830854505155,38133.005528,0.0006720000019413419,38133.461338,27.799999237060547
core,1.00131811,16.104449999984354,16.088608046387925,16.082965426186917,168971.341297,0.00982599999406375,168987.445747,27.799999237060547
uncore,1.001401535,0.007263999999999271,0.007256854400433651,0.007258738126214102,38.233849,0.0,38.241113,27.799999237060547
package-0,1.909016967,33.7647450000004,17.68802659378993,17.870658945217713,29089.768486,17.53962799999863,29123.533231,27.799999237060547
dram,1.909120975,0.8607770000016899,0.45092733463120854,0.4460385180030932,38133.005528,0.4558099999994738,38133.866305,27.799999237060547
core,1.909283821,31.033488999994006,16.25722861908108,16.443133467018907,168971.341297,16.104449999984354,169002.374786,27.799999237060547
uncore,1.9093960779999999,0.007263999999999271,0.003805324908488888,0.0,38.233849,0.007263999999999271,38.241113,27.799999237060547
