zone,time_elapsed,power_j,watts,watts_since_last,start_power,prev_power,prev_power_reading,temp
package-0,0.00057506,0.0,0.0,0.0,34278.540664,0.0,34278.540664,27.799999237060547
dram,0.000705328,0.0,0.0,0.0,38268.736809,0.0,38268.736809,27.799999237060547
core,0.000832777,0.0067140000173822045,13.966956970335724,0.0,173729.38478,0.0,173729.391494,27.799999237060547
uncore,0.000971325,0.0,0.0,0.0,39.350363,0.0,39.350363,27.799999237060547
package-0,1.001301969,16.734149000003526,16.715937070145287,16.723967632472522,34278.540664,0.0,34295.274813,27.799999237060547
dram,1.001516821,0.4556259999953909,0.4551301379857062,0.4553487886616904,38268.736809,0.0,38269.192435,27.799999237060547
core,1.001711671,15.297812000004342,15.281163249050318,15.281794611527204,173729.38478,0.0067140000173822045,173744.682592,27.799999237060547
uncore,1.001871441,0.006896999999995046,0.006889493930804904,0.006892803736900862,39.350363,0.0,39.35726,27.799999237060547
package-0,1.937442362,33.29215100000147,17.185020619903348,17.686623602094713,34278.540664,16.734149000003526,34311.832815,27.799999237060547
dram,1.93761566,0.873288999995566,0.45078161131907385,0.4461316210449606,38268.736809,0.4556259999953909,38269.610098,27.799999237060547
core,1.937787622,30.52134500001557,15.754762832008916,16.26119492347566,173729.38478,15.297812000004342,173759.906125,27.799999237060547
uncore,1.937959256,0.006896999999995046,0.0035601510763117418,0.0,39.350363,0.006896999999995046,39.35726,27.799999237060547
