zone,time_elapsed,power_j,watts,watts_since_last,start_power,prev_power,prev_power_reading,temp
package-0,0.000599145,0.0,0.0,0.0,30453.924357,0.0,30453.924357,27.799999237060547
dram,0.000793237,0.0,0.0,0.0,38168.612493,0.0,38168.612493,27.799999237060547
core,0.000927439,0.011353000008966774,28.178417831273933,0.0,170222.490498,0.0,170222.501851,27.799999237060547
uncore,0.001053755,0.0,0.0,0.0,38.535728,0.0,38.535728,27.799999237060547
package-0,1.001408,16.955033999998705,16.935185809812932,16.942003701647725,30453.924357,0.0,30470.879391,27.799999237060547
dram,1.001625947,0.45599200000287965,0.45545819889465133,0.4556415606109151,38168.612493,0.0,38169.068485,27.799999237060547
core,1.001831935,15.522361000010278,15.504189949851343,15.499087465842283,170222.490498,0.011353000008966774,170238.012859,27.799999237060547
uncore,1.002008217,0.008789999999997633,0.008779710100742173,0.008783244701099082,38.535728,0.0,38.544518,27.799999237060547
package-0,1.914891483,32.89963500000158,17.182825692384018,17.454229740189184,30453.924357,16.955033999998705,30486.823992,27.799999237060547
dram,1.915081266,0.8632789999974193,0.45087346959473945,0.44584877778351706,38168.612493,0.45599200000287965,38169.475772,27.799999237060547
core,1.915272769,30.171858999994583,15.758162484540328,16.03650688218049,170222.490498,15.522361000010278,170252.662357,27.799999237060547
uncore,1.9154618669999999,0.008789999999997633,0.004590842355424538,0.0,38.535728,0.008789999999997633,38.544518,27.799999237060547
