zone,time_elapsed,power_j,watts,watts_since_last,start_power,prev_power,prev_power_reading,temp
package-0,0.000409891,0.0,0.0,0.0,24739.122946,0.0,24739.122946,27.799999237060547
dram,0.000627975,0.0,0.0,0.0,38019.967426,0.0,38019.967426,27.799999237060547
core,0.000761569,0.011535999976331368,56.88503156552858,0.0,164979.377578,0.0,164979.389114,27.799999237060547
uncore,0.000888831,0.0,0.0,0.0,37.30331,0.0,37.30331,27.799999237060547
package-0,1.001138883,17.019915000000765,17.00301250930142,17.006457908902654,24739.122946,0.0,24756.142861,27.799999237060547
dram,1.001242453,0.4559319999971194,0.4554792135766535,0.45557150945069164,38019.967426,0.0,38020.423358,27.799999237060547
core,1.001328903,15.583577999990666,15.568101936672646,15.559729694824927,164979.377578,0.011535999976331368,164994.961156,27.799999237060547
uncore,1.00141298,0.006835999999999842,0.006829211163133106,0.006830594997992096,37.30331,0.0,37.310146,27.799999237060547
package-0,1.930064601,33.56980000000112,17.394117052177,17.81555014026087,24739.122946,17.019915000000765,24772.692746,27.799999237060547
dram,1.930183552,0.870359999993525,0.4509750942043038,0.44612169894013376,38019.967426,0.4559319999971194,38020.837786,27.799999237060547
core,1.93037221,30.809246999997413,15.963742667736181,16.390063706704304,164979.377578,15.583577999990666,165010.186825,27.799999237060547
uncore,1.9305662639999999,0.006835999999999842,0.0035420581644417075,0.0,37.30331,0.006835999999999842,37.310146,27.799999237060547
