zone,time_elapsed,power_j,watts,watts_since_last,start_power,prev_power,prev_power_reading,temp
package-0,0.000403161,0.0,0.0,0.0,33481.095867,0.0,33481.095867,27.799999237060547
dram,0.000525588,0.0,0.0,0.0,38247.895981,0.0,38247.895981,27.799999237060547
core,0.000615227,0.007324000005610287,27.1538843906329,0.0,172998.077631,0.0,172998.084955,27.799999237060547
uncore,0.000701868,0.0,0.0,0.0,39.178915,0.0,39.178915,27.799999237060547
package-0,1.00103826,17.153825999994297,17.140026153577423,17.144646721850126,33481.095867,0.0,33498.249693,27.799999237060547
dram,1.001243484,0.45519899999635527,0.45483280319051933,0.4549554159567412,38247.895981,0.0,38248.35118,27.799999237060547
core,1.001447738,15.735249999997905,15.722591364348276,15.719509743036854,172998.077631,0.007324000005610287,173013.812881,27.799999237060547
uncore,1.001655317,0.007385999999996784,0.00738005813806843,0.007382047636927879,39.178915,0.0,39.186301,27.799999237060547
package-0,1.9040261040000002,32.90940099999716,17.285869204646882,17.447503794511267,33481.095867,17.153825999994297,33514.005268,27.799999237060547
dram,1.904216376,0.8577860000004875,0.4505574744914663,0.445819223366442,38247.895981,0.45519899999635527,38248.753767,27.799999237060547
core,1.904406627,30.198592000000644,15.86199978165971,16.016503010922555,172998.077631,15.735249999997905,173028.276223,27.799999237060547
uncore,1.904595644,0.007385999999996784,0.0038795428074025803,0.0,39.178915,0.007385999999996784,39.186301,27.799999237060547
