zone,time_elapsed,power_j,watts,watts_since_last,start_power,prev_power,prev_power_reading,temp
package-0,0.000461435,0.0,0.0,0.0,29655.45112,0.0,29655.45112,27.799999237060547
dram,0.000683982,0.0,0.0,0.0,38147.781369,0.0,38147.781369,27.799999237060547
core,0.000826168,0.009277000004658476,26.401015415035445,0.0,169490.132266,0.0,169490.141543,27.799999237060547
uncore,0.000984554,0.0,0.0,0.0,38.356469,0.0,38.356469,27.799999237060547
package-0,1.001320512,17.104081999998016,17.08548296535321,17.091482176429036,29655.45112,0.0,29672.555202,27.799999237060547
dram,1.001535525,0.4559930000032182,0.455497151725313,0.4556570900520889,38147.781369,0.0,38148.237362,27.799999237060547
core,1.001730023,15.674337000004016,15.657292674743097,15.653520240531558,169490.132266,0.009277000004658476,169505.806603,27.799999237060547
uncore,1.001937137,0.006164000000005387,0.006157297246267965,0.00615945925280368,38.356469,0.0,38.362633,27.799999237060547
package-0,1.912326004,33.04050399999687,17.27958688309188,17.49288023172673,29655.45112,17.104081999998016,29688.491624,27.799999237060547
dram,1.912520448,0.8625470000042696,0.45109650347117713,0.44626079993039414,38147.781369,0.4559930000032182,38148.643916,27.799999237060547
core,1.912709869,30.310590999986744,15.851891686100894,16.065729074120117,169490.132266,15.674337000004016,169520.442857,27.799999237060547
uncore,1.912899991,0.006164000000005387,0.0032236606786470792,0.0,38.356469,0.006164000000005387,38.362633,27.799999237060547
