zone,time_elapsed,power_j,watts,watts_since_last,start_power,prev_power,prev_power_reading,temp
package-0,0.000578692,0.0,0.0,0.0,24605.640317,0.0,24605.640317,27.799999237060547
dram,0.000736694,0.0006710000016028062,1.6445393245938433,0.0,38016.480314,0.0,38016.480985,27.799999237060547
core,0.000879505,0.010253999993437901,25.131305787351756,0.0,164856.974144,0.0,164856.984398,27.799999237060547
uncore,0.001005576,0.0,0.0,0.0,37.274196,0.0,37.274196,27.799999237060547
package-0,1.001253287,16.830095999997866,16.811437825726983,16.81829236741077,24605.640317,0.0,24622.470413,27.799999237060547
dram,1.001352496,0.4561749999993481,0.4556692754539855,0.4551845364689617,38016.480314,0.0006710000016028062,38016.936489,27.799999237060547
core,1.001438743,15.393026999983704,15.375961988570689,15.371984434038971,164856.974144,0.010253999993437901,164872.367171,27.799999237060547
uncore,1.001522898,0.009032999999995184,0.00902298583916159,0.00902666478876649,37.274196,0.0,37.283229,27.799999237060547
package-0,1.934641718,33.46054699999877,17.296482234747735,17.816701602382867,24605.640317,16.830095999997866,24639.100864,27.799999237060547
dram,1.93473433,0.8729220000022906,0.4512323084664646,0.4464735768585155,38016.480314,0.4561749999993481,38017.353236,27.799999237060547
core,1.934846974,30.68143999998574,15.859901569937021,16.378935988868406,164856.974144,15.393026999983704,164887.655584,27.799999237060547
uncore,1.9350711600000001,0.009032999999995184,0.0046693535531980015,0.0,37.274196,0.009032999999995184,37.283229,27.799999237060547
