zone,time_elapsed,power_j,watts,watts_since_last,start_power,prev_power,prev_power_reading,temp
package-0,0.000433202,0.0,0.0,0.0,21529.2182,0.0,21529.2182,27.799999237060547
dram,0.000627224,0.0,0.0,0.0,37936.422963,0.0,37936.422963,27.799999237060547
core,0.000765942,0.008484000019961968,25.752089154806868,0.0,162034.582687,0.0,162034.591171,27.799999237060547
uncore,0.000886406,0.0,0.0,0.0,36.616666,0.0,36.616666,27.799999237060547
package-0,1.001220005,17.009234000001015,16.99239735496021,16.99799178320548,21529.2182,0.0,21546.227434,27.799999237060547
dram,1.001422739,0.45568700000148965,0.45523593675732865,0.4553858146544644,37936.422963,0.0,37936.87865,27.799999237060547
core,1.00163031,15.575217000005068,15.559799821308921,15.556444201137138,162034.582687,0.008484000019961968,162050.157904,27.799999237060547
uncore,1.001827538,0.007628999999994335,0.007621448409780678,0.007623957628778026,36.616666,0.0,36.624295,27.799999237060547
package-0,1.916127292,33.00540900000124,17.226436790618195,17.48247567656984,21529.2182,17.009234000001015,21562.223609,27.799999237060547
dram,1.9162640290000001,0.8638890000001993,0.4508875879287918,0.4461304990789676,37936.422963,0.45568700000148965,37937.286852,27.799999237060547
core,1.916382923,30.279464000021107,15.803690620835608,16.07050688805617,162034.582687,15.575217000005068,162064.862151,27.799999237060547
uncore,1.916508491,0.007628999999994335,0.003981786327069108,0.0,36.616666,0.007628999999994335,36.624295,27.799999237060547
