zone,time_elapsed,power_j,watts,watts_since_last,start_power,prev_power,prev_power_reading,temp
package-0,0.000598007,0.01672300000063842,39.82121766449123,0.0,23568.36215,0.0,23568.378873,27.799999237060547
dram,0.000716931,0.0006720000019413419,1.6001828826659759,0.0,37989.39414,0.0,37989.394812,27.799999237060547
core,0.000875358,0.00982599999406375,23.39791212820453,0.0,163905.672319,0.0,163905.682145,27.799999237060547
uncore,0.000976163,0.0,0.0,0.0,37.044704,0.0,37.044704,27.799999237060547
package-0,1.001316365,16.39711299999908,16.37942356651514,16.36958563150284,23568.36215,0.01672300000063842,23584.759263,27.799999237060547
dram,1.001532741,0.456054000002041,0.4555620026060285,0.4550816338345648,37989.39414,0.0006720000019413419,37989.850194,27.799999237060547
core,1.001741386,14.965354999992996,14.949210166946107,14.945664457923764,163905.672319,0.00982599999406375,163920.637674,27.799999237060547
uncore,1.001935047,0.007141999999994653,0.007134295111094867,0.007137289196418209,37.044704,0.0,37.051846,27.799999237060547
package-0,1.941145621,32.83554799999911,16.917426991894015,17.490480381249554,23568.36215,16.39711299999908,23601.197698,27.799999237060547
dram,1.941338371,0.8752420000018901,0.45093940979062325,0.44601566329474723,37989.39414,0.456054000002041,37990.269382,27.799999237060547
core,1.9415342930000001,30.057356999983313,15.486056228345147,16.057876853520987,163905.672319,14.965354999992996,163935.729676,27.799999237060547
uncore,1.941725807,0.007141999999994653,0.0036796786085622774,0.0,37.044704,0.007141999999994653,37.051846,27.799999237060547
