zone,time_elapsed,power_j,watts,watts_since_last,start_power,prev_power,prev_power_reading,temp
package-0,0.000660858,0.0,0.0,0.0,25608.096613,0.0,25608.096613,27.799999237060547
dram,0.00081915,0.0,0.0,0.0,38042.48275,0.0,38042.48275,27.799999237060547
core,0.000940646,0.008361999993212521,16.54207029729539,0.0,165776.928698,0.0,165776.93706,27.799999237060547
uncore,0.001047893,0.0,0.0,0.0,37.491298,0.0,37.491298,27.799999237060547
package-0,1.001296327,17.598404999997,17.578168871366934,17.587048884249,25608.096613,0.0,25625.695018,27.799999237060547
dram,1.001397858,0.4555649999965681,0.4550411529809272,0.45527102739673875,38042.48275,0.0,38042.938315,27.799999237060547
core,1.001483674,16.16322799999034,16.144642158780016,16.144441388892346,165776.928698,0.008361999993212521,165793.091926,27.799999237060547
uncore,1.001568114,0.005493000000001302,0.005486683685848683,0.005489455409238458,37.491298,0.0,37.496791,27.799999237060547
package-0,1.907511962,33.817112999997335,17.729423442223002,17.896517287283043,25608.096613,17.598404999997,25641.913726,27.799999237060547
dram,1.907616776,0.8596169999946142,0.45067459753406874,0.4458507794163488,38042.48275,0.4555649999965681,38043.342367,27.799999237060547
core,1.907811529,31.09489099998609,16.302234002901606,16.476328756107026,165776.928698,16.16322799999034,165808.023589,27.799999237060547
uncore,1.907990797,0.005493000000001302,0.0028798355131072757,0.0,37.491298,0.005493000000001302,37.496791,27.799999237060547
