zone,time_elapsed,power_j,watts,watts_since_last,start_power,prev_power,prev_power_reading,temp
package-0,0.000470752,0.0,0.0,0.0,29056.194414,0.0,29056.194414,27.799999237060547
dram,0.00065739,0.0,0.0,0.0,38132.134498,0.0,38132.134498,27.799999237060547
core,0.000815398,0.010621000023093075,36.75442611427084,0.0,168940.528936,0.0,168940.539557,27.799999237060547
uncore,0.000903113,0.0,0.0,0.0,38.226525,0.0,38.226525,27.799999237060547
package-0,1.001255783,17.01979299999948,17.002614374560913,17.007524112255382,29056.194414,0.0,29073.214207,27.799999237060547
dram,1.00146763,0.45605300000170246,0.45559269101514993,0.4557242496424953,38132.134498,0.0,38132.590551,27.799999237060547
core,1.001675343,15.584006000019144,15.568276560659529,15.562158769902616,168940.528936,0.010621000023093075,168956.112942,27.799999237060547
uncore,1.001882251,0.007323999999997,0.007316607650823774,0.0073187204214593665,38.226525,0.0,38.233849,27.799999237060547
package-0,1.93061762,33.55685999999696,17.382902206964143,17.79247285454125,29056.194414,17.01979299999948,29089.751274,27.799999237060547
dram,1.930791257,0.8702370000028168,0.4507944029307924,0.4456266384363239,38132.134498,0.45605300000170246,38133.004735,27.799999237060547
core,1.93096358,30.799360000004526,15.954480333297287,16.37042245865103,168940.528936,15.584006000019144,168971.328296,27.799999237060547
uncore,1.93113497,0.007323999999997,0.0037939299375378023,0.0,38.226525,0.007323999999997,38.233849,27.799999237060547
