zone,time_elapsed,power_j,watts,watts_since_last,start_power,prev_power,prev_power_reading,temp
package-0,0.000394385,0.0,0.0,0.0,32810.099416,0.0,32810.099416,27.799999237060547
dram,0.000608911,0.0,0.0,0.0,38230.385223,0.0,38230.385223,27.799999237060547
core,0.000778021,0.009461000008741394,40.03300473381032,0.0,172382.64134,0.0,172382.650801,27.799999237060547
uncore,0.00091377,0.0,0.0,0.0,39.044455,0.0,39.044455,27.799999237060547
package-0,1.00125824,16.845538000001397,16.828391585471742,16.832365529373806,32810.099416,0.0,32826.944954,27.799999237060547
dram,1.001473759,0.45605300000170246,0.4555888014830489,0.4556963865918401,38230.385223,0.0,38230.841276,27.799999237060547
core,1.00168063,15.412436999991769,15.396749282940878,15.390931549462229,172382.64134,0.009461000008741394,172398.053777,27.799999237060547
uncore,1.001887578,0.006835999999999842,0.006829041902863098,0.0068306545483312634,39.044455,0.0,39.051291,27.799999237060547
package-0,1.926965123,33.14994000000297,17.204833259431894,17.61187667458412,32810.099416,16.845538000001397,32843.249356,27.799999237060547
dram,1.9271420099999998,0.8706640000018524,0.4518749941936709,0.4478592836418001,38230.385223,0.45605300000170246,38231.255887,27.799999237060547
core,1.9273145189999998,30.388288999994984,15.771535190841831,16.176788239204058,172382.64134,15.412436999991769,172413.029629,27.799999237060547
uncore,1.9274865239999999,0.006835999999999842,0.003547886969371986,0.0,39.044455,0.006835999999999842,39.051291,27.799999237060547
