zone,time_elapsed,power_j,watts,watts_since_last,start_power,prev_power,prev_power_reading,temp
package-0,0.000519837,0.0,0.0,0.0,25540.908736,0.0,25540.908736,27.799999237060547
dram,0.000713938,0.0,0.0,0.0,38040.756192,0.0,38040.756192,27.799999237060547
core,0.00090756,0.011230999982217327,33.35669772023655,0.0,165715.214378,0.0,165715.225609,27.799999237060547
uncore,0.001090463,0.0,0.0,0.0,37.477504,0.0,37.477504,27.799999237060547
package-0,1.001343437,17.396378999997978,17.375310254792947,17.38115529798251,25540.908736,0.0,25558.305115,27.799999237060547
dram,1.00144496,0.4558699999979581,0.4553178960873353,0.4554710647346047,38040.756192,0.0,38041.212062,27.799999237060547
core,1.001530252,15.963399000000209,15.94406573609872,15.93820813790341,165715.214378,0.011230999982217327,165731.177777,27.799999237060547
uncore,1.001614085,0.006529999999997926,0.006522091520527065,0.006524285547917928,37.477504,0.0,37.484034,27.799999237060547
package-0,1.911885157,33.57718399999794,17.563545618539777,17.770525269934318,25540.908736,17.396378999997978,25574.48592,27.799999237060547
dram,1.912008484,0.8637059999964549,0.4517871341427912,0.4479047824853113,38040.756192,0.4558699999979581,38041.619898,27.799999237060547
core,1.9121986020000001,30.836408000002848,16.129901144181364,16.334241854747525,165715.214378,15.963399000000209,165746.050786,27.799999237060547
uncore,1.912394517,0.006529999999997926,0.003415710885374883,0.0,37.477504,0.006529999999997926,37.484034,27.799999237060547
