zone,time_elapsed,power_j,watts,watts_since_last,start_power,prev_power,prev_power_reading,temp
package-0,0.000737515,0.0,0.0,0.0,23870.708727,0.0,23870.708727,27.799999237060547
dram,0.000885252,0.0,0.0,0.0,37997.363114,0.0,37997.363114,27.799999237060547
core,0.000986387,0.010009999998146668,18.32490924162458,0.0,164182.705057,0.0,164182.715067,27.799999237060547
uncore,0.001174372,0.0,0.0,0.0,37.111965,0.0,37.111965,27.799999237060547
package-0,1.001426714,17.387284000000363,17.364998507610633,17.3744771686325,23870.708727,0.0,23888.096011,27.799999237060547
dram,1.001527582,0.45562600000266684,0.45504201864274757,0.4552904027150831,37997.363114,0.0,37997.81874,27.799999237060547
core,1.001613332,15.948383999988437,15.927942763147753,15.926634382227343,164182.705057,0.010009999998146668,164198.653441,27.799999237060547
uncore,1.001697302,0.00762900000000144,0.007619221818346313,0.007623380760302736,37.111965,0.0,37.119594,27.799999237060547
package-0,1.910478689,33.50449200000003,17.538261290369718,17.729096753051902,23870.708727,17.387284000000363,23904.213219,27.799999237060547
dram,1.910584125,0.8610820000030799,0.4507419813584441,0.4460058251474377,37997.363114,0.45562600000266684,37998.224196,27.799999237060547
core,1.910770895,30.769329999980982,16.106513397346173,16.30319504504942,164182.705057,15.948383999988437,164213.474387,27.799999237060547
uncore,1.9109551439999999,0.00762900000000144,0.003993476319063597,0.0,37.111965,0.00762900000000144,37.119594,27.799999237060547
