zone,time_elapsed,power_j,watts,watts_since_last,start_power,prev_power,prev_power_reading,temp
package-0,0.000632474,0.0,0.0,0.0,23634.901286,0.0,23634.901286,27.799999237060547
dram,0.000852016,0.0,0.0,0.0,37991.165986,0.0,37991.165986,27.799999237060547
core,0.00101492,0.010864000010769814,23.764888625643536,0.0,163966.581892,0.0,163966.592756,27.799999237060547
uncore,0.001151261,0.0,0.0,0.0,37.059536,0.0,37.059536,27.799999237060547
package-0,1.001489404,16.801470999998855,16.780409287427062,16.78807425105111,23634.901286,0.0,23651.702757,27.799999237060547
dram,1.001689837,0.4564200000022538,0.4558478485012295,0.45605607090611927,37991.165986,0.0,37991.622406,27.799999237060547
core,1.001896651,15.367636000009952,15.348371690811062,15.344527190057732,163966.581892,0.010864000010769814,163981.949528,27.799999237060547
uncore,1.002104365,0.00891099999999767,0.008899829494705174,0.008903894763207788,37.059536,0.0,37.068447,27.799999237060547
package-0,1.920961931,32.91989900000044,17.138820814710485,17.529089220399783,23634.901286,16.801470999998855,23667.821185,27.799999237060547
dram,1.9211145269999998,0.866942000000563,0.45134900306821074,0.446450284414002,37991.165986,0.4564200000022538,37992.032928,27.799999237060547
core,1.921230196,30.17991500001517,15.712325101253995,16.10862797218935,163966.581892,15.367636000009952,163996.761807,27.799999237060547
uncore,1.921342976,0.00891099999999767,0.004639261872578746,0.0,37.059536,0.00891099999999767,37.068447,27.799999237060547
