zone,time_elapsed,power_j,watts,watts_since_last,start_power,prev_power,prev_power_reading,temp
package-0,0.000476812,0.0,0.0,0.0,23701.056207,0.0,23701.056207,27.799999237060547
dram,0.0005972,0.0,0.0,0.0,37992.922879,0.0,37992.922879,27.799999237060547
core,0.000698449,0.008972000010544434,32.30208138361938,0.0,164027.151073,0.0,164027.160045,27.799999237060547
uncore,0.000825882,0.0,0.0,0.0,37.076931,0.0,37.076931,27.799999237060547
package-0,1.001073732,16.713518999997177,16.698003031901898,16.70263793289469,23701.056207,0.0,23717.769726,27.799999237060547
dram,1.001175719,0.45501599999988684,0.45459358663865274,0.4547197691685038,37992.922879,0.0,37993.377895,27.799999237060547
core,1.001261684,15.284322999999858,15.270133823679423,15.265406228978195,164027.151073,0.008972000010544434,164042.435396,27.799999237060547
uncore,1.001346101,0.007750999999998953,0.007743804371794833,0.007745953836404596,37.076931,0.0,37.084682,27.799999237060547
package-0,2.0015552,33.956577999997535,16.96601129991442,17.234129687195086,23701.056207,16.713518999997177,23735.012785,27.799999237060547
dram,2.001647994,0.9008770000000368,0.45011276936783023,0.44563011101828937,37992.922879,0.45501599999988684,37993.823756,27.799999237060547
core,2.001733465,31.08768900000723,15.532604105819681,15.795182231779807,164027.151073,15.284322999999858,164058.238762,27.799999237060547
uncore,2.00181668,0.007750999999998953,0.0038726974663238585,0.0,37.076931,0.007750999999998953,37.084682,27.799999237060547
package-0,2.152859608,36.56405399999858,16.984813917676455,17.233537286448023,23701.056207,33.956577999997535,23737.620261,27.799999237060547
dram,2.152962874,0.9686250000013388,0.4499477924694219,0.4477654575168675,37992.922879,0.9008770000000368,37993.891504,27.799999237060547
core,2.153157664,33.48221400001785,15.553230895626255,15.826084639321099,164027.151073,31.08768900000723,164060.633287,27.799999237060547
uncore,2.153357334,0.007750999999998953,0.0036005113841013786,0.0,37.076931,0.007750999999998953,37.084682,27.799999237060547
