zone,time_elapsed,power_j,watts,watts_since_last,start_power,prev_power,prev_power_reading,temp
package-0,0.000364936,0.0,0.0,0.0,21829.32052,0.0,21829.32052,27.799999237060547
dram,0.000522168,0.0,0.0,0.0,37944.24356,0.0,37944.24356,27.799999237060547
core,0.000611005,0.006469999992987141,24.802766229086863,0.0,162309.865125,0.0,162309.871595,27.799999237060547
uncore,0.00069518,0.0,0.0,0.0,36.678983,0.0,36.678983,27.799999237060547
package-0,1.001046151,16.99049599999853,16.976930261311555,16.981356447163744,21829.32052,0.0,21846.311016,27.799999237060547
dram,1.00126807,0.45605399999476504,0.4556898723441609,0.45580867874996633,37944.24356,0.0,37944.699614,27.799999237060547
core,1.001475343,15.571980999986408,15.559547847647337,15.55713797720557,162309.865125,0.006469999992987141,162325.437106,27.799999237060547
uncore,1.001682265,0.006042000000000769,0.006037175879907587,0.0060387498783899705,36.678983,0.0,36.685025,27.799999237060547
package-0,1.919466816,33.10233199999857,17.247682400961608,17.542715387053395,21829.32052,16.99049599999853,21862.422852,27.799999237060547
dram,1.9196618619999999,0.8657209999946645,0.45107640318970593,0.44604920162210077,37944.24356,0.45605399999476504,37945.109281,27.799999237060547
core,1.919852259,30.36033499997575,15.818988694403862,16.10169599943824,162309.865125,15.571980999986408,162340.22546,27.799999237060547
uncore,1.920022875,0.006042000000000769,0.003148131589841701,0.0,36.678983,0.006042000000000769,36.685025,27.799999237060547
