zone,time_elapsed,power_j,watts,watts_since_last,start_power,prev_power,prev_power_reading,temp
package-0,0.000587306,0.0,0.0,0.0,69251.719138,0.0,69251.719138,27.799999237060547
dram,0.000789503,0.0,0.0,0.0,38223.741929,0.0,38223.741929,27.799999237060547
core,0.000968754,0.010071000026073307,24.27601041829971,0.0,208639.286194,0.0,208639.296265,27.799999237060547
uncore,0.00110071,0.0,0.0,0.0,43.366466,0.0,43.366466,27.799999237060547
package-0,1.001450784,17.085588999994798,17.065001935245135,17.07207582031621,69251.719138,0.0,69268.804727,27.799999237060547
dram,1.001661383,0.46337799999309937,0.46281965852243484,0.4630115092521005,38223.741929,0.0,38224.205307,27.799999237060547
core,1.001861699,15.506125000014435,15.487441090469863,15.483798000970069,208639.286194,0.010071000026073307,208654.792319,27.799999237060547
uncore,1.002031355,0.008606000000000336,0.008595630308956284,0.008599193420238061,43.366466,0.0,43.375072,27.799999237060547
package-0,1.933511575,33.823644000003696,17.494980415188298,17.956823948908976,69251.719138,17.085588999994798,69285.542782,27.799999237060547
dram,1.933686626,0.883786999998847,0.45713100150226743,0.451020766728038,38223.741929,0.46337799999309937,38224.625716,27.799999237060547
core,1.933858312,30.776533000025665,15.918889226802012,16.382311330920295,208639.286194,15.506125000014435,208670.062727,27.799999237060547
uncore,1.934011428,0.008606000000000336,0.004451377310295127,0.0,43.366466,0.008606000000000336,43.375072,27.799999237060547
