zone,time_elapsed,power_j,watts,watts_since_last,start_power,prev_power,prev_power_reading,temp
package-0,0.000611261,0.01940900000045076,42.21890138289962,0.0,68809.610162,0.0,68809.629571,27.799999237060547
dram,0.000776943,0.0006710000016028062,1.4595745733905117,0.0,38212.266861,0.0,38212.267532,27.799999237060547
core,0.000866022,0.008972000010544434,19.51609993527501,0.0,208236.819512,0.0,208236.828484,27.799999237060547
uncore,0.001001581,0.0,0.0,0.0,43.2635,0.0,43.2635,27.799999237060547
package-0,1.001338071,16.907061999998405,16.888331067569705,16.876693578968258,68809.610162,0.01940900000045076,68826.517224,27.799999237060547
dram,1.001556022,0.4633780000003753,0.4628646345199061,0.46240672139721817,38212.266861,0.0006710000016028062,38212.730239,27.799999237060547
core,1.001763107,15.32283700001426,15.305861192835978,15.303926905342072,208236.819512,0.008972000010544434,208252.142349,27.799999237060547
uncore,1.00195648,0.009276999999997315,0.009266722232036152,0.00927097959272743,43.2635,0.0,43.272777,27.799999237060547
package-0,1.944857303,33.86905400000978,17.416317311445056,17.976503488567122,68809.610162,16.907061999998405,68843.479216,27.799999237060547
dram,1.9450040450000001,0.8892800000030547,0.4572900872510519,0.4513755689090494,38212.266861,0.4633780000003753,38213.156141,27.799999237060547
core,1.945186236,30.790021000022534,15.833001292634108,16.392289722473148,208236.819512,15.32283700001426,208267.609533,27.799999237060547
uncore,1.945361031,0.009276999999997315,0.004770466151731973,0.0,43.2635,0.009276999999997315,43.272777,27.799999237060547
