zone,time_elapsed,power_j,watts,watts_since_last,start_power,prev_power,prev_power_reading,temp
package-0,0.000736133,0.0,0.0,0.0,59005.00422,0.0,59005.00422,27.799999237060547
dram,0.00099611,0.0,0.0,0.0,37960.205617,0.0,37960.205617,27.799999237060547
core,0.001161241,0.012634000013349578,23.758436489057427,0.0,199300.061995,0.0,199300.074629,27.799999237060547
uncore,0.001294923,0.0,0.0,0.0,40.858537,0.0,40.858537,27.799999237060547
package-0,1.001546327,16.70454699999391,16.681157015250268,16.690019823149623,59005.00422,0.0,59021.708767,27.799999237060547
dram,1.00164661,0.45580899999913527,0.45517076865074857,0.4554126038591976,37960.205617,0.0,37960.661426,27.799999237060547
core,1.001732206,15.269736000016565,15.248355061516408,15.243833599555993,199300.061995,0.012634000013349578,199315.331731,27.799999237060547
uncore,1.001861624,0.00897300000000456,0.008960435856055916,0.008965196594271745,40.858537,0.0,40.86751,27.799999237060547
package-0,1.951272233,33.761265999994066,17.303055735335192,17.95876162821614,59005.00422,16.70454699999391,59038.765486,27.799999237060547
dram,1.951363948,0.8796970000039437,0.4508553151199388,0.4463052682727297,37960.205617,0.45580899999913527,37961.085314,27.799999237060547
core,1.95146008,30.985332999989623,15.880356615680096,16.54671454502019,199300.061995,15.269736000016565,199331.047328,27.799999237060547
uncore,1.951631371,0.00897300000000456,0.004598770647797061,0.0,40.858537,0.00897300000000456,40.86751,27.799999237060547
