zone,time_elapsed,power_j,watts,watts_since_last,start_power,prev_power,prev_power_reading,temp
package-0,0.000702252,0.0,0.0,0.0,65454.522011,0.0,65454.522011,27.799999237060547
dram,0.000921645,0.0,0.0,0.0,38125.811211,0.0,38125.811211,27.799999237060547
core,0.001101811,0.012451000016881153,24.551599604211006,0.0,205180.30805,0.0,205180.320501,27.799999237060547
uncore,0.00123372,0.0,0.0,0.0,42.458021,0.0,42.458021,27.799999237060547
package-0,1.001479722,17.87812799999665,17.854255788751743,17.86330281627016,65454.522011,0.0,65472.400139,27.799999237060547
dram,1.001579833,0.46325500000239117,0.4626364273408508,0.46287085237310627,38125.811211,0.0,38126.274466,27.799999237060547
core,1.001664808,16.297870000009425,16.276107867224475,16.271914547583556,205180.30805,0.012451000016881153,205196.60592,27.799999237060547
uncore,1.001748612,0.009337999999999624,0.009325531205246337,0.009330256596124343,42.458021,0.0,42.467359,27.799999237060547
package-0,1.915873728,34.65829700000177,18.09123703895207,18.350745582250532,65454.522011,17.87812799999665,65489.180308,27.799999237060547
dram,1.91606349,0.8752420000018901,0.4568663742618362,0.4505478234565546,38125.811211,0.46325500000239117,38126.686453,27.799999237060547
core,1.9162537039999998,31.64927200000966,16.520560195511457,16.788250013022537,205180.30805,16.297870000009425,205211.957322,27.799999237060547
uncore,1.916443688,0.009337999999999624,0.004874329845742825,0.0,42.458021,0.009337999999999624,42.467359,27.799999237060547
