zone,time_elapsed,power_j,watts,watts_since_last,start_power,prev_power,prev_power_reading,temp
package-0,0.000552981,0.0,0.0,0.0,68911.570961,0.0,68911.570961,27.799999237060547
dram,0.000774549,0.0007330000007641502,1.9263113654056294,0.0,38214.94056,0.0,38214.941293,27.799999237060547
core,0.000968151,0.012817000009818003,33.682855066272474,0.0,208329.541504,0.0,208329.554321,27.799999237060547
uncore,0.001148479,0.0,0.0,0.0,43.288097,0.0,43.288097,27.799999237060547
package-0,1.001401113,17.36653299999307,17.34474820438534,17.351342454916747,68911.570961,0.0,68928.937494,27.799999237060547
dram,1.00150132,0.46325599999545375,0.4626748858908734,0.4621184300969295,38214.94056,0.0007330000007641502,38215.403816,27.799999237060547
core,1.001586507,15.78401699999813,15.764217332199495,15.757404896238612,208329.541504,0.012817000009818003,208345.325521,27.799999237060547
uncore,1.001670545,0.007933999999998775,0.007924047491438099,0.007927060112536173,43.288097,0.0,43.296031,27.799999237060547
package-0,1.925697915,34.06375499999558,17.690211172762176,18.0644309102039,68911.570961,17.36653299999307,68945.634716,27.799999237060547
dram,1.925801074,0.8806129999939003,0.4573256803712255,0.45153120030150956,38214.94056,0.46325599999545375,38215.821173,27.799999237060547
core,1.925994063,31.013165000011213,16.105958899304742,16.476147461383984,208329.541504,15.78401699999813,208360.554669,27.799999237060547
uncore,1.92618098,0.007933999999998775,0.004120336570195848,0.0,43.288097,0.007933999999998775,43.296031,27.799999237060547
