zone,time_elapsed,power_j,watts,watts_since_last,start_power,prev_power,prev_power_reading,temp
package-0,0.000580695,0.0,0.0,0.0,57608.878582,0.0,57608.878582,27.799999237060547
dram,0.000746189,0.0,0.0,0.0,37924.593403,0.0,37924.593403,27.799999237060547
core,0.00087648,0.009033000009367242,20.679329620151513,0.0,198016.993136,0.0,198017.002169,27.799999237060547
uncore,0.00098951,0.0,0.0,0.0,40.517474,0.0,40.517474,27.799999237060547
package-0,1.001236331,16.81319000000076,16.794828969255974,16.80216035625218,57608.878582,0.0,57625.691772,27.799999237060547
dram,1.00133403,0.456054000002041,0.4555559611697124,0.45575482339426243,37924.593403,0.0,37925.049457,27.799999237060547
core,1.001420296,15.374045000004116,15.35725560352928,15.354932377475016,198016.993136,0.009033000009367242,198032.367181,27.799999237060547
uncore,1.00150418,0.007750999999998953,0.007742535434422593,0.007745915255896543,40.517474,0.0,40.525225,27.799999237060547
package-0,1.954278023,33.97623200000089,17.386565824127654,18.00811744519012,57608.878582,16.81319000000076,57642.854814,27.799999237060547
dram,1.954369502,0.8812840000027791,0.4509770911559125,0.44616751396584753,37924.593403,0.456054000002041,37925.474687,27.799999237060547
core,1.954465494,31.179180000006454,15.955237926690119,16.58334969506716,198016.993136,15.374045000004116,198048.172316,27.799999237060547
uncore,1.9546362080000002,0.007750999999998953,0.003966398384105445,0.0,40.517474,0.007750999999998953,40.525225,27.799999237060547
