zone,time_elapsed,power_j,watts,watts_since_last,start_power,prev_power,prev_power_reading,temp
package-0,0.000370987,0.01647899999807123,65.88990758887972,0.0,57031.636652,0.0,57031.653131,27.799999237060547
dram,0.00058402,0.0006719999946653843,2.6869359520245357,0.0,37909.8092,0.0,37909.809872,27.799999237060547
core,0.000763791,0.008544999989680946,34.166470036589295,0.0,197486.684557,0.0,197486.693102,27.799999237060547
uncore,0.000943802,0.0,0.0,0.0,40.380023,0.0,40.380023,27.799999237060547
package-0,1.001301881,17.109575000002224,17.091520201721934,17.079325605861847,57031.636652,0.01647899999807123,57048.746227,27.799999237060547
dram,1.001506449,0.45648099999380065,0.45599930057264776,0.4554417950420229,37909.8092,0.0006719999946653843,37910.265681,27.799999237060547
core,1.001713774,15.678488000005018,15.661943349528311,15.657319114248965,197486.684557,0.008544999989680946,197502.363045,27.799999237060547
uncore,1.001921109,0.008544999999998026,0.008535982929071073,0.008538116050013428,40.380023,0.0,40.388568,27.799999237060547
package-0,1.9299761260000001,33.76370699999825,17.495965683361693,17.931901815779337,57031.636652,17.109575000002224,57065.400359,27.799999237060547
dram,1.9301484549999999,0.8702369999955408,0.45094683141025954,0.44550097043319764,37909.8092,0.45648099999380065,37910.679437,27.799999237060547
core,1.930320544,30.999065999989398,16.063360428761772,16.49603236342635,197486.684557,15.678488000005018,197517.683623,27.799999237060547
uncore,1.930492499,0.008544999999998026,0.0044279209852253155,0.0,40.380023,0.008544999999998026,40.388568,27.799999237060547
