zone,time_elapsed,power_j,watts,watts_since_last,start_power,prev_power,prev_power_reading,temp
package-0,0.000393469,0.0,0.0,0.0,59242.271679,0.0,59242.271679,27.799999237060547
dram,0.000510456,0.0,0.0,0.0,37966.296238,0.0,37966.296238,27.799999237060547
core,0.000597899,0.006225999997695908,21.286416140532424,0.0,199518.008885,0.0,199518.015111,27.799999237060547
uncore,0.000688125,0.0,0.0,0.0,40.915239,0.0,40.915239,27.799999237060547
package-0,1.001038184,16.917010000004666,16.903368440765178,16.90830991368013,59242.271679,0.0,59259.188689,27.799999237060547
dram,1.001250952,0.4561759999996866,0.45580814823819765,0.45594139763324143,37966.296238,0.0,37966.752414,27.799999237060547
core,1.001457499,15.477805000002263,15.465323988653052,15.463622270483402,199518.008885,0.006225999997695908,199533.48669,27.799999237060547
uncore,1.001664476,0.008484000000002823,0.008477158661693759,0.008479636845262277,40.915239,0.0,40.923723,27.799999237060547
package-0,1.93119624,33.54672800000117,17.372589772619033,17.877423234162514,59242.271679,16.917010000004666,59275.818407,27.799999237060547
dram,1.9313692919999998,0.8708479999986594,0.45097945344422036,0.4457842789240223,37966.296238,0.4561759999996866,37967.167086,27.799999237060547
core,1.931540637,30.781233000016073,15.940443837165404,16.451623490538903,199518.008885,15.477805000002263,199548.790118,27.799999237060547
uncore,1.931712792,0.008484000000002823,0.0043935447782252795,0.0,40.915239,0.008484000000002823,40.923723,27.799999237060547
