zone,time_elapsed,power_j,watts,watts_since_last,start_power,prev_power,prev_power_reading,temp
package-0,0.000548053,0.0,0.0,0.0,68775.657552,0.0,68775.657552,27.799999237060547
dram,0.000701931,0.0,0.0,0.0,38211.39052,0.0,38211.39052,27.799999237060547
core,0.000858559,0.010192999994615093,24.799400499771526,0.0,208205.888805,0.0,208205.898998,27.799999237060547
uncore,0.000982565,0.0,0.0,0.0,43.254711,0.0,43.254711,27.799999237060547
package-0,1.001332044,17.452957999994396,17.434014914183255,17.4411757706731,68775.657552,0.0,68793.11051,27.799999237060547
dram,1.00154591,0.4630120000001625,0.4625094561879564,0.4626994275661651,38211.39052,0.0,38211.853532,27.799999237060547
core,1.00175124,15.888143000018317,15.87089833259695,15.867231034903154,208205.888805,0.010192999994615093,208221.776948,27.799999237060547
uncore,1.001957839,0.008789000000000158,0.008779460598072178,0.008783066678353197,43.254711,0.0,43.2635,27.799999237060547
package-0,1.916768903,33.93637499999022,17.706644591174882,18.00476029755392,68775.657552,17.452957999994396,68809.593927,27.799999237060547
dram,1.9169431179999998,0.8756080000021029,0.4568572706198337,0.45067670615664057,38211.39052,0.4630120000001625,38212.266128,27.799999237060547
core,1.9171189,30.913312000018777,16.129331100348573,16.41192273879346,208205.888805,15.888143000018317,208236.802117,27.799999237060547
uncore,1.917289958,0.008789000000000158,0.004585749046911571,0.0,43.254711,0.008789000000000158,43.2635,27.799999237060547
