zone,time_elapsed,power_j,watts,watts_since_last,start_power,prev_power,prev_power_reading,temp
package-0,0.000524707,0.0,0.0,0.0,62298.433655,0.0,62298.433655,27.799999237060547
dram,0.000741081,0.0,0.0,0.0,38044.628557,0.0,38044.628557,27.799999237060547
core,0.000877152,0.010864000010769814,31.000231162793483,0.0,202304.41551,0.0,202304.426374,27.799999237060547
uncore,0.001015678,0.0,0.0,0.0,41.664566,0.0,41.664566,27.799999237060547
package-0,1.001268486,17.32698199999868,17.307535115083088,17.313595837554512,62298.433655,0.0,62315.760637,27.799999237060547
dram,1.001368291,0.4634390000064741,0.4629188606712729,0.4630809647908174,38044.628557,0.0,38045.091996,27.799999237060547
core,1.001453161,15.745137000019895,15.727465493971144,15.722117303516855,202304.41551,0.010864000010769814,202320.160647,27.799999237060547
uncore,1.001536129,0.009093999999997493,0.009083793377088648,0.009086974324016112,41.664566,0.0,41.67366,27.799999237060547
package-0,1.934419967,34.37399600000208,17.770714976129558,18.26761721765991,62298.433655,17.32698199999868,62332.807651,27.799999237060547
dram,1.934512388,0.8844580000004498,0.45724829392441424,0.45116487457864324,38044.628557,0.4634390000064741,38045.513015,27.799999237060547
core,1.9345961,31.325359000009485,16.194626493645654,16.695799725507165,202304.41551,15.745137000019895,202335.740869,27.799999237060547
uncore,1.93475243,0.009093999999997493,0.004701428428422109,0.0,41.664566,0.009093999999997493,41.67366,27.799999237060547
