zone,time_elapsed,power_j,watts,watts_since_last,start_power,prev_power,prev_power_reading,temp
package-0,0.000695695,0.0,0.0,0.0,64626.999105,0.0,64626.999105,27.799999237060547
dram,0.000886735,0.0,0.0,0.0,38104.646958,0.0,38104.646958,27.799999237060547
core,0.001020439,0.008850000012898818,16.340985616052976,0.0,204425.799056,0.0,204425.807906,27.799999237060547
uncore,0.001140803,0.0,0.0,0.0,42.255079,0.0,42.255079,27.799999237060547
package-0,1.001481698,17.6174469999969,17.59548718096203,17.60500987035395,64626.999105,0.0,64644.616552,27.799999237060547
dram,1.001696472,0.4639270000043325,0.46334872365331037,0.4635994882914311,38104.646958,0.0,38105.110885,27.799999237060547
core,1.001906638,16.040730000007898,16.020735529300115,16.02056220973968,204425.799056,0.008850000012898818,204441.839786,27.799999237060547
uncore,1.002114854,0.007751999999996428,0.00774233727660874,0.007746527434704073,42.255079,0.0,42.262831,27.799999237060547
package-0,1.912123814,33.99411400000099,17.779858465092328,17.982561850777653,64626.999105,17.6174469999969,64660.993219,27.799999237060547
dram,1.912297068,0.8749979999993229,0.4576480680516152,0.4513805942606691,38104.646958,0.4639270000043325,38105.521956,27.799999237060547
core,1.912471852,30.97727600001963,16.201969050125392,16.401222683597915,204425.799056,16.040730000007898,204456.776332,27.799999237060547
uncore,1.91264368,0.007751999999996428,0.004054509637207436,0.0,42.255079,0.007751999999996428,42.262831,27.799999237060547
