zone,time_elapsed,power_j,watts,watts_since_last,start_power,prev_power,prev_power_reading,temp
package-0,0.000662126,0.018127999996067956,35.89731403034471,0.0,66764.404094,0.0,66764.422222,27.799999237060547
dram,0.000817388,0.0006720000019413419,1.3307036133778127,0.0,38159.383634,0.0,38159.384306,27.799999237060547
core,0.000957742,0.007324000005610287,14.503085184061433,0.0,206374.312989,0.0,206374.320313,27.799999237060547
uncore,0.001071728,0.0,0.0,0.0,42.779675,0.0,42.779675,27.799999237060547
package-0,1.001313568,17.5954139999958,17.574754858085363,17.56550823889801,66764.404094,0.018127999996067956,66781.999508,27.799999237060547
dram,1.00141572,0.46392800000467105,0.4633832924809763,0.4629455926681178,38159.383634,0.0006720000019413419,38159.847562,27.799999237060547
core,1.001501786,16.01289800001541,15.994096923088224,15.994849373530602,206374.312989,0.007324000005610287,206390.325887,27.799999237060547
uncore,1.001585953,0.009461000000001718,0.009449891642925567,0.009454660602794242,42.779675,0.0,42.789136,27.799999237060547
package-0,1.920927522,34.44211200000427,17.932001527777544,18.320967872103967,66764.404094,17.5954139999958,66798.846206,27.799999237060547
dram,1.921119366,0.879149000000325,0.4577216754636874,0.4515573675470073,38159.383634,0.46392800000467105,38160.262783,27.799999237060547
core,1.921314752,31.404520999989472,16.350504828242336,16.73855793473115,206374.312989,16.01289800001541,206405.71751,27.799999237060547
uncore,1.921508431,0.009461000000001718,0.004925791613891538,0.0,42.779675,0.009461000000001718,42.789136,27.799999237060547
