zone,time_elapsed,power_j,watts,watts_since_last,start_power,prev_power,prev_power_reading,temp
package-0,0.000657335,0.0,0.0,0.0,68536.942586,0.0,68536.942586,27.799999237060547
dram,0.000837506,0.0,0.0,0.0,38205.215243,0.0,38205.215243,27.799999237060547
core,0.000976657,0.00756800000090152,13.563890802258115,0.0,207988.499164,0.0,207988.506732,27.799999237060547
uncore,0.001100635,0.0,0.0,0.0,43.197155,0.0,43.197155,27.799999237060547
package-0,1.001344877,17.727066999999806,17.70572848097202,17.715601037833697,68536.942586,0.0,68554.669653,27.799999237060547
dram,1.001478645,0.4627680000048713,0.46221095445562427,0.46246867917646,38205.215243,0.0,38205.678011,27.799999237060547
core,1.002337776,16.15590300000622,16.136455730834356,16.137890170177815,207988.499164,0.00756800000090152,208004.655067,27.799999237060547
uncore,1.002462836,0.009154999999999802,0.009143979894886002,0.009149078496818777,43.197155,0.0,43.20631,27.799999237060547
package-0,1.909799992,34.149204999994254,17.882215917733443,18.076719137428533,68536.942586,17.727066999999806,68571.091791,27.799999237060547
dram,1.909903731,0.872190000001865,0.45672190322802264,0.4506725313495979,38205.215243,0.4627680000048713,38206.087433,27.799999237060547
core,1.910090434,31.142254000005778,16.307627372089485,16.496272161517876,207988.499164,16.15590300000622,208019.641418,27.799999237060547
uncore,1.910203286,0.009154999999999802,0.004794011653474033,0.0,43.197155,0.009154999999999802,43.20631,27.799999237060547
