zone,time_elapsed,power_j,watts,watts_since_last,start_power,prev_power,prev_power_reading,temp
package-0,0.000570817,0.017638999997870997,50.73562192878489,0.0,67720.322241,0.0,67720.33988,27.799999237060547
dram,0.000793686,0.0007320000004256144,2.1054750993790416,0.0,38184.044277,0.0,38184.045009,27.799999237060547
core,0.000960362,0.009216000005835667,26.50827666240682,0.0,207245.011443,0.0,207245.020659,27.799999237060547
uncore,0.001120669,0.0,0.0,0.0,43.00465,0.0,43.00465,27.799999237060547
package-0,1.001459879,17.27955700000166,17.258406822440758,17.246778174484987,67720.322241,0.017638999997870997,67737.601798,27.799999237060547
dram,1.002527274,0.4655750000019907,0.4650051362075683,0.46443530243784953,38184.044277,0.0007320000004256144,38184.509852,27.799999237060547
core,1.002719772,15.716818000015337,15.697580614971688,15.693825410780029,207245.011443,0.009216000005835667,207260.728261,27.799999237060547
uncore,1.00292689,0.008667000000002645,0.008656391592106518,0.008659398476940638,43.00465,0.0,43.013317,27.799999237060547
package-0,1.914292761,33.517857999991975,17.510885178667767,17.787794497988926,67720.322241,17.27955700000166,67753.840099,27.799999237060547
dram,1.9144717230000001,0.8770119999971939,0.45818132030597886,0.4506972006977892,38184.044277,0.4655750000019907,38184.921289,27.799999237060547
core,1.914644494,30.499068000004627,15.933765153029446,16.192803989645412,207245.011443,15.716818000015337,207275.510511,27.799999237060547
uncore,1.914820838,0.008667000000002645,0.004527939758071539,0.0,43.00465,0.008667000000002645,43.013317,27.799999237060547
