zone,time_elapsed,power_j,watts,watts_since_last,start_power,prev_power,prev_power_reading,temp
package-0,0.000742825,0.016600999995716847,28.769236094060805,0.0,70106.14969,0.0,70106.166291,27.799999237060547
dram,0.000905028,0.0006710000016028062,1.1628310023617185,0.0,38245.690848,0.0,38245.691519,27.799999237060547
core,0.001057364,0.007874000002630055,13.645501182985676,0.0,209418.742145,0.0,209418.750019,27.799999237060547
uncore,0.001171337,0.0,0.0,0.0,43.575511,0.0,43.575511,27.799999237060547
package-0,1.001507756,16.62159999999858,16.600423155587038,16.593406166125554,70106.14969,0.016600999995716847,70122.77129,27.799999237060547
dram,1.001724944,0.45666300000448246,0.4560811859011708,0.4556736477099699,38245.690848,0.0006710000016028062,38246.147511,27.799999237060547
core,1.001921004,15.188438000011956,15.169087083831766,15.1699656400446,209418.742145,0.007874000002630055,209433.930583,27.799999237060547
uncore,1.00212899,0.007446000000001618,0.007436513381175007,0.0074408015509652495,43.575511,0.0,43.582957,27.799999237060547
package-0,1.958542897,33.76926200000162,17.243631941383356,17.91653860864285,70106.14969,16.62159999999858,70139.918952,27.799999237060547
dram,1.958722503,0.8838470000046073,0.45131967528856776,0.44633831883293285,38245.690848,0.45666300000448246,38246.574695,27.799999237060547
core,1.958895297,30.967694999999367,15.813064989486033,16.486776287981552,209418.742145,15.188438000011956,209449.70984,27.799999237060547
uncore,1.959072017,0.007446000000001618,0.003802158407712973,0.0,43.575511,0.007446000000001618,43.582957,27.799999237060547
