zone,time_elapsed,power_j,watts,watts_since_last,start_power,prev_power,prev_power_reading,temp
package-0,0.000364091,0.0,0.0,0.0,62539.489556,0.0,62539.489556,27.799999237060547
dram,0.00047723,0.0,0.0,0.0,38050.79236,0.0,38050.79236,27.799999237060547
core,0.000561803,0.006347000016830862,28.332671256337072,0.0,202524.190338,0.0,202524.196685,27.799999237060547
uncore,0.000642969,0.0,0.0,0.0,41.726028,0.0,41.726028,27.799999237060547
package-0,1.000887162,17.70857299999625,17.69534565833526,17.699307642536382,62539.489556,0.0,62557.198129,27.799999237060547
dram,1.000984207,0.4635610000041197,0.4632147451292766,0.4633184588140705,38050.79236,0.0,38051.255921,27.799999237060547
core,1.00106478,16.1363110000093,16.124258052617936,16.121524591448665,202524.190338,0.006347000016830862,202540.326649,27.799999237060547
uncore,1.001144074,0.007690000000003749,0.007684255987915758,0.007685976491228286,41.726028,0.0,41.733718,27.799999237060547
package-0,1.908731359,34.20132900000317,17.919309207337708,18.16618145459048,62539.489556,17.70857299999625,62573.690885,27.799999237060547
dram,1.908819776,0.8734110000004875,0.4576115090175975,0.45143513122335654,38050.79236,0.4635610000041197,38051.665771,27.799999237060547
core,1.9089001799999998,31.19431700001587,16.343827218964027,16.585855592619982,202524.190338,16.1363110000093,202555.384655,27.799999237060547
uncore,1.908978539,0.007690000000003749,0.004029068221427342,0.0,41.726028,0.007690000000003749,41.733718,27.799999237060547
