zone,time_elapsed,power_j,watts,watts_since_last,start_power,prev_power,prev_power_reading,temp
package-0,0.000659028,0.0,0.0,0.0,64694.90512,0.0,64694.90512,27.799999237060547
dram,0.000883231,0.0,0.0,0.0,38106.393475,0.0,38106.393475,27.799999237060547
core,0.001085432,0.012633999984245747,26.721545137807684,0.0,204487.683236,0.0,204487.69587,27.799999237060547
uncore,0.001249565,0.0,0.0,0.0,42.271681,0.0,42.271681,27.799999237060547
package-0,1.001505217,17.373429999999644,17.34992317898183,17.358119028097242,64694.90512,0.0,64712.27855,27.799999237060547
dram,1.001648324,0.46374400000058813,0.46311653914765927,0.4633353086049388,38106.393475,0.0,38106.857219,27.799999237060547
core,1.001733715,15.795368999999482,15.773997347309523,15.768825886378593,204487.683236,0.012633999984245747,204503.478605,27.799999237060547
uncore,1.001816217,0.008055999999996288,0.008045099967583609,0.008048900354753773,42.271681,0.0,42.279737,27.799999237060547
package-0,1.935403055,34.539766999994754,17.84828509315908,18.382682205898938,64694.90512,17.373429999999644,64729.444887,27.799999237060547
dram,1.935594628,0.885312000005797,0.457481400279878,0.4514387998018659,38106.393475,0.46374400000058813,38107.278787,27.799999237060547
core,1.935784375,31.490580999990925,16.272630543140085,16.807318553173946,204487.683236,15.795368999999482,204519.173817,27.799999237060547
uncore,1.935974337,0.008055999999996288,0.004162905462287721,0.0,42.271681,0.008055999999996288,42.279737,27.799999237060547
