zone,time_elapsed,power_j,watts,watts_since_last,start_power,prev_power,prev_power_reading,temp
package-0,0.00028794,0.0,0.0,0.0,69456.614487,0.0,69456.614487,27.799999237060547
dram,0.000410948,0.0,0.0,0.0,38229.023654,0.0,38229.023654,27.799999237060547
core,0.000492288,0.00567600000067614,28.027553517893192,0.0,208825.956554,0.0,208825.96223,27.799999237060547
uncore,0.000570951,0.0,0.0,0.0,43.416514,0.0,43.416514,27.799999237060547
package-0,1.000809257,17.483292999997502,17.471513565779347,17.475050141171263,69456.614487,0.0,69474.09778,27.799999237060547
dram,1.000905927,0.4633170000015525,0.46300483843544066,0.4630985596526543,38229.023654,0.0,38229.486971,27.799999237060547
core,1.000987171,15.910054000007221,15.89933454146469,15.89687955319946,208825.956554,0.00567600000067614,208841.866608,27.799999237060547
uncore,1.001066896,0.008057000000000869,0.008051571566038473,0.008053201361291158,43.416514,0.0,43.424571,27.799999237060547
package-0,1.919614496,34.11227900000813,17.7713792606646,18.097954470373768,69456.614487,17.483292999997502,69490.726766,27.799999237060547
dram,1.919702078,0.8770730000032927,0.4569262851756015,0.4503063054999672,38229.023654,0.4633170000015525,38229.900727,27.799999237060547
core,1.919781999,31.084636999992654,16.194077015693534,16.51507267132636,208825.956554,15.910054000007221,208857.041191,27.799999237060547
uncore,1.919860481,0.008057000000000869,0.004197432915671099,0.0,43.416514,0.008057000000000869,43.424571,27.799999237060547
