zone,time_elapsed,power_j,watts,watts_since_last,start_power,prev_power,prev_power_reading,temp
package-0,0.000726295,0.01812699999572942,31.775887690948807,0.0,56828.288479,0.0,56828.306606,27.799999237060547
dram,0.000877081,0.0006110000031185336,1.0710579512791931,0.0,37904.598581,0.0,37904.599192,27.799999237060547
core,0.001016998,0.009888000000501052,17.333258541294544,0.0,197299.884437,0.0,197299.894325,27.799999237060547
uncore,0.001103059,0.0,0.0,0.0,40.330463,0.0,40.330463,27.799999237060547
package-0,1.001351332,17.141617999994196,17.12097161487216,17.112616821864247,56828.288479,0.01812699999572942,56845.430097,27.799999237060547
dram,1.001453256,0.455749000000651,0.455200068775314,0.454848967131067,37904.598581,0.0006110000031185336,37905.05433,27.799999237060547
core,1.001537873,15.703390000009676,15.684475902305374,15.683535928470501,197299.884437,0.009888000000501052,197315.587827,27.799999237060547
uncore,1.001621121,0.006713999999995224,0.006705913258725567,0.00670973631147557,40.330463,0.0,40.337177,27.799999237060547
package-0,1.936644993,34.058688999997685,17.587340986991734,18.086551856140165,56828.288479,17.141617999994196,56862.347168,27.799999237060547
dram,1.9367487049999998,0.8733500000016647,0.4509834260214641,0.44646984940198964,37904.598581,0.455749000000651,37905.471931,27.799999237060547
core,1.936936533,31.27482200000668,16.149798332567222,16.647888534737962,197299.884437,15.703390000009676,197331.159259,27.799999237060547
uncore,1.937130678,0.006713999999995224,0.003466998021755521,0.0,40.330463,0.006713999999995224,40.337177,27.799999237060547
