zone,time_elapsed,power_j,watts,watts_since_last,start_power,prev_power,prev_power_reading,temp
package-0,0.000390049,0.0,0.0,0.0,56761.135269,0.0,56761.135269,27.799999237060547
dram,0.000503682,0.0006100000027799979,2.233810377990002,0.0,37902.843215,0.0,37902.843825,27.799999237060547
core,0.000593204,0.00640800001565367,23.46599487195385,0.0,197238.30177,0.0,197238.308178,27.799999237060547
uncore,0.000682262,0.0,0.0,0.0,40.315936,0.0,40.315936,27.799999237060547
package-0,1.00093233,16.786700000004203,16.773523290407052,16.77810139082242,56761.135269,0.0,56777.921969,27.799999237060547
dram,1.001038475,0.45580899999913527,0.45545121301153463,0.45496583455580375,37902.843215,0.0006100000027799979,37903.299024,27.799999237060547
core,1.001129954,15.346030000015162,15.333984143427546,15.331764623947382,197238.30177,0.00640800001565367,197253.6478,27.799999237060547
uncore,1.001220181,0.006835999999999842,0.006830634086103358,0.006832498412888221,40.315936,0.0,40.322772,27.799999237060547
package-0,1.9422779829999999,33.65939900000376,17.330900744032437,17.923454265222716,56761.135269,16.786700000004203,56794.794668,27.799999237060547
dram,1.942373625,0.8755469999960042,0.4508107275969016,0.4458773813436801,37902.843215,0.45580899999913527,37903.718762,27.799999237060547
core,1.9424618310000001,30.881145999999717,15.900405000930338,16.5025726548349,197238.30177,15.346030000015162,197269.182916,27.799999237060547
uncore,1.942551838,0.006835999999999842,0.003519790638156961,0.0,40.315936,0.006835999999999842,40.322772,27.799999237060547
