zone,time_elapsed,power_j,watts,watts_since_last,start_power,prev_power,prev_power_reading,temp
package-0,0.000327324,0.0,0.0,0.0,69798.65359,0.0,69798.65359,27.799999237060547
dram,0.000558044,0.0006720000019413419,2.943946737087779,0.0,38237.817027,0.0,38237.817699,27.799999237060547
core,0.000691091,0.009338000003481284,40.908593097852425,0.0,209137.639899,0.0,209137.649237,27.799999237060547
uncore,0.000817877,0.0,0.0,0.0,43.501658,0.0,43.501658,27.799999237060547
package-0,1.001161866,17.979567999995197,17.96300443934271,17.967101921603135,69798.65359,0.0,69816.633158,27.799999237060547
dram,1.00135355,0.4630730000062613,0.4626463970021104,0.4620803956875409,38237.817027,0.0006720000019413419,38238.2801,27.799999237060547
core,1.00155178,16.396624999993946,16.381519715335074,16.375924924751775,209137.639899,0.009338000003481284,209154.036524,27.799999237060547
uncore,1.00173344,0.008484000000002823,0.008476184169913034,0.00847811764459371,43.501658,0.0,43.510142,27.799999237060547
package-0,1.9018577300000001,34.303134999994654,18.03868843347819,18.122791989415155,69798.65359,17.979567999995197,69832.956725,27.799999237060547
dram,1.902054427,0.8696270000000368,0.4573031154832771,0.4513654138431955,38237.817027,0.4630730000062613,38238.686654,27.799999237060547
core,1.9022450530000001,31.29069100000197,16.45456095535768,16.535727760652744,209137.639899,16.396624999993946,209168.93059,27.799999237060547
uncore,1.902416528,0.008484000000002823,0.004461406593586963,0.0,43.501658,0.008484000000002823,43.510142,27.799999237060547
