zone,time_elapsed,power_j,watts,watts_since_last,start_power,prev_power,prev_power_reading,temp
package-0,0.000315223,0.0,0.0,0.0,65007.390831,0.0,65007.390831,27.799999237060547
dram,0.000476837,0.0,0.0,0.0,38114.406394,0.0,38114.406394,27.799999237060547
core,0.000574585,0.008545000018784776,40.803950122172026,0.0,204772.535961,0.0,204772.544506,27.799999237060547
uncore,0.000654921,0.0,0.0,0.0,42.345472,0.0,42.345472,27.799999237060547
package-0,1.0009005,17.620255000001634,17.60688304771274,17.610568183698213,65007.390831,0.0,65025.011086,27.799999237060547
dram,1.000995714,0.46325500000239117,0.4629034373401241,0.4630003234334843,38114.406394,0.0,38114.869649,27.799999237060547
core,1.001076238,16.043843000021297,16.031667381500068,16.0264825211064,204772.535961,0.008545000018784776,204788.579804,27.799999237060547
uncore,1.001155473,0.008727999999997849,0.00872137635013708,0.008723201741817349,42.345472,0.0,42.3542,27.799999237060547
package-0,1.9160860720000001,34.18600900000456,17.842764121585066,18.100697115665415,65007.390831,17.620255000001634,65041.57684,27.799999237060547
dram,1.916172698,0.8761569999987842,0.4572941721407675,0.4511605110389706,38114.406394,0.46325500000239117,38115.282551,27.799999237060547
core,1.916251623,31.15305800002534,16.259770643611443,16.509198698139155,204772.535961,16.043843000021297,204803.689019,27.799999237060547
uncore,1.916328536,0.008727999999997849,0.00455542047195785,0.0,42.345472,0.008727999999997849,42.3542,27.799999237060547
