zone,time_elapsed,power_j,watts,watts_since_last,start_power,prev_power,prev_power_reading,temp
package-0,0.000332304,0.0,0.0,0.0,66970.057438,0.0,66970.057438,27.799999237060547
dram,0.000449849,0.0,0.0,0.0,38164.653335,0.0,38164.653335,27.799999237060547
core,0.000538895,0.006775000016205013,30.237571426298487,0.0,206561.768319,0.0,206561.775094,27.799999237060547
uncore,0.000625969,0.0,0.0,0.0,42.829052,0.0,42.829052,27.799999237060547
package-0,1.000969595,17.434097999997903,17.42137321994158,17.42527465989804,66970.057438,0.0,66987.491536,27.799999237060547
dram,1.001184294,0.46313399999780813,0.4627959682690328,0.46289960939189373,38164.653335,0.0,38165.116469,27.799999237060547
core,1.001391597,15.84743300001719,15.835866293246207,15.832641094684767,206561.768319,0.006775000016205013,206577.615752,27.799999237060547
uncore,1.001597746,0.008850999999999942,0.008844539841964892,0.008846520537786073,42.829052,0.0,42.837903,27.799999237060547
package-0,1.925336793,34.116244999997434,17.721564543457266,18.04654508705333,66970.057438,17.434097999997903,67004.173683,27.799999237060547
dram,1.925524572,0.8798810000007506,0.4570511183770722,0.4508318698694795,38164.653335,0.46313399999780813,38165.533216,27.799999237060547
core,1.925711346,31.074749999999767,16.14167056769688,16.472727568882288,206561.768319,15.84743300001719,206592.843069,27.799999237060547
uncore,1.925902928,0.008850999999999942,0.004597621097343832,0.0,42.829052,0.008850999999999942,42.837903,27.799999237060547
