zone,time_elapsed,power_j,watts,watts_since_last,start_power,prev_power,prev_power_reading,temp
package-0,0.000688267,0.01965300000301795,36.94853563817762,0.0,62916.209783,0.0,62916.229436,27.799999237060547
dram,0.000843536,0.0006720000019413419,1.2633906282385512,0.0,38060.501197,0.0,38060.501869,27.799999237060547
core,0.000978604,0.0076289999997243285,14.342867670594073,0.0,202867.404608,0.0,202867.412237,27.799999237060547
uncore,0.001093231,0.0,0.0,0.0,41.823928,0.0,41.823928,27.799999237060547
package-0,1.001426712,17.228227999999945,17.207616097963623,17.197122851188144,62916.209783,0.01965300000301795,62933.438011,27.799999237060547
dram,1.001643755,0.4633780000003753,0.4628236132148165,0.4623980733998226,38060.501197,0.0006720000019413419,38060.964575,27.799999237060547
core,1.001850308,15.646443999983603,15.627724548920822,15.628407512055746,202867.404608,0.0076289999997243285,202883.051052,27.799999237060547
uncore,1.002026541,0.00793499999999625,0.00792550654294088,0.007929719330283759,41.823928,0.0,41.831863,27.799999237060547
package-0,1.931855077,34.11539099999936,17.661049336849313,18.14894613895776,62916.209783,17.228227999999945,62950.325174,27.799999237060547
dram,1.9320322509999999,0.8834209999986342,0.4573343997782387,0.45142797419642944,38060.501197,0.4633780000003753,38061.384618,27.799999237060547
core,1.932204386,31.054424999980256,16.076431076288948,16.559241909314988,202867.404608,15.646443999983603,202898.459033,27.799999237060547
uncore,1.932379505,0.00793499999999625,0.004107835858830863,0.0,41.823928,0.00793499999999625,41.831863,27.799999237060547
