zone,time_elapsed,power_j,watts,watts_since_last,start_power,prev_power,prev_power_reading,temp
package-0,0.000364672,0.0,0.0,0.0,67550.673505,0.0,67550.673505,27.799999237060547
dram,0.000532398,0.0,0.0,0.0,38179.632301,0.0,38179.632301,27.799999237060547
core,0.000634961,0.006774999987101182,26.612355152588695,0.0,207090.584165,0.0,207090.59094,27.799999237060547
uncore,0.000718182,0.0,0.0,0.0,42.966015,0.0,42.966015,27.799999237060547
package-0,1.001071327,17.01521500000672,17.001202659778137,17.005528378953613,67550.673505,0.0,67567.68872,27.799999237060547
dram,1.001286576,0.4633780000003753,0.46299639975668505,0.463114202740667,38179.632301,0.0,38180.095679,27.799999237060547
core,1.001480644,15.449606999987736,15.436883966533172,15.43404052357376,207090.584165,0.006774999987101182,207106.033772,27.799999237060547
uncore,1.001690267,0.006958000000004461,0.006952269959960271,0.006954038868200512,42.966015,0.0,42.972973,27.799999237060547
package-0,1.947967324,34.167270999998436,17.541777551264893,18.11311219349011,67550.673505,17.01521500000672,67584.840776,27.799999237060547
dram,1.948099448,0.8906840000054217,0.457285002263325,0.45124861527076565,38179.632301,0.4633780000003753,38180.522985,27.799999237060547
core,1.948208725,31.101299999980256,15.967681063987621,16.528681536899438,207090.584165,15.449606999987736,207121.685465,27.799999237060547
uncore,1.948292744,0.006958000000004461,0.0035722984197884854,0.0,42.966015,0.006958000000004461,42.972973,27.799999237060547
