zone,time_elapsed,power_j,watts,watts_since_last,start_power,prev_power,prev_power_reading,temp
package-0,0.000690899,0.01892099999531638,34.9123638873866,0.0,69081.164582,0.0,69081.183503,27.799999237060547
dram,0.000905526,0.0006710000016028062,1.2381056091217681,0.0,38219.34155,0.0,38219.342221,27.799999237060547
core,0.00105793,0.01031499999226071,19.03287528763483,0.0,208483.935701,0.0,208483.946016,27.799999237060547
uncore,0.001170234,0.0,0.0,0.0,43.326854,0.0,43.326854,27.799999237060547
package-0,1.001517666,17.329851000002236,17.307785166231525,17.29825122947003,69081.164582,0.01892099999531638,69098.494433,27.799999237060547
dram,1.001735301,0.4635000000052969,0.46290983255649193,0.46249001748289,38219.34155,0.0006710000016028062,38219.80505,27.799999237060547
core,1.001942555,15.750935999996727,15.730880574505244,15.729092346040343,208483.935701,0.01031499999226071,208499.686637,27.799999237060547
uncore,1.002150101,0.007384999999999309,0.007375596792643592,0.007379591121307355,43.326854,0.0,43.334239,27.799999237060547
package-0,1.9162292779999999,33.686986000000616,17.581490975207497,17.88107856629908,69081.164582,17.329851000002236,69114.851568,27.799999237060547
dram,1.916402476,0.8756690000009257,0.45701822718081603,0.450569508139139,38219.34155,0.4635000000052969,38220.217219,27.799999237060547
core,1.916574754,30.66245799997705,16.002967098459496,16.300782283986273,208483.935701,15.750935999996727,208514.598159,27.799999237060547
uncore,1.916746366,0.007384999999999309,0.0038542869597147354,0.0,43.326854,0.007384999999999309,43.334239,27.799999237060547
