zone,time_elapsed,power_j,watts,watts_since_last,start_power,prev_power,prev_power_reading,temp
package-0,0.000418678,0.0,0.0,0.0,61371.498833,0.0,61371.498833,27.799999237060547
dram,0.000536808,0.0,0.0,0.0,38020.866411,0.0,38020.866411,27.799999237060547
core,0.00062454,0.007385999982943758,28.503397881902536,0.0,201459.519845,0.0,201459.527231,27.799999237060547
uncore,0.000709222,0.0,0.0,0.0,41.435501,0.0,41.435501,27.799999237060547
package-0,1.001052469,17.528275000004214,17.513908200995672,17.518443982091902,61371.498833,0.0,61389.027108,27.799999237060547
dram,1.001254521,0.4623399999982212,0.461961049653502,0.4620806890950342,38020.866411,0.0,38021.328751,27.799999237060547
core,1.001460933,15.962361999991117,15.949278679096425,15.946027392410075,201459.519845,0.007385999982943758,201475.482207,27.799999237060547
uncore,1.001666358,0.007018999999999664,0.007013246977398129,0.007015063279773259,41.435501,0.0,41.44252,27.799999237060547
package-0,1.9219107210000002,34.24917999999889,17.822013183416914,18.156851847951188,61371.498833,17.528275000004214,61405.748013,27.799999237060547
dram,1.922086374,0.8776219999999739,0.45668219951709094,0.4509453136152075,38020.866411,0.4623399999982212,38021.744033,27.799999237060547
core,1.92225873,31.229228999989573,16.250541792410154,16.57794493189425,201459.519845,15.962361999991117,201490.749074,27.799999237060547
uncore,1.9224294039999998,0.007018999999999664,0.003652429358437235,0.0,41.435501,0.007018999999999664,41.44252,27.799999237060547
