zone,time_elapsed,power_j,watts,watts_since_last,start_power,prev_power,prev_power_reading,temp
package-0,0.000364573,0.0,0.0,0.0,67787.730637,0.0,67787.730637,27.799999237060547
dram,0.000527531,0.0,0.0,0.0,38185.792319,0.0,38185.792319,27.799999237060547
core,0.000662436,0.007447000010870397,30.638021306612238,0.0,207306.38183,0.0,207306.389277,27.799999237060547
uncore,0.000799696,0.0,0.0,0.0,43.02174,0.0,43.02174,27.799999237060547
package-0,1.001144057,17.36695999999938,17.351267461653258,17.355482142794546,67787.730637,0.0,67805.097597,27.799999237060547
dram,1.001361036,0.4629510000013397,0.46253268405428294,0.4626450347966723,38185.792319,0.0,38186.25527,27.799999237060547
core,1.001566745,15.785666000010679,15.771402296459552,15.767791144771914,207306.38183,0.007447000010870397,207322.167496,27.799999237060547
uncore,1.001761758,0.00665300000000002,0.006646988443710563,0.006648603019527688,43.02174,0.0,43.028393,27.799999237060547
package-0,1.910696143,33.53812199999811,17.554469109887954,17.77806462009526,67787.730637,17.36695999999938,67821.268759,27.799999237060547
dram,1.910869501,0.8729230000026291,0.45690393275025176,0.45071026488097704,38185.792319,0.4629510000013397,38186.665242,27.799999237060547
core,1.911041598,30.53306399998837,15.981566553370461,16.21282345831967,207306.38183,15.785666000010679,207336.914894,27.799999237060547
uncore,1.9112154559999999,0.00665300000000002,0.003482302407633066,0.0,43.02174,0.00665300000000002,43.028393,27.799999237060547
