zone,time_elapsed,power_j,watts,watts_since_last,start_power,prev_power,prev_power_reading,temp
package-0,0.000685273,0.0,0.0,0.0,68843.496123,0.0,68843.496123,27.799999237060547
dram,0.000805327,0.0,0.0,0.0,38213.156751,0.0,38213.156751,27.799999237060547
core,0.000893476,0.008117999997921288,14.085851159716492,0.0,208267.629064,0.0,208267.637182,27.799999237060547
uncore,0.00097952,0.0,0.0,0.0,43.272777,0.0,43.272777,27.799999237060547
package-0,1.001322872,17.386673999993945,17.36782855132513,17.377832940596253,68843.496123,0.0,68860.882797,27.799999237060547
dram,1.001526342,0.46343899999919813,0.4629366775949468,0.4632033429824391,38213.156751,0.0,38213.62019,27.799999237060547
core,1.001733445,15.803427000006195,15.786297635740201,15.787277143824967,208267.629064,0.008117999997921288,208283.432491,27.799999237060547
uncore,1.001928268,0.006164000000005387,0.006157318828805265,0.006160865628812401,43.272777,0.0,43.278941,27.799999237060547
package-0,1.929489486,34.20944599999348,17.731454734632184,18.123624060359457,68843.496123,17.386673999993945,68877.705569,27.799999237060547
dram,1.929663052,0.8820169999962673,0.4571674300312513,0.4509453205383889,38213.156751,0.46343899999919813,38214.038768,27.799999237060547
core,1.929835325,31.1652039999899,16.153561914492975,16.54965491102114,208267.629064,15.803427000006195,208298.794268,27.799999237060547
uncore,1.930007587,0.006164000000005387,0.0031949271258116586,0.0,43.272777,0.006164000000005387,43.278941,27.799999237060547
