zone,time_elapsed,power_j,watts,watts_since_last,start_power,prev_power,prev_power_reading,temp
package-0,0.000677763,0.0,0.0,0.0,94304.424778,0.0,94304.424778,27.799999237060547
dram,0.000802377,0.0,0.0,0.0,38886.832212,0.0,38886.832212,27.799999237060547
core,0.000893041,0.008910999982617795,15.715411866216705,0.0,231537.981724,0.0,231537.990635,27.799999237060547
uncore,0.001007566,0.0,0.0,0.0,51.779225,0.0,51.779225,27.799999237060547
package-0,1.001358864,18.469068999998854,18.448520779275604,18.4589757981632,94304.424778,0.0,94322.893847,27.799999237060547
dram,1.001568367,0.47344799999700626,0.47292125368375576,0.47318926436595427,38886.832212,0.0,38887.30566,27.799999237060547
core,1.001780126,17.023087999987183,17.004148541283822,17.004878885274007,231537.981724,0.008910999982617795,231555.004812,27.799999237060547
uncore,1.001992511,0.00762900000000144,0.007620512166862818,0.007624830811137386,51.779225,0.0,51.786854,27.799999237060547
package-0,2.002306117,38.0111329999927,18.98568041419567,19.522911301659196,94304.424778,18.469068999998854,94342.435911,27.799999237060547
dram,2.002511162,0.9434790000013891,0.4712459050230029,0.46957033413249644,38886.832212,0.47344799999700626,38887.775691,27.799999237060547
core,2.002723172,35.125702999997884,17.544474969531745,18.084873070388344,231537.981724,17.023087999987183,231573.107427,27.799999237060547
uncore,2.002934069,0.00762900000000144,0.003810508775940826,0.0,51.779225,0.00762900000000144,51.786854,27.799999237060547
package-0,2.727237234,52.18431500000588,19.135326929773754,19.548563494903913,94304.424778,38.0111329999927,94356.609093,27.799999237060547
dram,2.727461018,1.2841760000010254,0.47089106363446553,0.4699111982764332,38886.832212,0.9434790000013891,38888.116388,27.799999237060547
core,2.7276345109999998,48.25304999999935,17.69378187887688,18.10608064928019,231537.981724,35.125702999997884,231586.234774,27.799999237060547
uncore,2.7278075189999997,0.00762900000000144,0.002797457610534029,0.0,51.779225,0.00762900000000144,51.786854,27.799999237060547
