zone,time_elapsed,power_j,watts,watts_since_last,start_power,prev_power,prev_power_reading,temp
package-0,0.000678979,0.01586900000984315,33.882852338412484,0.0,102904.759329,0.0,102904.775198,27.799999237060547
dram,0.000814341,0.0,0.0,0.0,39100.324402,0.0,39100.324402,27.799999237060547
core,0.001004459,0.011414000007789582,24.370715017624853,0.0,239440.260932,0.0,239440.272346,27.799999237060547
uncore,0.001100576,0.0,0.0,0.0,53.086656,0.0,53.086656,27.799999237060547
package-0,1.001356635,18.981030000009923,18.958158006116076,18.951173195917693,102904.759329,0.01586900000984315,102923.740359,27.799999237060547
dram,1.001460779,0.49542099999962375,0.4948240215381351,0.49505560094573253,39100.324402,0.0,39100.819823,27.799999237060547
core,1.001546979,17.369524000008823,17.3485938583428,17.345307480585536,239440.260932,0.011414000007789582,239457.630456,27.799999237060547
uncore,1.001631244,0.007873000000003572,0.007863513096082854,0.007867193248268605,53.086656,0.0,53.094529,27.799999237060547
package-0,2.001853645,38.706383000011556,19.336430015361625,19.714958820267537,102904.759329,18.981030000009923,102943.465712,27.799999237060547
dram,2.001948232,0.9782080000004498,0.4886803949743875,0.4825325977170599,39100.324402,0.49542099999962375,39101.30261,27.799999237060547
core,2.002034218,35.51693799998611,17.743088678589896,18.137851307597344,239440.260932,17.369524000008823,239475.77787,27.799999237060547
uncore,2.00211862,0.007873000000003572,0.003933090661324921,0.0,53.086656,0.007873000000003572,53.094529,27.799999237060547
package-0,2.730030736,53.143479000005755,19.467208040779855,19.82671895204826,102904.759329,38.706383000011556,102957.902808,27.799999237060547
dram,2.730127755,1.330258000001777,0.48729232111325493,0.48347648357382317,39100.324402,0.9782080000004498,39101.65466,27.799999237060547
core,2.730213154,48.800411999982316,17.876281168557345,18.242429482000457,239440.260932,35.51693799998611,239489.061344,27.799999237060547
uncore,2.730377707,0.007873000000003572,0.002883991258929675,0.0,53.086656,0.007873000000003572,53.094529,27.799999237060547
