zone,time_elapsed,power_j,watts,watts_since_last,start_power,prev_power,prev_power_reading,temp
package-0,0.000657445,0.0,0.0,0.0,100211.736621,0.0,100211.736621,27.799999237060547
dram,0.000865298,0.0007930000065243803,1.4573589394624136,0.0,39033.989245,0.0,39033.990038,27.799999237060547
core,0.000967793,0.00878900001407601,16.15224165708144,0.0,236968.630236,0.0,236968.639025,27.799999237060547
uncore,0.00108136,0.0,0.0,0.0,52.681078,0.0,52.681078,27.799999237060547
package-0,1.001334577,19.10181900000316,19.078928826196787,19.089303537192983,100211.736621,0.0,100230.83844,27.799999237060547
dram,1.001438087,0.47149500000523403,0.4709299960912636,0.47039359725572166,39033.989245,0.0007930000065243803,39034.46074,27.799999237060547
core,1.001523919,17.510087000002386,17.489104237324405,17.489831194431797,236968.630236,0.00878900001407601,236986.140323,27.799999237060547
uncore,1.001607677,0.007446000000001618,0.007437077277293259,0.007441121399901565,52.681078,0.0,52.688524,27.799999237060547
package-0,2.001834763,38.80721299999277,19.387014327347973,19.69531163514328,100211.736621,19.10181900000316,100250.543834,27.799999237060547
dram,2.001929813,0.9327360000024782,0.4659692051496884,0.46100500369876574,39033.989245,0.47149500000523403,39034.921981,27.799999237060547
core,2.002014891,35.62387099998887,17.796704377418415,18.104515990474184,236968.630236,17.510087000002386,237004.254107,27.799999237060547
uncore,2.002098254,0.007446000000001618,0.0037198164341637023,0.0,52.681078,0.007446000000001618,52.688524,27.799999237060547
package-0,2.674234248,52.0018199999904,19.446464519634354,19.623448376276485,100211.736621,38.80721299999277,100263.738441,27.799999237060547
dram,2.6743422040000002,1.24328300000343,0.46493485703838294,0.46185559167675894,39033.989245,0.9327360000024782,39035.232528,27.799999237060547
core,2.674533153,47.76123000000371,17.86066458076543,18.051074788447185,236968.630236,35.62387099998887,237016.391466,27.799999237060547
uncore,2.674731634,0.007446000000001618,0.002784486673990556,0.0,52.681078,0.007446000000001618,52.688524,27.799999237060547
