zone,time_elapsed,power_j,watts,watts_since_last,start_power,prev_power,prev_power_reading,temp
package-0,0.000599069,0.0,0.0,0.0,104326.488111,0.0,104326.488111,27.799999237060547
dram,0.000797433,0.0,0.0,0.0,39135.604036,0.0,39135.604036,27.799999237060547
core,0.00094771,0.012756000010995194,30.044091072022898,0.0,240745.397301,0.0,240745.410057,27.799999237060547
uncore,0.00106044,0.0,0.0,0.0,53.306443,0.0,53.306443,27.799999237060547
package-0,1.00131113,19.429088000004413,19.406476892769387,19.41471031978883,104326.488111,0.0,104345.917199,27.799999237060547
dram,1.001412757,0.49182000000291737,0.4912476316673376,0.4914560492768891,39135.604036,0.0,39136.095856,27.799999237060547
core,1.001498907,17.83479300001636,17.81403729511463,17.808848550358306,240745.397301,0.012756000010995194,240763.232094,27.799999237060547
uncore,1.001582719,0.007933999999998775,0.007924766600839607,0.007928128776664444,53.306443,0.0,53.314377,27.799999237060547
package-0,2.001811793,39.266256999995676,19.616619917723256,19.826898864648363,104326.488111,19.429088000004413,104365.754368,27.799999237060547
dram,2.001910342,0.9708220000029542,0.4850028405260011,0.4787540102102879,39135.604036,0.49182000000291737,39136.574858,27.799999237060547
core,2.001999697,36.09548800002085,18.03256849363635,18.251241039658353,240745.397301,17.83479300001636,240781.492789,27.799999237060547
uncore,2.002088044,0.007933999999998775,0.003963664334678231,0.0,53.306443,0.007933999999998775,53.314377,27.799999237060547
package-0,2.695588934,53.00181699999666,19.66409487351962,19.80108920781531,104326.488111,39.266256999995676,104379.489928,27.799999237060547
dram,2.695784549,1.304073999999673,0.48382180667665436,0.48041380042877213,39135.604036,0.9708220000029542,39136.90811,27.799999237060547
core,2.69597377,48.7258880000154,18.07769126912865,18.207898122119857,240745.397301,36.09548800002085,240794.123189,27.799999237060547
uncore,2.696163043,0.007933999999998775,0.002943576985794476,0.0,53.306443,0.007933999999998775,53.314377,27.799999237060547
