zone,time_elapsed,power_j,watts,watts_since_last,start_power,prev_power,prev_power_reading,temp
package-0,0.000658142,0.01757799999904819,31.183087546186886,0.0,100688.044484,0.0,100688.062062,27.799999237060547
dram,0.000779533,0.0,0.0,0.0,39045.634723,0.0,39045.634723,27.799999237060547
core,0.00086819,0.009886999992886558,17.5393779931747,0.0,237405.740262,0.0,237405.750149,27.799999237060547
uncore,0.000953705,0.0,0.0,0.0,52.751573,0.0,52.751573,27.799999237060547
package-0,1.001288612,18.361525000000256,18.34218069426376,18.33494578839542,100688.044484,0.01757799999904819,100706.406009,27.799999237060547
dram,1.001512765,0.477231999997457,0.4767292246715955,0.4769978265004975,39045.634723,0.0,39046.111955,27.799999237060547
core,1.00172211,16.777788999985205,16.760113198002628,16.759674139647593,237405.740262,0.009886999992886558,237422.518051,27.799999237060547
uncore,1.001935372,0.00665300000000002,0.006645990905381522,0.006649735432084876,52.751573,0.0,52.758226,27.799999237060547
package-0,2.002251624,37.94198000000324,18.951681060801143,19.561225005220777,100688.044484,18.361525000000256,100725.986464,27.799999237060547
dram,2.002455844,0.9422579999954905,0.4706494783061236,0.46456929725269125,39045.634723,0.477231999997457,39046.576981,27.799999237060547
core,2.002670388,34.77725399998599,17.370928612005724,17.98178769791396,237405.740262,16.777788999985205,237440.517516,27.799999237060547
uncore,2.002880513,0.00665300000000002,0.0033231142417317074,0.0,52.751573,0.00665300000000002,52.758226,27.799999237060547
package-0,2.715823174,51.91307500000403,19.116446498847406,19.57871260838445,100688.044484,37.94198000000324,100739.957559,27.799999237060547
dram,2.715999683,1.27440999999817,0.46928814335423685,0.46546878038923967,39045.634723,0.9422579999954905,39046.909133,27.799999237060547
core,2.7161726440000002,47.6101679999847,17.531946034265427,17.983696706240554,237405.740262,34.77725399998599,237453.35043,27.799999237060547
uncore,2.716345166,0.00665300000000002,0.0024498976135939226,0.0,52.751573,0.00665300000000002,52.758226,27.799999237060547
