zone,time_elapsed,power_j,watts,watts_since_last,start_power,prev_power,prev_power_reading,temp
package-0,0.000550475,0.0,0.0,0.0,90382.995425,0.0,90382.995425,27.799999237060547
dram,0.000710537,0.0,0.0,0.0,38790.451355,0.0,38790.451355,27.799999237060547
core,0.000842763,0.010070999996969476,28.336925501177472,0.0,227919.88863,0.0,227919.898701,27.799999237060547
uncore,0.000967871,0.0,0.0,0.0,51.172476,0.0,51.172476,27.799999237060547
package-0,1.001222919,19.072400000004563,19.05168224814382,19.058448301042684,90382.995425,0.0,90402.067825,27.799999237060547
dram,1.00132617,0.4887070000040694,0.4881761328683817,0.48834950472583394,38790.451355,0.0,38790.940062,27.799999237060547
core,1.00141185,17.476273999986006,17.457290069899493,17.453426254206498,227919.88863,0.010070999996969476,227937.364904,27.799999237060547
uncore,1.001495993,0.008239999999993586,0.008231049145600203,0.008233972337012221,51.172476,0.0,51.180716,27.799999237060547
package-0,2.001725378,38.75771299999906,19.363365981484634,19.675228815619167,90382.995425,19.072400000004563,90421.753138,27.799999237060547
dram,2.001820467,0.9708840000021155,0.4850539611975853,0.4819299954536163,38790.451355,0.4887070000040694,38791.422239,27.799999237060547
core,2.001905311,35.58236699999543,17.77696209031812,18.09681780178784,227919.88863,17.476273999986006,227955.470997,27.799999237060547
uncore,2.001988325,0.008239999999993586,0.0041167066717097845,0.0,51.172476,0.008239999999993586,51.180716,27.799999237060547
package-0,2.710061879,52.70262399999774,19.448059714295642,19.68739184174304,90382.995425,38.75771299999906,90435.698049,27.799999237060547
dram,2.710263533,1.3124969999989844,0.48433110333965973,0.4822884125379041,38790.451355,0.9708840000021155,38791.763852,27.799999237060547
core,2.710457093,48.39037899998948,17.856776550428183,18.08232056537712,227919.88863,35.58236699999543,227968.279009,27.799999237060547
uncore,2.710650585,0.008239999999993586,0.0030406837436723877,0.0,51.172476,0.008239999999993586,51.180716,27.799999237060547
