zone,time_elapsed,power_j,watts,watts_since_last,start_power,prev_power,prev_power_reading,temp
package-0,0.000655858,0.0,0.0,0.0,94989.817982,0.0,94989.817982,27.799999237060547
dram,0.000792314,0.0,0.0,0.0,38903.808364,0.0,38903.808364,27.799999237060547
core,0.00095829,0.00872799998614937,19.12562914543711,0.0,232171.596801,0.0,232171.605529,27.799999237060547
uncore,0.001128013,0.0,0.0,0.0,51.888233,0.0,51.888233,27.799999237060547
package-0,1.001468424,18.333877000011853,18.311169776151694,18.3195195528698,94989.817982,0.0,95008.151859,27.799999237060547
dram,1.001689204,0.4932240000052843,0.4926131227870442,0.49283775123153817,38903.808364,0.0,38904.301588,27.799999237060547
core,1.001898896,16.878251999994973,16.85734762463935,16.85631330272196,232171.596801,0.00872799998614937,232188.475053,27.799999237060547
uncore,1.002098888,0.009888000000003672,0.009875753325198926,0.009880256605775567,51.888233,0.0,51.898121,27.799999237060547
package-0,2.002427699,37.75661700000637,18.85750286623085,19.403985252684407,94989.817982,18.333877000011853,95027.574599,27.799999237060547
dram,2.002635262,0.9759500000000116,0.4874372066304328,0.4822598760518683,38903.808364,0.4932240000052843,38904.784314,27.799999237060547
core,2.003499296,34.86349699998391,17.412537108499848,17.967878308920355,232171.596801,16.878251999994973,232206.460298,27.799999237060547
uncore,2.003696905,0.009888000000003672,0.004938551256891697,0.0,51.888233,0.009888000000003672,51.898121,27.799999237060547
package-0,2.718759822,51.670644000012544,19.00678777674703,19.424052633465998,94989.817982,37.75661700000637,95041.488626,27.799999237060547
dram,2.718884411,1.3217740000036429,0.48620795024124663,0.4827720672083861,38903.808364,0.9759500000000116,38905.130138,27.799999237060547
core,2.718971417,47.725829999981215,17.555707691170433,17.955882447331998,232171.596801,34.86349699998391,232219.322631,27.799999237060547
uncore,2.719144114,0.009888000000003672,0.003637251309205645,0.0,51.888233,0.009888000000003672,51.898121,27.799999237060547
