zone,time_elapsed,power_j,watts,watts_since_last,start_power,prev_power,prev_power_reading,temp
package-0,0.000377582,0.0,0.0,0.0,84945.845343,0.0,84945.845343,27.799999237060547
dram,0.000584034,0.0,0.0,0.0,38656.76438,0.0,38656.76438,27.799999237060547
core,0.000717851,0.008911000011721626,36.337316036869986,0.0,222930.80515,0.0,222930.814061,27.799999237060547
uncore,0.000834209,0.0,0.0,0.0,50.318596,0.0,50.318596,27.799999237060547
package-0,1.001093258,18.98725600000762,18.969377172328926,18.97402579130386,84945.845343,0.0,84964.832599,27.799999237060547
dram,1.001195749,0.4991440000012517,0.49867399477443686,0.4987961993873429,38656.76438,0.0,38657.263524,27.799999237060547
core,1.001281416,17.384782000008272,17.36841209792186,17.363763594917085,222930.80515,0.008911000011721626,222948.189932,27.799999237060547
uncore,1.001365588,0.008240000000000691,0.008232241030507029,0.008234258416292179,50.318596,0.0,50.326836,27.799999237060547
package-0,2.001591401,38.32503600000928,19.148315091529327,19.327324825655246,84945.845343,18.98725600000762,84984.170379,27.799999237060547
dram,2.001719166,0.9888890000001993,0.4940780267641908,0.4894802142086308,38656.76438,0.4991440000012517,38657.753269,27.799999237060547
core,2.002545114,35.151215999998385,17.562581280242327,17.75682839040184,222930.80515,17.384782000008272,222965.956366,27.799999237060547
uncore,2.002631856,0.008240000000000691,0.004116946331222668,0.0,50.318596,0.008240000000000691,50.326836,27.799999237060547
package-0,2.795264629,53.67375200000242,19.20251534493651,19.339200005226868,84945.845343,38.32503600000928,84999.519095,27.799999237060547
dram,2.79537428,1.3790250000020023,0.49336496400677055,0.49156672996473627,38656.76438,0.9888890000001993,38658.143405,27.799999237060547
core,2.795564385,49.21270299999742,17.606514344724975,17.71730674174962,222930.80515,35.151215999998385,222980.017853,27.799999237060547
uncore,2.795760033,0.008240000000000691,0.0029479721567123346,0.0,50.318596,0.008240000000000691,50.326836,27.799999237060547
