zone,time_elapsed,power_j,watts,watts_since_last,start_power,prev_power,prev_power_reading,temp
package-0,0.0003044,0.0,0.0,0.0,85053.320409,0.0,85053.320409,27.799999237060547
dram,0.000413815,0.0,0.0,0.0,38659.498809,0.0,38659.498809,27.799999237060547
core,0.000495313,0.006897000013850629,36.901099563150424,0.0,223029.303799,0.0,223029.310696,27.799999237060547
uncore,0.000575626,0.0,0.0,0.0,50.335198,0.0,50.335198,27.799999237060547
package-0,1.000820147,17.697769999998854,17.685589156580793,17.688893023612778,85053.320409,0.0,85071.018179,27.799999237060547
dram,1.000918646,0.4902940000029048,0.48995654537201905,0.49004807476711176,38659.498809,0.0,38659.989103,27.799999237060547
core,1.001001016,16.11745100002736,16.106357842701343,16.102473150989887,223029.303799,0.006897000013850629,223045.42125,27.799999237060547
uncore,1.001081628,0.00762900000000144,0.007623749188490362,0.007625173390612269,50.335198,0.0,50.342827,27.799999237060547
package-0,2.001305964,36.75582699998631,18.366941328014036,19.048417929062815,85053.320409,17.697769999998854,85090.076236,27.799999237060547
dram,2.001398219,0.9737530000056722,0.4865858199596079,0.4832144789799692,38659.498809,0.4902940000029048,38660.472562,27.799999237060547
core,2.001479561,33.57718400002341,16.778568701191006,17.450902319895114,223029.303799,16.11745100002736,223062.880983,27.799999237060547
uncore,2.001559127,0.00762900000000144,0.0038122226277617893,0.0,50.335198,0.00762900000000144,50.342827,27.799999237060547
package-0,2.8876022949999998,53.608505999989575,18.565872503424224,19.015052904074818,85053.320409,36.75582699998631,85106.928915,27.799999237060547
dram,2.887693723,1.4014250000036554,0.4853460731247429,0.48254676336928753,38659.498809,0.9737530000056722,38660.900234,27.799999237060547
core,2.88777498,49.02727900000173,16.97928703896387,17.432502796588757,223029.303799,33.57718400002341,223078.331078,27.799999237060547
uncore,2.887854784,0.00762900000000144,0.002642100142254994,0.0,50.335198,0.00762900000000144,50.342827,27.799999237060547
