zone,time_elapsed,power_j,watts,watts_since_last,start_power,prev_power,prev_power_reading,temp
package-0,0.000322771,0.01831099999253638,90.21574719556376,0.0,86950.005434,0.0,86950.023745,27.799999237060547
dram,0.000491443,0.0007320000004256144,3.6064620726594425,0.0,38706.110934,0.0,38706.111666,27.799999237060547
core,0.000672412,0.009339000011095777,46.01195261885203,0.0,224769.374112,0.0,224769.383451,27.799999237060547
uncore,0.000807475,0.0,0.0,0.0,50.628227,0.0,50.628227,27.799999237060547
package-0,1.001062166,19.102367999992566,19.084948060970333,19.070520954002607,86950.005434,0.01831099999253638,86969.107802,27.799999237060547
dram,1.001164959,0.4863870000044699,0.4859434512318105,0.4853105319268984,38706.110934,0.0007320000004256144,38706.597321,27.799999237060547
core,1.001250152,17.50660799999605,17.490643275421263,17.484858439797826,224769.374112,0.009339000011095777,224786.88072,27.799999237060547
uncore,1.001333648,0.00866699999999554,0.008659096340537943,0.00866085262207377,50.628227,0.0,50.636894,27.799999237060547
package-0,2.001546306,38.80599199999415,19.389174582009687,19.69352268018732,86950.005434,19.102367999992566,86988.811426,27.799999237060547
dram,2.001641293,0.9598360000018147,0.479576137987552,0.47320628019287053,38706.110934,0.4863870000044699,38707.07077,27.799999237060547
core,2.00172605,35.61471600001096,17.794673209565428,18.098824642286438,224769.374112,17.50660799999605,224804.988828,27.799999237060547
uncore,2.001809387,0.00866699999999554,0.00433041309966298,0.0,50.628227,0.00866699999999554,50.636894,27.799999237060547
package-0,2.711999315,52.78276299999561,19.463646036541682,19.67344477185638,86950.005434,38.80599199999415,87002.788197,27.799999237060547
dram,2.712107146,1.2963830000007874,0.47804128479987756,0.4737173426976121,38706.110934,0.9598360000018147,38707.407317,27.799999237060547
core,2.712258413,48.47332600000664,17.874540964786185,18.099541995624644,224769.374112,35.61471600001096,224817.847438,27.799999237060547
uncore,2.7123433219999997,0.00866699999999554,0.0031959566080054197,0.0,50.628227,0.00866699999999554,50.636894,27.799999237060547
