zone,time_elapsed,power_j,watts,watts_since_last,start_power,prev_power,prev_power_reading,temp
package-0,0.000683557,0.019470999992336147,33.74535092380935,0.0,88275.891749,0.0,88275.91122,27.799999237060547
dram,0.000804386,0.0008540000053471886,1.480074463598121,0.0,38738.570079,0.0,38738.570933,27.799999237060547
core,0.000904372,0.006286999996518716,10.89605162672785,0.0,225986.586328,0.0,225986.592615,27.799999237060547
uncore,0.00109593,0.0,0.0,0.0,50.840751,0.0,50.840751,27.799999237060547
package-0,1.001345803,18.408217000003788,18.386048169511785,18.37719145114969,88275.891749,0.019470999992336147,88294.299966,27.799999237060547
dram,1.001447909,0.46996900000522146,0.46940302106779314,0.46882023209186796,38738.570079,0.0008540000053471886,38739.040048,27.799999237060547
core,1.001533644,16.818499999993946,16.7982456496878,16.80164906395836,225986.586328,0.006286999996518716,226003.404828,27.799999237060547
uncore,1.001617554,0.009154999999999802,0.009143974725626176,0.009149247465551322,50.840751,0.0,50.849906,27.799999237060547
package-0,2.001838313,37.934901000000536,18.9511555857593,19.516653747586293,88275.891749,18.408217000003788,88313.82665,27.799999237060547
dram,2.001933721,0.9237040000007255,0.4614552234946312,0.45350193038791403,38738.570079,0.46996900000522146,38739.493783,27.799999237060547
core,2.00201857,34.759493999998085,17.364816079952895,17.93177826740384,225986.586328,16.818499999993946,226021.345822,27.799999237060547
uncore,2.002102295,0.009154999999999802,0.004573567475175964,0.0,50.840751,0.009154999999999802,50.849906,27.799999237060547
package-0,2.825534737,54.00718600000255,19.114967278906473,19.51307092512982,88275.891749,37.934901000000536,88329.898935,27.799999237060547
dram,2.825728206,1.2989470000029542,0.4597412166982561,0.4555757487626097,38738.570079,0.9237040000007255,38739.869026,27.799999237060547
core,2.825915543,49.5275219999894,17.529462883607252,17.929596058562772,225986.586328,34.759493999998085,226036.11385,27.799999237060547
uncore,2.826104389,0.009154999999999802,0.003240263720431143,0.0,50.840751,0.009154999999999802,50.849906,27.799999237060547
