zone,time_elapsed,power_j,watts,watts_since_last,start_power,prev_power,prev_power_reading,temp
package-0,0.000422329,0.0,0.0,0.0,96726.880979,0.0,96726.880979,27.799999237060547
dram,0.000575071,0.0,0.0,0.0,38947.151637,0.0,38947.151637,27.799999237060547
core,0.000662657,0.006958000012673438,23.089660798592448,0.0,233770.833124,0.0,233770.840082,27.799999237060547
uncore,0.000747357,0.0,0.0,0.0,52.15221,0.0,52.15221,27.799999237060547
package-0,1.001088627,18.983777000001282,18.96769628193194,18.973409018589894,96726.880979,0.0,96745.864756,27.799999237060547
dram,1.001297125,0.489012999998522,0.48859876840566147,0.4887459257648797,38947.151637,0.0,38947.64065,27.799999237060547
core,1.001513541,17.38630800001556,17.37158046095866,17.369858275687854,233770.833124,0.006958000012673438,233788.219432,27.799999237060547
uncore,1.001724206,0.007812000000001262,0.007805382635629688,0.007807733479656772,52.15221,0.0,52.160022,27.799999237060547
package-0,2.00205217,38.46352499999921,19.2142223072038,19.460716275751757,96726.880979,18.983777000001282,96765.344504,27.799999237060547
dram,2.002256132,0.964719999996305,0.48192006697605166,0.47524223400358573,38947.151637,0.489012999998522,38948.116357,27.799999237060547
core,2.002468259,35.27603300000192,17.621929871958127,17.872246729064187,233770.833124,17.38630800001556,233806.109157,27.799999237060547
uncore,2.002666127,0.007812000000001262,0.003902437560361497,0.0,52.15221,0.007812000000001262,52.160022,27.799999237060547
package-0,2.797049915,53.89970300000277,19.271826712758543,19.416878002556672,96726.880979,38.46352499999921,96780.780682,27.799999237060547
dram,2.79725009,1.3435029999964172,0.48036919617165347,0.47646401203995603,38947.151637,0.964719999996305,38948.49514,27.799999237060547
core,2.797439416,49.44707799999742,17.67979164315908,17.825490994829796,233770.833124,35.27603300000192,233820.280202,27.799999237060547
uncore,2.797628508,0.007812000000001262,0.0027931788470167696,0.0,52.15221,0.007812000000001262,52.160022,27.799999237060547
