zone,time_elapsed,power_j,watts,watts_since_last,start_power,prev_power,prev_power_reading,temp
package-0,0.000563839,0.0,0.0,0.0,98318.194532,0.0,98318.194532,27.799999237060547
dram,0.000720968,0.0,0.0,0.0,38986.983078,0.0,38986.983078,27.799999237060547
core,0.000856976,0.007811999996192753,19.452045916471622,0.0,235230.802104,0.0,235230.809916,27.799999237060547
uncore,0.000943586,0.0,0.0,0.0,52.392993,0.0,52.392993,27.799999237060547
package-0,1.001233206,18.55537300001015,18.53603531823647,18.543474672204106,98318.194532,0.0,98336.749905,27.799999237060547
dram,1.001441235,0.4768670000048587,0.476370027925965,0.4765612168828519,38986.983078,0.0,38987.459945,27.799999237060547
core,1.001655601,16.967119999986608,16.949437533178994,16.948433122619452,235230.802104,0.007811999996192753,235247.769224,27.799999237060547
uncore,1.001867393,0.008117000000005703,0.00810854078105295,0.008111795107234122,52.392993,0.0,52.40111,27.799999237060547
package-0,2.002186117,38.053797000000486,19.00816747161037,19.480354179296455,98318.194532,18.55537300001015,98356.248329,27.799999237060547
dram,2.002401642,0.9421370000054594,0.4706047566634185,0.46483881923059295,38986.983078,0.4768670000048587,38987.925215,27.799999237060547
core,2.002602092,34.88626299999305,17.425959610876777,17.90253675013731,235230.802104,16.967119999986608,235265.688367,27.799999237060547
uncore,2.002814165,0.008117000000005703,0.004054504610069997,0.0,52.392993,0.008117000000005703,52.40111,27.799999237060547
package-0,2.7189739299999998,52.02269399999932,19.134703878815767,19.488115624470115,98318.194532,38.053797000000486,98370.217226,27.799999237060547
dram,2.71915363,1.2791110000034678,0.47047563921242885,0.47011501870204414,38986.983078,0.9421370000054594,38988.262189,27.799999237060547
core,2.719326285,47.734923999989405,17.55759967789413,17.925265766335716,235230.802104,34.88626299999305,235278.537028,27.799999237060547
uncore,2.71949892,0.008117000000005703,0.002985550717240032,0.0,52.392993,0.008117000000005703,52.40111,27.799999237060547
