zone,time_elapsed,power_j,watts,watts_since_last,start_power,prev_power,prev_power_reading,temp
package-0,0.000503885,0.018798999997670762,46.13376066021601,0.0,88644.241087,0.0,88644.259886,27.799999237060547
dram,0.000623232,0.0008549999984097667,2.0982161442634446,0.0,38747.727282,0.0,38747.728137,27.799999237060547
core,0.000724329,0.008788999984972179,21.56868034467723,0.0,226324.420791,0.0,226324.42958,27.799999237060547
uncore,0.000919873,0.0,0.0,0.0,50.901725,0.0,50.901725,27.799999237060547
package-0,1.001180062,19.16669899999397,19.146980099598796,19.135990123327353,88644.241087,0.018798999997670762,88663.407786,27.799999237060547
dram,1.001282926,0.4916979999979958,0.4911921359529419,0.49053769865615876,38747.727282,0.0008549999984097667,38748.21898,27.799999237060547
core,1.001368476,17.567459999991115,17.549386413405543,17.5477496140536,226324.420791,0.008788999984972179,226341.988251,27.799999237060547
uncore,1.001452037,0.008361000000000729,0.008352398115753258,0.008355799509146427,50.901725,0.0,50.910086,27.799999237060547
package-0,2.001671783,38.86568400000397,19.417751407116064,19.68865949911094,88644.241087,19.16669899999397,88683.106771,27.799999237060547
dram,2.001766679,0.9649629999985336,0.4821068285080111,0.47301693147401247,38747.727282,0.4916979999979958,38748.692245,27.799999237060547
core,2.00185167,35.66964700000244,17.820973849979328,18.092698483311434,226324.420791,17.567459999991115,226360.090438,27.799999237060547
uncore,2.001934747,0.008361000000000729,0.0041772536285453,0.0,50.901725,0.008361000000000729,50.910086,27.799999237060547
package-0,2.713125371,52.87864899999113,19.491075071877326,19.69737057436598,88644.241087,38.86568400000397,88697.119736,27.799999237060547
dram,2.713306283,1.3018769999980577,0.4798719865425616,0.47358427782333334,38747.727282,0.9649629999985336,38749.029159,27.799999237060547
core,2.7134105330000002,48.561825999990106,17.89989370177385,18.121934028526347,226324.420791,35.66964700000244,226372.982617,27.799999237060547
uncore,2.713599233,0.008361000000000729,0.0030818653985658345,0.0,50.901725,0.008361000000000729,50.910086,27.799999237060547
