zone,time_elapsed,power_j,watts,watts_since_last,start_power,prev_power,prev_power_reading,temp
package-0,0.000374152,0.0,0.0,0.0,98843.409679,0.0,98843.409679,27.799999237060547
dram,0.000558765,0.0,0.0,0.0,39000.101575,0.0,39000.101575,27.799999237060547
core,0.000686316,0.00909400000819005,37.15567471089359,0.0,235712.797757,0.0,235712.806851,27.799999237060547
uncore,0.000812016,0.0,0.0,0.0,52.470324,0.0,52.470324,27.799999237060547
package-0,1.001177543,18.402479999989737,18.385331100790808,18.389827890350315,98843.409679,0.0,98861.812159,27.799999237060547
dram,1.001402323,0.4965809999994235,0.49611824620139744,0.49623958964294707,39000.101575,0.0,39000.598156,27.799999237060547
core,1.001614294,16.80415599999833,16.788496546632956,16.78351502557012,235712.797757,0.00909400000819005,235729.601913,27.799999237060547
uncore,1.001814929,0.011352999999999724,0.0113424203687432,0.011345194562866444,52.470324,0.0,52.481677,27.799999237060547
package-0,2.002078871,37.889368999996805,18.926562931105167,19.46776803079597,98843.409679,18.402479999989737,98881.299048,27.799999237060547
dram,2.00233164,0.9819920000009006,0.49052633697490283,0.4849347039243684,39000.101575,0.4965809999994235,39001.083567,27.799999237060547
core,2.002544446,34.7204919999931,17.34364002833772,17.898756092343454,235712.797757,16.80415599999833,235747.518249,27.799999237060547
uncore,2.002683258,0.011352999999999724,0.00567107013465571,0.0,52.470324,0.011352999999999724,52.481677,27.799999237060547
package-0,2.750358782,52.39183399999456,19.05072887989634,19.382949176807276,98843.409679,37.889368999996805,98895.801513,27.799999237060547
dram,2.7505564639999998,1.3452109999998356,0.4891458857358146,0.48545232945097333,39000.101575,0.9819920000009006,39001.446786,27.799999237060547
core,2.750746423,48.01501400000416,17.459228739322263,17.768499648590804,235712.797757,34.7204919999931,235760.812771,27.799999237060547
uncore,2.750935832,0.011352999999999724,0.004128180070456788,0.0,52.470324,0.011352999999999724,52.481677,27.799999237060547
