zone,time_elapsed,power_j,watts,watts_since_last,start_power,prev_power,prev_power_reading,temp
package-0,0.000330951,0.0,0.0,0.0,95771.637697,0.0,95771.637697,27.799999237060547
dram,0.0004454,0.0,0.0,0.0,38923.408351,0.0,38923.408351,27.799999237060547
core,0.000527943,0.006896999984746799,38.18175770470338,0.0,232893.833721,0.0,232893.840618,27.799999237060547
uncore,0.000607801,0.0,0.0,0.0,52.007435,0.0,52.007435,27.799999237060547
package-0,1.000854841,18.72797900000296,18.714491503405437,18.717870189592627,95771.637697,0.0,95790.365676,27.799999237060547
dram,1.000954661,0.4987780000010389,0.49841879057550864,0.49850877435534297,38923.408351,0.0,38923.907129,27.799999237060547
core,1.001035778,17.13807899999665,17.125736515941085,17.12193509350144,232893.833721,0.006896999984746799,232910.9718,27.799999237060547
uncore,1.001115571,0.00964299999999696,0.009636055314204122,0.009637794993157365,52.007435,0.0,52.017078,27.799999237060547
package-0,2.001330134,38.14620400000422,19.061550366902633,19.408688793075736,95771.637697,18.72797900000296,95809.783901,27.799999237060547
dram,2.001420255,0.9887060000037309,0.4940535948774318,0.4896873984653922,38923.408351,0.4987780000010389,38924.397057,27.799999237060547
core,2.00150091,34.954744999995455,17.466787321212294,17.807916311821902,232893.833721,17.13807899999665,232928.788466,27.799999237060547
uncore,2.001580262,0.00964299999999696,0.004818579856280427,0.0,52.007435,0.00964299999999696,52.017078,27.799999237060547
package-0,2.695413484,51.68480400000408,19.176002536216576,19.50600076930439,95771.637697,38.14620400000422,95823.322501,27.799999237060547
dram,2.6955050910000002,1.3296469999986584,0.493323225995885,0.49121736429088186,38923.408351,0.9887060000037309,38924.737998,27.799999237060547
core,2.695586167,47.3890390000015,17.58219557247084,17.91495046237258,232893.833721,34.954744999995455,232941.22276,27.799999237060547
uncore,2.695665431,0.00964299999999696,0.003577728425876657,0.0,52.007435,0.00964299999999696,52.017078,27.799999237060547
