zone,time_elapsed,power_j,watts,watts_since_last,start_power,prev_power,prev_power_reading,temp
package-0,0.000373117,0.0,0.0,0.0,85845.20681,0.0,85845.20681,27.799999237060547
dram,0.00049508,0.0,0.0,0.0,38679.128398,0.0,38679.128398,27.799999237060547
core,0.000585233,0.007080000010319054,37.09020048782548,0.0,223755.398315,0.0,223755.405395,27.799999237060547
uncore,0.000698992,0.0,0.0,0.0,50.45855,0.0,50.45855,27.799999237060547
package-0,1.001062488,18.993114999990212,18.977651667813547,18.981271977003054,85845.20681,0.0,85864.199925,27.799999237060547
dram,1.001302922,0.47332599999936065,0.4729406394534025,0.4730308609082524,38679.128398,0.0,38679.601724,27.799999237060547
core,1.002146082,17.439042000012705,17.424843923536617,17.42109242296474,223755.398315,0.007080000010319054,223772.837357,27.799999237060547
uncore,1.002357507,0.006346999999998104,0.00634183256067468,0.006343042372884305,50.45855,0.0,50.464897,27.799999237060547
package-0,2.002678748,38.366356999991694,19.15959446659725,19.341386098830966,85845.20681,18.993114999990212,85883.573167,27.799999237060547
dram,2.002894682,0.9378020000003744,0.4683245273971386,0.4637122506217355,38679.128398,0.47332599999936065,38680.0662,27.799999237060547
core,2.003109839,35.21078600001056,17.583748715325992,17.742521481614425,223755.398315,17.439042000012705,223790.609101,27.799999237060547
uncore,2.003323918,0.006346999999998104,0.0031695984604293488,0.0,50.45855,0.006346999999998104,50.464897,27.799999237060547
package-0,2.747928327,52.80613899999298,19.218108792727644,19.375331388247844,85845.20681,38.366356999991694,85898.012949,27.799999237060547
dram,2.7480877489999997,1.2846639999988838,0.4675367860938005,0.4654201978922496,38679.128398,0.9378020000003744,38680.413062,27.799999237060547
core,2.748202994,48.471371999999974,17.640526614318382,17.793083590329267,223755.398315,35.21078600001056,223803.869687,27.799999237060547
uncore,2.748358697,0.006346999999998104,0.002309908257208923,0.0,50.45855,0.006346999999998104,50.464897,27.799999237060547
