zone,time_elapsed,power_j,watts,watts_since_last,start_power,prev_power,prev_power_reading,temp
package-0,0.000647461,0.0,0.0,0.0,85950.255857,0.0,85950.255857,27.799999237060547
dram,0.000816574,0.0007939999995869584,1.627559459393946,0.0,38681.722446,0.0,38681.72324,27.799999237060547
core,0.000976574,0.007018999982392415,14.387707585354455,0.0,223851.75726,0.0,223851.764279,27.799999237060547
uncore,0.0011077,0.0,0.0,0.0,50.471916,0.0,50.471916,27.799999237060547
package-0,1.001455022,18.78785500000231,18.76517546523056,18.77432340640714,85950.255857,0.0,85969.043712,27.799999237060547
dram,1.001673336,0.4741809999977704,0.4736085980669725,0.473046052056164,38681.722446,0.0007939999995869584,38682.196627,27.799999237060547
core,1.001884253,17.200394999992568,17.179631748600105,17.180992799449974,223851.75726,0.007018999982392415,223868.957655,27.799999237060547
uncore,1.002086189,0.007201999999999487,0.007193306191716097,0.007196812897103899,50.471916,0.0,50.479118,27.799999237060547
package-0,2.002392517,38.39168700001028,19.17493022812732,19.584781550052945,85950.255857,18.78785500000231,85988.647544,27.799999237060547
dram,2.002605265,0.9351779999997234,0.46707957639031455,0.46054901614461585,38681.722446,0.4741809999977704,38682.657624,27.799999237060547
core,2.00281556,35.217926999990596,17.589779084308542,18.000023071555933,223851.75726,17.200394999992568,223886.975187,27.799999237060547
uncore,2.003025996,0.007201999999999487,0.0035970768229832187,0.0,50.471916,0.007201999999999487,50.479118,27.799999237060547
package-0,2.700118159,52.11662700001034,19.303295152997766,19.671661859254673,85950.255857,38.39168700001028,86002.372484,27.799999237060547
dram,2.700297615,1.257564999999886,0.4657851009635105,0.4620703661963335,38681.722446,0.9351779999997234,38682.980011,27.799999237060547
core,2.700469835,47.83026099999552,17.715683045405996,18.076987564541387,223851.75726,35.217926999990596,223899.587521,27.799999237060547
uncore,2.700642053,0.007201999999999487,0.0026675235849751445,0.0,50.471916,0.007201999999999487,50.479118,27.799999237060547
