zone,time_elapsed,power_j,watts,watts_since_last,start_power,prev_power,prev_power_reading,temp
package-0,0.000671275,0.0,0.0,0.0,84578.698761,0.0,84578.698761,27.799999237060547
dram,0.000854869,0.0,0.0,0.0,38647.598449,0.0,38647.598449,27.799999237060547
core,0.000996322,0.010131999995792285,18.764109650760666,0.0,222594.267193,0.0,222594.277325,27.799999237060547
uncore,0.001083796,0.0,0.0,0.0,50.262627,0.0,50.262627,27.799999237060547
package-0,1.001330374,18.432141999990563,18.41025783696131,18.420192323884866,84578.698761,0.0,84597.130903,27.799999237060547
dram,1.001430821,0.4881580000001122,0.4875784184595598,0.4878415240317517,38647.598449,0.0,38648.086607,27.799999237060547
core,1.001516734,16.83821399998851,16.81822228007352,16.8171722462929,222594.267193,0.010131999995792285,222611.105407,27.799999237060547
uncore,1.001600948,0.006774999999997533,0.0067669561598121,0.006770607723960592,50.262627,0.0,50.269402,27.799999237060547
package-0,2.001825934,38.01766399999906,18.992523566337418,19.57517340840958,84578.698761,18.432141999990563,84616.716425,27.799999237060547
dram,2.001921459,0.9587380000011763,0.47895773025312643,0.4703313550972097,38647.598449,0.4881580000001122,38648.557187,27.799999237060547
core,2.002006404,34.85037499997998,17.410237737984968,18.002643740354333,222594.267193,16.83821399998851,222629.117568,27.799999237060547
uncore,2.002113766,0.006774999999997533,0.003384593728901711,0.0,50.262627,0.006774999999997533,50.269402,27.799999237060547
package-0,2.72959493,52.27611099999922,19.15253784575693,19.59266978727451,84578.698761,38.01766399999906,84630.974872,27.799999237060547
dram,2.729703335,1.3016940000015893,0.4769050933919996,0.47125915322843603,38647.598449,0.9587380000011763,38648.900143,27.799999237060547
core,2.729882668,47.95025599998189,17.56766284227609,18.000673052656158,222594.267193,34.85037499997998,222642.217449,27.799999237060547
uncore,2.73003091,0.006774999999997533,0.0024821747720475593,0.0,50.262627,0.006774999999997533,50.269402,27.799999237060547
