zone,time_elapsed,power_j,watts,watts_since_last,start_power,prev_power,prev_power_reading,temp
package-0,0.000358618,0.0,0.0,0.0,90118.663033,0.0,90118.663033,27.799999237060547
dram,0.00047173,0.0,0.0,0.0,38783.927263,0.0,38783.927263,27.799999237060547
core,0.000553487,0.006713999988278374,30.6793880036847,0.0,227677.418853,0.0,227677.425567,27.799999237060547
uncore,0.00063294,0.0,0.0,0.0,51.132742,0.0,51.132742,27.799999237060547
package-0,1.000879741,18.67475700000068,18.660775451315335,18.664857085143293,90118.663033,0.0,90137.33779,27.799999237060547
dram,1.000979872,0.4727770000026794,0.47242303798631424,0.4725263701258592,38783.927263,0.0,38784.40004,27.799999237060547
core,1.001147571,17.100236999976914,17.087434274021973,17.084461333359577,227677.418853,0.006713999988278374,227694.51909,27.799999237060547
uncore,1.001243733,0.008057000000000869,0.008050967828457333,0.008052728800434204,51.132742,0.0,51.140799,27.799999237060547
package-0,2.001458545,38.26906700000109,19.12170865605262,19.582714232846424,90118.663033,18.67475700000068,90156.9321,27.799999237060547
dram,2.001550969,0.9367650000058347,0.46806856852031936,0.46371341535024957,38783.927263,0.4727770000026794,38784.864028,27.799999237060547
core,2.001631628,35.104097000003094,17.540284310245944,17.99320544937177,227677.418853,17.100236999976914,227712.52295,27.799999237060547
uncore,2.001711225,0.008057000000000869,0.004025799914114138,0.0,51.132742,0.008057000000000869,51.140799,27.799999237060547
package-0,2.6941541129999997,51.802601999996114,19.22922371028802,19.53989522576749,90118.663033,38.26906700000109,90170.465635,27.799999237060547
dram,2.694337741,1.2594570000001113,0.4675128173386383,0.46590693932397154,38783.927263,0.9367650000058347,38785.18672,27.799999237060547
core,2.694510092,47.536132999986876,17.645502358719764,17.94953653149321,227677.418853,35.104097000003094,227724.954986,27.799999237060547
uncore,2.694681956,0.008057000000000869,0.002990773618549488,0.0,51.132742,0.008057000000000869,51.140799,27.799999237060547
