zone,time_elapsed,power_j,watts,watts_since_last,start_power,prev_power,prev_power_reading,temp
package-0,0.000689434,0.01892099999531638,31.765511722258484,0.0,90488.627296,0.0,90488.646217,27.799999237060547
dram,0.000821595,0.0008549999984097667,1.435416335222207,0.0,38793.074639,0.0,38793.075494,27.799999237060547
core,0.000999459,0.008606000017607585,14.448178981488308,0.0,228016.877884,0.0,228016.88649,27.799999237060547
uncore,0.001192462,0.0,0.0,0.0,51.190054,0.0,51.190054,27.799999237060547
package-0,1.001453381,18.967418999993242,18.942743897651006,18.935111463181915,90488.627296,0.01892099999531638,90507.594715,27.799999237060547
dram,1.0015866,0.5006090000024415,0.4999577475411282,0.4994009390215726,38793.074639,0.0008549999984097667,38793.575248,27.799999237060547
core,1.002379693,17.38118100000429,17.358569467037984,17.36030180478006,228016.877884,0.008606000017607585,228034.259065,27.799999237060547
uncore,1.002467126,0.009215999999995006,0.009204010717574134,0.009209489176641286,51.190054,0.0,51.19927,27.799999237060547
package-0,2.002696247,38.66481799999019,19.307575056345524,19.67241815685223,90488.627296,18.967418999993242,90527.292114,27.799999237060547
dram,2.002792073,0.9947490000049584,0.49673558478473273,0.49351331655910413,38793.074639,0.5006090000024415,38794.069388,27.799999237060547
core,2.002877532,35.45071500001359,17.702587935731398,18.04661766498697,228016.877884,17.38118100000429,228052.328599,27.799999237060547
uncore,2.002960758,0.009215999999995006,0.004602080674975092,0.0,51.190054,0.009215999999995006,51.19927,27.799999237060547
package-0,2.732553786,53.05833599998732,19.418148387385333,19.721546336319253,90488.627296,38.66481799999019,90541.685632,27.799999237060547
dram,2.732749816,1.3555259999993723,0.4960917924556283,0.4943253152196359,38793.074639,0.9947490000049584,38794.430165,27.799999237060547
core,2.7329397269999998,48.696958000015,17.821982891788927,18.149586161404358,228016.877884,35.45071500001359,228065.574842,27.799999237060547
uncore,2.733131799,0.009215999999995006,0.0033728471156368152,0.0,51.190054,0.009215999999995006,51.19927,27.799999237060547
