zone,time_elapsed,power_j,watts,watts_since_last,start_power,prev_power,prev_power_reading,temp
package-0,0.000382671,0.0,0.0,0.0,103486.205777,0.0,103486.205777,27.799999237060547
dram,0.000500852,0.0007929999992484227,2.9510600343425337,0.0,39115.046105,0.0,39115.046898,27.799999237060547
core,0.00058523,0.005432000005384907,20.2145752050853,0.0,239973.81224,0.0,239973.817672,27.799999237060547
uncore,0.000666647,0.0,0.0,0.0,53.179246,0.0,53.179246,27.799999237060547
package-0,1.000917649,18.771741999997175,18.757278693813785,18.762316562648763,103486.205777,0.0,103504.977519,27.799999237060547
dram,1.001016316,0.47820900000078836,0.47784054814444676,0.4771762857226443,39115.046105,0.0007929999992484227,39115.524314,27.799999237060547
core,1.00109757,17.177812000009,17.16457678963178,17.16375761472828,239973.81224,0.005432000005384907,239990.990052,27.799999237060547
uncore,1.001177895,0.008116999999998598,0.008110745990312624,0.008112924391301382,53.179246,0.0,53.187363,27.799999237060547
package-0,2.001397688,38.38381300000765,19.17960638827175,19.602043633395944,103486.205777,18.771741999997175,103524.58959,27.799999237060547
dram,2.001487772,0.9476900000008754,0.47354131227438045,0.4692409611941112,39115.046105,0.47820900000078836,39115.993795,27.799999237060547
core,2.001568522,35.21933100000024,17.598379448079513,18.03229463376822,239973.81224,17.177812000009,240009.031571,27.799999237060547
uncore,2.001648109,0.008116999999998598,0.004055898903361786,0.0,53.179246,0.008116999999998598,53.187363,27.799999237060547
package-0,2.705956892,52.2363170000026,19.30513066634488,19.66168741430289,103486.205777,38.38381300000765,103538.442094,27.799999237060547
dram,2.706049239,1.278866000000562,0.4726343021992809,0.4700579036913026,39115.046105,0.9476900000008754,39116.324971,27.799999237060547
core,2.70612983,47.94720399999642,17.719990448518388,18.06543137435381,239973.81224,35.21933100000024,240021.759444,27.799999237060547
uncore,2.706209485,0.008116999999998598,0.002999823774304121,0.0,53.179246,0.008116999999998598,53.187363,27.799999237060547
