zone,time_elapsed,power_j,watts,watts_since_last,start_power,prev_power,prev_power_reading,temp
package-0,0.000519099,0.0,0.0,0.0,84213.182851,0.0,84213.182851,27.799999237060547
dram,0.000700453,0.0007939999995869584,2.302483723374149,0.0,38638.389488,0.0,38638.390282,27.799999237060547
core,0.000824388,0.012024000025121495,34.86783924697036,0.0,222258.989426,0.0,222259.00145,27.799999237060547
uncore,0.00094504,0.0,0.0,0.0,50.204888,0.0,50.204888,27.799999237060547
package-0,1.00129969,18.706250999995973,18.686710027020066,18.693149532283282,84213.182851,0.0,84231.889102,27.799999237060547
dram,1.001506655,0.49285799999779556,0.4923431493813402,0.4917193686443069,38638.389488,0.0007939999995869584,38638.882346,27.799999237060547
core,1.00168428,17.11360300000524,17.095725743159733,17.089601411039165,222258.989426,0.012024000025121495,222276.103029,27.799999237060547
uncore,1.001897301,0.007935000000003356,0.007926710919494177,0.007929442491644238,50.204888,0.0,50.212823,27.799999237060547
package-0,2.002219386,38.26387899999099,19.112864612644838,19.53905981652172,84213.182851,18.706250999995973,84251.44673,27.799999237060547
dram,2.002426944,0.9725929999985965,0.4858116536534006,0.4792795353862485,38638.389488,0.49285799999779556,38639.362081,27.799999237060547
core,2.002632585,35.078645000001416,17.5218354804074,17.94798583163253,222258.989426,17.11360300000524,222294.068071,27.799999237060547
uncore,2.002843633,0.007935000000003356,0.003963544331233031,0.0,50.204888,0.007935000000003356,50.212823,27.799999237060547
package-0,2.694066871,51.81975199999579,19.236084885820276,19.59262676760351,84213.182851,38.26387899999099,84265.002603,27.799999237060547
dram,2.694244481,1.3052339999994729,0.48451779583682,0.48077397601890076,38638.389488,0.9725929999985965,38639.694722,27.799999237060547
core,2.6944194,47.52996800001711,17.64366797951339,17.996194291736018,222258.989426,35.078645000001416,222306.519394,27.799999237060547
uncore,2.694592267,0.007935000000003356,0.0029455627956123925,0.0,50.204888,0.007935000000003356,50.212823,27.799999237060547
