zone,time_elapsed,power_j,watts,watts_since_last,start_power,prev_power,prev_power_reading,temp
package-0,0.000410814,0.0,0.0,0.0,88749.325657,0.0,88749.325657,27.799999237060547
dram,0.00063076,0.0,0.0,0.0,38750.319683,0.0,38750.319683,27.799999237060547
core,0.000826871,0.009642999997595325,41.21362873797024,0.0,226420.905468,0.0,226420.915111,27.799999237060547
uncore,0.001020246,0.0,0.0,0.0,50.919547,0.0,50.919547,27.799999237060547
package-0,1.001276032,18.768079000001308,18.746663748668016,18.751046037308214,88749.325657,0.0,88768.093736,27.799999237060547
dram,1.001378529,0.48382399999536574,0.48327193430121673,0.48338490571502174,38750.319683,0.0,38750.803507,27.799999237060547
core,1.001463843,17.176102999976138,17.156504267326355,17.150880585977138,226420.905468,0.009642999997595325,226438.081571,27.799999237060547
uncore,1.001547659,0.00762900000000144,0.007620294956058387,0.007622076304060815,50.919547,0.0,50.927176,27.799999237060547
package-0,2.001770505,38.42226500000106,19.195155805566465,19.643925800758687,88749.325657,18.768079000001308,88787.747922,27.799999237060547
dram,2.001864993,0.9550749999980326,0.477140362000083,0.47100498985741945,38750.319683,0.48382399999536574,38751.274758,27.799999237060547
core,2.001949745,35.252716999995755,17.61169976274021,18.06717735068476,226420.905468,17.176102999976138,226456.158185,27.799999237060547
uncore,2.002033145,0.00762900000000144,0.003811327719505608,0.0,50.919547,0.00762900000000144,50.927176,27.799999237060547
package-0,2.718577991,52.51939700001094,19.319753341925285,19.66770890318581,88749.325657,38.42226500000106,88801.845054,27.799999237060547
dram,2.718770362,1.294796000001952,0.476302866694071,0.4739640471814829,38750.319683,0.9550749999980326,38751.614479,27.799999237060547
core,2.718958437,48.20922699998482,17.73421683505615,18.076362417605395,226420.905468,35.252716999995755,226469.114695,27.799999237060547
uncore,2.719147737,0.00762900000000144,0.0028063992860684426,0.0,50.919547,0.00762900000000144,50.927176,27.799999237060547
