zone,time_elapsed,power_j,watts,watts_since_last,start_power,prev_power,prev_power_reading,temp
package-0,0.000372137,0.0,0.0,0.0,91278.184357,0.0,91278.184357,27.799999237060547
dram,0.000489761,0.0007929999992484227,3.0715956774879642,0.0,38812.664189,0.0,38812.664982,27.799999237060547
core,0.000575791,0.005127000011270866,19.858853831053974,0.0,228741.661673,0.0,228741.6668,27.799999237060547
uncore,0.000660146,0.0,0.0,0.0,51.312368,0.0,51.312368,27.799999237060547
package-0,1.001004378,19.083568999994895,19.068953867268682,19.073874436278413,91278.184357,0.0,91297.267926,27.799999237060547
dram,1.001222233,0.48022299999865936,0.47985522168197436,0.4791864467792251,38812.664189,0.0007929999992484227,38813.144412,27.799999237060547
core,1.001416777,17.49501099999179,17.481612462862206,17.48099903748573,228741.661673,0.005127000011270866,228759.156684,27.799999237060547
uncore,1.001550773,0.008240000000000691,0.008233689404028625,0.00823581403221742,51.312368,0.0,51.320608,27.799999237060547
package-0,2.001888229,38.616660999992746,19.292095902267132,19.515204461164767,91278.184357,19.083568999994895,91316.801018,27.799999237060547
dram,2.002100313,0.9497649999975692,0.4744832150188565,0.469112014272188,38812.664189,0.48022299999865936,38813.613954,27.799999237060547
core,2.00229549,35.44137600000249,17.705788304703123,17.929930515349984,228741.661673,17.49501099999179,228777.103049,27.799999237060547
uncore,2.00250172,0.008240000000000691,0.004116535871258376,0.0,51.312368,0.008240000000000691,51.320608,27.799999237060547
package-0,2.682688246,51.9264409999887,19.35780236418237,19.55099985670974,91278.184357,38.616660999992746,91330.110798,27.799999237060547
dram,2.682889108,1.270076999993762,0.4734755373120651,0.4705126505494365,38812.664189,0.9497649999975692,38813.934266,27.799999237060547
core,2.683079921,47.66473399999086,17.769068758502968,17.955133030475114,228741.661673,35.44137600000249,228789.326407,27.799999237060547
uncore,2.683273288,0.008240000000000691,0.003071812518037021,0.0,51.312368,0.008240000000000691,51.320608,27.799999237060547
