zone,time_elapsed,power_j,watts,watts_since_last,start_power,prev_power,prev_power_reading,temp
package-0,0.000398943,0.0,0.0,0.0,102057.55349,0.0,102057.55349,27.799999237060547
dram,0.000519229,0.0,0.0,0.0,39079.176934,0.0,39079.176934,27.799999237060547
core,0.0006076,0.005919999995967373,21.279960876387058,0.0,238662.688704,0.0,238662.694624,27.799999237060547
uncore,0.000693476,0.0,0.0,0.0,52.958116,0.0,52.958116,27.799999237060547
package-0,1.001049836,18.822094999995898,18.807049755139833,18.81227907258457,102057.55349,0.0,102076.375585,27.799999237060547
dram,1.001266983,0.4821769999980461,0.4817915768541859,0.4819255394442982,39079.176934,0.0,39079.659111,27.799999237060547
core,1.001478618,17.249161999992793,17.2353740626855,17.23424946161,238662.688704,0.005919999995967373,238679.937866,27.799999237060547
uncore,1.001691512,0.009154999999999802,0.009147682046463955,0.009150225567852333,52.958116,0.0,52.967271,27.799999237060547
package-0,2.002009107,38.45925200000056,19.21237968076938,19.617630493404903,102057.55349,18.822094999995898,102096.012742,27.799999237060547
dram,2.002173079,0.9512309999990975,0.4751889385706289,0.468587589001401,39079.176934,0.4821769999980461,39080.128165,27.799999237060547
core,2.002414878,35.302338999987114,17.63533883828461,18.035225548068926,238662.688704,17.249161999992793,238697.991043,27.799999237060547
uncore,2.002628551,0.009154999999999802,0.004573394614576418,0.0,52.958116,0.009154999999999802,52.967271,27.799999237060547
package-0,2.700851535,52.278002999999444,19.357498612427356,19.773171097742424,102057.55349,38.45925200000056,102109.831493,27.799999237060547
dram,2.701029276,1.2797819999977946,0.4738776706747402,0.47012173077792146,39079.176934,0.9512309999990975,39080.456716,27.799999237060547
core,2.701202279,48.009399000002304,17.77691995094047,18.182458858228177,238662.688704,35.302338999987114,238710.698103,27.799999237060547
uncore,2.701375669,0.009154999999999802,0.003389913340736648,0.0,52.958116,0.009154999999999802,52.967271,27.799999237060547
