zone,time_elapsed,power_j,watts,watts_since_last,start_power,prev_power,prev_power_reading,temp
package-0,0.000353925,0.0,0.0,0.0,63208.375661,0.0,63208.375661,27.799999237060547
dram,0.00047705,0.0,0.0,0.0,14832.467705,0.0,14832.467705,27.799999237060547
core,0.000559243,0.00567600000067614,23.45716257878416,0.0,15712.735776,0.0,15712.741452,27.799999237060547
uncore,0.000639051,0.0,0.0,0.0,60.057097,0.0,60.057097,27.799999237060547
package-0,1.000872788,16.65315600000031,16.640855878096303,16.644880514950767,63208.375661,0.0,63225.028817,27.799999237060547
dram,1.001013992,0.45599200000106066,0.4556552015475264,0.45576540301375573,14832.467705,0.0,14832.923697,27.799999237060547
core,1.001779809,15.216024999999718,15.204786351758244,15.202790491825107,15712.735776,0.00567600000067614,15727.951801,27.799999237060547
uncore,1.001873643,0.007567999999999131,0.007562410229353284,0.007564239219108415,60.057097,0.0,60.064665,27.799999237060547
package-0,2.002073688,34.072667000000365,17.019572692890513,17.398103677311344,63208.375661,16.65315600000031,63242.448328,27.799999237060547
dram,2.002184473,0.9017920000005688,0.4504523962822352,0.4452521439515044,14832.467705,0.45599200000106066,14833.369497,27.799999237060547
core,2.00229296,31.191447999999582,15.580380503601367,15.955790357312612,15712.735776,15.216024999999718,15743.927224,27.799999237060547
uncore,2.00237173,0.007567999999999131,0.0037802771981359498,0.0,60.057097,0.007567999999999131,60.064665,27.799999237060547
package-0,2.659146491,45.45935699999973,17.09614775425231,17.329457184071092,63208.375661,34.072667000000365,63253.835018,27.799999237060547
dram,2.659233673,1.1949430000004213,0.4493887162969957,0.44614788871615485,14832.467705,0.9017920000005688,14833.662648,27.799999237060547
core,2.659312929,41.63624600000003,15.658369597009512,15.89598730950691,15712.735776,31.191447999999582,15754.372022,27.799999237060547
uncore,2.659391117,0.007567999999999131,0.002846138941300191,0.0,60.057097,0.007567999999999131,60.064665,27.799999237060547
