zone,time_elapsed,power_j,watts,watts_since_last,start_power,prev_power,prev_power_reading,temp
package-0,0.000417138,0.0,0.0,0.0,61828.671674,0.0,61828.671674,27.799999237060547
dram,0.000538345,0.0,0.0,0.0,14796.526268,0.0,14796.526268,27.799999237060547
core,0.000639213,0.008239000000685337,36.24932354549682,0.0,14448.148071,0.0,14448.15631,27.799999237060547
uncore,0.000826973,0.0,0.0,0.0,59.826079,0.0,59.826079,27.799999237060547
package-0,1.001073909,16.59041100000468,16.574868695903923,16.57863327366893,61828.671674,0.0,61845.262085,27.799999237060547
dram,1.001173794,0.4558099999994738,0.4553829860073458,0.4554864151623598,14796.526268,0.0,14796.982078,27.799999237060547
core,1.001258767,15.141868000000613,15.127682726524904,15.122885460202832,14448.148071,0.008239000000685337,14463.289939,27.799999237060547
uncore,1.001342236,0.007629999999998915,0.00762285202878297,0.007624583373976709,59.826079,0.0,59.833709,27.799999237060547
package-0,2.001550442,34.15964100000565,17.067503752986987,17.56035157404689,61828.671674,16.59041100000468,61862.831315,27.799999237060547
dram,2.001642164,0.9012430000002496,0.4502965439494802,0.44520790510999175,14796.526268,0.4558099999994738,14797.427511,27.799999237060547
core,2.001726059,31.280437000001257,15.628939891157115,16.130413543565087,14448.148071,15.141868000000613,14479.428508,27.799999237060547
uncore,2.001808777,0.007629999999998915,0.0038122488943970654,0.0,59.826079,0.007629999999998915,59.833709,27.799999237060547
package-0,2.671343541,45.9394570000004,17.197841829074676,17.587313244479954,61828.671674,34.15964100000565,61874.611131,27.799999237060547
dram,2.671446923,1.2000090000001364,0.4492339771336052,0.44605885429794895,14796.526268,0.9012430000002496,14797.726277,27.799999237060547
core,2.6716359819999997,42.09455800000069,15.758469899825233,16.14552667807235,14448.148071,31.280437000001257,14490.242629,27.799999237060547
uncore,2.67183298,0.007629999999998915,0.002856357948589161,0.0,59.826079,0.007629999999998915,59.833709,27.799999237060547
