zone,time_elapsed,power_j,watts,watts_since_last,start_power,prev_power,prev_power_reading,temp
package-0,0.000353648,0.0,0.0,0.0,58972.060395,0.0,58972.060395,27.799999237060547
dram,0.00047673,0.0,0.0,0.0,14722.136627,0.0,14722.136627,27.799999237060547
core,0.000558077,0.004882999999608728,21.446108032556662,0.0,11829.787891,0.0,11829.792774,27.799999237060547
uncore,0.0006364,0.0,0.0,0.0,59.317719,0.0,59.317719,27.799999237060547
package-0,1.000873642,17.295060999997077,17.282091930621213,17.28602478240015,58972.060395,0.0,58989.355456,27.799999237060547
dram,1.000969793,0.456054000000222,0.4557120182075505,0.45581572369810597,14722.136627,0.0,14722.592681,27.799999237060547
core,1.001050786,15.858786000000691,15.846893951984729,15.845619749813727,11829.787891,0.004882999999608728,11845.646677,27.799999237060547
uncore,1.001129556,0.008239000000003216,0.0082328218106006,0.008234695337719509,59.317719,0.0,59.325958,27.799999237060547
package-0,2.001377869,34.92825599999924,17.453436199518155,17.6248276835587,58972.060395,17.295060999997077,59006.988651,27.799999237060547
dram,2.001465031,0.9013040000008914,0.45037610410283335,0.44503871964867103,14722.136627,0.456054000000222,14723.037931,27.799999237060547
core,2.001544798,32.04734300000018,16.013861568541817,16.180875194224534,11829.787891,15.858786000000691,11861.835234,27.799999237060547
uncore,2.001623362,0.008239000000003216,0.004116977980460557,0.0,59.317719,0.008239000000003216,59.325958,27.799999237060547
package-0,2.630377537,46.02338099999906,17.498062708118546,17.64005230904185,58972.060395,34.92825599999924,59018.083776,27.799999237060547
dram,2.630551475,1.1819429999995918,0.44937404167275413,0.4461857473380741,14722.136627,0.9013040000008914,14723.31857,27.799999237060547
core,2.630722652,42.23957700000028,16.059462626407694,16.204552982143003,11829.787891,32.04734300000018,11872.027468,27.799999237060547
uncore,2.630894625,0.008239000000003216,0.0031324630116211566,0.0,59.317719,0.008239000000003216,59.325958,27.799999237060547
