zone,time_elapsed,power_j,watts,watts_since_last,start_power,prev_power,prev_power_reading,temp
package-0,0.000610462,0.0,0.0,0.0,55695.242307,0.0,55695.242307,27.799999237060547
dram,0.000828874,0.0,0.0,0.0,14637.106754,0.0,14637.106754,27.799999237060547
core,0.001009677,0.011048000000300817,25.188606761574192,0.0,8825.273549,0.0,8825.284597,27.799999237060547
uncore,0.001136117,0.0,0.0,0.0,58.74222,0.0,58.74222,27.799999237060547
package-0,1.001525227,16.65547499999957,16.634710705726434,16.64200097033395,55695.242307,0.0,55711.897782,27.799999237060547
dram,1.001758082,0.4561759999996866,0.4556072877471489,0.4558069604522261,14637.106754,0.0,14637.56293,27.799999237060547
core,1.001957118,15.218101000000388,15.19912867243589,15.194750722025507,8825.273549,0.011048000000300817,8840.49165,27.799999237060547
uncore,1.0021559,0.007323999999997,0.0073148692071942495,0.007318074993759053,58.74222,0.0,58.749544,27.799999237060547
package-0,2.002455841,34.244723999996495,17.1030679691615,17.571537663180095,55695.242307,16.65547499999957,55729.487031,27.799999237060547
dram,2.002670791,0.901915000000372,0.4504493465158088,0.44529016710501085,14637.106754,0.4561759999996866,14638.008669,27.799999237060547
core,2.002881622,31.37028100000134,15.667465976796118,16.13591570694864,8825.273549,15.218101000000388,8856.64383,27.799999237060547
uncore,2.003079238,0.007323999999997,0.003657873540055406,0.0,58.74222,0.007323999999997,58.749544,27.799999237060547
package-0,2.658538052,45.77472400000261,17.219388476028556,17.574387221595238,55695.242307,34.244723999996495,55741.017031,27.799999237060547
dram,2.658728795,1.194577999998728,0.4493725106216734,0.4460861133913366,14637.106754,0.901915000000372,14638.301332,27.799999237060547
core,2.658919641,41.956985000000714,15.783243695753887,16.13658590601054,8825.273549,31.37028100000134,8867.230534,27.799999237060547
uncore,2.659108533,0.007323999999997,0.0027551187681300773,0.0,58.74222,0.007323999999997,58.749544,27.799999237060547
