zone,time_elapsed,power_j,watts,watts_since_last,start_power,prev_power,prev_power_reading,temp
package-0,0.000356365,0.0,0.0,0.0,53345.337861,0.0,53345.337861,27.799999237060547
dram,0.000471698,0.0,0.0,0.0,14575.791482,0.0,14575.791482,27.799999237060547
core,0.000594989,0.006957999999940512,30.20502780416876,0.0,6671.696238,0.0,6671.703196,27.799999237060547
uncore,0.000678519,0.0,0.0,0.0,58.337802,0.0,58.337802,27.799999237060547
package-0,1.000921351,17.02028099999734,17.0069611140389,17.010876655914256,53345.337861,0.0,53362.358142,27.799999237060547
dram,1.00101788,0.45532099999945785,0.45496467075938973,0.45506941805717094,14575.791482,0.0,14576.246803,27.799999237060547
core,1.001098942,15.583943999999974,15.571748175685281,15.56837913057635,6671.696238,0.006957999999940512,6687.280182,27.799999237060547
uncore,1.001178859,0.008361999999998204,0.008355455990155802,0.008357379681143143,58.337802,0.0,58.346164,27.799999237060547
package-0,2.001385089,34.36758800000098,17.172793554941826,17.338673277000048,53345.337861,17.02028099999734,53379.705449,27.799999237060547
dram,2.001472093,0.9010589999998047,0.45024108726566825,0.44551615701202724,14575.791482,0.45532099999945785,14576.692541,27.799999237060547
core,2.001552421,31.48539299999993,15.732618593577005,15.893534877881654,6671.696238,15.583943999999974,6703.181631,27.799999237060547
uncore,2.001630768,0.008361999999998204,0.004178323474617673,0.0,58.337802,0.008361999999998204,58.346164,27.799999237060547
package-0,2.631679257,45.3062809999974,17.216524320745826,17.355380075112304,53345.337861,34.36758800000098,53390.644142,27.799999237060547
dram,2.631763964,1.1820040000002336,0.4491651083262394,0.44574861505039653,14575.791482,0.9010589999998047,14576.973486,27.799999237060547
core,2.631841558,41.52430799999911,15.779363099437939,15.927788207127561,6671.696238,31.48539299999993,6713.220546,27.799999237060547
uncore,2.631917518,0.008361999999998204,0.003177585385347651,0.0,58.337802,0.008361999999998204,58.346164,27.799999237060547
