zone,time_elapsed,power_j,watts,watts_since_last,start_power,prev_power,prev_power_reading,temp
package-0,0.000448851,0.0,0.0,0.0,57537.923198,0.0,57537.923198,27.799999237060547
dram,0.00062326,0.0007320000004256144,2.760743139348187,0.0,14684.980961,0.0,14684.981693,27.799999237060547
core,0.000737321,0.010376000000178465,39.13315682747793,0.0,10514.607054,0.0,10514.61743,27.799999237060547
uncore,0.000824206,0.0,0.0,0.0,59.065644,0.0,59.065644,27.799999237060547
package-0,1.001063266,17.275651000003563,17.259637042745105,17.264210335834,57537.923198,0.0,57555.198849,27.799999237060547
dram,1.001163783,0.45593100000041886,0.4555083670387544,0.45489754803796184,14684.980961,0.0007320000004256144,14685.436892,27.799999237060547
core,1.001249158,15.826986000000034,15.812314907296543,15.806135574271359,10514.607054,0.010376000000178465,10530.43404,27.799999237060547
uncore,1.001332306,0.007507000000003927,0.007500041259222507,0.007502028548223561,59.065644,0.0,59.073151,27.799999237060547
package-0,2.001536655,35.034883000000264,17.50493435569,17.750336276968806,57537.923198,17.275651000003563,57572.958081,27.799999237060547
dram,2.001627551,0.9017920000005688,0.4505740682078554,0.44563766511917413,14684.980961,0.45593100000041886,14685.882753,27.799999237060547
core,2.001711881,32.14280099999996,16.05992580346285,16.30764229460285,10514.607054,15.826986000000034,10546.749855,27.799999237060547
uncore,2.001794791,0.007507000000003927,0.0037508200671951034,0.0,59.065644,0.007507000000003927,59.073151,27.799999237060547
package-0,2.638089575,46.314273000003595,17.556719070083638,17.719539383128726,57537.923198,35.034883000000264,57584.237471,27.799999237060547
dram,2.638191889,1.1853600000013103,0.44934382359700925,0.44547571666612296,14684.980961,0.9017920000005688,14686.166321,27.799999237060547
core,2.6383812620000002,42.518872999999076,16.11796666737034,16.300457422441216,10514.607054,32.14280099999996,10557.125927,27.799999237060547
uncore,2.638576383,0.007507000000003927,0.002845738074290329,0.0,59.065644,0.007507000000003927,59.073151,27.799999237060547
