zone,time_elapsed,power_j,watts,watts_since_last,start_power,prev_power,prev_power_reading,temp
package-0,0.000304902,0.0,0.0,0.0,68313.08177,0.0,68313.08177,27.799999237060547
dram,0.000653458,0.0,0.0,0.0,14965.303363,0.0,14965.303363,27.799999237060547
core,0.000833396,0.01324400000157766,67.2130731638847,0.0,20391.900067,0.0,20391.913311,27.799999237060547
uncore,0.001047794,0.0,0.0,0.0,60.934231,0.0,60.934231,27.799999237060547
package-0,1.001395446,16.67714299999352,16.657827316381848,16.66110650171345,68313.08177,0.0,68329.758913,27.799999237060547
dram,1.001607774,0.45678599999882863,0.45625694452126736,0.4563467612213387,14965.303363,0.0,14965.760149,27.799999237060547
core,1.001813024,15.232688000000053,15.21504530292877,15.204809203886834,20391.900067,0.01324400000157766,20407.132755,27.799999237060547
uncore,1.00201806,0.00903300000000229,0.009022537862089078,0.009024313998511268,60.934231,0.0,60.943264,27.799999237060547
package-0,2.002333772,34.22549899999285,17.094598779809402,17.531455571639537,68313.08177,16.67714299999352,68347.307269,27.799999237060547
dram,2.002540128,0.9025859999983368,0.4508143339049005,0.44537066001103354,14965.303363,0.45678599999882863,14966.205949,27.799999237060547
core,2.002738919,31.342265999999654,15.6545113372976,16.09406322648489,20391.900067,15.232688000000053,20423.242333,27.799999237060547
uncore,2.002937487,0.00903300000000229,0.004511709552520759,0.0,60.934231,0.00903300000000229,60.943264,27.799999237060547
package-0,2.66285497,45.81506899998931,17.205982554872225,17.543551909199138,68313.08177,34.22549899999285,68358.896839,27.799999237060547
dram,2.662949345,1.1976289999984147,0.44977305788160227,0.4466172762189443,14965.303363,0.9025859999983368,14966.500992,27.799999237060547
core,2.663036052,41.98725800000102,15.76843698904187,16.113709975874052,20391.900067,31.342265999999654,20433.887325,27.799999237060547
uncore,2.663123523,0.00903300000000229,0.0033923694498470902,0.0,60.934231,0.00903300000000229,60.943264,27.799999237060547
