zone,time_elapsed,power_j,watts,watts_since_last,start_power,prev_power,prev_power_reading,temp
package-0,0.000732135,0.0,0.0,0.0,63527.632717,0.0,63527.632717,27.799999237060547
dram,0.000934952,0.0,0.0,0.0,14840.845369,0.0,14840.845369,27.799999237060547
core,0.001090283,0.009704000000056112,17.38983955983512,0.0,16005.168133,0.0,16005.177837,27.799999237060547
uncore,0.001228353,0.0,0.0,0.0,60.106779,0.0,60.106779,27.799999237060547
package-0,1.0014737949999999,15.86623200000031,15.844887383895237,15.853722287501189,63527.632717,0.0,63543.498949,27.799999237060547
dram,1.001570704,0.4564190000000963,0.4558049860150453,0.45605913696083544,14840.845369,0.0,14841.301788,27.799999237060547
core,1.001654821,14.421288000001368,14.401887246495388,14.400221203056395,16005.168133,0.009704000000056112,16019.589421,27.799999237060547
uncore,1.001737585,0.008727999999997849,0.00871625834581272,0.00872111841836635,60.106779,0.0,60.115507,27.799999237060547
package-0,2.001944894,33.388160000002244,16.678752868247187,17.513332018813802,63527.632717,15.86623200000031,63561.020877,27.799999237060547
dram,2.002035567,0.9016089999986434,0.45039060837026784,0.4449715968145406,14840.845369,0.4564190000000963,14841.746978,27.799999237060547
core,2.002119533,30.51267800000096,15.242331883829019,16.083495818164643,16005.168133,14.421288000001368,16035.680811,27.799999237060547
uncore,2.002201846,0.008727999999997849,0.004359993333984735,0.0,60.106779,0.008727999999997849,60.115507,27.799999237060547
package-0,2.701718942,45.68036399999983,16.909229738185367,17.568654107923347,63527.632717,33.388160000002244,63573.313081,27.799999237060547
dram,2.701909928,1.2138029999987339,0.44930626612076213,0.44620382159063493,14840.845369,0.9016089999986434,14842.059172,27.799999237060547
core,2.702098464,41.79481400000077,15.470938712107062,16.125012648877735,16005.168133,30.51267800000096,16046.962947,27.799999237060547
uncore,2.702287854,0.008727999999997849,0.0032307920566229742,0.0,60.106779,0.008727999999997849,60.115507,27.799999237060547
