zone,time_elapsed,power_j,watts,watts_since_last,start_power,prev_power,prev_power_reading,temp
package-0,0.000368853,0.0,0.0,0.0,54127.666669,0.0,54127.666669,27.799999237060547
dram,0.000478691,0.0,0.0,0.0,14596.219774,0.0,14596.219774,27.799999237060547
core,0.0005602,0.006226000000424392,25.588439583681893,0.0,7388.601995,0.0,7388.608221,27.799999237060547
uncore,0.000638613,0.0,0.0,0.0,58.471835,0.0,58.471835,27.799999237060547
package-0,1.000878478,17.21657000000414,17.20381569318276,17.207999521426494,54127.666669,0.0,54144.883239,27.799999237060547
dram,1.001006771,0.455749000000651,0.45541137394740444,0.4555221262946057,14596.219774,0.0,14596.675523,27.799999237060547
core,1.001850467,15.776936999999634,15.765249196029417,15.762860275913072,7388.601995,0.006226000000424392,7404.378932,27.799999237060547
uncore,1.001944103,0.007750999999998953,0.007745257936848601,0.0077471415206703,58.471835,0.0,58.479586,27.799999237060547
package-0,2.00215082,34.63736300000164,17.300974480299956,17.398078521030484,54127.666669,17.21657000000414,54162.304032,27.799999237060547
dram,2.002237523,0.9017920000005688,0.45043499352268124,0.44546141715567616,14596.219774,0.455749000000651,14597.121566,27.799999237060547
core,2.002317516,31.749918999999863,15.858728574994647,15.952155280821625,7388.601995,15.776936999999634,7420.351914,27.799999237060547
uncore,2.002395689,0.007750999999998953,0.0038715375993484402,0.0,58.471835,0.007750999999998953,58.479586,27.799999237060547
package-0,2.631449034,45.646550999998,17.347245623955583,17.494452999202093,54127.666669,34.63736300000164,54173.31322,27.799999237060547
dram,2.63153639,1.1822480000009818,0.44929454679824926,0.4456663207452785,14596.219774,0.9017920000005688,14597.402022,27.799999237060547
core,2.631616264,41.860367000000224,15.908366620250463,16.066285482357248,7388.601995,31.749918999999863,7430.462362,27.799999237060547
uncore,2.631694382,0.007750999999998953,0.0029456442575752865,0.0,58.471835,0.007750999999998953,58.479586,27.799999237060547
