zone,time_elapsed,power_j,watts,watts_since_last,start_power,prev_power,prev_power_reading,temp
package-0,0.000383232,0.0,0.0,0.0,52933.689013,0.0,52933.689013,27.799999237060547
dram,0.00049727,0.0006720000001223525,2.5179195694145933,0.0,14565.092046,0.0,14565.092718,27.799999237060547
core,0.000586122,0.006285999999818159,23.55303930059598,0.0,6294.330444,0.0,6294.33673,27.799999237060547
uncore,0.000671344,0.0,0.0,0.0,58.265842,0.0,58.265842,27.799999237060547
package-0,1.001009733,17.25148199999967,17.23812105989045,17.242719353480545,52933.689013,0.0,52950.940495,27.799999237060547
dram,1.001178769,0.4558710000001156,0.4555179367022185,0.4549677880998876,14565.092046,0.0006720000001223525,14565.547917,27.799999237060547
core,1.002019792,15.81874599999992,15.806494686291973,15.804428284372552,6294.330444,0.006285999999818159,6310.14919,27.799999237060547
uncore,1.002229171,0.007018999999999664,0.007013563919863093,0.007015434798127864,58.265842,0.0,58.272861,27.799999237060547
package-0,2.002539654,34.90536699999939,17.43229366082866,17.626313268611366,52933.689013,17.25148199999967,52968.59438,27.799999237060547
dram,2.002747134,0.9021590000011201,0.4505525072055345,0.44559099008744313,14565.092046,0.4558710000001156,14565.994205,27.799999237060547
core,2.002952924,32.013527999999496,15.988063417730627,16.169489086898754,6294.330444,15.81874599999992,6326.343972,27.799999237060547
uncore,2.003165051,0.007018999999999664,0.003505399877484533,0.0,58.265842,0.007018999999999664,58.272861,27.799999237060547
package-0,2.608366457,45.587956999996095,17.478791428875727,17.63246752311167,52933.689013,34.90536699999939,52979.27697,27.799999237060547
dram,2.6085438549999997,1.1726660000003903,0.4496096289145522,0.44649339647622627,14565.092046,0.9021590000011201,14566.264712,27.799999237060547
core,2.608716406,41.838638000000174,16.041272199811456,16.217128335550182,6294.330444,32.013527999999496,6336.169082,27.799999237060547
uncore,2.6088881329999998,0.007018999999999664,0.0026911413696227575,0.0,58.265842,0.007018999999999664,58.272861,27.799999237060547
