zone,time_elapsed,power_j,watts,watts_since_last,start_power,prev_power,prev_power_reading,temp
package-0,0.000466439,0.0,0.0,0.0,68541.351572,0.0,68541.351572,27.799999237060547
dram,0.000586714,0.0,0.0,0.0,14971.259769,0.0,14971.259769,27.799999237060547
core,0.000686146,0.0067139999991923105,25.454283512313182,0.0,20601.089411,0.0,20601.096125,27.799999237060547
uncore,0.000873972,0.0,0.0,0.0,60.973476,0.0,60.973476,27.799999237060547
package-0,1.001123207,17.209428000001935,17.192531918910902,17.19706348332806,68541.351572,0.0,68558.561,27.799999237060547
dram,1.001222167,0.4569080000001122,0.45645941131842316,0.45657972374453715,14971.259769,0.0,14971.716677,27.799999237060547
core,1.001306838,15.760945999998512,15.74547202714553,15.742913002979307,20601.089411,0.0067139999991923105,20616.850357,27.799999237060547
uncore,1.001389556,0.00665300000000002,0.006646468136913191,0.006648219996304877,60.973476,0.0,60.980129,27.799999237060547
package-0,2.00160061,34.78927799999656,17.381662016262727,17.57088140042669,68541.351572,17.209428000001935,68576.14085,27.799999237060547
dram,2.001691195,0.9022189999996044,0.4507729571923056,0.44508381853649953,14971.259769,0.4569080000001122,14972.161988,27.799999237060547
core,2.001775175,31.90976999999839,15.942982121005983,16.14058545780816,20601.089411,15.760945999998512,20632.999181,27.799999237060547
uncore,2.001857193,0.00665300000000002,0.003324018319500845,0.0,60.973476,0.00665300000000002,60.980129,27.799999237060547
package-0,2.633735856,45.898320000007516,17.42846969021342,17.576698241080177,68541.351572,34.78927799999656,68587.249892,27.799999237060547
dram,2.633926029,1.1842620000006718,0.44968692475628413,0.446247723433114,14971.259769,0.9022189999996044,14972.444031,27.799999237060547
core,2.634092457,42.113844999999856,15.991432172696586,16.144861735530306,20601.089411,31.90976999999839,20643.203256,27.799999237060547
uncore,2.634204849,0.00665300000000002,0.0025262713068576635,0.0,60.973476,0.00665300000000002,60.980129,27.799999237060547
