zone,time_elapsed,power_j,watts,watts_since_last,start_power,prev_power,prev_power_reading,temp
package-0,0.000625137,0.0,0.0,0.0,51457.60368,0.0,51457.60368,27.799999237060547
dram,0.000782161,0.0,0.0,0.0,14526.526837,0.0,14526.526837,27.799999237060547
core,0.000921621,0.009705000000394648,22.16284725880553,0.0,4941.754255,0.0,4941.76396,27.799999237060547
uncore,0.001030686,0.0,0.0,0.0,58.007297,0.0,58.007297,27.799999237060547
package-0,1.001269791,16.8416320000033,16.82254021686896,16.829901592253304,51457.60368,0.0,51474.445312,27.799999237060547
dram,1.0013698,0.4558710000001156,0.45535422168140893,0.45555348013556807,14526.526837,0.0,14526.982708,27.799999237060547
core,1.001454832,15.392843999999968,15.375394572327597,15.372424450902143,4941.754255,0.009705000000394648,4957.147099,27.799999237060547
uncore,1.001538659,0.007080000000001974,0.007071974066138132,0.0070750686912742925,58.007297,0.0,58.014377,27.799999237060547
package-0,2.001743101,34.41391399999702,17.192896116574598,17.56348675029726,51457.60368,16.8416320000033,51492.017594,27.799999237060547
dram,2.001833903,0.9011820000014268,0.45022279384300196,0.44508811367171586,14526.526837,0.4558710000001156,14527.428019,27.799999237060547
core,2.001918525,31.53660200000013,15.75541573259606,16.135677752787576,4941.754255,15.392843999999968,4973.290857,27.799999237060547
uncore,2.002001702,0.007080000000001974,0.003537107244046481,0.0,58.007297,0.007080000000001974,58.014377,27.799999237060547
package-0,2.653972574,45.89410900000075,17.293324224362177,17.601530500067486,51457.60368,34.41391399999702,51503.497789,27.799999237060547
dram,2.654076248,1.1926849999999831,0.4494147255921838,0.4469348251779777,14526.526837,0.9011820000014268,14527.719522,27.799999237060547
core,2.654240199,42.08448700000008,15.857823462853252,16.172105050362223,4941.754255,31.53660200000013,4983.838742,27.799999237060547
uncore,2.65434963,0.007080000000001974,0.002667809402477262,0.0,58.007297,0.007080000000001974,58.014377,27.799999237060547
