zone,time_elapsed,power_j,watts,watts_since_last,start_power,prev_power,prev_power_reading,temp
package-0,0.000683332,0.01629599999432685,30.494069027686898,0.0,51870.034998,0.0,51870.051294,27.799999237060547
dram,0.000835984,0.0007320000004256144,1.3697630430176975,0.0,14537.241898,0.0,14537.24263,27.799999237060547
core,0.000976007,0.009764999999788415,18.272863534154098,0.0,5319.853019,0.0,5319.862784,27.799999237060547
uncore,0.001063036,0.0,0.0,0.0,58.078952,0.0,58.078952,27.799999237060547
package-0,1.001300221,17.030900999998266,17.0110463870971,17.003845629639482,51870.034998,0.01629599999432685,51887.065899,27.799999237060547
dram,1.001398621,0.4566030000005412,0.45607069253104665,0.4555827250194495,14537.241898,0.0007320000004256144,14537.698501,27.799999237060547
core,1.001483776,15.581320000000233,15.563155307651353,15.561708157984688,5319.853019,0.009764999999788415,5335.434339,27.799999237060547
uncore,1.001566432,0.009399999999999409,0.009389041486338214,0.009394055807852375,58.078952,0.0,58.088352,27.799999237060547
package-0,2.001769676,34.692598999994516,17.331894537815465,17.65295821456676,51870.034998,17.030900999998266,51904.727597,27.799999237060547
dram,2.00186033,0.9022800000002462,0.45076535786744826,0.44545645940667383,14537.241898,0.4566030000005412,14538.144178,27.799999237060547
core,2.001944221,31.79667100000006,15.885132976797257,16.207326930717027,5319.853019,15.581320000000233,5351.64969,27.799999237060547
uncore,2.002026625,0.009399999999999409,0.004696096958762902,0.0,58.078952,0.009399999999999409,58.088352,27.799999237060547
package-0,2.647680177,46.08838299999479,17.407797459380266,17.643019490709165,51870.034998,34.692598999994516,51916.123381,27.799999237060547
dram,2.647770613,1.1906099999996513,0.4496989563098582,0.44639419365491256,14537.241898,0.9022800000002462,14538.432508,27.799999237060547
core,2.647854388,42.26099999999951,15.962177029099589,16.200935407706833,5319.853019,31.79667100000006,5362.114019,27.799999237060547
uncore,2.648012993,0.009399999999999409,0.0035504238913780656,0.0,58.078952,0.009399999999999409,58.088352,27.799999237060547
