zone,time_elapsed,power_j,watts,watts_since_last,start_power,prev_power,prev_power_reading,temp
package-0,0.000309025,0.0,0.0,0.0,54218.729119,0.0,54218.729119,27.799999237060547
dram,0.000431459,0.0,0.0,0.0,14598.592876,0.0,14598.592876,27.799999237060547
core,0.000512602,0.006225000000085856,31.845341628055905,0.0,7472.060095,0.0,7472.06632,27.799999237060547
uncore,0.000591781,0.0,0.0,0.0,58.487215,0.0,58.487215,27.799999237060547
package-0,1.000820901,16.619708999998693,16.608243034389098,16.61148794139352,54218.729119,0.0,54235.348828,27.799999237060547
dram,1.000938592,0.45538200000009965,0.45506783118094457,0.45515674201816136,14598.592876,0.0,14599.048258,27.799999237060547
core,1.001020764,15.18312700000024,15.172652134764745,15.169394636255882,7472.060095,0.006225000000085856,7487.243222,27.799999237060547
uncore,1.001100338,0.008118000000003178,0.008112399377945431,0.008113984372909057,58.487215,0.0,58.495333,27.799999237060547
package-0,2.001300124,34.05423399999563,17.016934219713146,17.425700555532813,54218.729119,16.619708999998693,54252.783353,27.799999237060547
dram,2.001386739,0.9012430000002496,0.45035201340846925,0.44563532848726267,14598.592876,0.45538200000009965,14599.494119,27.799999237060547
core,2.001466951,31.173077000000376,15.577217233402674,15.981856723827763,7472.060095,15.18312700000024,7503.233172,27.799999237060547
uncore,2.001545687,0.008118000000003178,0.00405657258347679,0.0,58.487215,0.008118000000003178,58.495333,27.799999237060547
package-0,2.663188326,45.549809999996796,17.10408054299718,17.36756010835522,54218.729119,34.05423399999563,54264.278929,27.799999237060547
dram,2.663274955,1.1966519999987213,0.44934615951017653,0.4463050450035774,14598.592876,0.9012430000002496,14599.789528,27.799999237060547
core,2.663354149,41.734511999999995,15.671425515731736,15.956256319210226,7472.060095,31.173077000000376,7513.794607,27.799999237060547
uncore,2.663432388,0.008118000000003178,0.0030483316142946647,0.0,58.487215,0.008118000000003178,58.495333,27.799999237060547
