zone,time_elapsed,power_j,watts,watts_since_last,start_power,prev_power,prev_power_reading,temp
package-0,0.000381894,0.0,0.0,0.0,56435.721124,0.0,56435.721124,27.799999237060547
dram,0.000494734,0.0,0.0,0.0,14656.357316,0.0,14656.357316,27.799999237060547
core,0.000576124,0.006774999999834108,27.141689634615204,0.0,9504.116416,0.0,9504.123191,27.799999237060547
uncore,0.000655634,0.0,0.0,0.0,58.872896,0.0,58.872896,27.799999237060547
package-0,1.000892849,16.56428899999446,16.55173434397721,16.555863820231526,56435.721124,0.0,56452.285413,27.799999237060547
dram,1.000987183,0.45550399999956426,0.45515875753038987,0.4552723146502726,14656.357316,0.0,14656.81282,27.799999237060547
core,1.001068155,15.127768999998807,15.116303132909463,15.113302930817298,9504.116416,0.006774999999834108,9519.244185,27.799999237060547
uncore,1.001147046,0.009399000000001934,0.009391876168009737,0.009394219338146067,58.872896,0.0,58.882295,27.799999237060547
package-0,2.001362116,33.903538999999,16.941111855002074,17.330590094770674,56435.721124,16.56428899999446,56469.624663,27.799999237060547
dram,2.001449028,0.9012419999999111,0.45033769278259483,0.44551538086519765,14656.357316,0.45550399999956426,14657.258558,27.799999237060547
core,2.001529224,31.02305299999898,15.501774341512132,15.887345268330389,9504.116416,15.127768999998807,9535.139469,27.799999237060547
uncore,2.001607547,0.009399000000001934,0.0046965454056345545,0.0,58.872896,0.009399000000001934,58.882295,27.799999237060547
package-0,2.6685820380000003,45.55139699999563,17.0701829924328,17.457319159454954,56435.721124,33.903538999999,56481.272521,27.799999237060547
dram,2.668668722,1.1987879999996949,0.4492404597191451,0.4459494171904321,14656.357316,0.9012419999999111,14657.556104,27.799999237060547
core,2.668748338,41.71546899999885,15.632686072069456,16.02534291693068,9504.116416,31.02305299999898,9545.831885,27.799999237060547
uncore,2.668826524,0.009399000000001934,0.0035222333564418297,0.0,58.872896,0.009399000000001934,58.882295,27.799999237060547
