zone,time_elapsed,power_j,watts,watts_since_last,start_power,prev_power,prev_power_reading,temp
package-0,0.000392715,0.0,0.0,0.0,57261.949661,0.0,57261.949661,27.799999237060547
dram,0.000512041,0.0006720000001223525,2.4463317769118427,0.0,14677.830832,0.0,14677.831504,27.799999237060547
core,0.000603186,0.006652999998550513,24.21941265667449,0.0,10261.552282,0.0,10261.558935,27.799999237060547
uncore,0.000696406,0.0,0.0,0.0,59.01999,0.0,59.01999,27.799999237060547
package-0,1.000939014,17.217302000004565,17.203497294449594,17.208220550899252,57261.949661,0.0,57279.166963,27.799999237060547
dram,1.001045542,0.4558099999994738,0.4554445349086598,0.45489793261928885,14677.830832,0.0006720000001223525,14678.286642,27.799999237060547
core,1.001137701,15.765462999999727,15.752822368229852,15.75049784801736,10261.552282,0.006652999998550513,10277.317745,27.799999237060547
uncore,1.001228174,0.007689999999996644,0.007683834214804652,0.007685943827686964,59.01999,0.0,59.02768,27.799999237060547
package-0,2.001440058,34.85061900000437,17.413727072886743,17.62401455164704,57261.949661,17.217302000004565,57296.80028,27.799999237060547
dram,2.001537278,0.9015479999998206,0.45047437507786603,0.44550285112144505,14677.830832,0.4558099999994738,14678.73238,27.799999237060547
core,2.001628651,31.969827999999325,15.974288989215689,16.195816394623655,10261.552282,15.765462999999727,10293.52211,27.799999237060547
uncore,2.001718304,0.007689999999996644,0.003842444267357886,0.0,59.01999,0.007689999999996644,59.02768,27.799999237060547
package-0,2.63963181,46.08093699999881,17.458067014240548,17.597114546029793,57261.949661,34.85061900000437,57308.030598,27.799999237060547
dram,2.639725685,1.1862160000000586,0.44940575798981525,0.44605463563862363,14677.830832,0.9015479999998206,14679.017048,27.799999237060547
core,2.639817259,42.2695449999992,16.01409600832252,16.138928554006917,10261.552282,31.969827999999325,10303.821827,27.799999237060547
uncore,2.639902923,0.007689999999996644,0.002913407236911322,0.0,59.01999,0.007689999999996644,59.02768,27.799999237060547
