zone,time_elapsed,power_j,watts,watts_since_last,start_power,prev_power,prev_power_reading,temp
package-0,0.000504783,0.0,0.0,0.0,64537.827031,0.0,64537.827031,27.799999237060547
dram,0.00062349,0.0,0.0,0.0,14867.103602,0.0,14867.103602,27.799999237060547
core,0.000737261,0.00994899999932386,24.253608542330724,0.0,16931.212515,0.0,16931.222464,27.799999237060547
uncore,0.000925172,0.0,0.0,0.0,60.279997,0.0,60.279997,27.799999237060547
package-0,1.001175348,16.81172399999923,16.79437809452808,16.801262979226685,64537.827031,0.0,64554.638755,27.799999237060547
dram,1.001274408,0.4558100000012928,0.4553397069383786,0.4555263742483154,14867.103602,0.0,14867.559412,27.799999237060547
core,1.00135898,15.363181000000623,15.347329664030427,15.34367851941372,16931.212515,0.00994899999932386,16946.575696,27.799999237060547
uncore,1.001442132,0.007018999999999664,0.007011757975891845,0.007014632458348225,60.279997,0.0,60.287016,27.799999237060547
package-0,2.001650433,34.462070000001404,17.21774962082465,17.641342229396475,64537.827031,16.81172399999923,64572.289101,27.799999237060547
dram,2.001741028,0.9010600000001432,0.45018263480232307,0.4450228696716502,14867.103602,0.4558100000012928,14868.004662,27.799999237060547
core,2.001824721,31.586527999999817,15.781087163224434,16.215071168191443,16931.212515,15.363181000000623,16962.799043,27.799999237060547
uncore,2.001906635,0.007018999999999664,0.0035067941243389477,0.0,60.279997,0.007018999999999664,60.287016,27.799999237060547
package-0,2.66566634,46.182620999999926,17.325695161238897,17.65107665541744,64537.827031,34.462070000001404,64584.009652,27.799999237060547
dram,2.665756779,1.1970190000010916,0.4490690620662255,0.445712406855112,14867.103602,0.9010600000001432,14868.300621,27.799999237060547
core,2.665851956,42.35090499999933,15.888203266604936,16.211084579114733,16931.212515,31.586527999999817,16973.56342,27.799999237060547
uncore,2.6659993010000003,0.007018999999999664,0.0026332211490709932,0.0,60.279997,0.007018999999999664,60.287016,27.799999237060547
