zone,time_elapsed,power_j,watts,watts_since_last,start_power,prev_power,prev_power_reading,temp
package-0,0.000428729,0.0,0.0,0.0,64445.758114,0.0,64445.758114,27.799999237060547
dram,0.000611217,0.0,0.0,0.0,14864.720491,0.0,14864.720491,27.799999237060547
core,0.000738128,0.010558999998465879,46.86140845389696,0.0,16846.775536,0.0,16846.786095,27.799999237060547
uncore,0.0008659,0.0,0.0,0.0,60.263151,0.0,60.263151,27.799999237060547
package-0,1.001113769,17.243852000006882,17.227150845757897,17.23102964991011,64445.758114,0.0,64463.001966,27.799999237060547
dram,1.001214975,0.45580899999913527,0.45536753619991815,0.455470065138453,14864.720491,0.0,14865.1763,27.799999237060547
core,1.00130035,15.79561399999875,15.780315504867193,15.77331739627307,16846.775536,0.010558999998465879,16862.57115,27.799999237060547
uncore,1.001383536,0.008057000000000869,0.008049196569550178,0.008051008898086421,60.263151,0.0,60.271208,27.799999237060547
package-0,2.001594027,34.88241800000105,17.428260612779347,17.62946144092762,64445.758114,17.243852000006882,64480.640532,27.799999237060547
dram,2.001684387,0.9011809999992693,0.4502559807428458,0.44514211080842814,14864.720491,0.45580899999913527,14865.621672,27.799999237060547
core,2.001768792,32.00534999999945,15.990794583196358,16.201368965012414,16846.775536,15.79561399999875,16878.780886,27.799999237060547
uncore,2.001851771,0.008057000000000869,0.0040255092338258806,0.0,60.263151,0.008057000000000869,60.271208,27.799999237060547
package-0,2.641623449,46.18976200000179,17.48627046985842,17.66768555137201,64445.758114,34.88241800000105,64491.947876,27.799999237060547
dram,2.641726331,1.1866420000005746,0.44923251526827485,0.4460318165966241,14864.720491,0.9011809999992693,14865.907133,27.799999237060547
core,2.6419187429999997,42.3940569999977,16.04931298447751,16.23231844377374,16846.775536,32.00534999999945,16889.169593,27.799999237060547
uncore,2.642127545,0.008057000000000869,0.0030501755167229275,0.0,60.263151,0.008057000000000869,60.271208,27.799999237060547
