zone,time_elapsed,power_j,watts,watts_since_last,start_power,prev_power,prev_power_reading,temp
package-0,0.000420646,0.0,0.0,0.0,184748.966067,0.0,184748.966067,27.799999237060547
dram,0.000536726,0.0,0.0,0.0,12083.344432,0.0,12083.344432,27.799999237060547
core,0.000627699,0.006286999996518716,20.12116866166774,0.0,145380.664567,0.0,145380.670854,27.799999237060547
uncore,0.000713383,0.0,0.0,0.0,24.376219,0.0,24.376219,27.799999237060547
package-0,1.001070599,16.869952000008198,16.856176609941077,16.861440783098352,184748.966067,0.0,184765.836019,27.799999237060547
dram,1.001284379,0.45532099999945785,0.4549492014086414,0.4550912817528024,12083.344432,0.0,12083.799753,27.799999237060547
core,1.001498699,15.443686000013258,15.43107524695811,15.429610533789157,145380.664567,0.006286999996518716,145396.108253,27.799999237060547
uncore,1.001713052,0.008545000000001579,0.008538022463365819,0.0085406888823117,24.376219,0.0,24.384764,27.799999237060547
package-0,2.002018895,34.180942999984836,17.074955880307968,17.293695177674458,184748.966067,16.869952000008198,184783.14701,27.799999237060547
dram,2.002232163,0.9010600000001432,0.4501209854134091,0.44529365157798817,12083.344432,0.45532099999945785,12084.245492,27.799999237060547
core,2.002450037,31.322430000000168,15.6469969337673,15.862879169683087,145380.664567,15.443686000013258,145411.986997,27.799999237060547
uncore,2.002665163,0.008545000000001579,0.004268621202092736,0.0,24.376219,0.008545000000001579,24.384764,27.799999237060547
package-0,2.6216274840000002,44.922125999990385,17.136384761333336,17.334841020825163,184748.966067,34.180942999984836,184793.888193,27.799999237060547
dram,2.621806228,1.1777930000007473,0.4492911581527152,0.4466102625962153,12083.344432,0.9010600000001432,12084.522225,27.799999237060547
core,2.62198476,41.170183000009274,15.705135963129052,15.89296380737799,145380.664567,31.322430000000168,145421.83475,27.799999237060547
uncore,2.622160373,0.008545000000001579,0.0032596499948745025,0.0,24.376219,0.008545000000001579,24.384764,27.799999237060547
