zone,time_elapsed,power_j,watts,watts_since_last,start_power,prev_power,prev_power_reading,temp
package-0,0.000662448,0.0,0.0,0.0,185737.513341,0.0,185737.513341,27.799999237060547
dram,0.000782835,0.0,0.0,0.0,12109.308599,0.0,12109.308599,27.799999237060547
core,0.000872883,0.008239999995566905,15.777702880516268,0.0,146286.418596,0.0,146286.426836,27.799999237060547
uncore,0.000959585,0.0,0.0,0.0,24.527586,0.0,24.527586,27.799999237060547
package-0,1.001209476,16.8423639999819,16.824222777045865,16.833004445518085,185737.513341,0.0,185754.355705,27.799999237060547
dram,1.001311066,0.455749000000651,0.45525810429195507,0.4554957334409602,12109.308599,0.0,12109.764348,27.799999237060547
core,1.001397512,15.411338000005344,15.394738161740303,15.39453826726426,146286.418596,0.008239999995566905,146301.829934,27.799999237060547
uncore,1.001482309,0.006713000000001301,0.006705769303077179,0.006709269485145093,24.527586,0.0,24.534299,27.799999237060547
package-0,2.00169347,34.37527799999225,17.17404063755441,17.524058830222558,185737.513341,16.8423639999819,185771.888619,27.799999237060547
dram,2.001785776,0.9016699999992852,0.45047831239808156,0.44569578323392933,12109.308599,0.455749000000651,12110.210269,27.799999237060547
core,2.001870919,31.506022999994457,15.740548173304976,16.086556221831877,146286.418596,15.411338000005344,146317.924619,27.799999237060547
uncore,2.001954466,0.006713000000001301,0.003353844434362134,0.0,24.527586,0.006713000000001301,24.534299,27.799999237060547
package-0,2.627241062,45.2763730000006,17.234159663689194,17.426524786302412,185737.513341,34.37527799999225,185782.789714,27.799999237060547
dram,2.627345249,1.1811500000003434,0.44959713727007544,0.4467776078724667,12109.308599,0.9016699999992852,12110.489749,27.799999237060547
core,2.627534333,41.50489899999229,15.798572385450388,15.984234652481524,146286.418596,31.506022999994457,146327.923495,27.799999237060547
uncore,2.62772788,0.006713000000001301,0.00255526019768338,0.0,24.527586,0.006713000000001301,24.534299,27.799999237060547
