zone,time_elapsed,power_j,watts,watts_since_last,start_power,prev_power,prev_power_reading,temp
package-0,0.000409407,0.0,0.0,0.0,185511.532413,0.0,185511.532413,27.799999237060547
dram,0.000598165,0.0006720000001223525,2.333827651420448,0.0,12103.393636,0.0,12103.394308,27.799999237060547
core,0.000728426,0.008850000012898818,30.735676698532735,0.0,146079.30438,0.0,146079.31323,27.799999237060547
uncore,0.000870444,0.0,0.0,0.0,24.492857,0.0,24.492857,27.799999237060547
package-0,1.00111955,16.80952700000489,16.793156275575427,16.79798836101178,185511.532413,0.0,185528.34194,27.799999237060547
dram,1.001221822,0.4555659999987256,0.45512232627456845,0.45458174507042387,12103.393636,0.0006720000001223525,12103.849202,27.799999237060547
core,1.0013083759999999,15.369773000013083,15.35480444567324,15.350378732746387,146079.30438,0.008850000012898818,146094.674153,27.799999237060547
uncore,1.001393186,0.005675999999997572,0.0056704721685564155,0.0056721037978661945,24.492857,0.0,24.498533,27.799999237060547
package-0,2.001605268,34.24734899998293,17.11088341309396,17.428754916806387,185511.532413,16.80952700000489,185545.779762,27.799999237060547
dram,2.001696725,0.9013039999990724,0.4503153707969353,0.445506231175159,12103.393636,0.4555659999987256,12104.29494,27.799999237060547
core,2.001781901,31.36936599999899,15.672966814713858,15.991273747705224,146079.30438,15.369773000013083,146110.673746,27.799999237060547
uncore,2.001865542,0.005675999999997572,0.002835880063380327,0.0,24.492857,0.005675999999997572,24.498533,27.799999237060547
package-0,2.630087209,45.2031919999863,17.18768220995009,17.43225989823123,185511.532413,34.24734899998293,185556.735605,27.799999237060547
dram,2.630190786,1.1813939999992726,0.4492033358337931,0.44566188789831823,12103.393636,0.9013039999990724,12104.57503,27.799999237060547
core,2.6303455639999997,41.43324400001438,15.754228834100573,16.013020347252684,146079.30438,31.36936599999899,146120.737624,27.799999237060547
uncore,2.63048847,0.005675999999997572,0.0021581945855430862,0.0,24.492857,0.005675999999997572,24.498533,27.799999237060547
