zone,time_elapsed,power_j,watts,watts_since_last,start_power,prev_power,prev_power_reading,temp
package-0,0.000783088,0.01873799998429604,30.84053541245972,0.0,182081.646662,0.0,182081.6654,27.799999237060547
dram,0.000998459,0.0,0.0,0.0,12013.299812,0.0,12013.299812,27.799999237060547
core,0.001128817,0.009766000002855435,16.07368284654527,0.0,142936.772691,0.0,142936.782457,27.799999237060547
uncore,0.001239438,0.0,0.0,0.0,23.951537,0.0,23.951537,27.799999237060547
package-0,1.001487208,17.23756599999615,17.214206511116835,17.20593366685071,182081.646662,0.01873799998429604,182098.884228,27.799999237060547
dram,1.001588442,0.4565419999998994,0.45592331707378675,0.45620011815695116,12013.299812,0.0,12013.756354,27.799999237060547
core,1.001674125,15.7784629999951,15.757080814657497,15.756888598593795,142936.772691,0.009766000002855435,142952.551154,27.799999237060547
uncore,1.001758639,0.007386000000000337,0.0073759908615371305,0.00738046898797512,23.951537,0.0,23.958923,27.799999237060547
package-0,2.001969468,34.51333999997587,17.24063045529394,17.267076935935705,182081.646662,17.23756599999615,182116.160002,27.799999237060547
dram,2.002060683,0.9017920000005688,0.4504769060184007,0.4450258498256551,12013.299812,0.4565419999998994,12014.201604,27.799999237060547
core,2.002145238,31.634075000009034,15.802336049498244,15.84762988164278,142936.772691,15.7784629999951,142968.406766,27.799999237060547
uncore,2.002228342,0.007386000000000337,0.0036895674699375914,0.0,23.951537,0.007386000000000337,23.958923,27.799999237060547
package-0,2.6092002560000003,45.07050299999537,17.274420243531925,17.38581561839121,182081.646662,34.51333999997587,182126.717165,27.799999237060547
dram,2.609291871,1.1724210000011226,0.4493602624395697,0.4456790043869297,12013.299812,0.9017920000005688,12014.472233,27.799999237060547
core,2.609452452,41.3264940000081,15.839433266320853,15.961732297764481,142936.772691,31.634075000009034,142978.099185,27.799999237060547
uncore,2.609636426,0.007386000000000337,0.0028308729529543017,0.0,23.951537,0.007386000000000337,23.958923,27.799999237060547
