zone,time_elapsed,power_j,watts,watts_since_last,start_power,prev_power,prev_power_reading,temp
package-0,0.000723589,0.0,0.0,0.0,185827.749804,0.0,185827.749804,27.799999237060547
dram,0.000882252,0.0,0.0,0.0,12111.661804,0.0,12111.661804,27.799999237060547
core,0.00101146,0.012084999994840473,21.99232042154005,0.0,146369.14397,0.0,146369.156055,27.799999237060547
uncore,0.001125733,0.0,0.0,0.0,24.54199,0.0,24.54199,27.799999237060547
package-0,1.001377609,16.599811000021873,16.579378921605844,16.5884832390609,185827.749804,0.0,185844.349615,27.799999237060547
dram,1.001478319,0.45556500000020606,0.45500426230243407,0.4552541210738025,12111.661804,0.0,12112.117369,27.799999237060547
core,1.001564479,15.16023999999743,15.141579834981975,15.137817853462812,146369.14397,0.012084999994840473,146384.30421,27.799999237060547
uncore,1.001648802,0.008484000000002823,0.008473557365849854,0.008478210492881758,24.54199,0.0,24.550474,27.799999237060547
package-0,2.001858441,33.98886599999969,16.979574513934192,17.380055937234577,185827.749804,16.599811000021873,185861.73867,27.799999237060547
dram,2.001950793,0.9009980000009818,0.45010512201032216,0.4452024826141253,12111.661804,0.45556500000020606,12112.562802,27.799999237060547
core,2.002035727,31.12791099998867,15.550347701727508,15.959407522005089,146369.14397,15.16023999999743,146400.271881,27.799999237060547
uncore,2.002118727,0.008484000000002823,0.004238291156176465,0.0,24.54199,0.008484000000002823,24.550474,27.799999237060547
package-0,2.635583414,44.99652800001786,17.073412302583876,17.369818882988913,185827.749804,33.98886599999969,185872.746332,27.799999237060547
dram,2.63568684,1.1839570000011008,0.4492387948141481,0.44650231641429516,12111.661804,0.9009980000009818,12112.845761,27.799999237060547
core,2.635877376,41.22438199998578,15.64211511618619,15.931981980098065,146369.14397,31.12791099998867,146410.368352,27.799999237060547
uncore,2.636073302,0.008484000000002823,0.003219155708527385,0.0,24.54199,0.008484000000002823,24.550474,27.799999237060547
