zone,time_elapsed,power_j,watts,watts_since_last,start_power,prev_power,prev_power_reading,temp
package-0,0.000362284,0.0,0.0,0.0,185243.23122,0.0,185243.23122,27.799999237060547
dram,0.00049286,0.0,0.0,0.0,12096.323037,0.0,12096.323037,27.799999237060547
core,0.000580864,0.008788999984972179,36.516001915219135,0.0,145833.537492,0.0,145833.546281,27.799999237060547
uncore,0.000667424,0.0,0.0,0.0,24.449522,0.0,24.449522,27.799999237060547
package-0,1.000994081,16.830584000010276,16.81766241817387,16.821708109834663,185243.23122,0.0,185260.061804,27.799999237060547
dram,1.001183563,0.45556500000020606,0.45521524265195834,0.4553247501724013,12096.323037,0.0,12096.778602,27.799999237060547
core,1.0013746,15.407798000000184,15.395968753743746,15.390888074876944,145833.537492,0.008788999984972179,145848.94529,27.799999237060547
uncore,1.001588291,0.008178999999998382,0.008172720620872865,0.008174686667451735,24.449522,0.0,24.457701,27.799999237060547
package-0,2.001889964,34.041173000005074,17.006223715198516,17.194756291933015,185243.23122,16.830584000010276,185277.272393,27.799999237060547
dram,2.002102478,0.9013039999990724,0.45027171829199963,0.4453289468938428,12096.323037,0.45556500000020606,12097.224341,27.799999237060547
core,2.002319156,31.18436899999506,15.57902706910653,15.762057502353453,145833.537492,15.407798000000184,145864.721861,27.799999237060547
uncore,2.002535743,0.008178999999998382,0.004086049084341495,0.0,24.449522,0.008178999999998382,24.457701,27.799999237060547
package-0,2.617638532,44.59442900001886,17.037320598549456,17.13840810883238,185243.23122,34.041173000005074,185287.825649,27.799999237060547
dram,2.617812891,1.1762660000003962,0.4493929264386735,0.4465362131305541,12096.323037,0.9013039999990724,12097.499303,27.799999237060547
core,2.61798668,40.85109199999715,15.607177102873006,15.698685206618308,145833.537492,31.18436899999506,145874.388584,27.799999237060547
uncore,2.618160075,0.008178999999998382,0.00312479043459553,0.0,24.449522,0.008178999999998382,24.457701,27.799999237060547
