zone,time_elapsed,power_j,watts,watts_since_last,start_power,prev_power,prev_power_reading,temp
package-0,0.000533814,0.0,0.0,0.0,186454.098542,0.0,186454.098542,27.799999237060547
dram,0.000749779,0.0,0.0,0.0,12128.207599,0.0,12128.207599,27.799999237060547
core,0.000921705,0.010437000019010156,29.3908102509079,0.0,146942.715561,0.0,146942.725998,27.799999237060547
uncore,0.001118825,0.0,0.0,0.0,24.638242,0.0,24.638242,27.799999237060547
package-0,1.001457796,16.74458699999377,16.724238535346622,16.73017238384888,186454.098542,0.0,186470.843129,27.799999237060547
dram,1.001680776,0.45562600000084785,0.45507231124439523,0.45523377331316384,12128.207599,0.0,12128.663225,27.799999237060547
core,1.001895607,15.30983600000036,15.291231082685899,15.286228477242727,146942.715561,0.010437000019010156,146958.025397,27.799999237060547
uncore,1.002091986,0.007384999999999309,0.007376025552829054,0.007378642605802005,24.638242,0.0,24.645627,27.799999237060547
package-0,2.002397286,33.92526800002088,16.94403607351982,17.163885914529224,186454.098542,16.74458699999377,186488.02381,27.799999237060547
dram,2.002614005,0.9013649999997142,0.45018836919413424,0.44530326496515554,12128.207599,0.45562600000084785,12129.108964,27.799999237060547
core,2.002829266,31.076092000002973,15.521009999736684,15.75084359478415,146942.715561,15.30983600000036,146973.791653,27.799999237060547
uncore,2.002994056,0.007384999999999309,0.0036884515224125903,0.0,24.638242,0.007384999999999309,24.645627,27.799999237060547
package-0,2.617479294,44.52961100000539,17.01381378509641,17.240957517150168,186454.098542,33.92526800002088,186498.628153,27.799999237060547
dram,2.617676298,1.1759000000001834,0.4492862879465883,0.4463497900799535,12128.207599,0.9013649999997142,12129.383499,27.799999237060547
core,2.6178497800000002,40.781451000017114,15.581721861442736,15.779354006955383,146942.715561,31.076092000002973,146983.497012,27.799999237060547
uncore,2.618017483,0.007384999999999309,0.00282165085167508,0.0,24.638242,0.007384999999999309,24.645627,27.799999237060547
