zone,time_elapsed,power_j,watts,watts_since_last,start_power,prev_power,prev_power_reading,temp
package-0,0.00046974,0.0,0.0,0.0,182397.17564,0.0,182397.17564,27.799999237060547
dram,0.000688313,0.0,0.0,0.0,12021.512071,0.0,12021.512071,27.799999237060547
core,0.000859694,0.01061999998637475,39.67231114139985,0.0,143226.095925,0.0,143226.106545,27.799999237060547
uncore,0.000994689,0.0,0.0,0.0,24.002379,0.0,24.002379,27.799999237060547
package-0,1.001237806,16.883929000003263,16.865131849244765,16.869642706901928,182397.17564,0.0,182414.059569,27.799999237060547
dram,1.001338196,0.45568700000148965,0.45517967630700396,0.4553014216183723,12021.512071,0.0,12021.967758,27.799999237060547
core,1.001424132,15.446616000001086,15.42941903301191,15.422934871697528,143226.095925,0.01061999998637475,143241.542541,27.799999237060547
uncore,1.001508581,0.006225999999998066,0.0062190684936749615,0.006220731886110068,24.002379,0.0,24.008605,27.799999237060547
package-0,2.001715157,34.378513000003295,17.17546923558217,17.486000070107615,182397.17564,16.883929000003263,182431.554153,27.799999237060547
dram,2.001807407,0.9012430000002496,0.45026006273996155,0.4453373825416581,12021.512071,0.45568700000148965,12022.413314,27.799999237060547
core,2.001892697,31.519633999996586,15.747176269191725,16.06513157870812,143226.095925,15.446616000001086,143257.615559,27.799999237060547
uncore,2.001976173,0.006225999999998066,0.0031105031058408818,0.0,24.002379,0.006225999999998066,24.008605,27.799999237060547
package-0,2.634546877,45.34631900000386,17.21299010683876,17.331668595645176,182397.17564,34.378513000003295,182442.521959,27.799999237060547
dram,2.634738451,1.1835300000002462,0.44925565360992986,0.4460787082538276,12021.512071,0.9012430000002496,12022.695601,27.799999237060547
core,2.6349301880000002,41.58082599999034,15.783648206857908,15.899008919472067,143226.095925,31.519633999996586,143267.676751,27.799999237060547
uncore,2.635122038,0.006225999999998066,0.0023633247145184093,0.0,24.002379,0.006225999999998066,24.008605,27.799999237060547
