zone,time_elapsed,power_j,watts,watts_since_last,start_power,prev_power,prev_power_reading,temp
package-0,0.000641501,0.0,0.0,0.0,185332.593174,0.0,185332.593174,27.799999237060547
dram,0.000758863,0.0,0.0,0.0,12098.683748,0.0,12098.683748,27.799999237060547
core,0.00084738,0.007140999980038032,13.009110531054505,0.0,145915.379202,0.0,145915.386343,27.799999237060547
uncore,0.000983888,0.0,0.0,0.0,24.463377,0.0,24.463377,27.799999237060547
package-0,1.001342352,16.74342600000091,16.72507193950464,16.7342476835027,185332.593174,0.0,185349.3366,27.799999237060547
dram,1.001551562,0.4559930000013992,0.4554931427375453,0.4557430363395429,12098.683748,0.0,12099.139741,27.799999237060547
core,1.00176987,15.305624999979045,15.288847049804284,15.2900977636281,145915.379202,0.007140999980038032,145930.684827,27.799999237060547
uncore,1.001971544,0.006896999999998599,0.006889439542823184,0.006893219241575076,24.463377,0.0,24.470274,27.799999237060547
package-0,2.002283694,34.03738799999701,17.00103572972902,17.277031908165682,185332.593174,16.74342600000091,185366.630562,27.799999237060547
dram,2.002498309,0.9017320000002655,0.45039819009160953,0.44530263948168813,12098.683748,0.4559930000013992,12099.58548,27.799999237060547
core,2.002713166,31.168315999995684,15.567988176750161,15.84716206481325,145915.379202,15.305624999979045,145946.547518,27.799999237060547
uncore,2.002928155,0.006896999999998599,0.003444921902583345,0.0,24.463377,0.006896999999998599,24.470274,27.799999237060547
package-0,2.61267722,44.54785899998387,17.051886994334335,17.218673192021246,185332.593174,34.03738799999701,185377.141033,27.799999237060547
dram,2.612772679,1.173887000000832,0.44933671151602556,0.44585518599405777,12098.683748,0.9017320000002655,12099.857635,27.799999237060547
core,2.61285948,40.80812299999525,15.620402808742542,15.792316668525956,145915.379202,31.168315999995684,145956.187325,27.799999237060547
uncore,2.613071541,0.006896999999998599,0.002640011601903081,0.0,24.463377,0.006896999999998599,24.470274,27.799999237060547
