zone,time_elapsed,power_j,watts,watts_since_last,start_power,prev_power,prev_power_reading,temp
package-0,0.00064661,0.0,0.0,0.0,182217.004104,0.0,182217.004104,27.799999237060547
dram,0.000773006,0.0,0.0,0.0,12016.822996,0.0,12016.822996,27.799999237060547
core,0.000966093,0.008910999982617795,16.189249405675586,0.0,143060.882481,0.0,143060.891392,27.799999237060547
uncore,0.001060845,0.0,0.0,0.0,23.973327,0.0,23.973327,27.799999237060547
package-0,1.001310138,17.065935000020545,17.046055770458644,17.05543260573059,182217.004104,0.0,182234.070039,27.799999237060547
dram,1.001412711,0.45556499999838707,0.45503433577077085,0.45528464481979997,12016.822996,0.0,12017.278561,27.799999237060547
core,1.001498869,15.621541999978945,15.603345269502233,15.603022970511546,143060.882481,0.008910999982617795,143076.504023,27.799999237060547
uncore,1.00158308,0.007933999999998775,0.007924758091638999,0.007929117408081228,23.973327,0.0,23.981261,27.799999237060547
package-0,2.00179667,34.446993999998085,17.208977656482933,17.37200457221846,182217.004104,17.065935000020545,182251.451098,27.799999237060547
dram,2.001888804,0.9009989999995014,0.45011973060713945,0.4452019571794167,12016.822996,0.45556499999838707,12017.723995,27.799999237060547
core,2.001973876,31.581034999981057,15.777206152830338,15.95117911783646,143060.882481,15.621541999978945,143092.463516,27.799999237060547
uncore,2.002056811,0.007933999999998775,0.003963655833844954,0.0,23.973327,0.007933999999998775,23.981261,27.799999237060547
package-0,2.613632164,45.08222100001876,17.249695784199975,17.382912845049486,182217.004104,34.446993999998085,182262.086325,27.799999237060547
dram,2.613857533,1.1741299999994226,0.4492543814796598,0.44642322803928963,12016.822996,0.9009989999995014,12017.997126,27.799999237060547
core,2.614036665,41.340408999996725,15.8179757568743,15.951361232269374,143060.882481,31.581034999981057,143102.22289,27.799999237060547
uncore,2.614148977,0.007933999999998775,0.0030357662802763096,0.0,23.973327,0.007933999999998775,23.981261,27.799999237060547
