zone,time_elapsed,power_j,watts,watts_since_last,start_power,prev_power,prev_power_reading,temp
package-0,0.000374918,0.0,0.0,0.0,185153.323796,0.0,185153.323796,27.799999237060547
dram,0.000498596,0.0,0.0,0.0,12093.962081,0.0,12093.962081,27.799999237060547
core,0.000587251,0.0076289999997243285,31.266521582975045,0.0,145751.167037,0.0,145751.174666,27.799999237060547
uncore,0.000673819,0.0,0.0,0.0,24.43701,0.0,24.43701,27.799999237060547
package-0,1.001006154,16.914690999983577,16.901616247686693,16.905738042325385,185153.323796,0.0,185170.238487,27.799999237060547
dram,1.001226732,0.45593100000041886,0.45557857352750947,0.4556896754064275,12093.962081,0.0,12094.418012,27.799999237060547
core,1.001439759,15.472859999979846,15.460899757145715,15.457045242503554,145751.167037,0.0076289999997243285,145766.639897,27.799999237060547
uncore,1.001656988,0.006529999999997926,0.0065249524272992165,0.00652654366647649,24.43701,0.0,24.44354,27.799999237060547
package-0,2.001965868,34.20962999999756,17.08974820801052,17.277839554153225,185153.323796,16.914690999983577,185187.533426,27.799999237060547
dram,2.002179849,0.9016090000004624,0.4504074084427443,0.44523735971606654,12093.962081,0.45593100000041886,12094.86369,27.799999237060547
core,2.002393272,31.336344999988796,15.654371175870542,15.847800827724772,145751.167037,15.472859999979846,145782.503382,27.799999237060547
uncore,2.002605657,0.006529999999997926,0.0032621240217529748,0.0,24.43701,0.006529999999997926,24.44354,27.799999237060547
package-0,2.6252373970000003,44.98456499999156,17.136597069451497,17.28705605698901,185153.323796,34.20962999999756,185198.308361,27.799999237060547
dram,2.625412319,1.179744999999457,0.44941669903209114,0.44623495394190216,12093.962081,0.9016090000004624,12095.141826,27.799999237060547
core,2.625585698,41.22218399998383,15.70334085770632,15.860611035089992,145751.167037,31.336344999988796,145792.389221,27.799999237060547
uncore,2.6257590840000002,0.006529999999997926,0.0024875638758206004,0.0,24.43701,0.006529999999997926,24.44354,27.799999237060547
