zone,time_elapsed,power_j,watts,watts_since_last,start_power,prev_power,prev_power_reading,temp
package-0,0.000517729,0.0,0.0,0.0,34744.932415,0.0,34744.932415,27.799999237060547
dram,0.000676909,0.0007930000000442305,2.1254925086285628,0.0,947.99739,0.0,947.998183,27.799999237060547
core,0.000817784,0.01049800000328105,28.137982801149988,0.0,31624.838168,0.0,31624.848666,27.799999237060547
uncore,0.000947909,0.0,0.0,0.0,5.067675,0.0,5.067675,27.799999237060547
package-0,1.001203109,19.083202999994683,19.06313544700411,19.07024288200232,34744.932415,0.0,34764.015618,27.799999237060547
dram,1.001305803,0.45873900000003687,0.4582565983198082,0.45763499171725663,947.99739,0.0007930000000442305,948.456129,27.799999237060547
core,1.001392332,17.645646000000852,17.627090156091526,17.623171310398195,31624.838168,0.01049800000328105,31642.483814,27.799999237060547
uncore,1.00147718,0.00665199999999988,0.006645004876461483,0.00664748237762353,5.067675,0.0,5.074327,27.799999237060547
package-0,2.001703327,39.1112890000004,19.540211445598352,20.017538138616796,34744.932415,19.083202999994683,34784.043704,27.799999237060547
dram,2.001800594,0.9049649999999474,0.45212540683240343,0.44599099351970417,947.99739,0.45873900000003687,948.902355,27.799999237060547
core,2.001886729,36.23239000000103,18.101897939988536,18.576955226405776,31624.838168,17.645646000000852,31661.070558,27.799999237060547
uncore,2.001970342,0.00665199999999988,0.003323375165060824,0.0,5.067675,0.00665199999999988,5.074327,27.799999237060547
package-0,2.536167636,49.779412999996566,19.628936324051278,19.961226460597672,34744.932415,39.1112890000004,34794.711828,27.799999237060547
dram,2.536362222,1.143856000000028,0.451043418046856,0.44699118143002076,947.99739,0.9049649999999474,949.141246,27.799999237060547
core,2.536556629,46.143009000003076,18.195035475031574,18.543851779733142,31624.838168,36.23239000000103,31670.981177,27.799999237060547
uncore,2.5367479790000003,0.00665199999999988,0.0026230057077530375,0.0,5.067675,0.00665199999999988,5.074327,27.799999237060547
