zone,time_elapsed,power_j,watts,watts_since_last,start_power,prev_power,prev_power_reading,temp
package-0,0.000685047,0.019531999998434912,35.75639082041789,0.0,26845.634094,0.0,26845.653626,27.799999237060547
dram,0.000842116,0.0007930000000442305,1.4517109320317922,0.0,764.157101,0.0,764.157894,27.799999237060547
core,0.000983329,0.009154999999736901,16.759664037361695,0.0,24305.171299,0.0,24305.180454,27.799999237060547
uncore,0.001069295,0.0,0.0,0.0,3.88976,0.0,3.88976,27.799999237060547
package-0,1.001326509,19.050733000000037,19.02838967456027,19.019257704971704,26845.634094,0.019531999998434912,26864.684827,27.799999237060547
dram,1.001428617,0.46423200000003817,0.4636875334613725,0.4631481624062257,764.157101,0.0007930000000442305,764.621333,27.799999237060547
core,1.001513939,17.60768199999802,17.587031132172314,17.587482799474493,24305.171299,0.009154999999736901,24322.778981,27.799999237060547
uncore,1.001597787,0.006470000000000198,0.006462411771474015,0.006465939661462266,3.88976,0.0,3.89623,27.799999237060547
package-0,2.00182715,39.1606670000001,19.56355047782454,20.099049681229992,26845.634094,19.050733000000037,26884.794761,27.799999237060547
dram,2.001924808,0.9157689999999548,0.4574920303968767,0.4512926097078111,764.157101,0.46423200000003817,765.07287,27.799999237060547
core,2.002051262,36.274625999998534,18.121766843633583,18.656840686436226,24305.171299,17.60768199999802,24341.445925,27.799999237060547
uncore,2.002135082,0.006470000000000198,0.0032322271628194765,0.0,3.88976,0.006470000000000198,3.89623,27.799999237060547
package-0,2.53090037,49.78136699999959,19.67087078058678,20.076967297141614,26845.634094,39.1606670000001,26895.415461,27.799999237060547
dram,2.53100933,1.1555759999999964,0.4566203690860371,0.4533220311868998,764.157101,0.9157689999999548,765.312677,27.799999237060547
core,2.531198766,46.13818699999683,18.23128550341926,18.64570053107016,24305.171299,36.274625999998534,24351.309486,27.799999237060547
uncore,2.5313931629999997,0.006470000000000198,0.0025565897768617205,0.0,3.88976,0.006470000000000198,3.89623,27.799999237060547
