zone,time_elapsed,power_j,watts,watts_since_last,start_power,prev_power,prev_power_reading,temp
package-0,0.00046926,0.0,0.0,0.0,36343.26304,0.0,36343.26304,27.799999237060547
dram,0.000634249,0.0,0.0,0.0,984.883831,0.0,984.883831,27.799999237060547
core,0.000793715,0.006896999999298714,21.64790221971417,0.0,33106.327356,0.0,33106.334253,27.799999237060547
uncore,0.000925618,0.0,0.0,0.0,5.30211,0.0,5.30211,27.799999237060547
package-0,1.001269189,19.303844000001845,19.283695450094513,19.289834757509205,36343.26304,0.0,36362.566884,27.799999237060547
dram,1.001487417,0.4595930000000408,0.45911329593189965,0.4592594628151712,984.883831,0.0,985.343424,27.799999237060547
core,1.001675744,17.866348999996262,17.847700847613336,17.84649098591844,33106.327356,0.006896999999298714,33124.193705,27.799999237060547
uncore,1.001810567,0.007812000000000374,0.0078038461591448385,0.007806330652364094,5.30211,0.0,5.309922,27.799999237060547
package-0,2.002127591,39.284262000001036,19.62322441574044,19.962808586953745,36343.26304,19.303844000001845,36382.547302,27.799999237060547
dram,2.002326875,0.9068580000000566,0.452992550737244,0.4468708103426337,984.883831,0.4595930000000408,985.790689,27.799999237060547
core,2.002532449,36.413480999995954,18.189215554595435,18.530785790015678,33106.327356,17.866348999996262,33142.740837,27.799999237060547
uncore,2.002726771,0.007812000000000374,0.0039022402695452854,0.0,5.30211,0.007812000000000374,5.309922,27.799999237060547
package-0,2.503496554,49.277766999999585,19.685160710932276,19.932467871267427,36343.26304,39.284262000001036,36392.540807,27.799999237060547
dram,2.503677306,1.1315889999999627,0.4520397875115282,0.44823547265714864,984.883831,0.9068580000000566,986.01542,27.799999237060547
core,2.503849851,45.69330400000035,18.253262828518572,18.508998974700372,33106.327356,36.413480999995954,33152.02066,27.799999237060547
uncore,2.504022629,0.007812000000000374,0.0031206867688183112,0.0,5.30211,0.007812000000000374,5.309922,27.799999237060547
