zone,time_elapsed,power_j,watts,watts_since_last,start_power,prev_power,prev_power_reading,temp
package-0,0.000742968,0.0,0.0,0.0,28433.065577,0.0,28433.065577,27.799999237060547
dram,0.000869223,0.0009159999999610591,1.6553897755484095,0.0,801.268578,0.0,801.269494,27.799999237060547
core,0.000957609,0.009399999999004649,16.987624333153786,0.0,25775.36419,0.0,25775.37359,27.799999237060547
uncore,0.001043092,0.0,0.0,0.0,4.126942,0.0,4.126942,27.799999237060547
package-0,1.001290148,18.916395000000193,18.894753063210114,18.90520217505245,28433.065577,0.0,28451.981972,27.799999237060547
dram,1.001390458,0.4597769999999173,0.4592509766867262,0.4585894920911636,801.268578,0.0009159999999610591,801.728355,27.799999237060547
core,1.001475453,17.47023099999933,17.450243595686295,17.45049943181172,25775.36419,0.009399999999004649,25792.834421,27.799999237060547
uncore,1.001559303,0.007813000000000514,0.007804061275040451,0.007808377050367844,4.126942,0.0,4.134755,27.799999237060547
package-0,2.001782124,38.79573799999707,19.381777705457687,19.869109176886013,28433.065577,18.916395000000193,28471.861315,27.799999237060547
dram,2.001876763,0.9069799999999759,0.45311381222589125,0.4469727813053739,801.268578,0.4597769999999173,802.175558,27.799999237060547
core,2.001991248,35.910735999997996,17.940473316718204,18.431011886154558,25775.36419,17.47023099999933,25811.274926,27.799999237060547
uncore,2.002093806,0.007813000000000514,0.003903259404751169,0.0,4.126942,0.007813000000000514,4.134755,27.799999237060547
package-0,2.627621113,51.18523300000015,19.480698267392665,19.79708971143479,28433.065577,38.79573799999707,28484.25081,27.799999237060547
dram,2.627729412,1.1870699999999488,0.4517895325839924,0.44755390411585416,801.268578,0.9069799999999759,802.455648,27.799999237060547
core,2.627922687,47.41815299999871,18.046977162144252,18.387623280516866,25775.36419,35.910735999997996,25822.782343,27.799999237060547
uncore,2.628112542,0.007813000000000514,0.0029735665277356156,0.0,4.126942,0.007813000000000514,4.134755,27.799999237060547
