zone,time_elapsed,power_j,watts,watts_since_last,start_power,prev_power,prev_power_reading,temp
package-0,0.000632706,0.017028999995091,37.93368453959213,0.0,38935.760797,0.0,38935.777826,27.799999237060547
dram,0.000792789,0.0007319999999708671,1.6305982200881395,0.0,1044.818858,0.0,1044.81959,27.799999237060547
core,0.000919513,0.008971999995992519,19.985966153932303,0.0,35509.362648,0.0,35509.37162,27.799999237060547
uncore,0.001058296,0.0,0.0,0.0,5.687912,0.0,5.687912,27.799999237060547
package-0,1.001413199,19.466929999995045,19.444213888790973,19.435919654580914,38935.760797,0.017028999995091,38955.227727,27.799999237060547
dram,1.00156275,0.46264499999983855,0.4621051359705331,0.4615809589675486,1044.818858,0.0007319999999708671,1045.281503,27.799999237060547
core,1.001724806,18.030165999996825,18.009126459818486,18.008239664748558,35509.362648,0.008971999995992519,35527.392814,27.799999237060547
uncore,1.0019202,0.0067750000000001975,0.006767094200091962,0.00677012986645998,5.687912,0.0,5.694687,27.799999237060547
package-0,2.002236999,39.583090000000084,19.771506123798932,20.098899567528935,38935.760797,19.466929999995045,38975.343887,27.799999237060547
dram,2.002451989,0.9126559999999699,0.4558659693551263,0.44962487339947776,1044.818858,0.46264499999983855,1045.731514,27.799999237060547
core,2.002662633,36.71328399999766,18.338055958509592,18.667087172214515,35509.362648,18.030165999996825,35546.075932,27.799999237060547
uncore,2.002858246,0.0067750000000001975,0.003384070167052178,0.0,5.687912,0.0067750000000001975,5.694687,27.799999237060547
package-0,2.5211472280000002,49.99822399999539,19.833097642641103,20.070720910525736,38935.760797,39.583090000000084,38985.759021,27.799999237060547
dram,2.521308553,1.1470919999999296,0.4550239152713339,0.45177522702841105,1044.818858,0.9126559999999699,1045.96595,27.799999237060547
core,2.521423842,46.37909199999558,18.397474682561366,18.62671519567321,35509.362648,36.71328399999766,35555.74174,27.799999237060547
uncore,2.521509954,0.0067750000000001975,0.00268748018987454,0.0,5.687912,0.0067750000000001975,5.694687,27.799999237060547
