zone,time_elapsed,power_j,watts,watts_since_last,start_power,prev_power,prev_power_reading,temp
package-0,0.000766903,0.0,0.0,0.0,40241.808174,0.0,40241.808174,27.799999237060547
dram,0.000957283,0.0009159999999610591,1.5981241232318728,0.0,1074.680781,0.0,1074.681697,27.799999237060547
core,0.001084292,0.011474999999336433,20.02016846485249,0.0,36720.950366,0.0,36720.961841,27.799999237060547
uncore,0.00119294,0.0,0.0,0.0,5.875351,0.0,5.875351,27.799999237060547
package-0,1.001447495,19.63666899999953,19.611221576937403,19.622454042974354,40241.808174,0.0,40261.444843,27.799999237060547
dram,1.001551846,0.46746699999994235,0.4668612032369281,0.46621326438835325,1074.680781,0.0009159999999610591,1075.148248,27.799999237060547
core,1.001637754,18.19068800000241,18.16711444313657,18.166053093323047,36720.950366,0.011474999999336433,36739.141054,27.799999237060547
uncore,1.001722434,0.008849999999999802,0.00883853116615126,0.008843593497467587,5.875351,0.0,5.884201,27.799999237060547
package-0,2.001944824,40.03609100000176,19.99979247939674,20.3886623727629,40241.808174,19.63666899999953,40281.844265,27.799999237060547
dram,2.002039255,0.9237650000000031,0.4614613424604609,0.4560573266912752,1074.680781,0.46746699999994235,1075.604546,27.799999237060547
core,2.002124099,37.142727000005834,18.5544296050024,18.94204279152922,36720.950366,18.19068800000241,36758.093093,27.799999237060547
uncore,2.00220856,0.008849999999999802,0.004420965159726742,0.0,5.875351,0.008849999999999802,5.884201,27.799999237060547
package-0,2.518394374,50.55223900000419,20.074257110453317,20.362898851075098,40241.808174,40.03609100000176,40292.360413,27.799999237060547
dram,2.518504516,1.1599699999999302,0.46062323808069516,0.4573745560746766,1074.680781,0.9237650000000031,1075.840751,27.799999237060547
core,2.518699352,46.92578300000605,18.634194086860973,18.943379247074276,36720.950366,37.142727000005834,36767.876149,27.799999237060547
uncore,2.518813314,0.008849999999999802,0.003514328523163794,0.0,5.875351,0.008849999999999802,5.884201,27.799999237060547
