zone,time_elapsed,power_j,watts,watts_since_last,start_power,prev_power,prev_power_reading,temp
package-0,0.000657908,0.0,0.0,0.0,33250.326622,0.0,33250.326622,27.799999237060547
dram,0.000784132,0.0009160000000747459,1.6944731688215935,0.0,913.295452,0.0,913.296368,27.799999237060547
core,0.000912674,0.0064089999978023116,11.855762592104256,0.0,30239.941567,0.0,30239.947976,27.799999237060547
uncore,0.001030071,0.0,0.0,0.0,4.835497,0.0,4.835497,27.799999237060547
package-0,1.001382558,19.368357999999716,19.346356510828628,19.3568085472551,33250.326622,0.0,33269.69498,27.799999237060547
dram,1.001601728,0.4596549999999979,0.4591328548339009,0.45846545154513874,913.295452,0.0009160000000747459,913.755107,27.799999237060547
core,1.001800516,17.92933599999742,17.90896916808277,17.912239465288017,30239.941567,0.0064089999978023116,30257.870903,27.799999237060547
uncore,1.002013609,0.006896999999999487,0.006889165351816456,0.006892887282980336,4.835497,0.0,4.842394,27.799999237060547
package-0,2.002333355,39.30861500000174,19.63348687434267,19.920661284544348,33250.326622,19.368357999999716,33289.635237,27.799999237060547
dram,2.002546992,0.9067360000000235,0.4528877284150981,0.44664164397454753,913.295452,0.4596549999999979,914.202188,27.799999237060547
core,2.002746473,36.43765099999655,18.199525540146347,18.490126484457885,30239.941567,17.92933599999742,30276.379218,27.799999237060547
uncore,2.002948096,0.006896999999999487,0.0034448468604738516,0.0,4.835497,0.006896999999999487,4.842394,27.799999237060547
package-0,2.493386551,49.08428599999752,19.687365739742518,19.90703472528214,33250.326622,39.30861500000174,33299.410908,27.799999237060547
dram,2.493565823,1.1270719999999983,0.45206074056010853,0.44868903661254106,913.295452,0.9067360000000235,914.422524,27.799999237060547
core,2.493738198,45.509282999999414,18.253456900126455,18.47333991079647,30239.941567,36.43765099999655,30285.45085,27.799999237060547
uncore,2.493910997,0.006896999999999487,0.0027663387322574254,0.0,4.835497,0.006896999999999487,4.842394,27.799999237060547
