zone,time_elapsed,power_j,watts,watts_since_last,start_power,prev_power,prev_power_reading,temp
package-0,0.000309917,0.0,0.0,0.0,24228.469835,0.0,24228.469835,27.799999237060547
dram,0.000430266,0.0,0.0,0.0,703.109284,0.0,703.109284,27.799999237060547
core,0.000511794,0.006529999998747371,32.906174562707534,0.0,21880.571671,0.0,21880.578201,27.799999237060547
uncore,0.000590753,0.0,0.0,0.0,3.489004,0.0,3.489004,27.799999237060547
package-0,1.000829437,19.109204000000318,19.096140597563494,19.09992825354348,24228.469835,0.0,24247.579039,27.799999237060547
dram,1.0009247,0.4589220000000296,0.4586082725013273,0.4586992359269963,703.109284,0.0,703.568206,27.799999237060547
core,1.001006065,17.67817699999796,17.66609187387233,17.663069054154544,21880.571671,0.006529999998747371,21898.249848,27.799999237060547
uncore,1.001085829,0.00811800000000007,0.008112450386265131,0.008114059463819882,3.489004,0.0,3.497122,27.799999237060547
package-0,2.001306073,39.048423000000184,19.512620135328113,19.929174636195697,24228.469835,19.109204000000318,24267.518258,27.799999237060547
dram,2.001396133,0.906612999999993,0.45303737563870394,0.4474654760576339,703.109284,0.4589220000000296,704.015897,27.799999237060547
core,2.001476738,36.175382999997964,18.07695298550119,18.487888048959665,21880.571671,17.67817699999796,21916.747054,27.799999237060547
uncore,2.001556027,0.00811800000000007,0.00405659020490006,0.0,3.489004,0.00811800000000007,3.497122,27.799999237060547
package-0,2.518614999,49.33623799999987,19.589633783930392,19.88756365251124,24228.469835,39.048423000000184,24277.806073,27.799999237060547
dram,2.518706836,1.1387909999999692,0.4521726736934286,0.448827545374059,703.109284,0.906612999999993,704.248075,27.799999237060547
core,2.5187876989999998,45.724553000000014,18.155564439346154,18.459675470806715,21880.571671,36.175382999997964,21926.296224,27.799999237060547
uncore,2.518866945,0.00811800000000007,0.003223363870142444,0.0,3.489004,0.00811800000000007,3.497122,27.799999237060547
