zone,time_elapsed,power_j,watts,watts_since_last,start_power,prev_power,prev_power_reading,temp
package-0,0.000682737,0.0,0.0,0.0,37937.294115,0.0,37937.294115,27.799999237060547
dram,0.000817922,0.0,0.0,0.0,1021.922554,0.0,1021.922554,27.799999237060547
core,0.000933216,0.008240000002842862,14.70905875027064,0.0,34583.409146,0.0,34583.417386,27.799999237060547
uncore,0.001019146,0.0,0.0,0.0,5.54271,0.0,5.54271,27.799999237060547
package-0,1.00137862,18.641737000005378,18.620551411774976,18.63097660494329,37937.294115,0.0,37955.935852,27.799999237060547
dram,1.001602308,0.4628290000000561,0.46230301335969703,0.46256184555590796,1021.922554,0.0,1022.385383,27.799999237060547
core,1.001815089,17.203387000001385,17.183836038996507,17.185221606518812,34583.409146,0.008240000002842862,34600.612533,27.799999237060547
uncore,1.002026775,0.00665300000000002,0.00664543913169162,0.006649159751189082,5.54271,0.0,5.549363,27.799999237060547
package-0,2.002322624,38.53218900000502,19.24566656252022,19.87087704006046,37937.294115,18.641737000005378,37975.826304,27.799999237060547
dram,2.002545016,0.9150980000000573,0.45706385848019004,0.45182390465693234,1021.922554,0.4628290000000561,1022.837652,27.799999237060547
core,2.002757941,35.66177400000015,17.811980820292,18.440221390385325,34583.409146,17.203387000001385,34619.07092,27.799999237060547
uncore,2.002968743,0.00665300000000002,0.0033229728952183517,0.0,5.54271,0.00665300000000002,5.549363,27.799999237060547
package-0,2.635046843,51.094840000005206,19.39199826026311,19.855038325595643,37937.294115,38.53218900000502,37988.388955,27.799999237060547
dram,2.635225235,1.2023289999999633,0.4563193049681886,0.4539633006836863,1021.922554,0.9150980000000573,1023.124883,27.799999237060547
core,2.635397836,47.32727200000227,17.96209512128719,18.437104547216816,34583.409146,35.66177400000015,34630.736418,27.799999237060547
uncore,2.635569933,0.00665300000000002,0.002525009657051822,0.0,5.54271,0.00665300000000002,5.549363,27.799999237060547
