zone,time_elapsed,power_j,watts,watts_since_last,start_power,prev_power,prev_power_reading,temp
package-0,0.000578156,0.0,0.0,0.0,28631.113898,0.0,28631.113898,27.799999237060547
dram,0.000736232,0.0,0.0,0.0,805.905956,0.0,805.905956,27.799999237060547
core,0.000936103,0.008116999997582752,19.305414167569076,0.0,25958.769788,0.0,25958.777905,27.799999237060547
uncore,0.001063408,0.0,0.0,0.0,4.157643,0.0,4.157643,27.799999237060547
package-0,1.001408451,18.94264000000112,18.920531944959926,18.928481174298565,28631.113898,0.0,28650.056538,27.799999237060547
dram,1.001629597,0.4644770000001017,0.4639349064439041,0.464129823002289,805.905956,0.0,806.370433,27.799999237060547
core,1.001840614,17.501541999998153,17.481115858032634,17.48034940148232,25958.769788,0.008116999997582752,25976.27133,27.799999237060547
uncore,1.002051911,0.008484000000000158,0.00847409827885836,0.008477658567271644,4.157643,0.0,4.166127,27.799999237060547
package-0,2.002379346,38.67879600000015,19.3185248072497,19.716587641663253,28631.113898,18.94264000000112,28669.792694,27.799999237060547
dram,2.002589632,0.9193710000000692,0.45918935714977355,0.45444297352871377,805.905956,0.4644770000001017,806.825327,27.799999237060547
core,2.002799582,35.806242999999085,17.88379849387997,18.286551926371942,25958.769788,17.501541999998153,25994.576031,27.799999237060547
uncore,2.003011766,0.008484000000000158,0.004237421569810727,0.0,4.157643,0.008484000000000158,4.166127,27.799999237060547
package-0,2.531741514,49.12780399999974,19.406268587341955,19.738121849533695,28631.113898,38.67879600000015,28680.241702,27.799999237060547
dram,2.531918668,1.1597260000000915,0.4581103247302817,0.45402934681888424,805.905956,0.9193710000000692,807.065682,27.799999237060547
core,2.532091374,45.499211999998806,17.972916692640965,18.30996810469996,25958.769788,35.806242999999085,26004.269,27.799999237060547
uncore,2.532264966,0.008484000000000158,0.003351315737520307,0.0,4.157643,0.008484000000000158,4.166127,27.799999237060547
