zone,time_elapsed,power_j,watts,watts_since_last,start_power,prev_power,prev_power_reading,temp
package-0,0.000504539,0.0,0.0,0.0,37487.363016,0.0,37487.363016,27.799999237060547
dram,0.000672156,0.0,0.0,0.0,1011.457249,0.0,1011.457249,27.799999237060547
core,0.000807218,0.011352999994414859,36.213023018426625,0.0,34166.340878,0.0,34166.352231,27.799999237060547
uncore,0.000939361,0.0,0.0,0.0,5.472886,0.0,5.472886,27.799999237060547
package-0,1.001287624,19.075817999997525,19.055880289791443,19.061850048137753,37487.363016,0.0,37506.438834,27.799999237060547
dram,1.00144885,0.4584949999999708,0.4580157890722434,0.4581592746283014,1011.457249,0.0,1011.915744,27.799999237060547
core,1.002272815,17.655472999998892,17.63701980946073,17.631200385298143,34166.340878,0.011352999994414859,34183.996351,27.799999237060547
uncore,1.00236119,0.00695800000000002,0.006950727620508144,0.006952905119715446,5.472886,0.0,5.479844,27.799999237060547
package-0,2.002679914,38.781089999996766,19.366678744581,19.67736170886084,37487.363016,19.075817999997525,37526.144106,27.799999237060547
dram,2.002895855,0.9047829999999522,0.4518346878480921,0.4456558834774804,1011.457249,0.4584949999999708,1012.362032,27.799999237060547
core,2.003108303,35.92562799999723,17.94070502333298,18.24427738992558,34166.340878,17.655472999998892,34202.266506,27.799999237060547
uncore,2.003333194,0.00695800000000002,0.0034747179799434784,0.0,5.472886,0.00695800000000002,5.479844,27.799999237060547
package-0,2.609664516,50.72643299999618,19.43938573126048,19.679241819414127,37487.363016,38.781089999996766,37538.089449,27.799999237060547
dram,2.609845877,1.176021999999989,0.45067519899240543,0.44685011320788837,1011.457249,0.9047829999999522,1012.633271,27.799999237060547
core,2.610020927,47.00061199999618,18.011576455086143,18.24537715510826,34166.340878,35.92562799999723,34213.34149,27.799999237060547
uncore,2.610197634,0.00695800000000002,0.002666445044896435,0.0,5.472886,0.00695800000000002,5.479844,27.799999237060547
