zone,time_elapsed,power_j,watts,watts_since_last,start_power,prev_power,prev_power_reading,temp
package-0,0.000328757,0.0,0.0,0.0,25212.178803,0.0,25212.178803,27.799999237060547
dram,0.000455188,0.0,0.0,0.0,726.014742,0.0,726.014742,27.799999237060547
core,0.000542723,0.006712999998853775,28.35612213810895,0.0,22791.853701,0.0,22791.860414,27.799999237060547
uncore,0.000627244,0.0,0.0,0.0,3.639578,0.0,3.639578,27.799999237060547
package-0,1.000974264,18.98689000000013,18.972982955277775,18.97747237240291,25212.178803,0.0,25231.165693,27.799999237060547
dram,1.001178351,0.458800999999994,0.45846494886019906,0.4585734315588627,726.014742,0.0,726.473543,27.799999237060547
core,1.001386763,17.544449000000895,17.531598478568892,17.52903716272293,22791.853701,0.006712999998853775,22809.39815,27.799999237060547
uncore,1.001594336,0.007994999999999752,0.007989144021345257,0.007991034425193147,3.639578,0.0,3.647573,27.799999237060547
package-0,2.001916068,38.80446600000141,19.385741220386922,19.798402395588493,25212.178803,18.98689000000013,25250.983269,27.799999237060547
dram,2.002132252,0.9048440000000255,0.45203744406171287,0.44561145115505196,726.014742,0.458800999999994,726.919586,27.799999237060547
core,2.002340347,35.950895999998465,17.960168978925985,18.38863866998673,22791.853701,17.544449000000895,22827.804597,27.799999237060547
uncore,2.002548091,0.007994999999999752,0.003994102149401643,0.0,3.639578,0.007994999999999752,3.647573,27.799999237060547
package-0,2.51079963,48.90301200000249,19.478870287795488,19.84520777006841,25212.178803,38.80446600000141,25261.081815,27.799999237060547
dram,2.510972659,1.1329930000000559,0.45128966052193753,0.4483481391809728,726.014742,0.9048440000000255,727.147735,27.799999237060547
core,2.511086866,45.31390900000042,18.049271804442878,18.39977144619339,22791.853701,35.950895999998465,22837.16761,27.799999237060547
uncore,2.511234657,0.007994999999999752,0.0031845393889217326,0.0,3.639578,0.007994999999999752,3.647573,27.799999237060547
