zone,time_elapsed,power_j,watts,watts_since_last,start_power,prev_power,prev_power_reading,temp
package-0,0.000693296,0.01831099999981234,36.71915889405835,0.0,36690.884769,0.0,36690.90308,27.799999237060547
dram,0.000915139,0.0,0.0,0.0,992.866171,0.0,992.866171,27.799999237060547
core,0.0010732,0.012756999996781815,25.581689143036105,0.0,33428.602654,0.0,33428.615411,27.799999237060547
uncore,0.001198943,0.0,0.0,0.0,5.353501,0.0,5.353501,27.799999237060547
package-0,1.001587775,18.874830000000657,18.85005245430184,18.841148805310745,36690.884769,0.01831099999981234,36709.759599,27.799999237060547
dram,1.001806521,0.45794599999999264,0.4573448407872956,0.4575727222397893,992.866171,0.0,993.324117,27.799999237060547
core,1.002664705,17.43837099999655,17.415479136368358,17.41141015464663,33428.602654,0.012756999996781815,33446.041025,27.799999237060547
uncore,1.002876794,0.007386000000000337,0.007376304180089298,0.007379979575022584,5.353501,0.0,5.360887,27.799999237060547
package-0,2.003197353,38.830956000005244,19.38653303378919,19.92282231292752,36690.884769,18.874830000000657,36729.715725,27.799999237060547
dram,2.003409,0.9041730000000143,0.45141252079289995,0.44548231616843353,992.866171,0.45794599999999264,993.770344,27.799999237060547
core,2.003616156,35.96346999999514,17.9549274852903,18.494183475604352,33428.602654,17.43837099999655,33464.566124,27.799999237060547
uncore,2.003812719,0.007386000000000337,0.0036874944049163803,0.0,5.353501,0.007386000000000337,5.360887,27.799999237060547
package-0,2.535726518,49.439266000001226,19.498887426226297,19.92150139986426,36690.884769,38.830956000005244,36740.324035,27.799999237060547
dram,2.535923183,1.1426969999999983,0.4506806424934772,0.4479277283471828,992.866171,0.9041730000000143,994.008868,27.799999237060547
core,2.536115422,45.797978999995394,18.06276081990303,18.468369119167605,33428.602654,35.96346999999514,33474.400633,27.799999237060547
uncore,2.53630754,0.007386000000000337,0.0029130445126371906,0.0,5.353501,0.007386000000000337,5.360887,27.799999237060547
