zone,time_elapsed,power_j,watts,watts_since_last,start_power,prev_power,prev_power_reading,temp
package-0,0.000522303,0.0,0.0,0.0,30209.82525,0.0,30209.82525,27.799999237060547
dram,0.000664823,0.0,0.0,0.0,842.389384,0.0,842.389384,27.799999237060547
core,0.000754429,0.008240000002842862,20.752269786666822,0.0,27421.903066,0.0,27421.911306,27.799999237060547
uncore,0.000840506,0.0,0.0,0.0,4.395435,0.0,4.395435,27.799999237060547
package-0,1.001092626,19.4904899999965,19.472070920255398,19.479798356829967,30209.82525,0.0,30229.31574,27.799999237060547
dram,1.001195641,0.45873900000003687,0.45830547830708024,0.45848735554704606,842.389384,0.0,842.848123,27.799999237060547
core,1.001282124,18.04713400000037,18.03007893364522,18.02899863986205,27421.903066,0.008240000002842862,27439.9502,27.799999237060547
uncore,1.001366429,0.00665300000000002,0.006646712721562302,0.006649350450810289,4.395435,0.0,4.402088,27.799999237060547
package-0,2.001590823,39.75716099999772,19.86399868618331,20.256092417784778,30209.82525,19.4904899999965,30249.582411,27.799999237060547
dram,2.001685204,0.904843000000028,0.45208962891499604,0.44587114736025146,842.389384,0.45873900000003687,843.294227,27.799999237060547
core,2.001771319,36.89449800000148,18.433717130845036,18.83752625261589,27421.903066,18.04713400000037,27458.797564,27.799999237060547
uncore,2.001855878,0.00665300000000002,0.003324059865823557,0.0,4.395435,0.00665300000000002,4.402088,27.799999237060547
package-0,2.527185994,50.4197929999973,19.95208681768633,20.287539322138723,30209.82525,39.75716099999772,30260.245043,27.799999237060547
dram,2.527379938,1.1397060000000465,0.45100369727103323,0.44686831054621706,842.389384,0.904843000000028,843.52909,27.799999237060547
core,2.527567438,46.79529000000184,18.51780091082277,18.838004258266807,27421.903066,36.89449800000148,27468.698356,27.799999237060547
uncore,2.527754618,0.00665300000000002,0.0026327207173991105,0.0,4.395435,0.00665300000000002,4.402088,27.799999237060547
