zone,time_elapsed,power_j,watts,watts_since_last,start_power,prev_power,prev_power_reading,temp
package-0,0.000342092,0.0,0.0,0.0,32347.374771,0.0,32347.374771,27.799999237060547
dram,0.000454941,0.0,0.0,0.0,892.031774,0.0,892.031774,27.799999237060547
core,0.000535671,0.006529999998747371,28.711752466648953,0.0,29402.666428,0.0,29402.672958,27.799999237060547
uncore,0.000614441,0.0,0.0,0.0,4.708484,0.0,4.708484,27.799999237060547
package-0,1.000858025,19.412975000002916,19.398997963773024,19.403407761737835,32347.374771,0.0,32366.787746,27.799999237060547
dram,1.000953812,0.4587389999999232,0.4584087151454348,0.4585129210339489,892.031774,0.0,892.490513,27.799999237060547
core,1.001034995,17.98750199999995,17.974551281877705,17.972110491481164,29402.666428,0.006529999998747371,29420.65393,27.799999237060547
uncore,1.001114362,0.005736999999999881,0.005732869450362287,0.00573417265149061,4.708484,0.0,4.714221,27.799999237060547
package-0,2.001358215,39.44734700000117,19.711530201963903,20.024127696317077,32347.374771,19.412975000002916,32386.822118,27.799999237060547
dram,2.001454348,0.90649099999996,0.4529664497921024,0.4475230481036731,892.031774,0.4587389999999232,892.938265,27.799999237060547
core,2.001535111,36.57998399999997,18.27873137839496,18.582974987162537,29402.666428,17.98750199999995,29439.246412,27.799999237060547
uncore,2.001615098,0.005736999999999881,0.0028667339471184516,0.0,4.708484,0.005736999999999881,4.714221,27.799999237060547
package-0,2.514525427,49.69665000000168,19.76498258811634,19.973442790671136,32347.374771,39.44734700000117,32397.071421,27.799999237060547
dram,2.514616131,1.1360439999999699,0.45181898335869086,0.4473439523572384,892.031774,0.90649099999996,893.167818,27.799999237060547
core,2.514695231,46.09698899999785,18.333352146462932,18.546368948793823,29402.666428,36.57998399999997,29448.763417,27.799999237060547
uncore,2.514772906,0.005736999999999881,0.0022816770367422605,0.0,4.708484,0.005736999999999881,4.714221,27.799999237060547
