zone,time_elapsed,power_j,watts,watts_since_last,start_power,prev_power,prev_power_reading,temp
package-0,0.000581455,0.019286999995529186,49.79937720576406,0.0,34794.728796,0.0,34794.748083,27.799999237060547
dram,0.000754364,0.0007929999999305437,2.047540111467112,0.0,949.142101,0.0,949.142894,27.799999237060547
core,0.000883826,0.01184099999954924,30.573672712588472,0.0,31670.996253,0.0,31671.008094,27.799999237060547
uncore,0.001004011,0.0,0.0,0.0,5.074327,0.0,5.074327,27.799999237060547
package-0,1.001260486,19.418406999997387,19.39662127748054,19.38485513096265,34794.728796,0.019286999995529186,34814.147203,27.799999237060547
dram,1.001377908,0.461180000000013,0.4606625971301318,0.46004846091880686,949.142101,0.0007929999999305437,949.603281,27.799999237060547
core,1.001464263,17.981399000000238,17.96122547242515,17.95634433919739,31670.996253,0.01184099999954924,31688.977652,27.799999237060547
uncore,1.001547946,0.00616499999999931,0.0061580834192871865,0.0061604666542791585,5.074327,0.0,5.080492,27.799999237060547
package-0,2.001769801,39.580708999994386,19.7740390688927,20.151681741292432,34794.728796,19.418406999997387,34834.309505,27.799999237060547
dram,2.001865511,0.9094209999999521,0.45433563062432947,0.44800489425258966,949.142101,0.461180000000013,950.051522,27.799999237060547
core,2.002005554,36.70162699999855,18.33568484561511,18.710367337045817,31670.996253,17.981399000000238,31707.69788,27.799999237060547
uncore,2.002089278,0.00616499999999931,0.0030799587460580142,0.0,5.074327,0.00616499999999931,5.080492,27.799999237060547
package-0,2.504447548,49.64220699999714,19.822742954080635,20.016689205172252,34794.728796,39.580708999994386,34844.371003,27.799999237060547
dram,2.504647432,1.1358000000000175,0.4535388897444956,0.45036614682801274,949.142101,0.9094209999999521,950.277901,27.799999237060547
core,2.5048354919999998,46.03747999999905,18.38333119020397,18.573066154377184,31670.996253,36.70162699999855,31717.033733,27.799999237060547
uncore,2.505031872,0.00616499999999931,0.0024617602177095083,0.0,5.074327,0.00616499999999931,5.080492,27.799999237060547
