zone,time_elapsed,power_j,watts,watts_since_last,start_power,prev_power,prev_power_reading,temp
package-0,0.000357359,0.0,0.0,0.0,40792.555421,0.0,40792.555421,27.799999237060547
dram,0.000482533,0.0,0.0,0.0,1087.267785,0.0,1087.267785,27.799999237060547
core,0.000564869,0.00622500000463333,27.014477176057706,0.0,37231.800499,0.0,37231.806724,27.799999237060547
uncore,0.000643776,0.0,0.0,0.0,5.960678,0.0,5.960678,27.799999237060547
package-0,1.000894701,19.592907000005653,19.57819653047855,19.582705624503035,40792.555421,0.0,40812.148328,27.799999237060547
dram,1.001027248,0.45983799999999064,0.4594927509317231,0.459598577636154,1087.267785,0.0,1087.727623,27.799999237060547
core,1.001863945,18.163344000000507,18.149706854761046,18.1476651915863,37231.800499,0.00622500000463333,37249.963843,27.799999237060547
uncore,1.002030269,0.007385000000000197,0.007379455298672434,0.007381154875941434,5.960678,0.0,5.968063,27.799999237060547
package-0,2.002236288,39.76967400000285,19.863906292689336,20.149443528445442,40792.555421,19.592907000005653,40832.325095,27.799999237060547
dram,2.002339595,0.9081400000000031,0.4535920475647263,0.44769490735015444,1087.267785,0.45983799999999064,1088.175925,27.799999237060547
core,2.002431973,36.898769999999786,18.42996524425721,18.71005439912184,37231.800499,18.163344000000507,37268.699269,27.799999237060547
uncore,2.002522864,0.007385000000000197,0.0036886132878912745,0.0,5.960678,0.007385000000000197,5.968063,27.799999237060547
package-0,2.520227136,50.22625100000005,19.930313463198083,20.186988926304654,40792.555421,39.76967400000285,40842.781672,27.799999237060547
dram,2.5203252320000002,1.1410490000000664,0.4527804443710125,0.44964345443439374,1087.267785,0.9081400000000031,1088.408834,27.799999237060547
core,2.5204122,46.61212399999931,18.496189223946732,18.752156622125963,37231.800499,36.898769999999786,37278.412623,27.799999237060547
uncore,2.520502599,0.007385000000000197,0.002930446967378107,0.0,5.960678,0.007385000000000197,5.968063,27.799999237060547
