zone,time_elapsed,power_j,watts,watts_since_last,start_power,prev_power,prev_power_reading,temp
package-0,0.000545277,0.018188999998528743,50.09294831668179,0.0,30060.635385,0.0,30060.653574,27.799999237060547
dram,0.000764039,0.0007319999999708671,2.0159458007211883,0.0,838.993091,0.0,838.993823,27.799999237060547
core,0.000921957,0.011474999999336433,31.602429047621026,0.0,27283.506264,0.0,27283.517739,27.799999237060547
uncore,0.001073842,0.0,0.0,0.0,4.372852,0.0,4.372852,27.799999237060547
package-0,1.001320897,19.53101699999752,19.508016716652303,19.496920228821253,30060.635385,0.018188999998528743,30080.166402,27.799999237060547
dram,1.001424244,0.4587389999999232,0.4581987758538124,0.45763361124493424,838.993091,0.0007319999999708671,839.45183,27.799999237060547
core,1.001510548,18.093033000001014,18.07172612767714,18.066817067154783,27283.506264,0.011474999999336433,27301.599297,27.799999237060547
uncore,1.001594861,0.007323999999999664,0.007315375048456159,0.007318029132214341,4.372852,0.0,4.380176,27.799999237060547
package-0,2.001816095,39.67818299999999,19.822130505722534,20.136447328816445,30060.635385,19.53101699999752,30100.313568,27.799999237060547
dram,2.00191035,0.9040499999999838,0.45163855118310586,0.4450740861738421,838.993091,0.4587389999999232,839.897141,27.799999237060547
core,2.001995516,36.79818499999965,18.383362601148207,18.695200507378154,27283.506264,18.093033000001014,27320.304449,27.799999237060547
uncore,2.002079234,0.007323999999999664,0.0036588692537635912,0.0,4.372852,0.007323999999999664,4.380176,27.799999237060547
package-0,2.499977017,49.6647899999989,19.867262499742026,20.048627151612138,30060.635385,39.67818299999999,30110.300175,27.799999237060547
dram,2.500167276,1.1268890000000056,0.4507861519412928,0.4473607528401809,838.993091,0.9040499999999838,840.11998,27.799999237060547
core,2.5003552300000003,46.0741620000008,18.430913951507197,18.622000879775584,27283.506264,36.79818499999965,27329.580426,27.799999237060547
uncore,2.500545599,0.007323999999999664,0.002929798566511751,0.0,4.372852,0.007323999999999664,4.380176,27.799999237060547
