zone,time_elapsed,power_j,watts,watts_since_last,start_power,prev_power,prev_power_reading,temp
package-0,0.000474956,0.0,0.0,0.0,23929.73775,0.0,23929.73775,27.799999237060547
dram,0.000638918,0.0,0.0,0.0,696.062793,0.0,696.062793,27.799999237060547
core,0.000767566,0.007690000002185116,21.11413439513116,0.0,21603.732719,0.0,21603.740409,27.799999237060547
uncore,0.000881324,0.0,0.0,0.0,3.44451,0.0,3.44451,27.799999237060547
package-0,1.001134218,18.99128500000006,18.972645627865298,18.979551404791938,23929.73775,0.0,23948.729035,27.799999237060547
dram,1.001238458,0.4678329999999278,0.46737383605267924,0.4675439535743172,696.062793,0.0,696.530626,27.799999237060547
core,1.001324035,17.560379999998986,17.543145017866504,17.541845227814527,21603.732719,0.007690000002185116,21621.293099,27.799999237060547
uncore,1.001407993,0.007873000000000019,0.007865272888495083,0.007868135737519962,3.44451,0.0,3.452383,27.799999237060547
package-0,2.001659081,39.00008399999933,19.485185325596312,19.99795039188298,23929.73775,18.99128500000006,23968.737834,27.799999237060547
dram,2.001758857,0.9269989999999098,0.46314636941912757,0.45891704392848937,696.062793,0.4678329999999278,696.989792,27.799999237060547
core,2.001844463,36.123319999998785,18.047899198776292,18.552875324876307,21603.732719,17.560379999998986,21639.856039,27.799999237060547
uncore,2.001928742,0.007873000000000019,0.003933500862932058,0.0,3.44451,0.007873000000000019,3.452383,27.799999237060547
package-0,2.548125216,49.966669000001275,19.610459286141595,20.069322359100816,23929.73775,39.00008399999933,23979.704419,27.799999237060547
dram,2.548235612,1.1778529999999137,0.462272926409352,0.45907361234778765,696.062793,0.9269989999999098,697.240646,27.799999237060547
core,2.548386893,46.3114659999992,18.175898787139317,18.64474549876335,21603.732719,36.123319999998785,21650.044185,27.799999237060547
uncore,2.548471701,0.007873000000000019,0.0030899227234817113,0.0,3.44451,0.007873000000000019,3.452383,27.799999237060547
