zone,time_elapsed,power_j,watts,watts_since_last,start_power,prev_power,prev_power_reading,temp
package-0,0.000719233,0.0,0.0,0.0,37637.766562,0.0,37637.766562,27.799999237060547
dram,0.000843282,0.0,0.0,0.0,1014.940211,0.0,1014.940211,27.799999237060547
core,0.000931566,0.009276999997382518,16.434478209094532,0.0,34305.727118,0.0,34305.736395,27.799999237060547
uncore,0.001017741,0.0,0.0,0.0,5.496018,0.0,5.496018,27.799999237060547
package-0,1.001274373,19.02796600000147,19.006629272020476,19.017352225550866,37637.766562,0.0,37656.794528,27.799999237060547
dram,1.001378118,0.4656360000000177,0.4651138659647689,0.46537626885060945,1014.940211,0.0,1015.405847,27.799999237060547
core,1.001463776,17.579971999999543,17.560258958654114,17.560894089401923,34305.727118,0.009276999997382518,34323.30709,27.799999237060547
uncore,1.001547994,0.007568000000000019,0.007559513735237924,0.007563778579536993,5.496018,0.0,5.503586,27.799999237060547
package-0,2.001777581,39.141318000001775,19.55452520655229,20.102746996849586,37637.766562,19.02796600000147,37676.90788,27.799999237060547
dram,2.001873418,0.9188820000000533,0.45906224289247005,0.45300702067634796,1014.940211,0.4656360000000177,1015.859093,27.799999237060547
core,2.001959168,36.270292999994126,18.120196124141504,18.680466306799094,34305.727118,17.579971999999543,34341.997411,27.799999237060547
uncore,2.002120088,0.007568000000000019,0.003780880520251807,0.0,5.496018,0.007568000000000019,5.503586,27.799999237060547
package-0,2.550812566,50.19884599999932,19.68079969083157,20.14119507568535,37637.766562,39.141318000001775,37687.965408,27.799999237060547
dram,2.551006089,1.1686369999999897,0.45817210037645967,0.4549266505251111,1014.940211,0.9188820000000533,1016.108848,27.799999237060547
core,2.551197998,46.541934000000765,18.247082418546647,18.70970845640973,34305.727118,36.270292999994126,34352.269052,27.799999237060547
uncore,2.551389784,0.007568000000000019,0.002967085977638126,0.0,5.496018,0.007568000000000019,5.503586,27.799999237060547
