zone,time_elapsed,power_j,watts,watts_since_last,start_power,prev_power,prev_power_reading,temp
package-0,0.000580881,0.0,0.0,0.0,30011.405653,0.0,30011.405653,27.799999237060547
dram,0.000776348,0.0,0.0,0.0,837.871207,0.0,837.871207,27.799999237060547
core,0.000958925,0.013244999998278217,32.25594341822459,0.0,27237.834201,0.0,27237.847446,27.799999237060547
uncore,0.001117077,0.0,0.0,0.0,4.363819,0.0,4.363819,27.799999237060547
package-0,1.001372857,19.50764100000015,19.483822280551866,19.491816276578763,30011.405653,0.0,30030.913294,27.799999237060547
dram,1.001476287,0.45843300000001364,0.45787325589703187,0.45806111621190027,837.871207,0.0,838.32964,27.799999237060547
core,1.001563489,18.069045999996888,18.04698379691595,18.041154018491387,27237.834201,0.013244999998278217,27255.903247,27.799999237060547
uncore,1.001648264,0.009032999999999625,0.00902197075803355,0.009025672372498926,4.363819,0.0,4.372852,27.799999237060547
package-0,2.001870613,39.49745699999767,19.73146195146873,19.9792735966366,30011.405653,19.50764100000015,30050.90311,27.799999237060547
dram,2.001966222,0.9040499999999838,0.45162978915898405,0.44538198662323464,837.871207,0.45843300000001364,838.775257,27.799999237060547
core,2.0020513,36.637541000000056,18.302754180779775,18.558702185297157,27237.834201,18.069045999996888,27274.471742,27.799999237060547
uncore,2.002134906,0.009032999999999625,0.004512551170259396,0.0,4.363819,0.009032999999999625,4.372852,27.799999237060547
package-0,2.487014686,49.21319199999925,19.78910746053882,20.026963839080555,30011.405653,39.49745699999767,30060.618845,27.799999237060547
dram,2.48712158,1.1209069999999883,0.45072770480464447,0.44700553249454344,837.871207,0.9040499999999838,838.992114,27.799999237060547
core,2.48727373,45.657414999997854,18.359294633954818,18.59259134084959,27237.834201,36.637541000000056,27283.491616,27.799999237060547
uncore,2.487367099,0.009032999999999625,0.0036322579460207017,0.0,4.363819,0.009032999999999625,4.372852,27.799999237060547
