zone,time_elapsed,power_j,watts,watts_since_last,start_power,prev_power,prev_power_reading,temp
package-0,0.000684419,0.0,0.0,0.0,33090.865116,0.0,33090.865116,27.799999237060547
dram,0.000828051,0.0,0.0,0.0,909.225821,0.0,909.225821,27.799999237060547
core,0.000916303,0.007079999999405118,12.88877966085965,0.0,30091.699759,0.0,30091.706839,27.799999237060547
uncore,0.001002293,0.0,0.0,0.0,4.81267,0.0,4.81267,27.799999237060547
package-0,1.001393894,18.737317999999505,18.716261438514454,18.72653664596247,33090.865116,0.0,33109.602434,27.799999237060547
dram,1.00153698,0.463561000000027,0.46304006094681927,0.4632942694434573,909.225821,0.0,909.689382,27.799999237060547
core,1.00248671,17.30568100000164,17.286233278827392,17.288647476145382,30091.699759,0.007079999999405118,30109.00544,27.799999237060547
uncore,1.002693443,0.007751999999999981,0.007743288482981798,0.007747539540050745,4.81267,0.0,4.820422,27.799999237060547
package-0,2.003017558,38.788047000001825,19.366897265030094,20.017175050187042,33090.865116,18.737317999999505,33129.653163,27.799999237060547
dram,2.003233176,0.9163800000000037,0.4575491340341914,0.45206122874879673,909.225821,0.463561000000027,910.142201,27.799999237060547
core,2.003438818,35.91952500000116,17.93464235215735,18.582694609498787,30091.699759,17.30568100000164,30127.619284,27.799999237060547
uncore,2.00364923,0.007751999999999981,0.003870578675912862,0.0,4.81267,0.007751999999999981,4.820422,27.799999237060547
package-0,2.5547758480000002,49.86614399999962,19.520326712815027,20.07723716915667,33090.865116,38.788047000001825,33140.73126,27.799999237060547
dram,2.554953765,1.1663180000000466,0.456560435293294,0.45297170656535485,909.225821,0.9163800000000037,910.392139,27.799999237060547
core,2.5551260989999998,46.197941000002174,18.084392123429513,18.627946275909668,30091.699759,35.91952500000116,30137.8977,27.799999237060547
uncore,2.555298653,0.007751999999999981,0.0030345553222992914,0.0,4.81267,0.007751999999999981,4.820422,27.799999237060547
