zone,time_elapsed,power_j,watts,watts_since_last,start_power,prev_power,prev_power_reading,temp
package-0,0.000730863,0.019775000000663567,35.505561491796584,0.0,26149.394666,0.0,26149.414441,27.799999237060547
dram,0.00088955,0.0007940000000417058,1.4256088912779412,0.0,747.761757,0.0,747.762551,27.799999237060547
core,0.001017958,0.01049800000328105,18.84891957749019,0.0,23660.207129,0.0,23660.217627,27.799999237060547
uncore,0.001156412,0.0,0.0,0.0,3.78362,0.0,3.78362,27.799999237060547
package-0,1.001503748,18.894055000000662,18.87023636494303,18.860977767322215,26149.394666,0.019775000000663567,26168.288721,27.799999237060547
dram,1.001704859,0.4608140000000276,0.46023307862050117,0.4596957866749513,747.761757,0.0007940000000417058,748.222571,27.799999237060547
core,1.001833176,17.456498999999894,17.434492608091706,17.43370539112577,23660.207129,0.01049800000328105,23677.663628,27.799999237060547
uncore,1.001988599,0.00634800000000002,0.006339997446003758,0.006343526050634081,3.78362,0.0,3.789968,27.799999237060547
package-0,2.002315425,38.89955800000098,19.429330009037912,19.988657998222788,26149.394666,18.894055000000662,26188.294224,27.799999237060547
dram,2.00252622,0.9083839999999554,0.4537144743631427,0.44719313782127795,747.761757,0.4608140000000276,748.670141,27.799999237060547
core,2.002733833,36.02499400000306,17.99355912989172,18.552859985413377,23660.207129,17.456498999999894,23696.232123,27.799999237060547
uncore,2.002940541,0.00634800000000002,0.003170662939084551,0.0,3.78362,0.00634800000000002,3.789968,27.799999237060547
package-0,2.538636794,49.60943100000077,19.54330566843701,19.96877279468931,26149.394666,38.89955800000098,26199.004097,27.799999237060547
dram,2.538816182,1.149960999999962,0.45301949401073366,0.4504251568083848,747.761757,0.9083839999999554,748.911718,27.799999237060547
core,2.538993086,45.967961000002106,18.108772760925614,18.538861191732003,23660.207129,36.02499400000306,23706.17509,27.799999237060547
uncore,2.5391653979999997,0.00634800000000002,0.0025007524150647206,0.0,3.78362,0.00634800000000002,3.789968,27.799999237060547
