zone,time_elapsed,power_j,watts,watts_since_last,start_power,prev_power,prev_power_reading,temp
package-0,0.00046227,0.0,0.0,0.0,38487.039961,0.0,38487.039961,27.799999237060547
dram,0.000653669,0.0,0.0,0.0,1034.54209,0.0,1034.54209,27.799999237060547
core,0.000814796,0.009827000001678243,32.57144372892234,0.0,35093.213444,0.0,35093.223271,27.799999237060547
uncore,0.000903359,0.0,0.0,0.0,5.619187,0.0,5.619187,27.799999237060547
package-0,1.001294802,19.29493399999774,19.275145518803477,19.280956733156998,38487.039961,0.0,38506.334895,27.799999237060547
dram,1.001431252,0.45941000000016174,0.45893883870230706,0.4590772029997,1034.54209,0.0,1035.0015,27.799999237060547
core,1.002311901,17.869156000000658,17.850829766935366,17.846391686659135,35093.213444,0.009827000001678243,35111.0826,27.799999237060547
uncore,1.002498012,0.009094000000000158,0.00908467338359501,0.009087412298552217,5.619187,0.0,5.628281,27.799999237060547
package-0,2.002807278,39.35072999999829,19.64988224670633,20.024416777737834,38487.039961,19.29493399999774,38526.390691,27.799999237060547
dram,2.003019892,0.9067970000000969,0.4528112762245894,0.4466870199986203,1034.54209,0.45941000000016174,1035.448887,27.799999237060547
core,2.003229909,36.494353000001865,18.223543479874493,18.5960560875014,35093.213444,17.869156000000658,35129.707797,27.799999237060547
uncore,2.003427681,0.009094000000000158,0.004541110905733088,0.0,5.619187,0.009094000000000158,5.628281,27.799999237060547
package-0,2.514615997,49.65679399999499,19.748846532943368,20.13606231461179,38487.039961,39.35072999999829,38536.696755,27.799999237060547
dram,2.514794219,1.1364720000001398,0.45198268573263595,0.44874067462717204,1034.54209,0.9067970000000969,1035.678562,27.799999237060547
core,2.514968621,46.05969699999696,18.3182564586611,18.688838226180334,35093.213444,36.494353000001865,35139.273141,27.799999237060547
uncore,2.5151419219999998,0.009094000000000158,0.0036167459858686855,0.0,5.619187,0.009094000000000158,5.628281,27.799999237060547
