zone,time_elapsed,power_j,watts,watts_since_last,start_power,prev_power,prev_power_reading,temp
package-0,0.00030705,0.0,0.0,0.0,24327.168007,0.0,24327.168007,27.799999237060547
dram,0.000418168,0.0,0.0,0.0,705.417505,0.0,705.417505,27.799999237060547
core,0.000500768,0.004761000000144122,25.034309782594935,0.0,21972.011805,0.0,21972.016566,27.799999237060547
uncore,0.000581348,0.0,0.0,0.0,3.504812,0.0,3.504812,27.799999237060547
package-0,1.000832195,19.159374999999272,19.145979591961677,19.14961890110658,24327.168007,0.0,24346.327382,27.799999237060547
dram,1.000927395,0.46789400000000114,0.4675668687105753,0.4676557448306495,705.417505,0.0,705.885399,27.799999237060547
core,1.001008914,17.724808000002668,17.71241557929228,17.711023817831123,21972.011805,0.004761000000144122,21989.736613,27.799999237060547
uncore,1.001088599,0.0076910000000003365,0.00768562278476147,0.007687083684536826,3.504812,0.0,3.512503,27.799999237060547
package-0,2.001311861,38.95369700000083,19.465257367473747,19.784601627376013,24327.168007,19.159374999999272,24366.121704,27.799999237060547
dram,2.001403161,0.9237650000000031,0.46160762281598233,0.455647136005611,705.417505,0.46789400000000114,706.34127,27.799999237060547
core,2.001484023,36.06924400000207,18.02388917052555,18.335427621054905,21972.011805,17.724808000002668,22008.081049,27.799999237060547
uncore,2.001563149,0.0076910000000003365,0.0038432114521310765,0.0,3.504812,0.0076910000000003365,3.512503,27.799999237060547
package-0,2.508978087,48.94756799999959,19.510102759611165,19.686889513744124,24327.168007,38.95369700000083,24376.115575,27.799999237060547
dram,2.509069764,1.1565520000000333,0.4609922267605747,0.4585662501784461,705.417505,0.9237650000000031,706.574057,27.799999237060547
core,2.509148574,45.32453000000169,18.065989260817194,18.231953654406563,21972.011805,36.06924400000207,22017.336335,27.799999237060547
uncore,2.509225855,0.0076910000000003365,0.003065570087653329,0.0,3.504812,0.0076910000000003365,3.512503,27.799999237060547
