zone,time_elapsed,power_j,watts,watts_since_last,start_power,prev_power,prev_power_reading,temp
package-0,0.000366367,0.0,0.0,0.0,210687.752996,0.0,210687.752996,27.799999237060547
dram,0.000511913,0.0,0.0,0.0,24971.532813,0.0,24971.532813,27.799999237060547
core,0.000656068,0.009033000009367242,32.870580991493036,0.0,130730.996443,0.0,130731.005476,27.799999237060547
uncore,0.000743312,0.0,0.0,0.0,88.580156,0.0,88.580156,27.799999237060547
package-0,1.001071996,16.980974000005517,16.96635248226806,16.971012185562714,210687.752996,0.0,210704.73397,27.799999237060547
dram,1.001275176,0.4558699999979581,0.45547747179015663,0.4556025658478311,24971.532813,0.0,24971.988683,27.799999237060547
core,1.001487469,15.544943000000785,15.531557980990556,15.526795926050786,130730.996443,0.009033000009367242,130746.541386,27.799999237060547
uncore,1.00169421,0.006348000000002685,0.006342534035883231,0.0063442759734490305,88.580156,0.0,88.586504,27.799999237060547
package-0,1.817887831,31.004803000018,17.05739179162316,17.168944483531877,210687.752996,16.980974000005517,210718.757799,27.799999237060547
dram,1.818070998,0.8205539999980829,0.45143041431815334,0.4464714558362704,24971.532813,0.4558699999979581,24972.353367,27.799999237060547
core,1.818269717,28.400806000005105,15.624794491991697,15.739039468804792,130730.996443,15.544943000000785,130759.397249,27.799999237060547
uncore,1.818453764,0.006348000000002685,0.003492372555736179,0.0,88.580156,0.006348000000002685,88.586504,27.799999237060547
