zone,time_elapsed,power_j,watts,watts_since_last,start_power,prev_power,prev_power_reading,temp
package-0,0.000371041,0.0,0.0,0.0,208795.759548,0.0,208795.759548,27.799999237060547
dram,0.000554067,0.0007320000004256144,3.170354587813254,0.0,24920.983443,0.0,24920.984175,27.799999237060547
core,0.000681826,0.008483999990858138,36.744929342056736,0.0,128999.712423,0.0,128999.720907,27.799999237060547
uncore,0.000818775,0.0,0.0,0.0,88.109881,0.0,88.109881,27.799999237060547
package-0,1.001152539,16.521441999997478,16.506142951280225,16.50995138752084,208795.759548,0.0,208812.28099,27.799999237060547
dram,1.001354145,0.4562359999981709,0.4558135201207765,0.4551871983562461,24920.983443,0.0007320000004256144,24921.439679,27.799999237060547
core,1.001560168,15.085532999990392,15.07156361981809,15.066562958445152,128999.712423,0.008483999990858138,129014.797956,27.799999237060547
uncore,1.001766337,0.0075080000000014024,0.007501047504101276,0.00750277820892078,88.109881,0.0,88.117389,27.799999237060547
package-0,1.8396329740000001,30.928997999988496,16.81420522470188,17.18192965562403,208795.759548,16.521441999997478,208826.688546,27.799999237060547
dram,1.839787144,0.8306249999986903,0.451560028383434,0.4464827665325306,24920.983443,0.4562359999981709,24921.814068,27.799999237060547
core,1.839935585,28.286670999994385,15.377733585734193,15.743199227571653,128999.712423,15.085532999990392,129027.999094,27.799999237060547
uncore,1.8400485720000002,0.0075080000000014024,0.004081640563562139,0.0,88.109881,0.0075080000000014024,88.117389,27.799999237060547
