zone,time_elapsed,power_j,watts,watts_since_last,start_power,prev_power,prev_power_reading,temp
package-0,0.000427915,0.0,0.0,0.0,203512.845643,0.0,203512.845643,27.799999237060547
dram,0.000554935,0.0,0.0,0.0,24780.099648,0.0,24780.099648,27.799999237060547
core,0.000671091,0.007018999996944331,25.004363907877963,0.0,124164.563607,0.0,124164.570626,27.799999237060547
uncore,0.000756724,0.0,0.0,0.0,86.828635,0.0,86.828635,27.799999237060547
package-0,1.00108803,16.718951999995625,16.70459061242218,16.70927706122874,203512.845643,0.0,203529.564595,27.799999237060547
dram,1.00130371,0.45532100000127684,0.4549298844964684,0.45505751441950765,24780.099648,0.0,24780.554969,27.799999237060547
core,1.001497642,15.302023999989615,15.288879737279723,15.286154072206397,124164.563607,0.007018999996944331,124179.865631,27.799999237060547
uncore,1.00170636,0.007018999999999664,0.0070129707596873515,0.007014938238520549,86.828635,0.0,86.835654,27.799999237060547
package-0,1.82222181,30.77158899998176,16.887854173061328,17.111196942177923,203512.845643,16.718951999995625,203543.617232,27.799999237060547
dram,1.822309484,0.8222640000021784,0.4512693356135466,0.4468082353209021,24780.099648,0.45532100000127684,24780.921912,27.799999237060547
core,1.822389185,28.16984999999113,15.45998547157067,15.668511533025493,124164.563607,15.302023999989615,124192.733457,27.799999237060547
uncore,1.822467399,0.007018999999999664,0.0038521198382307155,0.0,86.828635,0.007018999999999664,86.835654,27.799999237060547
