zone,time_elapsed,power_j,watts,watts_since_last,start_power,prev_power,prev_power_reading,temp
package-0,0.000365671,0.0,0.0,0.0,214096.460944,0.0,214096.460944,27.799999237060547
dram,0.000520653,0.0,0.0,0.0,25062.66112,0.0,25062.66112,27.799999237060547
core,0.000603246,0.007446000003255904,32.86329031559485,0.0,133849.916681,0.0,133849.924127,27.799999237060547
uncore,0.000682371,0.0,0.0,0.0,89.391983,0.0,89.391983,27.799999237060547
package-0,1.000922508,16.944476000004215,16.93118341256293,16.935017454055775,214096.460944,0.0,214113.40542,27.799999237060547
dram,1.00101836,0.45599199999924167,0.4556342838012008,0.4557374615122379,25062.66112,0.0,25063.117112,27.799999237060547
core,1.001099297,15.50069300000905,15.48853303016973,15.4845985420281,133849.916681,0.007446000003255904,133865.417374,27.799999237060547
uncore,1.001178731,0.005920000000003256,0.0059153558836757625,0.005916695407284379,89.391983,0.0,89.397903,27.799999237060547
package-0,1.823841665,31.18522300000768,17.09964276500318,17.304505219090018,214096.460944,16.944476000004215,214127.646167,27.799999237060547
dram,1.823929892,0.8232399999978952,0.4514032145872986,0.44625783553879045,25062.66112,0.45599199999924167,25063.48436,27.799999237060547
core,1.8240104110000002,28.560656999994535,15.660527161648762,15.869688240288346,133849.916681,15.50069300000905,133878.477338,27.799999237060547
uncore,1.824088901,0.005920000000003256,0.003246085018178307,0.0,89.391983,0.005920000000003256,89.397903,27.799999237060547
