zone,time_elapsed,power_j,watts,watts_since_last,start_power,prev_power,prev_power_reading,temp
package-0,0.000502164,0.0,0.0,0.0,207244.089876,0.0,207244.089876,27.799999237060547
dram,0.000656813,0.0,0.0,0.0,24879.569181,0.0,24879.569181,27.799999237060547
core,0.000783739,0.007446000003255904,20.498618017794936,0.0,127579.710016,0.0,127579.717462,27.799999237060547
uncore,0.000896159,0.0,0.0,0.0,87.740131,0.0,87.740131,27.799999237060547
package-0,1.001147009,17.17250200000126,17.155297843869132,17.16152541969672,207244.089876,0.0,207261.262378,27.799999237060547
dram,1.001247041,0.45562600000266684,0.45516953414568795,0.4553347660649526,24879.569181,0.0,24880.024807,27.799999237060547
core,1.0013324,15.7258509999956,15.710096161480253,15.708357871464324,127579.710016,0.007446000003255904,127595.435867,27.799999237060547
uncore,1.001415477,0.00726299999999469,0.0072557236120817615,0.007258357525487958,87.740131,0.0,87.747394,27.799999237060547
package-0,1.8123092760000001,31.33262199998717,17.289734321393727,17.455624584908097,207244.089876,17.17250200000126,207275.422498,27.799999237060547
dram,1.8124122630000001,0.8174419999995735,0.4510747617338614,0.4460219450658184,24879.569181,0.45562600000266684,24880.386623,27.799999237060547
core,1.812601076,28.726611000005505,15.851704723094198,16.02644510631891,127579.710016,15.7258509999956,127608.436627,27.799999237060547
uncore,1.8127847670000001,0.00726299999999469,0.004007814614948033,0.0,87.740131,0.00726299999999469,87.747394,27.799999237060547
