zone,time_elapsed,power_j,watts,watts_since_last,start_power,prev_power,prev_power_reading,temp
package-0,0.000678788,0.017699999996693805,33.92045747906572,0.0,214689.840224,0.0,214689.857924,27.799999237060547
dram,0.000832949,0.0006710000016028062,1.285911131473022,0.0,25078.490059,0.0,25078.49073,27.799999237060547
core,0.000973422,0.007813000003807247,14.972911551558608,0.0,134393.018135,0.0,134393.025948,27.799999237060547
uncore,0.001059707,0.0,0.0,0.0,89.524001,0.0,89.524001,27.799999237060547
package-0,1.001307924,16.82850899998448,16.808943524193865,16.800020312543413,214689.840224,0.017699999996693805,214706.668733,27.799999237060547
dram,1.001408482,0.45580899999913527,0.4552790588169049,0.4548459056892792,25078.490059,0.0006710000016028062,25078.945868,27.799999237060547
core,1.00149342,15.38301700001466,15.365132109160655,15.365336642030064,134393.018135,0.007813000003807247,134408.401152,27.799999237060547
uncore,1.001576203,0.006104000000007659,0.006096903253395933,0.006100082630643664,89.524001,0.0,89.530105,27.799999237060547
package-0,1.822844297,31.030071999994107,17.024043000687453,17.28616721379718,214689.840224,16.82850899998448,214720.870296,27.799999237060547
dram,1.823032599,0.8226900000008754,0.45135280176768927,0.4465681920779357,25078.490059,0.45580899999913527,25079.312749,27.799999237060547
core,1.823221494,28.39964700001292,15.580911695359786,15.843864702775754,134393.018135,15.38301700001466,134421.417782,27.799999237060547
uncore,1.8234117319999998,0.006104000000007659,0.00334884039187361,0.0,89.524001,0.006104000000007659,89.530105,27.799999237060547
