zone,time_elapsed,power_j,watts,watts_since_last,start_power,prev_power,prev_power_reading,temp
package-0,0.000361184,0.0,0.0,0.0,203605.234384,0.0,203605.234384,27.799999237060547
dram,0.000476934,0.0,0.0,0.0,24782.57004,0.0,24782.57004,27.799999237060547
core,0.000564852,0.008178999996744096,35.81500033605451,0.0,124249.135961,0.0,124249.14414,27.799999237060547
uncore,0.000655156,0.0,0.0,0.0,86.850729,0.0,86.850729,27.799999237060547
package-0,1.001004086,16.793047999992268,16.78030815511659,16.784138207361444,203605.234384,0.0,203622.027432,27.799999237060547
dram,1.001207286,0.45587000000159605,0.4555241596822271,0.4556281316304326,24782.57004,0.0,24783.02591,27.799999237060547
core,1.001413273,15.3566509999946,15.345000860511288,15.340328647896435,124249.135961,0.008178999996744096,124264.492612,27.799999237060547
uncore,1.001608719,0.006896999999995046,0.006891767673492584,0.006893340697659057,86.850729,0.0,86.857626,27.799999237060547
package-0,1.819855038,30.799359999975422,16.92572885689564,17.103440349485073,203605.234384,16.793047999992268,203636.033744,27.799999237060547
dram,1.820028009,0.821287000002485,0.45133668607874977,0.4462193803915341,24782.57004,0.45587000000159605,24783.391327,27.799999237060547
core,1.8202002080000002,28.193653999987873,15.493768152627416,15.675569348791457,124249.135961,15.3566509999946,124277.329615,27.799999237060547
uncore,1.820372122,0.006896999999995046,0.0037902330414014617,0.0,86.850729,0.006896999999995046,86.857626,27.799999237060547
