zone,time_elapsed,power_j,watts,watts_since_last,start_power,prev_power,prev_power_reading,temp
package-0,0.000309767,0.017395000002579764,89.30542508037111,0.0,205874.280272,0.0,205874.297667,27.799999237060547
dram,0.000464322,0.0006109999994805548,3.136856261547866,0.0,24843.143615,0.0,24843.144226,27.799999237060547
core,0.000591693,0.009093999993638135,46.68833199150911,0.0,126325.70578,0.0,126325.714874,27.799999237060547
uncore,0.000716241,0.0,0.0,0.0,87.412007,0.0,87.412007,27.799999237060547
package-0,1.001057808,16.81721799998195,16.803425999972564,16.789312822994926,205874.280272,0.017395000002579764,205891.09749,27.799999237060547
dram,1.001269836,0.4559929999995802,0.45561903473015924,0.4550971073904848,24843.143615,0.0006109999994805548,24843.599608,27.799999237060547
core,1.001475701,15.382039999996778,15.369425006492824,15.363328494912013,126325.70578,0.009093999993638135,126341.08782,27.799999237060547
uncore,1.001678192,0.007446000000001618,0.007439893447058674,0.007441341690338101,87.412007,0.0,87.419453,27.799999237060547
package-0,1.824341452,30.98368499998469,16.985144060003886,17.20603281146268,205874.280272,16.81721799998195,205905.263957,27.799999237060547
dram,1.8245165939999999,0.8237289999997301,0.45156525866452846,0.44663766074896416,24843.143615,0.4559929999995802,24843.967344,27.799999237060547
core,1.824690981,28.37681899999734,15.556069546919561,15.782946718590642,126325.70578,15.382039999996778,126354.082599,27.799999237060547
uncore,1.824861831,0.007446000000001618,0.004081870270462629,0.0,87.412007,0.007446000000001618,87.419453,27.799999237060547
