zone,time_elapsed,power_j,watts,watts_since_last,start_power,prev_power,prev_power_reading,temp
package-0,0.000377381,0.016967000003205612,70.13649480065483,0.0,213199.075791,0.0,213199.092758,27.799999237060547
dram,0.000544588,0.0,0.0,0.0,25038.609912,0.0,25038.609912,27.799999237060547
core,0.000672173,0.008483999990858138,35.070314206115135,0.0,133029.096639,0.0,133029.105123,27.799999237060547
uncore,0.000810031,0.0,0.0,0.0,89.180985,0.0,89.180985,27.799999237060547
package-0,1.00105756,16.809465999976965,16.79410426486485,16.78120866990548,213199.075791,0.016967000003205612,213215.885257,27.799999237060547
dram,1.001157789,0.45538200000009965,0.4549658381982413,0.45507582680412917,25038.609912,0.0,25039.065294,27.799999237060547
core,1.001242159,15.363425000017742,15.349384764280007,15.344617202951207,133029.096639,0.008483999990858138,133044.460064,27.799999237060547
uncore,1.001324677,0.006773999999992952,0.0067678094170410905,0.006769445544108659,89.180985,0.0,89.187759,27.799999237060547
package-0,1.831835876,31.207926999981282,17.03755841524317,17.330862668747198,213199.075791,16.809465999976965,213230.283718,27.799999237060547
dram,1.832024912,0.8260469999986526,0.45096952502554427,0.4461549196878871,25038.609912,0.45538200000009965,25039.435959,27.799999237060547
core,1.832213342,28.568530000018654,15.596614242055766,15.894466865683363,133029.096639,15.363425000017742,133057.665169,27.799999237060547
uncore,1.8324036559999999,0.006773999999992952,0.0036981764506436574,0.0,89.180985,0.006773999999992952,89.187759,27.799999237060547
