zone,time_elapsed,power_j,watts,watts_since_last,start_power,prev_power,prev_power_reading,temp
package-0,0.000780151,0.0,0.0,0.0,205004.520475,0.0,205004.520475,27.799999237060547
dram,0.000915691,0.0007329999971261714,1.232966802622992,0.0,24819.91583,0.0,24819.916563,27.799999237060547
core,0.001106618,0.00994899999932386,16.735043337730062,0.0,125529.792839,0.0,125529.802788,27.799999237060547
uncore,0.001262755,0.0,0.0,0.0,87.192769,0.0,87.192769,27.799999237060547
package-0,1.001652488,15.919698000012431,15.897898896433034,15.907342878150374,205004.520475,0.0,205020.440173,27.799999237060547
dram,1.001855123,0.4570309999980964,0.45640517995377483,0.4559438715875153,24819.91583,0.0007329999971261714,24820.372861,27.799999237060547
core,1.002062275,14.487328999995952,14.467491262781373,14.466144247022976,125529.792839,0.00994899999932386,125544.280168,27.799999237060547
uncore,1.002267919,0.007996000000005665,0.007985050946058735,0.007989794382637232,87.192769,0.0,87.200765,27.799999237060547
package-0,1.859440427,30.583172999991802,16.44937395890948,17.093105890932748,205004.520475,15.919698000012431,205035.103648,27.799999237060547
dram,1.859630779,0.8390489999983402,0.451288385636946,0.4453155971729552,24819.91583,0.4570309999980964,24820.754879,27.799999237060547
core,1.859819922,27.921375999998418,15.01770778563157,15.659970635550755,125529.792839,14.487328999995952,125557.714215,27.799999237060547
uncore,1.860009333,0.007996000000005665,0.004300704644857113,0.0,87.192769,0.007996000000005665,87.200765,27.799999237060547
