zone,time_elapsed,power_j,watts,watts_since_last,start_power,prev_power,prev_power_reading,temp
package-0,0.000541871,0.0,0.0,0.0,207275.439344,0.0,207275.439344,27.799999237060547
dram,0.000740724,0.0,0.0,0.0,24880.387355,0.0,24880.387355,27.799999237060547
core,0.000844186,0.006836000000475906,15.133703928599527,0.0,127608.455731,0.0,127608.462567,27.799999237060547
uncore,0.000940689,0.0,0.0,0.0,87.747394,0.0,87.747394,27.799999237060547
package-0,1.001292108,16.145770999981323,16.12886735023019,16.136148530528114,207275.439344,0.0,207291.585115,27.799999237060547
dram,1.001494812,0.4556880000018282,0.4552109221126501,0.45541642152717887,24880.387355,0.0,24880.843043,27.799999237060547
core,1.001701916,14.705956000005244,14.690559749836707,14.690359697806175,127608.455731,0.006836000000475906,127623.161687,27.799999237060547
uncore,1.001910283,0.006714000000002329,0.006706970846397384,0.006709998626521376,87.747394,0.0,87.754108,27.799999237060547
package-0,1.8579743149999999,30.84421999999904,16.60259004715169,17.15610096944512,207275.439344,16.145770999981323,207306.283564,27.799999237060547
dram,1.858147776,0.838316000001214,0.4512423033550079,0.4466052575831911,24880.387355,0.4556880000018282,24881.225671,27.799999237060547
core,1.8583193850000002,28.17583100000047,15.16627009309525,15.722103437270432,127608.455731,14.705956000005244,127636.631562,27.799999237060547
uncore,1.858491968,0.006714000000002329,0.003613960397656954,0.0,87.747394,0.006714000000002329,87.754108,27.799999237060547
