zone,time_elapsed,power_j,watts,watts_since_last,start_power,prev_power,prev_power_reading,temp
package-0,0.000729145,0.0,0.0,0.0,212143.040774,0.0,212143.040774,27.799999237060547
dram,0.000848685,0.0007929999992484227,1.4702746785483078,0.0,25010.435973,0.0,25010.436766,27.799999237060547
core,0.000949477,0.010069999989354983,18.670448942449745,0.0,132062.568474,0.0,132062.578544,27.799999237060547
uncore,0.001088243,0.0,0.0,0.0,88.925004,0.0,88.925004,27.799999237060547
package-0,1.001439394,16.7147399999958,16.694832197257682,16.703830761533105,212143.040774,0.0,212159.755514,27.799999237060547
dram,1.001642748,0.45550400000138325,0.45496147981988755,0.4544142229819338,25010.435973,0.0007929999992484227,25010.891477,27.799999237060547
core,1.001850213,15.27596200001426,15.257767828993273,15.255928383709364,132062.568474,0.010069999989354983,132077.844436,27.799999237060547
uncore,1.002056307,0.008055999999996288,0.008046405040166927,0.008050742076447645,88.925004,0.0,88.93306,27.799999237060547
package-0,1.821151332,30.648359000013443,16.83077060642414,16.996791507465268,212143.040774,16.7147399999958,212173.689133,27.799999237060547
dram,1.821325409,0.8214090000001306,0.4510827628013748,0.4463457050540791,25010.435973,0.45550400000138325,25011.257382,27.799999237060547
core,1.82149735,28.034107999992557,15.395135540646324,15.562902041684827,132062.568474,15.27596200001426,132090.602582,27.799999237060547
uncore,1.821668995,0.008055999999996288,0.0044240113477276525,0.0,88.925004,0.008055999999996288,88.93306,27.799999237060547
