zone,time_elapsed,power_j,watts,watts_since_last,start_power,prev_power,prev_power_reading,temp
package-0,0.000384189,0.0,0.0,0.0,206313.20731,0.0,206313.20731,27.799999237060547
dram,0.00059997,0.0,0.0,0.0,24854.764984,0.0,24854.764984,27.799999237060547
core,0.000731462,0.008301000008941628,32.80833155718684,0.0,126727.635415,0.0,126727.643716,27.799999237060547
uncore,0.000852357,0.0,0.0,0.0,87.517048,0.0,87.517048,27.799999237060547
package-0,1.001099844,17.21760699999868,17.201163891399975,17.205512986837537,206313.20731,0.0,206330.424917,27.799999237060547
dram,1.00120031,0.455748999997013,0.45531375192213813,0.4554288722113026,24854.764984,0.0,24855.220733,27.799999237060547
core,1.001285246,15.770589000007021,15.755527818299676,15.75121623383907,126727.635415,0.008301000008941628,126743.406004,27.799999237060547
uncore,1.001369127,0.008483999999995717,0.00847589763516933,0.008478040658046566,87.517048,0.0,87.525532,27.799999237060547
package-0,1.817806369,31.497295000008307,17.328407542463722,17.484356332367522,206313.20731,17.21760699999868,206344.704605,27.799999237060547
dram,1.818000347,0.820371999998315,0.4513321017691551,0.44645222353564795,24854.764984,0.455748999997013,24855.585356,27.799999237060547
core,1.818188991,28.894213000006857,15.896307872874166,16.06884676947093,126727.635415,15.770589000007021,126756.529628,27.799999237060547
uncore,1.818378542,0.008483999999995717,0.004667518578663635,0.0,87.517048,0.008483999999995717,87.525532,27.799999237060547
