zone,time_elapsed,power_j,watts,watts_since_last,start_power,prev_power,prev_power_reading,temp
package-0,0.000483632,0.0,0.0,0.0,204413.421341,0.0,204413.421341,27.799999237060547
dram,0.00059968,0.0,0.0,0.0,24804.112465,0.0,24804.112465,27.799999237060547
core,0.000738163,0.005187999995541759,14.419322101590513,0.0,124988.929783,0.0,124988.934971,27.799999237060547
uncore,0.0009013,0.0,0.0,0.0,87.037863,0.0,87.037863,27.799999237060547
package-0,1.001254113,16.2951849999954,16.278789036235683,16.284642273733457,204413.421341,0.0,204429.716526,27.799999237060547
dram,1.001469194,0.4561760000033246,0.45571700274958926,0.45588086136603356,24804.112465,0.0,24804.568641,27.799999237060547
core,1.001672324,14.855674999998882,14.840727448993713,14.840878970435243,124988.929783,0.005187999995541759,125003.785458,27.799999237060547
uncore,1.001871659,0.006957999999997355,0.006950998967739047,0.006953498284347573,87.037863,0.0,87.044821,27.799999237060547
package-0,1.854380283,31.050579999980982,16.746582011613892,17.29545524747229,204413.421341,16.2951849999954,204444.471921,27.799999237060547
dram,1.854575404,0.8380720000022848,0.4519993339797239,0.447637299928409,24804.112465,0.4561760000033246,24804.950537,27.799999237060547
core,1.854772463,28.390612999995938,15.31197578160262,15.864903274801515,124988.929783,14.855674999998882,125017.320396,27.799999237060547
uncore,1.854964643,0.006957999999997355,0.0037526744311003704,0.0,87.037863,0.006957999999997355,87.044821,27.799999237060547
