zone,time_elapsed,power_j,watts,watts_since_last,start_power,prev_power,prev_power_reading,temp
package-0,0.000375585,0.0,0.0,0.0,205470.244441,0.0,205470.244441,27.799999237060547
dram,0.000502872,0.0,0.0,0.0,24832.370633,0.0,24832.370633,27.799999237060547
core,0.000588638,0.00775100001192186,31.85896729398893,0.0,125955.931397,0.0,125955.939148,27.799999237060547
uncore,0.000671207,0.0,0.0,0.0,87.30782,0.0,87.30782,27.799999237060547
package-0,1.001015286,16.604572000011103,16.591715096574482,16.59574956677541,205470.244441,0.0,205486.849013,27.799999237060547
dram,1.001214875,0.45617500000298605,0.4558217841582636,0.4559326225733651,24832.370633,0.0,24832.826808,27.799999237060547
core,1.001423199,15.165183000004617,15.153440614026248,15.14937846920344,125955.931397,0.00775100001192186,125971.09658,27.799999237060547
uncore,1.001617797,0.0093389999999971,0.009331768821668958,0.009334037950750178,87.30782,0.0,87.317159,27.799999237060547
package-0,1.829611757,30.794843000010587,16.83297759742311,17.124350832963547,205470.244441,16.604572000011103,205501.039284,27.799999237060547
dram,1.829783191,0.825315000001865,0.4511310191074483,0.4454659721763732,24832.370633,0.45617500000298605,24833.195948,27.799999237060547
core,1.829954967,28.182850000011967,15.405218421849861,15.709291015994411,125955.931397,15.165183000004617,125984.114247,27.799999237060547
uncore,1.830129587,0.0093389999999971,0.005104854010206565,0.0,87.30782,0.0093389999999971,87.317159,27.799999237060547
