zone,time_elapsed,power_j,watts,watts_since_last,start_power,prev_power,prev_power_reading,temp
package-0,0.000374473,0.0,0.0,0.0,213508.028979,0.0,213508.028979,27.799999237060547
dram,0.00049341,0.0,0.0,0.0,25046.918362,0.0,25046.918362,27.799999237060547
core,0.000579157,0.0057369999994989485,22.275891790881325,0.0,133311.627288,0.0,133311.633025,27.799999237060547
uncore,0.000663862,0.0,0.0,0.0,89.252945,0.0,89.252945,27.799999237060547
package-0,1.001014429,16.435748999996576,16.42314246445572,16.427369973531025,213508.028979,0.0,213524.464728,27.799999237060547
dram,1.001206204,0.4561150000008638,0.4557651510248159,0.4558824703086458,25046.918362,0.0,25047.374477,27.799999237060547
core,1.001400827,14.999655999999959,14.988150975406029,14.986275025629512,133311.627288,0.0057369999994989485,133326.626944,27.799999237060547
uncore,1.001583113,0.005127000000001658,0.005123067492409944,0.005124386229939284,89.252945,0.0,89.258072,27.799999237060547
package-0,1.837787216,30.72904700000072,16.72230630226078,17.080072745664495,213508.028979,16.435748999996576,213538.758026,27.799999237060547
dram,1.8379597749999999,0.8297710000006191,0.45154946792665773,0.4465079831014496,25046.918362,0.4561150000008638,25047.748133,27.799999237060547
core,1.83813299,28.1121100000164,15.298206749565372,15.668998728942427,133311.627288,14.999655999999959,133339.739398,27.799999237060547
uncore,1.83828663,0.005127000000001658,0.0027900398086447894,0.0,89.252945,0.005127000000001658,89.258072,27.799999237060547
