zone,time_elapsed,power_j,watts,watts_since_last,start_power,prev_power,prev_power_reading,temp
package-0,0.000412899,0.0,0.0,0.0,211645.05627,0.0,211645.05627,27.799999237060547
dram,0.000579543,0.0,0.0,0.0,24997.200228,0.0,24997.200228,27.799999237060547
core,0.00071352,0.009705000004032627,40.786222216755874,0.0,131606.714965,0.0,131606.72467,27.799999237060547
uncore,0.000844998,0.0,0.0,0.0,88.807878,0.0,88.807878,27.799999237060547
package-0,1.001092909,16.422259999992093,16.406663579493472,16.410564732056194,211645.05627,0.0,211661.47853,27.799999237060547
dram,1.001190015,0.4561139999968873,0.45568082297135837,0.4557891740935536,24997.200228,0.0,24997.656342,27.799999237060547
core,1.001274863,14.972374000004493,14.958154553913223,14.952013193613809,131606.714965,0.009705000004032627,131621.687339,27.799999237060547
uncore,1.001358053,0.008299999999991314,0.008292117388819742,0.008294089076411496,88.807878,0.0,88.816178,27.799999237060547
package-0,1.848010848,31.0477719999908,16.80177299662432,17.26873271753922,211645.05627,16.422259999992093,211676.104042,27.799999237060547
dram,1.8481019619999999,0.8341039999977511,0.4513826648669894,0.44630289045047744,24997.200228,0.4561139999968873,24998.034332,27.799999237060547
core,1.848197994,28.397328000020934,15.367462076414913,15.851201815810853,131606.714965,14.972374000004493,131635.112293,27.799999237060547
uncore,1.848369371,0.008299999999991314,0.004491617494223973,0.0,88.807878,0.008299999999991314,88.816178,27.799999237060547
