zone,time_elapsed,power_j,watts,watts_since_last,start_power,prev_power,prev_power_reading,temp
package-0,0.000600637,0.016967999981716275,38.91279017575032,0.0,209727.044579,0.0,209727.061547,27.799999237060547
dram,0.000759973,0.0,0.0,0.0,24945.835613,0.0,24945.835613,27.799999237060547
core,0.000899689,0.008239000002504326,18.89453551985618,0.0,129851.941992,0.0,129851.950231,27.799999237060547
uncore,0.000985946,0.0,0.0,0.0,88.334307,0.0,88.334307,27.799999237060547
package-0,1.00132146,15.880268999986583,15.862983535128908,15.852939186041146,209727.044579,0.016967999981716275,209742.924848,27.799999237060547
dram,1.001534213,0.456054000002041,0.45555759119497075,0.4557561082388178,24945.835613,0.0,24946.291667,27.799999237060547
core,1.001728947,14.44613000001118,14.430405576675227,14.428460255388087,129851.941992,0.008239000002504326,129866.388122,27.799999237060547
uncore,1.001924145,0.00836200000000531,0.00835289807250395,0.008356537991286906,88.334307,0.0,88.342669,27.799999237060547
package-0,1.864676239,30.569319000001997,16.395784387415215,17.01357272401762,209727.044579,15.880268999986583,209757.613898,27.799999237060547
dram,1.8648666839999999,0.8413070000024163,0.45123308686274133,0.4462187774325411,24945.835613,0.456054000002041,24946.67692,27.799999237060547
core,1.865057119,27.891652000005706,14.959623811079405,15.573258063594697,129851.941992,14.44613000001118,129879.833644,27.799999237060547
uncore,1.8652470330000002,0.00836200000000531,0.004484939590824517,0.0,88.334307,0.00836200000000531,88.342669,27.799999237060547
