zone,time_elapsed,power_j,watts,watts_since_last,start_power,prev_power,prev_power_reading,temp
package-0,0.000281504,0.0,0.0,0.0,65183.18219,0.0,65183.18219,27.799999237060547
dram,0.000398699,0.0,0.0,0.0,236812.225607,0.0,236812.225607,27.799999237060547
core,0.0004812,0.005981000023894012,30.62154425503795,0.0,189022.713,0.0,189022.718981,27.799999237060547
uncore,0.000561661,0.0,0.0,0.0,32859.935165,0.0,32859.935165,27.799999237060547
package-0,1.00080714,17.868484999999055,17.856414617266637,17.859900656608357,65183.18219,0.0,65201.050675,27.799999237060547
dram,1.000904461,0.4864489999890793,0.4861203976699867,0.4862153010908253,236812.225607,0.0,236812.712056,27.799999237060547
core,1.00098501,16.279437999997754,16.268441038177617,16.265638936884486,189022.713,0.005981000023894012,189038.992438,27.799999237060547
uncore,1.001113897,0.005187999995541759,0.005184495437345472,0.0051855075865058125,32859.935165,0.0,32859.940353,27.799999237060547
package-0,2.001377252,37.63955200000055,18.808181367453134,19.760061317689626,65183.18219,17.868484999999055,65220.821742,27.799999237060547
dram,2.001472919,0.9663669999863487,0.4828858165810412,0.479650850781513,236812.225607,0.4864489999890793,236813.191974,27.799999237060547
core,2.001553242,34.481601000006776,17.230178654843485,18.19203065746186,189022.713,16.279437999997754,189057.194601,27.799999237060547
uncore,2.001632207,0.005187999995541759,0.0025924018662733827,0.0,32859.935165,0.005187999995541759,32859.940353,27.799999237060547
package-0,2.107194597,39.62380000000121,18.805478125316625,18.75434662016997,65183.18219,37.63955200000055,65222.80599,27.799999237060547
dram,2.107287781,1.0178799999994226,0.4830864297262212,0.48688100362942843,236812.225607,0.9663669999863487,236813.243487,27.799999237060547
core,2.107368043,36.29092200001469,17.223692321756804,17.10100409892797,189022.713,34.481601000006776,189059.003922,27.799999237060547
uncore,2.107460693,0.005187999995541759,0.0024622277628672746,0.0,32859.935165,0.005187999995541759,32859.940353,27.799999237060547
