zone,time_elapsed,power_j,watts,watts_since_last,start_power,prev_power,prev_power_reading,temp
package-0,0.000433705,0.01708900000085123,56.679933667831605,0.0,70016.143634,0.0,70016.160723,27.799999237060547
dram,0.000580238,0.0007929999846965075,2.6301823704693446,0.0,236934.389479,0.0,236934.390272,27.799999237060547
core,0.000695858,0.008544999989680946,28.34162517307113,0.0,193465.819484,0.0,193465.828029,27.799999237060547
uncore,0.000811208,0.0,0.0,0.0,32860.637922,0.0,32860.637922,27.799999237060547
package-0,1.001069824,18.671094000004814,18.653730100725635,18.642272411292826,70016.143634,0.01708900000085123,70034.814728,27.799999237060547
dram,1.001174055,0.4801619999925606,0.4797154549424656,0.4790674969623808,236934.389479,0.0007929999846965075,236934.869641,27.799999237060547
core,1.0012619,17.234941000002436,17.21891270623419,17.215561317635256,193465.819484,0.008544999989680946,193483.054425,27.799999237060547
uncore,1.00134824,0.006163999998534564,0.0061582675505520625,0.006160123100420822,32860.637922,0.0,32860.644086,27.799999237060547
package-0,2.001594657,38.77315500000259,19.372607447828088,20.09178618109548,70016.143634,18.671094000004814,70054.916789,27.799999237060547
dram,2.001696223,0.9569060000067111,0.4781082246879357,0.47650032060919284,236934.389479,0.4801619999925606,236935.346385,27.799999237060547
core,2.001781649,35.885771999979625,17.929956278198652,18.641297952052295,193465.819484,17.234941000002436,193501.705256,27.799999237060547
uncore,2.001865131,0.006163999998534564,0.0030797790966459924,0.0,32860.637922,0.006163999998534564,32860.644086,27.799999237060547
package-0,2.076549307,40.186298000000534,19.35367689117129,18.84832590382008,70016.143634,38.77315500000259,70056.329932,27.799999237060547
dram,2.076748415,0.9935879999829922,0.47851088733318203,0.4892599619131764,236934.389479,0.9569060000067111,236935.383067,27.799999237060547
core,2.076943998,37.18856499998947,17.90997197741648,17.376491303029276,193465.819484,35.885771999979625,193503.008049,27.799999237060547
uncore,2.077145525,0.006163999998534564,0.002968575615718986,0.0,32860.637922,0.006163999998534564,32860.644086,27.799999237060547
