zone,time_elapsed,power_j,watts,watts_since_last,start_power,prev_power,prev_power_reading,temp
package-0,0.000402251,0.0,0.0,0.0,67781.622377,0.0,67781.622377,27.799999237060547
dram,0.000598215,0.0007939999923110008,3.224745217958666,0.0,236878.097264,0.0,236878.098058,27.799999237060547
core,0.00076561,0.010864000010769814,44.12296274797768,0.0,191405.96526,0.0,191405.976124,27.799999237060547
uncore,0.000887105,0.0,0.0,0.0,32860.310957,0.0,32860.310957,27.799999237060547
package-0,1.001230217,18.36677399999462,18.34850168129231,18.353016083606914,67781.622377,0.0,67799.989151,27.799999237060547
dram,1.001444126,0.48687699998845346,0.4863926268637764,0.48571889200028895,236878.097264,0.0007939999923110008,236878.584141,27.799999237060547
core,1.001642887,16.78834800000186,16.771645989886125,16.764916565880558,191405.96526,0.010864000010769814,191422.753608,27.799999237060547
uncore,1.001831001,0.0054939999972702935,0.0054885342514130915,0.0054898846315236186,32860.310957,0.0,32860.316451,27.799999237060547
package-0,2.002197245,38.24074599999585,19.10170508508447,19.854936417245117,67781.622377,18.36677399999462,67819.863123,27.799999237060547
dram,2.002383369,0.9648419999866746,0.48194999484190326,0.47750719808967507,236878.097264,0.48687699998845346,236879.062106,27.799999237060547
core,2.002587577,35.080721000005724,17.52323520870413,18.274852296037526,191405.96526,16.78834800000186,191441.045981,27.799999237060547
uncore,2.002767702,0.0054939999972702935,0.002744318002722107,0.0,32860.310957,0.0054939999972702935,32860.316451,27.799999237060547
package-0,2.082745678,39.74483199999668,19.085138024953082,18.67337270583544,67781.622377,38.24074599999585,67821.367209,27.799999237060547
dram,2.082871777,1.0045749999990221,0.48238856642796185,0.4932890259939402,236878.097264,0.9648419999866746,236879.101839,27.799999237060547
core,2.08298588,36.44192400001339,17.499109052345823,16.899466484915404,191405.96526,35.080721000005724,191442.407184,27.799999237060547
uncore,2.083209355,0.0054939999972702935,0.0026381731405231298,0.0,32860.310957,0.0054939999972702935,32860.316451,27.799999237060547
