zone,time_elapsed,power_j,watts,watts_since_last,start_power,prev_power,prev_power_reading,temp
package-0,0.000353629,0.0,0.0,0.0,67461.976344,0.0,67461.976344,27.799999237060547
dram,0.000512078,0.0,0.0,0.0,236870.008784,0.0,236870.008784,27.799999237060547
core,0.000651522,0.009948000020813197,44.76403047631843,0.0,191112.746834,0.0,191112.756782,27.799999237060547
uncore,0.000781054,0.0,0.0,0.0,32860.26512,0.0,32860.26512,27.799999237060547
package-0,1.001106638,18.771559000000707,18.755475560776645,18.75964098132563,67461.976344,0.0,67480.747903,27.799999237060547
dram,1.001317607,0.4884019999881275,0.487983538000835,0.4880919147066225,236870.008784,0.0,236870.497186,27.799999237060547
core,1.002254201,17.23756500001764,17.222795884194678,17.216679226467573,191112.746834,0.009948000020813197,191129.984399,27.799999237060547
uncore,1.002468948,0.004456000002392102,0.0044521821093113575,0.004453170898467135,32860.26512,0.0,32860.269576,27.799999237060547
package-0,2.002825632,38.94991300000402,19.4498501180486,20.14362397503547,67461.976344,18.771559000000707,67500.926257,27.799999237060547
dram,2.003046462,0.9681979999877512,0.4834749177579483,0.47897019790201695,236870.008784,0.4884019999881275,236870.976982,27.799999237060547
core,2.003239554,35.79861399999936,17.87623188616088,18.5291026036008,191112.746834,17.23756500001764,191148.545448,27.799999237060547
uncore,2.003431474,0.004456000002392102,0.002225127747333907,0.0,32860.26512,0.004456000002392102,32860.269576,27.799999237060547
package-0,2.062868467,40.08443100001023,19.433777809304296,18.897654111359035,67461.976344,38.94991300000402,67502.060775,27.799999237060547
dram,2.06305843,0.998105000006035,0.48390236100564826,0.49816057731198676,236870.008784,0.9681979999877512,236871.006889,27.799999237060547
core,2.063213743,36.832852000021376,17.857343711607683,17.227291231283054,191112.746834,35.79861399999936,191149.579686,27.799999237060547
uncore,2.063366208,0.004456000002392102,0.0021603628093093156,0.0,32860.26512,0.004456000002392102,32860.269576,27.799999237060547
