zone,time_elapsed,power_j,watts,watts_since_last,start_power,prev_power,prev_power_reading,temp
package-0,0.000694528,0.0,0.0,0.0,63428.458716,0.0,63428.458716,27.799999237060547
dram,0.000831743,0.0008549999911338091,1.634052490609089,0.0,236767.639417,0.0,236767.640272,27.799999237060547
core,0.000920046,0.010254000022541732,19.597163098587323,0.0,187413.661638,0.0,187413.671892,27.799999237060547
uncore,0.001005553,0.0,0.0,0.0,32859.682907,0.0,32859.682907,27.799999237060547
package-0,1.00126056,18.129469999999856,18.109106834528525,18.11857653199437,63428.458716,0.0,63446.588186,27.799999237060547
dram,1.001361826,0.4871210000128485,0.4865738618158786,0.4859738170117651,236767.639417,0.0008549999911338091,236768.126538,27.799999237060547
core,1.00144663,16.544513000000734,16.52593007088799,16.524324047582418,187413.661638,0.010254000022541732,187430.206151,27.799999237060547
uncore,1.001530271,0.004028999996080529,0.004024474591112586,0.0040265790878823635,32859.682907,0.0,32859.686936,27.799999237060547
package-0,2.001785295,38.25289299999713,19.110865230023304,20.11324272241981,63428.458716,18.129469999999856,63466.711609,27.799999237060547
dram,2.001890465,0.9667950000148267,0.48300370250022967,0.4794313367897247,236767.639417,0.4871210000128485,236768.606212,27.799999237060547
core,2.001981467,35.100130000006175,17.535767921826626,18.54622986285282,187413.661638,16.544513000000734,187448.761768,27.799999237060547
uncore,2.002069909,0.004028999996080529,0.0020128588950609617,0.0,32859.682907,0.004028999996080529,32859.686936,27.799999237060547
package-0,2.09558232,40.02248099999997,19.100887347826735,18.88771563295507,63428.458716,38.25289299999713,63468.481197,27.799999237060547
dram,2.095794105,1.011716000008164,0.48284546238274995,0.47946475327633875,236767.639417,0.9667950000148267,236768.651133,27.799999237060547
core,2.095985734,36.71462700000848,17.52220094363066,17.23235025681322,187413.661638,35.100130000006175,187450.376265,27.799999237060547
uncore,2.096175727,0.004028999996080529,0.0019228561829919687,0.0,32859.682907,0.004028999996080529,32859.686936,27.799999237060547
