zone,time_elapsed,power_j,watts,watts_since_last,start_power,prev_power,prev_power_reading,temp
package-0,0.000569866,0.01721199999883538,39.792023559955936,0.0,61042.844706,0.0,61042.861918,27.799999237060547
dram,0.000726277,0.0,0.0,0.0,236706.888413,0.0,236706.888413,27.799999237060547
core,0.0008451,0.007811999996192753,18.0603815895835,0.0,185226.596131,0.0,185226.603943,27.799999237060547
uncore,0.000930901,0.0,0.0,0.0,32859.342759,0.0,32859.342759,27.799999237060547
package-0,1.001185088,17.8430939999962,17.82460792087538,17.81511167826604,61042.844706,0.01721199999883538,61060.6878,27.799999237060547
dram,1.001287069,0.48535000000265427,0.48484716016437623,0.4850567536066371,236706.888413,0.0,236707.373763,27.799999237060547
core,1.001372258,16.25862499998766,16.24178048702676,16.240994328219404,185226.596131,0.007811999996192753,185242.854756,27.799999237060547
uncore,1.001455768,0.0051880000028177164,0.005182625050551539,0.005184865435385234,32859.342759,0.0,32859.347947,27.799999237060547
package-0,2.001740808,37.6501719999942,18.81038754435955,19.796671048401222,61042.844706,17.8430939999962,61080.494878,27.799999237060547
dram,2.001845099,0.9653910000051837,0.48231861575392315,0.47978877887978255,236706.888413,0.48535000000265427,236707.853804,27.799999237060547
core,2.001930623,34.478426999994554,17.22575327915919,18.210229028288552,185226.596131,16.25862499998766,185261.074558,27.799999237060547
uncore,2.002023207,0.0051880000028177164,0.002591974629841126,0.0,32859.342759,0.0051880000028177164,32859.347947,27.799999237060547
package-0,2.110763262,39.67378800000006,18.797354086901972,18.558113650763577,61042.844706,37.6501719999942,61082.518494,27.799999237060547
dram,2.110968411,1.0184299999964423,0.48252990923520267,0.48640838467267294,236706.888413,0.9653910000051837,236707.906843,27.799999237060547
core,2.111164849,36.32900800000061,17.212604629583264,16.971249742024536,185226.596131,34.478426999994554,185262.925139,27.799999237060547
uncore,2.111348795,0.0051880000028177164,0.002458063068134883,0.0,32859.342759,0.0051880000028177164,32859.347947,27.799999237060547
