zone,time_elapsed,power_j,watts,watts_since_last,start_power,prev_power,prev_power_reading,temp
package-0,0.000339549,0.0,0.0,0.0,29474.744795,0.0,29474.744795,27.799999237060547
dram,0.000470133,0.0008550000002287561,4.11360279546376,0.0,13963.150655,0.0,13963.15151,27.799999237060547
core,0.000557901,0.006163999991258606,29.65642992806539,0.0,246904.764101,0.0,246904.770265,27.799999237060547
uncore,0.000643355,0.0,0.0,0.0,54.166853,0.0,54.166853,27.799999237060547
package-0,1.00090286,18.929273000001558,18.915091353513986,18.9190206691868,29474.744795,0.0,29493.674068,27.799999237060547
dram,1.001010608,0.4632560000009107,0.4629089326399371,0.46215055784048487,13963.150655,0.0008550000002287561,13963.613911,27.799999237060547
core,1.001130709,17.477006000000983,17.463912379302865,17.461379573650486,246904.764101,0.006163999991258606,246922.241107,27.799999237060547
uncore,1.00121642,0.00897199999999998,0.00896527825573191,0.00896714065267745,54.166853,0.0,54.175825,27.799999237060547
package-0,2.001434253,38.46364700000049,19.219151563827303,19.52326672547714,29474.744795,18.929273000001558,29513.208442,27.799999237060547
dram,2.001525725,0.919675000001007,0.45953451097557135,0.45615947946823976,13963.150655,0.4632560000009107,13964.07033,27.799999237060547
core,2.001606067,35.565093999990495,17.770829998714724,18.077803085868883,246904.764101,17.477006000000983,246940.329195,27.799999237060547
uncore,2.001685442,0.00897199999999998,0.004483044154150437,0.0,54.166853,0.00897199999999998,54.175825,27.799999237060547
package-0,2.770655013,53.464890000002924,19.297798124032052,19.502422465589557,29474.744795,38.46364700000049,29528.209685,27.799999237060547
dram,2.770750482,1.2716030000010505,0.45897668522150636,0.45752532196630225,13963.150655,0.919675000001007,13964.422258,27.799999237060547
core,2.770831157,49.462641999998596,17.853213202106836,18.0675596236874,246904.764101,35.565093999990495,246954.226743,27.799999237060547
uncore,2.770910019,0.00897199999999998,0.0032383840080622206,0.0,54.166853,0.00897199999999998,54.175825,27.799999237060547
