zone,time_elapsed,power_j,watts,watts_since_last,start_power,prev_power,prev_power_reading,temp
package-0,0.000373668,0.0,0.0,0.0,21449.843769,0.0,21449.843769,27.799999237060547
dram,0.000492465,0.0008539999998902204,3.4225850532032442,0.0,13774.421341,0.0,13774.422195,27.799999237060547
core,0.000577128,0.007446000003255904,29.841414895282135,0.0,239481.617272,0.0,239481.624718,27.799999237060547
uncore,0.000659857,0.0,0.0,0.0,52.975328,0.0,52.975328,27.799999237060547
package-0,1.000998615,18.99787700000161,18.98336345930243,18.98809773092013,21449.843769,0.0,21468.841646,27.799999237060547
dram,1.001204432,0.45776200000000244,0.45741229000779987,0.4566728039159666,13774.421341,0.0008539999998902204,13774.879103,27.799999237060547
core,1.001419157,17.554459000006318,17.54104816704069,17.53798057171104,239481.617272,0.007446000003255904,239499.171731,27.799999237060547
uncore,1.0016259,0.005676000000001125,0.005671663786170046,0.005673078245570013,52.975328,0.0,52.981004,27.799999237060547
package-0,2.001937984,38.428491000002396,19.197617617884788,19.41182828082933,21449.843769,18.99787700000161,21488.27226,27.799999237060547
dram,2.002169169,0.904050000001007,0.4516338205282896,0.44585652413320076,13774.421341,0.45776200000000244,13775.325391,27.799999237060547
core,2.002988296,35.55960099998629,17.764413977177707,17.987734441924736,239481.617272,17.554459000006318,239517.176873,27.799999237060547
uncore,2.003193914,0.005676000000001125,0.002835544013402162,0.0,52.975328,0.005676000000001125,52.981004,27.799999237060547
package-0,2.762351937,53.2089100000012,19.26377234161445,19.437924960435605,21449.843769,38.428491000002396,21503.052679,27.799999237060547
dram,2.762542889,1.2460289999999077,0.4511127739141282,0.44974111627173624,13774.421341,0.904050000001007,13775.66737,27.799999237060547
core,2.762727764,49.23949800000992,17.826685036163113,17.99061388942824,239481.617272,35.55960099998629,239530.85677,27.799999237060547
uncore,2.762913024,0.005676000000001125,0.0020549410204235125,0.0,52.975328,0.005676000000001125,52.981004,27.799999237060547
