zone,time_elapsed,power_j,watts,watts_since_last,start_power,prev_power,prev_power_reading,temp
package-0,0.000586355,0.0,0.0,0.0,27122.848839,0.0,27122.848839,27.799999237060547
dram,0.00080737,0.0,0.0,0.0,13907.784525,0.0,13907.784525,27.799999237060547
core,0.001003581,0.01324400000157766,32.870130228600935,0.0,244729.424333,0.0,244729.437577,27.799999237060547
uncore,0.001138156,0.0,0.0,0.0,53.80931,0.0,53.80931,27.799999237060547
package-0,1.001393304,18.799817000002804,18.776187112193547,18.783745927527146,27122.848839,0.0,27141.648656,27.799999237060547
dram,1.001495571,0.4588610000009794,0.45828424790014427,0.4584687414812679,13907.784525,0.0,13908.243386,27.799999237060547
core,1.001580519,17.354569999995874,17.332756673723722,17.326501722344688,244729.424333,0.01324400000157766,244746.778903,27.799999237060547
uncore,1.001663899,0.010131999999998698,0.010119264874795971,0.010123338633437347,53.80931,0.0,53.819442,27.799999237060547
package-0,2.001878939,38.219873000001826,19.093100919601294,19.41025339500897,27122.848839,18.799817000002804,27161.068712,27.799999237060547
dram,2.001974323,0.904355000000578,0.4517791380980319,0.4452691292933846,13907.784525,0.4588610000009794,13908.68888,27.799999237060547
core,2.002059039,35.350433999992674,17.659645386930844,17.98678028024611,244729.424333,17.354569999995874,244764.774767,27.799999237060547
uncore,2.002142332,0.010131999999998698,0.005061536926545157,0.0,53.80931,0.010131999999998698,53.819442,27.799999237060547
package-0,2.772171529,53.21330300000045,19.196517272249704,19.465275360761257,27122.848839,38.219873000001826,27176.062142,27.799999237060547
dram,2.772361626,1.2488370000010036,0.450513681527034,0.4472250170130957,13907.784525,0.904355000000578,13909.033362,27.799999237060547
core,2.772547618,49.242671999993036,17.76412570329613,18.035648817332863,244729.424333,35.350433999992674,244778.667005,27.799999237060547
uncore,2.772734656,0.010131999999998698,0.0036550843874962498,0.0,53.80931,0.010131999999998698,53.819442,27.799999237060547
