zone,time_elapsed,power_j,watts,watts_since_last,start_power,prev_power,prev_power_reading,temp
package-0,0.000609809,0.0,0.0,0.0,31501.215438,0.0,31501.215438,27.799999237060547
dram,0.000836708,0.0007940000014059478,1.8312948486320595,0.0,14010.978291,0.0,14010.979085,27.799999237060547
core,0.000990008,0.012145999993663281,28.01373700314199,0.0,248778.999232,0.0,248779.011378,27.799999237060547
uncore,0.001107338,0.0,0.0,0.0,54.462323,0.0,54.462323,27.799999237060547
package-0,1.001395917,18.287427999999636,18.265213646245723,18.27312675662109,31501.215438,0.0,31519.502866,27.799999237060547
dram,1.001499219,0.4583120000006602,0.45775527300232677,0.45716020904756566,14010.978291,0.0007940000014059478,14011.436603,27.799999237060547
core,1.001584886,16.847612999990815,16.827147637934935,16.822301227808822,248778.999232,0.012145999993663281,248795.846845,27.799999237060547
uncore,1.001668814,0.007691000000001225,0.007681657483671351,0.007684985438367711,54.462323,0.0,54.470014,27.799999237060547
package-0,2.001887421,37.71938600000067,18.842873831975037,19.420907678320237,31501.215438,18.287427999999636,31538.934824,27.799999237060547
dram,2.001982059,0.9047220000011293,0.45195758221072574,0.44615614117154784,14010.978291,0.4583120000006602,14011.883013,27.799999237060547
core,2.002067635,34.838045999989845,17.403488628641508,17.980202426640094,248778.999232,16.847612999990815,248813.837278,27.799999237060547
uncore,2.002151137,0.007691000000001225,0.003842070563973139,0.0,54.462323,0.007691000000001225,54.470014,27.799999237060547
package-0,2.827448768,53.699446999999054,18.99308809223799,19.357334912457485,31501.215438,37.71938600000067,31554.914885,27.799999237060547
dram,2.827649057,1.2734959999997955,0.45042589941585903,0.4467118007235077,14010.978291,0.9047220000011293,14012.251787,27.799999237060547
core,2.827845718,49.647395000007236,17.559907959299654,17.939201135016503,248778.999232,34.838045999989845,248828.646627,27.799999237060547
uncore,2.828041911,0.007691000000001225,0.0027202485067942734,0.0,54.462323,0.007691000000001225,54.470014,27.799999237060547
