zone,time_elapsed,power_j,watts,watts_since_last,start_power,prev_power,prev_power_reading,temp
package-0,0.00047629,0.0,0.0,0.0,26748.28388,0.0,26748.28388,27.799999237060547
dram,0.000653649,0.0,0.0,0.0,13898.968446,0.0,13898.968446,27.799999237060547
core,0.000781542,0.0065919999906327575,17.534619677058583,0.0,244382.968066,0.0,244382.974658,27.799999237060547
uncore,0.000918648,0.0,0.0,0.0,53.754073,0.0,53.754073,27.799999237060547
package-0,1.001172428,18.436171000001195,18.417308416319297,18.424227770712246,26748.28388,0.0,26766.720051,27.799999237060547
dram,1.001275859,0.45971599999938917,0.4592456511661149,0.45941818904961057,13898.968446,0.0,13899.428162,27.799999237060547
core,1.001361087,16.987017999985255,16.96963808695827,16.96942582424544,244382.968066,0.0065919999906327575,244399.955084,27.799999237060547
uncore,1.001444126,0.009278000000001896,0.009268507407890406,0.009271989571841792,53.754073,0.0,53.763351,27.799999237060547
package-0,2.00166694,37.89528799999971,18.93286025713521,19.44866285749604,26748.28388,18.436171000001195,26786.179168,27.799999237060547
dram,2.001761816,0.9071029999995517,0.4531976201848569,0.44714664749846594,13898.968446,0.45971599999938917,13899.875549,27.799999237060547
core,2.001846017,35.020602000004146,17.496638732151432,18.023895705479806,244382.968066,16.987017999985255,244417.988668,27.799999237060547
uncore,2.001927991,0.009278000000001896,0.004635380458534521,0.0,53.754073,0.009278000000001896,53.763351,27.799999237060547
package-0,2.804719769,53.54801900000166,19.0931908377174,19.49283195541639,26748.28388,37.89528799999971,26801.831899,27.799999237060547
dram,2.804830344,1.2673309999991034,0.45188212541601885,0.4486031140269465,13898.968446,0.9071029999995517,13900.235777,27.799999237060547
core,2.805015094,49.52129699999932,17.65741463101072,18.05816575213727,244382.968066,35.020602000004146,244432.489363,27.799999237060547
uncore,2.80519946,0.009278000000001896,0.003308182597611552,0.0,53.754073,0.009278000000001896,53.763351,27.799999237060547
