zone,time_elapsed,power_j,watts,watts_since_last,start_power,prev_power,prev_power_reading,temp
package-0,0.000823036,0.017089999997551786,27.89525486461544,0.0,27016.024527,0.0,27016.041617,27.799999237060547
dram,0.000958872,0.0,0.0,0.0,13905.267625,0.0,13905.267625,27.799999237060547
core,0.001151087,0.00842300002113916,13.748492238033784,0.0,244630.659937,0.0,244630.66836,27.799999237060547
uncore,0.001246327,0.0,0.0,0.0,53.794295,0.0,53.794295,27.799999237060547
package-0,1.001498156,18.79939099999683,18.77400844670684,18.76842445276958,27016.024527,0.017089999997551786,27034.823918,27.799999237060547
dram,1.001602865,0.45727400000032503,0.45665659799655073,0.45693616150769734,13905.267625,0.0,13905.724899,27.799999237060547
core,1.001688225,17.33973900001729,17.316327239008512,17.318511454641094,244630.659937,0.00842300002113916,244647.999676,27.799999237060547
uncore,1.00177164,0.007018999999999664,0.007009523089734728,0.007013814294318275,53.794295,0.0,53.801314,27.799999237060547
package-0,2.001991488,38.25344199999745,19.108815514369333,19.44390031184282,27016.024527,18.79939099999683,27054.277969,27.799999237060547
dram,2.002087904,0.9027679999999236,0.45096143673230416,0.44526155120679106,13905.267625,0.45727400000032503,13906.170393,27.799999237060547
core,2.00217278,35.36789100000169,17.667390669090665,18.018745313993232,244630.659937,17.33973900001729,244666.027828,27.799999237060547
uncore,2.002255936,0.007018999999999664,0.0035062145805169866,0.0,53.794295,0.007018999999999664,53.801314,27.799999237060547
package-0,2.77953801,53.40940899999987,19.216124609412066,19.492408224851673,27016.024527,38.25344199999745,27069.433936,27.799999237060547
dram,2.7796465809999997,1.2503020000003744,0.4498450644043708,0.4469707937489773,13905.267625,0.9027679999999236,13906.517927,27.799999237060547
core,2.779814516,49.396907000016654,17.77247001987724,18.043012818992263,244630.659937,35.36789100000169,244680.056844,27.799999237060547
uncore,2.779927786,0.007018999999999664,0.0025253598786958526,0.0,53.794295,0.007018999999999664,53.801314,27.799999237060547
