zone,time_elapsed,power_j,watts,watts_since_last,start_power,prev_power,prev_power_reading,temp
package-0,0.000643922,0.0,0.0,0.0,27069.449806,0.0,27069.449806,27.799999237060547
dram,0.000802769,0.0,0.0,0.0,13906.518659,0.0,13906.518659,27.799999237060547
core,0.000917088,0.008178999996744096,16.235100284335772,0.0,244680.074056,0.0,244680.082235,27.799999237060547
uncore,0.001004027,0.0,0.0,0.0,53.801314,0.0,53.801314,27.799999237060547
package-0,1.001246737,18.241041999997833,18.220578759522272,18.229752332608,27069.449806,0.0,27087.690848,27.799999237060547
dram,1.001380862,0.45739599999978964,0.4568828821449787,0.45711291043147234,13906.518659,0.0,13906.976055,27.799999237060547
core,1.002171453,16.808428999996977,16.78957289930693,16.789852061408453,244680.074056,0.008178999996744096,244696.882485,27.799999237060547
uncore,1.002258519,0.007996000000005665,0.007987029894523604,0.00799105115001951,53.801314,0.0,53.80931,27.799999237060547
package-0,2.002485187,37.672998999998526,18.81428190264325,19.40791649147437,27069.449806,18.241041999997833,27107.122805,27.799999237060547
dram,2.002581019,0.9036840000007942,0.4513090536520299,0.44573586876331095,13906.518659,0.45739599999978964,13907.422343,27.799999237060547
core,2.002666055,34.79403999997885,17.376500264591968,17.963359857979235,244680.074056,16.808428999996977,244714.868096,27.799999237060547
uncore,2.002748422,0.007996000000005665,0.003993284370422644,0.0,53.801314,0.007996000000005665,53.80931,27.799999237060547
package-0,2.811000603,53.36363200000051,18.984746691798094,19.40692259574612,27069.449806,37.672998999998526,27122.813438,27.799999237060547
dram,2.811108488,1.2651330000007874,0.45008610988939657,0.44705734722804513,13906.518659,0.9036840000007942,13907.783792,27.799999237060547
core,2.81129025,49.3329429999867,17.550781146524145,17.982408048685976,244680.074056,34.79403999997885,244729.406999,27.799999237060547
uncore,2.811472995,0.007996000000005665,0.0028446720895557425,0.0,53.801314,0.007996000000005665,53.80931,27.799999237060547
