zone,time_elapsed,power_j,watts,watts_since_last,start_power,prev_power,prev_power_reading,temp
package-0,0.000675433,0.0,0.0,0.0,30435.972987,0.0,30435.972987,27.799999237060547
dram,0.00089377,0.0,0.0,0.0,13985.806176,0.0,13985.806176,27.799999237060547
core,0.001051023,0.011780000000726432,23.429544298797158,0.0,247793.854049,0.0,247793.865829,27.799999237060547
uncore,0.001202266,0.0,0.0,0.0,54.308759,0.0,54.308759,27.799999237060547
package-0,1.001560309,19.037548000000243,19.01242488669284,19.021976210812568,30435.972987,0.0,30455.010535,27.799999237060547
dram,1.001757747,0.4590439999992668,0.45843821744654184,0.45866852431322497,13985.806176,0.0,13986.26522,27.799999237060547
core,1.001984827,17.598344000027282,17.5751201483876,17.572179045244358,247793.854049,0.011780000000726432,247811.452393,27.799999237060547
uncore,1.002183439,0.006835999999999842,0.006826978796083802,0.006830408484176117,54.308759,0.0,54.315595,27.799999237060547
package-0,2.002501634,38.52803800000038,19.24199127829756,19.471638688776704,30435.972987,19.037548000000243,30474.501025,27.799999237060547
dram,2.00266934,0.9052709999996296,0.45211792737767786,0.44579540674368706,13985.806176,0.4590439999992668,13986.711447,27.799999237060547
core,2.002801062,35.65139800001634,17.805315946153886,18.035592984925447,247793.854049,17.598344000027282,247829.505447,27.799999237060547
uncore,2.002956143,0.006835999999999842,0.003414091638365748,0.0,54.308759,0.006835999999999842,54.315595,27.799999237060547
package-0,2.771028514,53.493210000000545,19.30610070372839,19.473133942869946,30435.972987,38.52803800000038,30489.466197,27.799999237060547
dram,2.771223973,1.2491420000005746,0.45082471673073155,0.4474553344316364,13985.806176,0.9052709999996296,13987.055318,27.799999237060547
core,2.771413469,49.52221200001077,17.872937741885085,18.049122249882867,247793.854049,35.65139800001634,247843.376261,27.799999237060547
uncore,2.771602014,0.006835999999999842,0.0024671636720002945,0.0,54.308759,0.006835999999999842,54.315595,27.799999237060547
