zone,time_elapsed,power_j,watts,watts_since_last,start_power,prev_power,prev_power_reading,temp
package-0,0.000706885,0.0,0.0,0.0,31607.978104,0.0,31607.978104,27.799999237060547
dram,0.000911949,0.0,0.0,0.0,14013.507094,0.0,14013.507094,27.799999237060547
core,0.001043051,0.011292000010143965,22.101350723194805,0.0,248877.696916,0.0,248877.708208,27.799999237060547
uncore,0.001192735,0.0,0.0,0.0,54.477704,0.0,54.477704,27.799999237060547
package-0,1.001534658,18.401685999997426,18.37787540408938,18.387257647632133,31607.978104,0.0,31626.37979,27.799999237060547
dram,1.001754685,0.45831100000032166,0.45771797509916745,0.4579516485473681,14013.507094,0.0,14013.965405,27.799999237060547
core,1.001965947,16.9605890000239,16.93864309077178,16.936007433532716,248877.696916,0.011292000010143965,248894.657505,27.799999237060547
uncore,1.002176892,0.010131999999998698,0.01011888984488898,0.010124055724340199,54.477704,0.0,54.487836,27.799999237060547
package-0,2.002506483,37.65261299999838,18.80484120627358,19.231938499379105,31607.978104,18.401685999997426,31645.630717,27.799999237060547
dram,2.002720107,0.9041719999986526,0.4515705426110583,0.4454212169231716,14013.507094,0.45831100000032166,14014.411266,27.799999237060547
core,2.002918191,34.77756000001682,17.368953738801505,17.79939690785113,248877.696916,16.9605890000239,248912.474476,27.799999237060547
uncore,2.003129115,0.010131999999998698,0.005060223870835939,0.0,54.477704,0.010131999999998698,54.487836,27.799999237060547
package-0,2.780585117,52.63646199999857,18.931573532966926,19.257705990102714,31607.978104,37.65261299999838,31660.614566,27.799999237060547
dram,2.780777934,1.251643999999942,0.45017445175354676,0.44658175718520093,14013.507094,0.9041719999986526,14014.758738,27.799999237060547
core,2.7809638740000002,48.643614000000525,17.495479756034786,17.82108129724015,248877.696916,34.77756000001682,248926.34053,27.799999237060547
uncore,2.781152296,0.010131999999998698,0.0036441412615460635,0.0,54.477704,0.010131999999998698,54.487836,27.799999237060547
