zone,time_elapsed,power_j,watts,watts_since_last,start_power,prev_power,prev_power_reading,temp
package-0,0.000590431,0.018920999998954358,39.90576662467016,0.0,32351.135869,0.0,32351.15479,27.799999237060547
dram,0.000708884,0.0,0.0,0.0,14031.173247,0.0,14031.173247,27.799999237060547
core,0.000810285,0.007018999982392415,14.803582012123828,0.0,249564.586332,0.0,249564.593351,27.799999237060547
uncore,0.000926453,0.0,0.0,0.0,54.592023,0.0,54.592023,27.799999237060547
package-0,1.001257866,18.19618199999968,18.177522064676932,18.16722547914772,32351.135869,0.018920999998954358,32369.332051,27.799999237060547
dram,1.001484472,0.4581899999993766,0.45772013243234966,0.4579370369539743,14031.173247,0.0,14031.631437,27.799999237060547
core,1.001696146,16.751848999992944,16.734670208371913,16.735585312890464,249564.586332,0.007018999982392415,249581.338181,27.799999237060547
uncore,1.001858848,0.007018999999999664,0.007011802111671752,0.007015124866069022,54.592023,0.0,54.599042,27.799999237060547
package-0,2.002231762,37.54073699999935,18.751642734532115,19.32579543104896,32351.135869,18.19618199999968,32388.676606,27.799999237060547
dram,2.002447918,0.904538999999204,0.45181830520365945,0.44591614874832125,14031.173247,0.4581899999993766,14032.077786,27.799999237060547
core,2.002648695,34.66433999998844,17.31487901551175,17.89512018893298,249564.586332,16.751848999992944,249599.250672,27.799999237060547
uncore,2.002861515,0.007018999999999664,0.0035059988394387917,0.0,54.592023,0.007018999999999664,54.599042,27.799999237060547
package-0,2.807073741,53.128098999997746,18.927859861059368,19.366171229918155,32351.135869,37.54073699999935,32404.263968,27.799999237060547
dram,2.807254079,1.263424999999188,0.45011833276670743,0.4458899285216328,14031.173247,0.904538999999204,14032.436672,27.799999237060547
core,2.807425898,49.09106099998462,17.489591017334636,17.92415863391194,249564.586332,34.66433999998844,249613.677393,27.799999237060547
uncore,2.807597814,0.007018999999999664,0.002500647507918079,0.0,54.592023,0.007018999999999664,54.599042,27.799999237060547
