zone,time_elapsed,power_j,watts,watts_since_last,start_power,prev_power,prev_power_reading,temp
package-0,0.000418192,0.0,0.0,0.0,12200.300493,0.0,12200.300493,27.799999237060547
dram,0.000534945,0.0,0.0,0.0,13555.776393,0.0,13555.776393,27.799999237060547
core,0.000624322,0.005797999998321757,19.262266483462813,0.0,230927.801401,0.0,230927.807199,27.799999237060547
uncore,0.000710536,0.0,0.0,0.0,51.628774,0.0,51.628774,27.799999237060547
package-0,1.001057579,18.79011299999911,18.774512187675175,18.780160378885675,12200.300493,0.0,12219.090606,27.799999237060547
dram,1.001263216,0.45776200000000244,0.4573819352792086,0.4575195356919843,13555.776393,0.0,13556.234155,27.799999237060547
core,1.001457304,17.361894000001485,17.347478990901642,17.346902939402813,230927.801401,0.005797999998321757,230945.163295,27.799999237060547
uncore,1.00165183,0.007446000000001618,0.007439817831295978,0.007442056052628303,51.628774,0.0,51.63622,27.799999237060547
package-0,2.001975212,38.084069999998974,19.02532012426377,19.276104204777358,12200.300493,18.79011299999911,12238.384563,27.799999237060547
dram,2.002174364,0.9035010000006878,0.45135395869207234,0.4453265554674205,13555.776393,0.45776200000000244,13556.679894,27.799999237060547
core,2.002380905,35.21914800000377,17.594116521787562,17.840730593274557,230927.801401,17.361894000001485,230963.020549,27.799999237060547
uncore,2.002586486,0.007446000000001618,0.003719731994119921,0.0,51.628774,0.007446000000001618,51.63622,27.799999237060547
package-0,2.778015082,53.01622099999986,19.085787614593514,19.24176290811003,12200.300493,38.084069999998974,12253.316714,27.799999237060547
dram,2.778206581,1.2503629999991972,0.4501294548913762,0.4469708594430758,13555.776393,0.9035010000006878,13557.026756,27.799999237060547
core,2.778392474,49.036006999987876,17.652914474411368,17.804583211920683,230927.801401,35.21914800000377,230976.837408,27.799999237060547
uncore,2.7785784639999997,0.007446000000001618,0.002680552704393898,0.0,51.628774,0.007446000000001618,51.63622,27.799999237060547
