zone,time_elapsed,power_j,watts,watts_since_last,start_power,prev_power,prev_power_reading,temp
package-0,0.000423083,0.0,0.0,0.0,12253.348208,0.0,12253.348208,27.799999237060547
dram,0.000539994,0.0,0.0,0.0,13557.027366,0.0,13557.027366,27.799999237060547
core,0.000628026,0.006775000016205013,24.477836326211023,0.0,230976.850836,0.0,230976.857611,27.799999237060547
uncore,0.000714578,0.0,0.0,0.0,51.63622,0.0,51.63622,27.799999237060547
package-0,1.001075191,18.288650000000416,18.273423085464913,18.278478008710092,12253.348208,0.0,12271.636858,27.799999237060547
dram,1.001298765,0.45922799999971176,0.4588456521769744,0.4589725812992462,13557.027366,0.0,13557.486594,27.799999237060547
core,1.001498311,16.86470299999928,16.850661646960777,16.848551764077815,230976.850836,0.006775000016205013,230993.715539,27.799999237060547
uncore,1.001680465,0.005859000000000947,0.005854121865624515,0.005855741274126154,51.63622,0.0,51.642079,27.799999237060547
package-0,2.002027361,37.54201900000044,18.754282096318597,19.235084763181934,12253.348208,18.288650000000416,12290.890227,27.799999237060547
dram,2.002244395,0.9080180000000837,0.4536044191053335,0.4483638001679377,13557.027366,0.45922799999971176,13557.935384,27.799999237060547
core,2.002456989,34.684115000010934,17.326603477861774,17.802489540936193,230976.850836,16.86470299999928,231011.534951,27.799999237060547
uncore,2.002655792,0.005859000000000947,0.0029268894356040665,0.0,51.63622,0.005859000000000947,51.642079,27.799999237060547
package-0,2.801499113,52.99308999999994,18.917280754369862,19.32538467691787,12253.348208,37.54201900000044,12306.341298,27.799999237060547
dram,2.801655476,1.2667209999999614,0.45218946082320244,0.4486467934657947,13557.027366,0.9080180000000837,13558.294087,27.799999237060547
core,2.8017701,48.97655900000245,17.483474109284955,17.876235134325107,230976.850836,34.684115000010934,231025.827395,27.799999237060547
uncore,2.801855585,0.005859000000000947,0.002091524535366235,0.0,51.63622,0.005859000000000947,51.642079,27.799999237060547
