zone,time_elapsed,power_j,watts,watts_since_last,start_power,prev_power,prev_power_reading,temp
package-0,0.000361571,0.0,0.0,0.0,20207.392055,0.0,20207.392055,27.799999237060547
dram,0.000479231,0.0,0.0,0.0,13745.192473,0.0,13745.192473,27.799999237060547
core,0.000566908,0.006286999996518716,25.682714093501566,0.0,238332.36234,0.0,238332.368627,27.799999237060547
uncore,0.000707115,0.0,0.0,0.0,52.788378,0.0,52.788378,27.799999237060547
package-0,1.001041876,18.36573700000008,18.35103218944945,18.355521931778785,20207.392055,0.0,20225.757792,27.799999237060547
dram,1.001250546,0.4581900000011956,0.45782314311185807,0.45793515359299924,13745.192473,0.0,13745.650663,27.799999237060547
core,1.001438742,16.920916000002762,16.907368007666644,16.905221041633922,238332.36234,0.006286999996518716,238349.283256,27.799999237060547
uncore,1.001638063,0.008849999999995362,0.008842914111017805,0.008845077608165487,52.788378,0.0,52.797228,27.799999237060547
package-0,2.001973959,37.80874100000074,18.887877822296534,19.424646349475157,20207.392055,18.36573700000008,20245.200796,27.799999237060547
dram,2.002191925,0.9091160000007221,0.4541614314612656,0.4505002457322923,13745.192473,0.4581900000011956,13746.101589,27.799999237060547
core,2.002404018,34.92630200000713,17.44791568068222,17.988385716315445,238332.36234,16.920916000002762,238367.288642,27.799999237060547
uncore,2.002616042,0.008849999999995362,0.004421139511819065,0.0,52.788378,0.008849999999995362,52.797228,27.799999237060547
package-0,2.80790251,53.488876999999775,19.050756018911784,19.455294640671703,20207.392055,37.80874100000074,20260.880932,27.799999237060547
dram,2.808082246,1.2694060000012541,0.45211538082892877,0.4470336294339786,13745.192473,0.9091160000007221,13746.461879,27.799999237060547
core,2.808234934,49.445246999996016,17.610564844944452,18.014534621798457,238332.36234,34.92630200000713,238381.807587,27.799999237060547
uncore,2.808360506,0.008849999999995362,0.0031520420734815883,0.0,52.788378,0.008849999999995362,52.797228,27.799999237060547
