zone,time_elapsed,power_j,watts,watts_since_last,start_power,prev_power,prev_power_reading,temp
package-0,0.000762016,0.016540000000532018,29.903906130901035,0.0,11986.917311,0.0,11986.933851,27.799999237060547
dram,0.000879367,0.0,0.0,0.0,13550.764809,0.0,13550.764809,27.799999237060547
core,0.000967068,0.007996000000275671,14.456567921598378,0.0,230730.41769,0.0,230730.425686,27.799999237060547
uncore,0.001053193,0.0,0.0,0.0,51.595571,0.0,51.595571,27.799999237060547
package-0,1.001311837,19.12751400000161,19.105300515461188,19.09933139137286,11986.917311,0.016540000000532018,12006.044825,27.799999237060547
dram,1.001415475,0.45757899999989604,0.45704759670083067,0.4573002380062117,13550.764809,0.0,13551.222388,27.799999237060547
core,1.001500978,17.6830600000103,17.66252401295325,17.664296163026375,230730.41769,0.007996000000275671,230748.10075,27.799999237060547
uncore,1.001584097,0.010131000000001222,0.01011923449760091,0.010124828087046263,51.595571,0.0,51.605702,27.799999237060547
package-0,2.001810824,38.74391900000046,19.355636398256852,19.60613209260308,11986.917311,19.12751400000161,12025.66123,27.799999237060547
dram,2.0019064,0.9030739999998332,0.45115652819519814,0.4452616988991351,13550.764809,0.45757899999989604,13551.667883,27.799999237060547
core,2.001994491,35.85616999998456,17.91297852841831,18.16359293116767,230730.41769,17.6830600000103,230766.27386,27.799999237060547
uncore,2.002078929,0.010131000000001222,0.005061231734217736,0.0,51.595571,0.010131000000001222,51.605702,27.799999237060547
package-0,2.764130506,53.76042100000086,19.450931670713153,19.701191511216177,11986.917311,38.74391900000046,12040.677732,27.799999237060547
dram,2.764324478,1.2432219999991503,0.449807232229644,0.44626377635374254,13550.764809,0.9030739999998332,13552.008031,27.799999237060547
core,2.764515292,49.78197700000601,18.01150019007692,18.270233018025777,230730.41769,35.85616999998456,230780.199667,27.799999237060547
uncore,2.764704361,0.010131000000001222,0.0036654733182988944,0.0,51.595571,0.010131000000001222,51.605702,27.799999237060547
