zone,time_elapsed,power_j,watts,watts_since_last,start_power,prev_power,prev_power_reading,temp
package-0,0.00050607,0.0,0.0,0.0,17588.769975,0.0,17588.769975,27.799999237060547
dram,0.000699317,0.0,0.0,0.0,13683.454899,0.0,13683.454899,27.799999237060547
core,0.000826984,0.012023999996017665,39.219523638105514,0.0,235910.487437,0.0,235910.499461,27.799999237060547
uncore,0.000951575,0.0,0.0,0.0,52.40697,0.0,52.40697,27.799999237060547
package-0,1.001273848,18.614454000002297,18.594812466946774,18.600509030977193,17588.769975,0.0,17607.384429,27.799999237060547
dram,1.001472695,0.4631339999996271,0.46264531192045333,0.46278704438736656,13683.454899,0.0,13683.918033,27.799999237060547
core,1.001685785,17.171464999992168,17.15334607491335,17.146586050115104,235910.487437,0.012023999996017665,235927.658902,27.799999237060547
uncore,1.001893448,0.008178999999998382,0.008170369712004919,0.008172872723761524,52.40697,0.0,52.415149,27.799999237060547
package-0,2.002193602,38.033471999999165,18.997761899812215,19.400757657675825,17588.769975,18.614454000002297,17626.803447,27.799999237060547
dram,2.002409911,0.9090550000000803,0.45407399155763895,0.44550168579475286,13683.454899,0.4631339999996271,13684.363954,27.799999237060547
core,2.002617879,35.15554899998824,17.560236135133092,17.96717297338441,235910.487437,17.171464999992168,235945.642986,27.799999237060547
uncore,2.002830211,0.008178999999998382,0.004085419668720667,0.0,52.40697,0.008178999999998382,52.415149,27.799999237060547
package-0,2.7932398689999998,53.38444499999969,19.11345625921019,19.40626344695401,17588.769975,38.033471999999165,17642.15442,27.799999237060547
dram,2.793437954,1.262630999999601,0.4520650610869016,0.44698072262329414,13683.454899,0.9090550000000803,13684.71753,27.799999237060547
core,2.793625535,49.36767099998542,17.67531385363857,17.966560404489464,235910.487437,35.15554899998824,235959.855108,27.799999237060547
uncore,2.793745636,0.008178999999998382,0.0029283615994144013,0.0,52.40697,0.008178999999998382,52.415149,27.799999237060547
