zone,time_elapsed,power_j,watts,watts_since_last,start_power,prev_power,prev_power_reading,temp
package-0,0.000450778,0.0,0.0,0.0,12948.299005,0.0,12948.299005,27.799999237060547
dram,0.000602522,0.0,0.0,0.0,13573.468791,0.0,13573.468791,27.799999237060547
core,0.00072843,0.008788999984972179,30.69352912715055,0.0,231619.628487,0.0,231619.637276,27.799999237060547
uncore,0.000878224,0.0,0.0,0.0,51.739796,0.0,51.739796,27.799999237060547
package-0,1.001130572,18.625928999999815,18.60763836136557,18.612962893627746,12948.299005,0.0,12966.924934,27.799999237060547
dram,1.001231898,0.45770200000151817,0.45725253721852366,0.45738337896421427,13573.468791,0.0,13573.926493,27.799999237060547
core,1.001316648,17.17964399998891,17.162773611388765,17.15890181729668,231619.628487,0.008788999984972179,231636.808131,27.799999237060547
uncore,1.001399329,0.008301000000003,0.008292848428540289,0.008295221407751597,51.739796,0.0,51.748097,27.799999237060547
package-0,2.001621122,38.16060800000014,19.06598924574137,19.524552844486717,12948.299005,18.625928999999815,12986.459613,27.799999237060547
dram,2.001716352,0.9036850000011327,0.4515035109388017,0.4457518166147009,13573.468791,0.45770200000151817,13574.372476,27.799999237060547
core,2.001800956,35.29147500000545,17.632499010929067,18.10244240359566,231619.628487,17.17964399998891,231654.919962,27.799999237060547
uncore,2.001883374,0.008301000000003,0.004147386140413584,0.0,51.739796,0.008301000000003,51.748097,27.799999237060547
package-0,2.80871335,53.945418999999674,19.207428908227545,19.55819412403547,12948.299005,38.16060800000014,13002.244424,27.799999237060547
dram,2.808911389,1.2647070000002714,0.45030273640553414,0.4473248592606459,13573.468791,0.9036850000011327,13574.733498,27.799999237060547
core,2.809106079,49.92174699998577,17.7747883740926,18.127660816658764,231619.628487,35.29147500000545,231669.550234,27.799999237060547
uncore,2.809298483,0.008301000000003,0.002955596051024378,0.0,51.739796,0.008301000000003,51.748097,27.799999237060547
