zone,time_elapsed,power_j,watts,watts_since_last,start_power,prev_power,prev_power_reading,temp
package-0,0.00074431,0.0,0.0,0.0,17960.90037,0.0,17960.90037,27.799999237060547
dram,0.000867724,0.0,0.0,0.0,13692.278546,0.0,13692.278546,27.799999237060547
core,0.000958174,0.008666999987326562,15.004804216176108,0.0,236254.485824,0.0,236254.494491,27.799999237060547
uncore,0.001045989,0.0,0.0,0.0,52.461596,0.0,52.461596,27.799999237060547
package-0,1.001386646,18.829663000000437,18.80776808724382,18.81862536811915,17960.90037,0.0,17979.730033,27.799999237060547
dram,1.001605305,0.45770100000117964,0.4571687906109403,0.4574327033699701,13692.278546,0.0,13692.736247,27.799999237060547
core,1.001752663,17.38264599998365,17.362433661735814,17.36379466560249,236254.485824,0.008666999987326562,236271.86847,27.799999237060547
uncore,1.001893083,0.008240000000000691,0.008230418624002908,0.008235169850533767,52.461596,0.0,52.469836,27.799999237060547
package-0,2.002202029,38.23867099999916,19.10026699674685,19.39286282112852,17960.90037,18.829663000000437,17999.139041,27.799999237060547
dram,2.00241345,0.9036230000001524,0.4513608897235123,0.44555106448015896,13692.278546,0.45770100000117964,13693.182169,27.799999237060547
core,2.002620431,35.35189900000114,17.658320545242393,17.954305466179118,236254.485824,17.38264599998365,236289.837723,27.799999237060547
uncore,2.002837513,0.008240000000000691,0.0041158909537732285,0.0,52.461596,0.008240000000000691,52.469836,27.799999237060547
package-0,2.796369597,53.68064800000138,19.197914025048675,19.444067861799542,17960.90037,38.23867099999916,18014.581018,27.799999237060547
dram,2.796546384,1.2583580000009533,0.4500290066682853,0.44667152482936867,13692.278546,0.9036230000001524,13693.536904,27.799999237060547
core,2.7967184769999998,49.653315000003204,17.757611130713187,18.0079081340314,236254.485824,35.35189900000114,236304.139139,27.799999237060547
uncore,2.796891204,0.008240000000000691,0.0029468871457440354,0.0,52.461596,0.008240000000000691,52.469836,27.799999237060547
