zone,time_elapsed,power_j,watts,watts_since_last,start_power,prev_power,prev_power_reading,temp
package-0,0.000638635,0.0,0.0,0.0,21878.852376,0.0,21878.852376,27.799999237060547
dram,0.000794083,0.0007939999995869584,1.5923758480042327,0.0,13784.454457,0.0,13784.455251,27.799999237060547
core,0.000933737,0.008177999989129603,16.40107011894607,0.0,239878.597396,0.0,239878.605574,27.799999237060547
uncore,0.001020185,0.0,0.0,0.0,53.034776,0.0,53.034776,27.799999237060547
package-0,1.001368563,18.511061000001064,18.49026017842049,18.499474131870677,21878.852376,0.0,21897.363437,27.799999237060547
dram,1.001579658,0.4584340000001248,0.4579188591424251,0.4573535434688893,13784.454457,0.0007939999995869584,13784.912891,27.799999237060547
core,1.001791269,17.066179000015836,17.04700178783759,17.047323664559265,239878.597396,0.008177999989129603,239895.663575,27.799999237060547
uncore,1.002002759,0.009093999999997493,0.009083781100526864,0.009088307674809991,53.034776,0.0,53.04387,27.799999237060547
package-0,2.002317429,37.915430000000924,18.937740304787546,19.38528320003998,21878.852376,18.511061000001064,21916.767806,27.799999237060547
dram,2.00254691,0.9044169999997393,0.45173203292774694,0.44554433887523065,13784.454457,0.4584340000001248,13785.358874,27.799999237060547
core,2.002756513,35.0372020000068,17.500142619574547,17.953347014234755,239878.597396,17.066179000015836,239913.634598,27.799999237060547
uncore,2.002966614,0.009093999999997493,0.004542209077720766,0.0,53.034776,0.009093999999997493,53.04387,27.799999237060547
package-0,2.798961373,53.396286000002874,19.07883490717188,19.43344663126216,21878.852376,37.915430000000924,21932.248662,27.799999237060547
dram,2.7991561799999998,1.2606780000005529,0.45044832206331514,0.4472219837401127,13784.454457,0.9044169999997393,13785.715135,27.799999237060547
core,2.799346054,49.36474099999759,17.63833806295446,17.98566335825443,239878.597396,35.0372020000068,239927.962137,27.799999237060547
uncore,2.7995358919999997,0.009093999999997493,0.0032493444327900242,0.0,53.034776,0.009093999999997493,53.04387,27.799999237060547
