zone,time_elapsed,power_j,watts,watts_since_last,start_power,prev_power,prev_power_reading,temp
package-0,0.000351963,0.0,0.0,0.0,27335.991665,0.0,27335.991665,27.799999237060547
dram,0.000472655,0.0,0.0,0.0,13912.819058,0.0,13912.819058,27.799999237060547
core,0.000561188,0.008849999983794987,39.823964504000344,0.0,244926.513367,0.0,244926.522217,27.799999237060547
uncore,0.000648896,0.0,0.0,0.0,53.845565,0.0,53.845565,27.799999237060547
package-0,1.00090524,18.535413999998127,18.52145384311441,18.525567642270694,27335.991665,0.0,27354.527079,27.799999237060547
dram,1.001011545,0.4601430000002438,0.4597964380907581,0.4598985634538695,13912.819058,0.0,13913.279201,27.799999237060547
core,1.001104278,17.10469199999352,17.091809407580556,17.086760369786422,244926.513367,0.008849999983794987,244943.618059,27.799999237060547
uncore,1.001196363,0.007750999999998953,0.007745162246603983,0.007746882524190464,53.845565,0.0,53.853316,27.799999237060547
package-0,2.001422101,37.98348400000032,18.9794128121124,19.4374670949515,27335.991665,18.535413999998127,27373.975149,27.799999237060547
dram,2.001522796,0.9066140000013547,0.4530127190877498,0.4462275882064754,13912.819058,0.4601430000002438,13913.725672,27.799999237060547
core,2.001614872,35.108674999995856,17.542941456113034,17.994167397616945,244926.513367,17.10469199999352,244961.622042,27.799999237060547
uncore,2.001705211,0.007750999999998953,0.0038729840766229375,0.0,53.845565,0.007750999999998953,53.853316,27.799999237060547
package-0,2.788306429,53.28331099999923,19.110611163285657,19.444303531662413,27335.991665,37.98348400000032,27389.274976,27.799999237060547
dram,2.788403067,1.259213000001182,0.4516297798156229,0.44811238590853125,13912.819058,0.9066140000013547,13914.078271,27.799999237060547
core,2.788488412,49.27538599999389,17.67312736565313,18.004244670826804,244926.513367,35.108674999995856,244975.788753,27.799999237060547
uncore,2.788572043,0.007750999999998953,0.0027799764006146174,0.0,53.845565,0.007750999999998953,53.853316,27.799999237060547
