zone,time_elapsed,power_j,watts,watts_since_last,start_power,prev_power,prev_power_reading,temp
package-0,0.000683123,0.01757799999904819,32.62307890570002,0.0,32297.961079,0.0,32297.978657,27.799999237060547
dram,0.000841755,0.0,0.0,0.0,14029.895662,0.0,14029.895662,27.799999237060547
core,0.000981808,0.008117999997921288,15.066227927124757,0.0,249515.429964,0.0,249515.438082,27.799999237060547
uncore,0.001067906,0.0,0.0,0.0,54.583356,0.0,54.583356,27.799999237060547
package-0,1.001426262,18.585768000000826,18.564004730387218,18.556434202031845,32297.961079,0.01757799999904819,32316.546847,27.799999237060547
dram,1.001637324,0.4651479999993171,0.464603328327196,0.4648535078644289,14029.895662,0.0,14030.36081,27.799999237060547
core,1.001836309,17.14094699997804,17.12087556408187,17.121981950462793,249515.429964,0.008117999997921288,249532.570911,27.799999237060547
uncore,1.001991113,0.00866699999999554,0.008656851252968188,0.008661512793056934,54.583356,0.0,54.592023,27.799999237060547
package-0,2.002320298,37.94454399999813,18.952287788568842,19.340662309304903,32297.961079,18.585768000000826,32335.905623,27.799999237060547
dram,2.002521731,0.9194319999987783,0.45923176375494545,0.45385893387635,14029.895662,0.4651479999993171,14030.815094,27.799999237060547
core,2.002707418,35.05984699999681,17.511458568777744,17.902133577795148,249515.429964,17.14094699997804,249550.489811,27.799999237060547
uncore,2.002906251,0.00866699999999554,0.0043289353606001885,0.0,54.583356,0.00866699999999554,54.592023,27.799999237060547
package-0,2.787189018,53.15709000000061,19.073303922686218,19.381997504243916,32297.961079,37.94454399999813,32351.118169,27.799999237060547
dram,2.787369153,1.2769140000000334,0.4581697155569146,0.45546059363339453,14029.895662,0.9194319999987783,14031.172576,27.799999237060547
core,2.7875429130000002,49.13830199997756,17.631321960820305,17.93707507429675,249515.429964,35.05984699999681,249564.568266,27.799999237060547
uncore,2.7876809270000003,0.00866699999999554,0.003109807649324568,0.0,54.583356,0.00866699999999554,54.592023,27.799999237060547
