zone,time_elapsed,power_j,watts,watts_since_last,start_power,prev_power,prev_power_reading,temp
package-0,0.00042908,0.0,0.0,0.0,25358.445397,0.0,25358.445397,27.799999237060547
dram,0.000586145,0.0,0.0,0.0,13866.28927,0.0,13866.28927,27.799999237060547
core,0.000711954,0.008361000014701858,26.541593304134274,0.0,243097.414107,0.0,243097.422468,27.799999237060547
uncore,0.000849316,0.0,0.0,0.0,53.544601,0.0,53.544601,27.799999237060547
package-0,1.001199222,18.39198100000067,18.374258347976486,18.38004275786849,25358.445397,0.0,25376.837378,27.799999237060547
dram,1.001421922,0.45776200000000244,0.4573208970739015,0.4574648665049804,13866.28927,0.0,13866.747032,27.799999237060547
core,1.001633391,16.952470999996876,16.936135470698375,16.933111571488038,243097.414107,0.008361000014701858,243114.366578,27.799999237060547
uncore,1.001829952,0.007629999999998915,0.00762264767427911,0.007625047363984965,53.544601,0.0,53.552231,27.799999237060547
package-0,2.002153733,37.645472000000154,18.80453095748951,19.234800486662195,25358.445397,18.39198100000067,25396.090869,27.799999237060547
dram,2.002368986,0.9039280000015424,0.45152686780950746,0.44573288002482114,13866.28927,0.45776200000000244,13867.193198,27.799999237060547
core,2.002579948,34.77231000000029,17.369339395144916,17.8025402182657,243097.414107,16.952470999996876,243132.186417,27.799999237060547
uncore,2.002779255,0.007629999999998915,0.0038113101943740802,0.0,53.544601,0.007629999999998915,53.552231,27.799999237060547
package-0,2.828952166,53.528793000001315,18.923086781175797,19.21013995265178,25358.445397,37.645472000000154,25411.97419,27.799999237060547
dram,2.829132237,1.2732510000005277,0.45010989071298996,0.4466790363119402,13866.28927,0.9039280000015424,13867.562521,27.799999237060547
core,2.829306456,49.46490000002086,17.486450615887314,17.770006043906474,243097.414107,34.77231000000029,243146.879007,27.799999237060547
uncore,2.829484404,0.007629999999998915,0.0026972988563434873,0.0,53.544601,0.007629999999998915,53.552231,27.799999237060547
