zone,time_elapsed,power_j,watts,watts_since_last,start_power,prev_power,prev_power_reading,temp
package-0,0.000514027,0.02075200000035693,58.23667911835901,0.0,30969.244143,0.0,30969.264895,27.799999237060547
dram,0.000669571,0.0007930000010674121,2.2254089534612045,0.0,13998.405631,0.0,13998.406424,27.799999237060547
core,0.0008082,0.009033999987877905,25.352262839256735,0.0,248287.127688,0.0,248287.136722,27.799999237060547
uncore,0.000937223,0.0,0.0,0.0,54.386823,0.0,54.386823,27.799999237060547
package-0,1.001294977,18.92579399999886,18.905830237313126,18.89182492033956,30969.244143,0.02075200000035693,30988.169937,27.799999237060547
dram,1.00150572,0.461607000001095,0.46112007656728315,0.4604918311655994,13998.405631,0.0007930000010674121,13998.867238,27.799999237060547
core,1.00171643,17.481400999997277,17.462960846787425,17.460151546244767,248287.127688,0.009033999987877905,248304.609089,27.799999237060547
uncore,1.001927056,0.007323999999997,0.007316274321596914,0.0073188795727891645,54.386823,0.0,54.394147,27.799999237060547
package-0,2.002255441,38.41677200000049,19.188866844784894,19.471925363606882,30969.244143,18.92579399999886,31007.660915,27.799999237060547
dram,2.002473403,0.915952000001198,0.4575106144846625,0.4539008729746262,13998.405631,0.461607000001095,13999.321583,27.799999237060547
core,2.002675299,35.5340889999934,17.74899000550073,18.03504130723336,248287.127688,17.481400999997277,248322.661777,27.799999237060547
uncore,2.0028869,0.007323999999997,0.003658278753122339,0.0,54.386823,0.007323999999997,54.394147,27.799999237060547
package-0,2.75143632,52.993029000001115,19.26155317180815,19.4557879851971,30969.244143,38.41677200000049,31022.237172,27.799999237060547
dram,2.751615597,1.2571380000008503,0.45693614590923687,0.4554010319322998,13998.405631,0.915952000001198,13999.662769,27.799999237060547
core,2.75176876,49.01446199999191,17.815450141572285,17.993047121036295,248287.127688,35.5340889999934,248336.14215,27.799999237060547
uncore,2.751883713,0.007323999999997,0.0026620787317188856,0.0,54.386823,0.007323999999997,54.394147,27.799999237060547
