zone,time_elapsed,power_j,watts,watts_since_last,start_power,prev_power,prev_power_reading,temp
package-0,0.00071527,0.0,0.0,0.0,23327.59061,0.0,23327.59061,27.799999237060547
dram,0.000840261,0.0008550000002287561,1.670652786040682,0.0,13818.390039,0.0,13818.390894,27.799999237060547
core,0.00093078,0.0094600000011269,18.48464953637314,0.0,241219.220856,0.0,241219.230316,27.799999237060547
uncore,0.001017898,0.0,0.0,0.0,53.242783,0.0,53.242783,27.799999237060547
package-0,1.001272281,19.140027000001282,19.118547961397287,19.12832639402932,23327.59061,0.0,23346.730637,27.799999237060547
dram,1.001375197,0.4577019999996992,0.4571883644166815,0.4565677220895455,13818.390039,0.0008550000002287561,13818.847741,27.799999237060547
core,1.00145987,17.696732000011252,17.67687263461993,17.676459486506825,241219.220856,0.0094600000011269,241236.917588,27.799999237060547
uncore,1.001591557,0.007140999999997177,0.00713298633237429,0.007136634591983607,53.242783,0.0,53.249924,27.799999237060547
package-0,2.001818232,38.73543599999903,19.351323829369804,19.584228246586395,23327.59061,19.140027000001282,23366.326046,27.799999237060547
dram,2.001913297,0.9042950000002747,0.45176477121067443,0.4463381828539551,13818.390039,0.4577019999996992,13819.294334,27.799999237060547
core,2.001997828,35.84823500001221,17.908945292279718,18.1411461108394,241219.220856,17.696732000011252,241255.069091,27.799999237060547
uncore,2.002080516,0.007140999999997177,0.003567477682850365,0.0,53.242783,0.007140999999997177,53.249924,27.799999237060547
package-0,2.782311136,53.97160300000178,19.399108921623363,19.52166399835858,23327.59061,38.73543599999903,23381.562213,27.799999237060547
dram,2.782510572,1.2525609999993321,0.4502102201775205,0.44622324197632646,13818.390039,0.9042950000002747,13819.6426,27.799999237060547
core,2.782705927,49.9749690000026,17.962591679661053,18.100179299816727,241219.220856,35.84823500001221,241269.195825,27.799999237060547
uncore,2.782899407,0.007140999999997177,0.002566702286186555,0.0,53.242783,0.007140999999997177,53.249924,27.799999237060547
