zone,time_elapsed,power_j,watts,watts_since_last,start_power,prev_power,prev_power_reading,temp
package-0,0.00050994,0.0,0.0,0.0,131906.21957,0.0,131906.21957,27.799999237060547
dram,0.000666419,0.0,0.0,0.0,39829.151394,0.0,39829.151394,27.799999237060547
core,0.000780548,0.006957999999940512,18.255759038517372,0.0,3934.911313,0.0,3934.918271,27.799999237060547
uncore,0.000878742,0.0,0.0,0.0,59.952178,0.0,59.952178,27.799999237060547
package-0,1.001241422,17.767899000027683,17.75054085263114,17.757302258875487,131906.21957,0.0,131923.987469,27.799999237060547
dram,1.001460638,0.4614849999998114,0.46103415746343285,0.46120977122399437,39829.151394,0.0,39829.612879,27.799999237060547
core,1.001659162,16.18501699999979,16.16920523121941,16.168410436398286,3934.911313,0.006957999999940512,3951.09633,27.799999237060547
uncore,1.001871488,0.00799499999999398,0.007987189375426884,0.007990231797208067,59.952178,0.0,59.960173,27.799999237060547
package-0,2.002181392,35.94399900001008,17.954125575508478,18.15770312359326,131906.21957,17.767899000027683,131942.163569,27.799999237060547
dram,2.002393734,0.9107030000013765,0.45489863339948416,0.44876332556547527,39829.151394,0.4614849999998114,39830.062097,27.799999237060547
core,2.002603791,32.785315999999966,16.37635479837849,16.583497065111725,3934.911313,16.18501699999979,3967.696629,27.799999237060547
uncore,2.002813893,0.00799499999999398,0.0039935243147553486,0.0,59.952178,0.00799499999999398,59.960173,27.799999237060547
package-0,2.4057201089999998,43.23109000001568,17.971443075991466,18.05735377591292,131906.21957,35.94399900001008,131949.45066,27.799999237060547
dram,2.405896691,1.0920380000025034,0.45396724333939853,0.4493466936220503,39829.151394,0.9107030000013765,39830.243432,27.799999237060547
core,2.406068863,39.44441800000004,16.397299090824607,16.50120200829085,3934.911313,32.785315999999966,3974.355731,27.799999237060547
uncore,2.406240169,0.00799499999999398,0.0033235730903937756,0.0,59.952178,0.00799499999999398,59.960173,27.799999237060547
