zone,time_elapsed,power_j,watts,watts_since_last,start_power,prev_power,prev_power_reading,temp
package-0,0.00066602,0.0,0.0,0.0,135859.505348,0.0,135859.505348,27.799999237060547
dram,0.000810354,0.0,0.0,0.0,39929.984876,0.0,39929.984876,27.799999237060547
core,0.000912276,0.008728000000701286,16.61128303643384,0.0,7538.052113,0.0,7538.060841,27.799999237060547
uncore,0.001052645,0.0,0.0,0.0,60.676175,0.0,60.676175,27.799999237060547
package-0,1.001387237,17.5416419999965,17.521326617508603,17.530526944692486,135859.505348,0.0,135877.04699,27.799999237060547
dram,1.001544185,0.4623399999982212,0.4618045533200014,0.46204704369063954,39929.984876,0.0,39930.447216,27.799999237060547
core,1.001750633,15.960347000000183,15.941862951930759,15.941511444083476,7538.052113,0.008728000000701286,7554.01246,27.799999237060547
uncore,1.001956309,0.00891099999999767,0.008900679964202296,0.008905353649569698,60.676175,0.0,60.685086,27.799999237060547
package-0,2.002267555,35.71884099999443,17.84100840091738,18.160771601402793,135859.505348,17.5416419999965,135895.224189,27.799999237060547
dram,2.002475664,0.9116179999982705,0.4553390855094986,0.44887197106313637,39929.984876,0.4623399999982212,39930.896494,27.799999237060547
core,2.002681891,32.561501000000135,16.263965924526296,16.586150930830865,7538.052113,15.960347000000183,7570.613614,27.799999237060547
uncore,2.002886611,0.00891099999999767,0.004450906619858076,0.0,60.676175,0.00891099999999767,60.685086,27.799999237060547
package-0,2.418635613,43.2597769999993,17.88764709536952,18.111913084533604,135859.505348,35.71884099999443,135902.765125,27.799999237060547
dram,2.418831328,1.0988129999968805,0.45435229977604336,0.449607259607017,39929.984876,0.9116179999982705,39931.083689,27.799999237060547
core,2.419025369,39.45131500000025,16.312871889475385,16.548040234862647,7538.052113,32.561501000000135,7577.503428,27.799999237060547
uncore,2.419216085,0.00891099999999767,0.003684642740224914,0.0,60.676175,0.00891099999999767,60.685086,27.799999237060547
