zone,time_elapsed,power_j,watts,watts_since_last,start_power,prev_power,prev_power_reading,temp
package-0,0.000412383,0.0,0.0,0.0,142923.156149,0.0,142923.156149,27.799999237060547
dram,0.000532629,0.0,0.0,0.0,40110.382546,0.0,40110.382546,27.799999237060547
core,0.00066163,0.006774999999834108,21.10598475332979,0.0,13981.123143,0.0,13981.129918,27.799999237060547
uncore,0.000816951,0.0,0.0,0.0,61.968713,0.0,61.968713,27.799999237060547
package-0,1.001172048,17.133805999998003,17.118109737573345,17.123601361002926,142923.156149,0.0,142940.289955,27.799999237060547
dram,1.001393442,0.4559319999971194,0.4555143211509976,0.4556604537063377,40110.382546,0.0,40110.838478,27.799999237060547
core,1.001602326,15.707051999999749,15.692662785477896,15.6909261494704,13981.123143,0.006774999999834108,13996.830195,27.799999237060547
uncore,1.001804464,0.007446000000001618,0.0074391787268989545,0.007441565273592474,61.968713,0.0,61.976159,27.799999237060547
package-0,2.002106143,34.985994000016944,17.47634174922365,17.834547937826375,142923.156149,17.133805999998003,142958.142143,27.799999237060547
dram,2.002305798,0.9016699999992852,0.45040575565760305,0.44529755841362667,40110.382546,0.4559319999971194,40111.284216,27.799999237060547
core,2.00251713,32.12272099999973,16.04606832410383,16.39944838759705,13981.123143,15.707051999999749,14013.245864,27.799999237060547
uncore,2.002727801,0.007446000000001618,0.0037194552958731016,0.0,61.968713,0.007446000000001618,61.976159,27.799999237060547
package-0,2.435214081,42.72706299999845,17.54680190397179,17.87246671899538,142923.156149,34.985994000016944,142965.883212,27.799999237060547
dram,2.435389642,1.0953949999966426,0.44984788848096025,0.44726944238559574,40110.382546,0.9016699999992852,40111.477941,27.799999237060547
core,2.435560678,39.22585199999958,16.108953113827017,16.39960480890494,13981.123143,32.12272099999973,14020.348995,27.799999237060547
uncore,2.435732597,0.007446000000001618,0.003057862577097964,0.0,61.968713,0.007446000000001618,61.976159,27.799999237060547
