zone,time_elapsed,power_j,watts,watts_since_last,start_power,prev_power,prev_power_reading,temp
package-0,0.000385405,0.0,0.0,0.0,128370.184127,0.0,128370.184127,27.799999237060547
dram,0.000529746,0.0,0.0,0.0,39736.940692,0.0,39736.940692,27.799999237060547
core,0.000667961,0.007324000000039632,26.223450725547572,0.0,700.008828,0.0,700.016152,27.799999237060547
uncore,0.000813891,0.0,0.0,0.0,57.035071,0.0,57.035071,27.799999237060547
package-0,1.001152767,17.139666000002762,17.123938484453838,17.128718008600387,128370.184127,0.0,128387.323793,27.799999237060547
dram,1.001369565,0.45574800000031246,0.4553298014335262,0.4554568901743886,39736.940692,0.0,39737.39644,27.799999237060547
core,1.001563972,15.697956999999974,15.683552409921976,15.680610580941021,700.008828,0.007324000000039632,715.706785,27.799999237060547
uncore,1.001734871,0.009337999999999624,0.009329431365103481,0.009332035336294078,57.035071,0.0,57.044409,27.799999237060547
package-0,2.002039895,35.013154999993276,17.490398610181042,17.856853929863387,128370.184127,17.139666000002762,128405.197282,27.799999237060547
dram,2.002252393,0.9019140000018524,0.45054024329250686,0.445750747965501,39736.940692,0.45574800000031246,39737.842606,27.799999237060547
core,2.002464776,32.13443900000004,16.052370808190698,16.42118436948633,700.008828,15.697956999999974,732.143267,27.799999237060547
uncore,2.002679724,0.009337999999999624,0.004664685093985257,0.0,57.035071,0.009337999999999624,57.044409,27.799999237060547
package-0,2.428426734,42.61121899999853,17.547808260835073,17.817306257327683,128370.184127,35.013154999993276,128412.795346,27.799999237060547
dram,2.428623515,1.0920990000013262,0.4497393950141078,0.44597997470647105,39736.940692,0.9019140000018524,39738.032791,27.799999237060547
core,2.4288123759999998,39.12709700000005,16.11300526180957,16.397641443750206,700.008828,32.13443900000004,739.135925,27.799999237060547
uncore,2.429003672,0.009337999999999624,0.0038454997858586725,0.0,57.035071,0.009337999999999624,57.044409,27.799999237060547
