zone,time_elapsed,power_j,watts,watts_since_last,start_power,prev_power,prev_power_reading,temp
package-0,0.000623533,0.017760999995516613,33.66516419470981,0.0,128539.981178,0.0,128539.998939,27.799999237060547
dram,0.000755547,0.0006710000016028062,1.271849852728518,0.0,39741.305366,0.0,39741.306037,27.799999237060547
core,0.000946744,0.008788999999978842,16.659148031151492,0.0,855.857794,0.0,855.866583,27.799999237060547
uncore,0.001126032,0.0,0.0,0.0,57.068701,0.0,57.068701,27.799999237060547
package-0,1.001459609,17.028399000002537,17.00760962931887,16.99882757158566,128539.981178,0.017760999995516613,128557.009577,27.799999237060547
dram,1.001661668,0.45672499999636784,0.4561674005810957,0.4557373632452668,39741.305366,0.0006710000016028062,39741.762091,27.799999237060547
core,1.001867597,15.590291999999977,15.571258363340737,15.570684815174795,855.857794,0.008788999999978842,871.448086,27.799999237060547
uncore,1.002063212,0.008118000000003178,0.008108089020632184,0.008112363700064011,57.068701,0.0,57.076819,27.799999237060547
package-0,2.002370778,34.96872200000507,17.465430263803174,17.923377557771072,128539.981178,17.028399000002537,128574.9499,27.799999237060547
dram,2.002564883,0.9024019999997108,0.45071247387620217,0.4452560380252644,39741.305366,0.45672499999636784,39742.207768,27.799999237060547
core,2.00276965,32.09891700000003,16.03208136708643,16.493031860943503,855.857794,15.590291999999977,887.956711,27.799999237060547
uncore,2.002958284,0.008118000000003178,0.004054605223536311,0.0,57.068701,0.008118000000003178,57.076819,27.799999237060547
package-0,2.422078842,42.46626099999412,17.534256476986005,17.862562903832348,128539.981178,34.96872200000507,128582.447439,27.799999237060547
dram,2.422251555,1.0894140000018524,0.44981743237659555,0.4455480143303862,39741.305366,0.9024019999997108,39742.39478,27.799999237060547
core,2.4224277770000002,38.989097000000015,16.09854059447759,16.415556313732697,855.857794,32.09891700000003,894.846891,27.799999237060547
uncore,2.422601787,0.008118000000003178,0.003351910215977051,0.0,57.068701,0.008118000000003178,57.076819,27.799999237060547
