zone,time_elapsed,power_j,watts,watts_since_last,start_power,prev_power,prev_power_reading,temp
package-0,0.00037415,0.0,0.0,0.0,135030.507409,0.0,135030.507409,27.799999237060547
dram,0.000487593,0.0,0.0,0.0,39908.754034,0.0,39908.754034,27.799999237060547
core,0.000638557,0.006225999999514897,26.475365915900092,0.0,6782.807281,0.0,6782.813507,27.799999237060547
uncore,0.000723624,0.0,0.0,0.0,60.524564,0.0,60.524564,27.799999237060547
package-0,1.000962885,17.500503999996,17.486111146938732,17.490220799579095,135030.507409,0.0,135048.007913,27.799999237060547
dram,1.001059531,0.4616690000038943,0.461289311848733,0.4613977258249728,39908.754034,0.0,39909.215703,27.799999237060547
core,1.001140431,15.913472999999613,15.900385361008196,15.897899988680754,6782.807281,0.006225999999514897,6798.720754,27.799999237060547
uncore,1.00122007,0.00836200000000531,0.008355122881651177,0.008357086534548188,60.524564,0.0,60.532926,27.799999237060547
package-0,2.001418922,35.472320999979274,17.72450725682603,17.96298230232349,135030.507409,17.500503999996,135065.97973,27.799999237060547
dram,2.001506798,0.9103370000011637,0.4548694392646957,0.44844744098926254,39908.754034,0.4616690000038943,39909.664371,27.799999237060547
core,2.001587129,32.32126799999969,16.150015929776576,16.399729154009723,6782.807281,15.913472999999613,6815.128549,27.799999237060547
uncore,2.001695888,0.00836200000000531,0.004178252944930216,0.0,60.524564,0.00836200000000531,60.532926,27.799999237060547
package-0,2.415965982,42.94800999999279,17.777531703811245,18.033520450422742,135030.507409,35.472320999979274,135073.455419,27.799999237060547
dram,2.416053181,1.097287000004144,0.45420159003308586,0.45097738124929754,39908.754034,0.9103370000011637,39909.851321,27.799999237060547
core,2.416134428,39.13741200000004,16.200205379370082,16.442507468784523,6782.807281,32.32126799999969,6821.944693,27.799999237060547
uncore,2.41621351,0.00836200000000531,0.003461294716737492,0.0,60.524564,0.00836200000000531,60.532926,27.799999237060547
