zone,time_elapsed,power_j,watts,watts_since_last,start_power,prev_power,prev_power_reading,temp
package-0,0.000483323,0.02026399999158457,57.91435166902328,0.0,139371.127278,0.0,139371.147542,27.799999237060547
dram,0.000649751,0.0006710000016028062,1.9177126963520765,0.0,40019.748623,0.0,40019.749294,27.799999237060547
core,0.000783838,0.0094600000011269,27.036605165897583,0.0,10737.994361,0.0,10738.003821,27.799999237060547
uncore,0.000915161,0.0,0.0,0.0,61.317347,0.0,61.317347,27.799999237060547
package-0,1.001253346,17.56495800000266,17.547159863112025,17.533044922233433,139371.127278,0.02026399999158457,139388.692236,27.799999237060547
dram,1.001399457,0.46185200000036275,0.46138401680796237,0.4608747915611232,40019.748623,0.0006710000016028062,40020.210475,27.799999237060547
core,1.002272453,15.994954000001599,15.978746709278138,15.97488017778619,10737.994361,0.0094600000011269,10753.989315,27.799999237060547
uncore,1.002480294,0.008912000000002251,0.008902969691135623,0.008906082736289683,61.317347,0.0,61.326259,27.799999237060547
package-0,2.002770642,35.65933299998869,17.806684089494034,18.0660650965923,139371.127278,17.56495800000266,139406.786611,27.799999237060547
dram,2.002990921,0.9116189999986091,0.45522196231098433,0.4490633083637109,40019.748623,0.46185200000036275,40020.660242,27.799999237060547
core,2.003203028,32.49277500000062,16.225445933500886,16.472009015958825,10737.994361,15.994954000001599,10770.487136,27.799999237060547
uncore,2.003415578,0.008912000000002251,0.0044502562234033155,0.0,61.317347,0.008912000000002251,61.326259,27.799999237060547
package-0,2.405159865,42.92414600000484,17.848002742647417,18.05362795641768,139371.127278,35.65933299998869,139414.051424,27.799999237060547
dram,2.405332289,1.092465000001539,0.4542505823242605,0.4494164407882145,40019.748623,0.9116189999986091,40020.841088,27.799999237060547
core,2.40550336,39.13021000000117,16.270471529015662,16.494544604885053,10737.994361,32.49277500000062,10777.124571,27.799999237060547
uncore,2.405680319,0.008912000000002251,0.0037056392558746775,0.0,61.317347,0.008912000000002251,61.326259,27.799999237060547
