zone,time_elapsed,power_j,watts,watts_since_last,start_power,prev_power,prev_power_reading,temp
package-0,0.00037516,0.0,0.0,0.0,129657.541916,0.0,129657.541916,27.799999237060547
dram,0.000489704,0.0,0.0,0.0,39769.906245,0.0,39769.906245,27.799999237060547
core,0.000572068,0.006530999999995402,27.701077758954398,0.0,1882.056522,0.0,1882.063053,27.799999237060547
uncore,0.000651688,0.0,0.0,0.0,57.276464,0.0,57.276464,27.799999237060547
package-0,1.00088364,17.578567999997176,17.565404942233997,17.56954415913024,129657.541916,0.0,129675.120484,27.799999237060547
dram,1.000978888,0.45574800000031246,0.4554067300373974,0.4555140447983057,39769.906245,0.0,39770.361993,27.799999237060547
core,1.001059908,16.127765999999838,16.11568932143028,16.112959271327373,1882.056522,0.006530999999995402,1898.184288,27.799999237060547
uncore,1.001139423,0.008240000000000691,0.008233829782041603,0.008235770050852183,57.276464,0.0,57.284704,27.799999237060547
package-0,2.00134768,35.329132999992,17.653538334598377,17.741693691864853,129657.541916,17.578567999997176,129692.871049,27.799999237060547
dram,2.001465404,0.9010600000037812,0.45024872962049667,0.4450894437092885,39769.906245,0.45574800000031246,39770.807305,27.799999237060547
core,2.001546338,32.45182099999988,16.215780501920392,16.315896627472995,1882.056522,16.127765999999838,1914.508343,27.799999237060547
uncore,2.001625764,0.008240000000000691,0.004117427842826932,0.0,57.276464,0.008240000000000691,57.284704,27.799999237060547
package-0,2.406511027,42.54011299999547,17.677781689068205,17.797527216417592,129657.541916,35.329132999992,129700.082029,27.799999237060547
dram,2.406598781,1.0817230000029667,0.4495160377711833,0.4458970430487406,39769.906245,0.9010600000037812,39770.987968,27.799999237060547
core,2.406678902,39.08479999999986,16.241907062187728,16.370954333304084,1882.056522,32.45182099999988,1921.141322,27.799999237060547
uncore,2.406757928,0.008240000000000691,0.003424178048562065,0.0,57.276464,0.008240000000000691,57.284704,27.799999237060547
