zone,time_elapsed,power_j,watts,watts_since_last,start_power,prev_power,prev_power_reading,temp
package-0,0.00051969,0.0,0.0,0.0,126728.114112,0.0,126728.114112,27.799999237060547
dram,0.000731921,0.0,0.0,0.0,39694.65601,0.0,39694.65601,27.799999237060547
core,0.000926131,0.008482999983243644,24.161414034422524,0.0,261336.295821,0.0,261336.304304,27.799999237060547
uncore,0.001058734,0.0,0.0,0.0,56.728919,0.0,56.728919,27.799999237060547
package-0,1.001402444,17.652909000011277,17.6323336711594,17.638519284316903,126728.114112,0.0,126745.767021,27.799999237060547
dram,1.00162417,0.4556880000018282,0.45515687334990435,0.4553165472987433,39694.65601,0.0,39695.111698,27.799999237060547
core,1.001832605,16.21528999999282,16.196390286400106,16.193596070012507,261336.295821,0.008482999983243644,261352.511111,27.799999237060547
uncore,1.00204414,0.009094000000004598,0.009083400498212631,0.009086587053247516,56.728919,0.0,56.738013,27.799999237060547
package-0,2.002359045,35.65542700000515,17.80861900076255,17.984937687434527,126728.114112,17.652909000011277,126763.769539,27.799999237060547
dram,2.002560532,0.9015480000016396,0.4502911953046126,0.4454245965658191,39694.65601,0.4556880000018282,39695.557558,27.799999237060547
core,2.002771485,32.78702499999781,16.375954111932344,16.555551914897077,261336.295821,16.21528999999282,261369.082846,27.799999237060547
uncore,2.002982676,0.009094000000004598,0.004542129903338225,0.0,56.728919,0.009094000000004598,56.738013,27.799999237060547
package-0,2.409732076,42.96967800000857,17.83305602308756,17.95314812303657,126728.114112,35.65542700000515,126771.08379,27.799999237060547
dram,2.409908053,1.0840430000025663,0.4498939822280683,0.44794193783186576,39694.65601,0.9015480000016396,39695.740053,27.799999237060547
core,2.410063004,39.52449599999818,16.40325420758627,16.537416454208824,261336.295821,32.78702499999781,261375.820317,27.799999237060547
uncore,2.4102092920000002,0.009094000000004598,0.003774145374652515,0.0,56.728919,0.009094000000004598,56.738013,27.799999237060547
