zone,time_elapsed,power_j,watts,watts_since_last,start_power,prev_power,prev_power_reading,temp
package-0,0.000307097,0.0,0.0,0.0,134770.718279,0.0,134770.718279,27.799999237060547
dram,0.000434248,0.0006100000027799979,2.8431336122711413,0.0,39902.151512,0.0,39902.152122,27.799999237060547
core,0.000520438,0.006774999999834108,31.5774264506232,0.0,6545.943386,0.0,6545.950161,27.799999237060547
uncore,0.000603681,0.0,0.0,0.0,60.476285,0.0,60.476285,27.799999237060547
package-0,1.000942966,17.4246989999956,17.412466568106836,17.41620062557075,134770.718279,0.0,134788.142978,27.799999237060547
dram,1.001163724,0.46185200000036275,0.4615277721251671,0.4610170430432935,39902.151512,0.0006100000027799979,39902.613364,27.799999237060547
core,1.001376235,15.841207000000395,15.83008620613972,15.826709230617809,6545.943386,0.006774999999834108,6561.784593,27.799999237060547
uncore,1.001576659,0.00762900000000144,0.007623644313634669,0.0076252791840213646,60.476285,0.0,60.483914,27.799999237060547
package-0,2.001881567,35.496429999999236,17.733315184848266,18.054075522360662,134770.718279,17.4246989999956,134806.214709,27.799999237060547
dram,2.002092554,0.9116800000047078,0.4554573174768927,0.449388533071307,39902.151512,0.46185200000036275,39903.063192,27.799999237060547
core,2.002304477,32.33914999999979,16.15600046990907,16.481825060672413,6545.943386,15.841207000000395,6578.282536,27.799999237060547
uncore,2.002519285,0.00762900000000144,0.0038112976867035885,0.0,60.476285,0.00762900000000144,60.483914,27.799999237060547
package-0,2.4200117629999998,43.06660099999863,17.79733323266693,18.103784090872036,134770.718279,35.496429999999236,134813.78488,27.799999237060547
dram,2.420184366,1.0997280000010505,0.45446413756483023,0.44970984019441135,39902.151512,0.9116800000047078,39903.25124,27.799999237060547
core,2.420355988,39.251790999999685,16.220857652685737,16.53132540357647,6545.943386,32.33914999999979,6585.195177,27.799999237060547
uncore,2.420530929,0.00762900000000144,0.0031526949440947513,0.0,60.476285,0.00762900000000144,60.483914,27.799999237060547
