zone,time_elapsed,power_j,watts,watts_since_last,start_power,prev_power,prev_power_reading,temp
package-0,0.000334617,0.0,0.0,0.0,143094.522287,0.0,143094.522287,27.799999237060547
dram,0.000453335,0.0,0.0,0.0,40114.756131,0.0,40114.756131,27.799999237060547
core,0.000537799,0.007507000000259723,38.5797393426989,0.0,14138.521239,0.0,14138.528746,27.799999237060547
uncore,0.00061986,0.0,0.0,0.0,61.999169,0.0,61.999169,27.799999237060547
package-0,1.000860756,17.425798000011127,17.413277818433116,17.416664387706255,143094.522287,0.0,143111.948085,27.799999237060547
dram,1.0009573,0.45574800000031246,0.45542055171278983,0.45550912281714295,40114.756131,0.0,40115.211879,27.799999237060547
core,1.001038594,15.980184000000008,15.968702470985964,15.96430503108396,14138.521239,0.007507000000259723,14154.501423,27.799999237060547
uncore,1.001118582,0.008178999999998382,0.00817312350784999,0.008174713033338865,61.999169,0.0,62.007348,27.799999237060547
package-0,2.001318026,35.328645000001416,17.65360577269476,17.893987507835284,143094.522287,17.425798000011127,143129.850932,27.799999237060547
dram,2.001405518,0.901120999995328,0.45028715048124146,0.4451526004909865,40114.756131,0.45574800000031246,40115.657252,27.799999237060547
core,2.001486173,32.45963400000073,16.2199705695463,16.47129489718418,14138.521239,15.980184000000008,14170.980873,27.799999237060547
uncore,2.001565481,0.008178999999998382,0.0040870189506231015,0.0,61.999169,0.008178999999998382,62.007348,27.799999237060547
package-0,2.412140144,42.68708599999081,17.69754443161993,17.911581241494666,143094.522287,35.328645000001416,143137.209373,27.799999237060547
dram,2.412228739,1.084774999995716,0.44973446444057635,0.44704218479663677,40114.756131,0.901120999995328,40115.840906,27.799999237060547
core,2.412309178,39.22817100000066,16.263520523369657,16.47566384805367,14138.521239,32.45963400000073,14177.74941,27.799999237060547
uncore,2.4123883250000002,0.008178999999998382,0.0033909134932804254,0.0,61.999169,0.008178999999998382,62.007348,27.799999237060547
