zone,time_elapsed,power_j,watts,watts_since_last,start_power,prev_power,prev_power_reading,temp
package-0,0.000709981,0.0,0.0,0.0,132079.24055,0.0,132079.24055,27.799999237060547
dram,0.000900771,0.0,0.0,0.0,39833.537002,0.0,39833.537002,27.799999237060547
core,0.001050334,0.01110900000003312,20.031772421525762,0.0,4092.703206,0.0,4092.714315,27.799999237060547
uncore,0.001139498,0.0,0.0,0.0,59.982085,0.0,59.982085,27.799999237060547
package-0,1.00146548,17.07332100000349,17.052201677703636,17.061651836784588,132079.24055,0.0,132096.313871,27.799999237060547
dram,1.001682063,0.4622799999997369,0.4617081698143401,0.46196404384962236,39833.537002,0.0,39833.999282,27.799999237060547
core,1.001893493,15.492086999999628,15.472923629355435,15.47039716109484,4092.703206,0.01110900000003312,4108.195293,27.799999237060547
uncore,1.002106562,0.008606000000000336,0.008595354567415045,0.008600118026677053,59.982085,0.0,59.990691,27.799999237060547
package-0,2.002406116,35.28799599999911,17.6245525755869,18.197058082322023,132079.24055,17.07332100000349,132114.528546,27.799999237060547
dram,2.002616716,0.9113750000033178,0.45518528747380244,0.4486606431104335,39833.537002,0.4622799999997369,39834.448377,27.799999237060547
core,2.002828198,32.13236400000005,16.04847548429531,16.62418281275992,4092.703206,15.492086999999628,4124.83557,27.799999237060547
uncore,2.003042168,0.008606000000000336,0.004298257669988134,0.0,59.982085,0.008606000000000336,59.990691,27.799999237060547
package-0,2.446476629,43.367992000014056,17.728018078964087,18.19449849257367,132079.24055,35.28799599999911,132122.608542,27.799999237060547
dram,2.446667436,1.1112649999995483,0.4542641958268585,0.4501113990161925,39833.537002,0.9113750000033178,39834.648267,27.799999237060547
core,2.446855571,39.510518999999476,16.15115579114241,16.614096099207984,4092.703206,32.13236400000005,4132.213725,27.799999237060547
uncore,2.447045426,0.008606000000000336,0.0035179706634220335,0.0,59.982085,0.008606000000000336,59.990691,27.799999237060547
