zone,time_elapsed,power_j,watts,watts_since_last,start_power,prev_power,prev_power_reading,temp
package-0,0.000765607,0.020323999982792884,34.62227072420388,0.0,142066.293841,0.0,142066.314165,27.799999237060547
dram,0.000961556,0.0006710000016028062,1.1430596206997812,0.0,40088.53812,0.0,40088.538791,27.799999237060547
core,0.001110874,0.012146000000939239,20.69091225175801,0.0,13194.323766,0.0,13194.335912,27.799999237060547
uncore,0.001261728,0.0,0.0,0.0,61.809473,0.0,61.809473,27.799999237060547
package-0,1.001601839,17.5080719999969,17.48417304122441,17.47412045769277,142066.293841,0.020323999982792884,142083.801913,27.799999237060547
dram,1.001817319,0.46221800000057556,0.4615870608014496,0.46118733383293653,40088.53812,0.0006710000016028062,40089.000338,27.799999237060547
core,1.00202542,15.93221000000085,15.910462132506087,15.907658094681613,13194.323766,0.012146000000939239,13210.255976,27.799999237060547
uncore,1.002232909,0.008300000000005525,0.008288670291182541,0.008293532123108677,61.809473,0.0,61.817773,27.799999237060547
package-0,2.002537349,35.65316799998982,17.80577189267299,18.127498006203474,142066.293841,17.5080719999969,142101.947009,27.799999237060547
dram,2.002685107,0.9113130000041565,0.45512453201651376,0.4486594459000956,40088.53812,0.46221800000057556,40089.449433,27.799999237060547
core,2.002813415,32.500222000000576,16.231139386923704,16.55194353873176,13194.323766,15.93221000000085,13226.823988,27.799999237060547
uncore,2.002938289,0.008300000000005525,0.0041451549749892186,0.0,61.809473,0.008300000000005525,61.817773,27.799999237060547
package-0,2.422286408,43.28394599998137,17.87035653508122,18.17842988428987,142066.293841,35.65316799998982,142109.577787,27.799999237060547
dram,2.422459716,1.1000940000012633,0.4541885345235085,0.4497237597447249,40088.53812,0.9113130000041565,40089.638214,27.799999237060547
core,2.4226321410000002,39.467184000001,16.294555249560066,16.597053435922234,13194.323766,32.500222000000576,13233.79095,27.799999237060547
uncore,2.4228066569999998,0.008300000000005525,0.0034267661095718194,0.0,61.809473,0.008300000000005525,61.817773,27.799999237060547
