zone,time_elapsed,power_j,watts,watts_since_last,start_power,prev_power,prev_power_reading,temp
package-0,0.000377654,0.0,0.0,0.0,133552.114587,0.0,133552.114587,27.799999237060547
dram,0.00052873,0.0,0.0,0.0,39870.974101,0.0,39870.974101,27.799999237060547
core,0.000649735,0.006347999999888998,28.254144875437845,0.0,5435.598389,0.0,5435.604737,27.799999237060547
uncore,0.000769298,0.0,0.0,0.0,60.254545,0.0,60.254545,27.799999237060547
package-0,1.001022131,17.785965000017313,17.770386271025863,17.774376231135246,133552.114587,0.0,133569.900552,27.799999237060547
dram,1.001120668,0.4613030000036815,0.4608989446476751,0.46100242964656896,39870.974101,0.0,39871.435404,27.799999237060547
core,1.001205266,16.202229000000443,16.188037465571576,16.185328279259775,5435.598389,0.006347999999888998,5451.800618,27.799999237060547
uncore,1.001288503,0.006470000000000198,0.006464332926182466,0.006465784353861971,60.254545,0.0,60.261015,27.799999237060547
package-0,2.00149683,36.0552060000191,18.015096946731774,18.25989688123065,133552.114587,17.785965000017313,133588.169793,27.799999237060547
dram,2.001588038,0.9103979999999865,0.4548832207504731,0.44886530260386875,39870.974101,0.4613030000036815,39871.884499,27.799999237060547
core,2.001671963,32.90689800000018,16.44203496399114,16.696125108594043,5435.598389,16.202229000000443,5468.505287,27.799999237060547
uncore,2.001754153,0.006470000000000198,0.003232755825754994,0.0,60.254545,0.006470000000000198,60.261015,27.799999237060547
package-0,2.418264268,43.66016700002365,18.055343387482583,18.248625662089392,133552.114587,36.0552060000191,133595.774754,27.799999237060547
dram,2.418368147,1.0975319999997737,0.45387634771840696,0.4490408714316233,39870.974101,0.9103979999999865,39872.071633,27.799999237060547
core,2.418561118,39.85115500000029,16.48015427683566,16.663221086113396,5435.598389,32.90689800000018,5475.449544,27.799999237060547
uncore,2.418755744,0.006470000000000198,0.0026756212754970136,0.0,60.254545,0.006470000000000198,60.261015,27.799999237060547
