zone,time_elapsed,power_j,watts,watts_since_last,start_power,prev_power,prev_power_reading,temp
package-0,0.000428639,0.0,0.0,0.0,140840.278669,0.0,140840.278669,27.799999237060547
dram,0.000587227,0.0,0.0,0.0,40057.203422,0.0,40057.203422,27.799999237060547
core,0.0006908,0.006835999998656916,21.990323738538127,0.0,12077.10165,0.0,12077.108486,27.799999237060547
uncore,0.000880626,0.0,0.0,0.0,61.588221,0.0,61.588221,27.799999237060547
package-0,1.001130105,17.325089999998454,17.30790657189063,17.313283310324675,140840.278669,0.0,140857.603759,27.799999237060547
dram,1.001229731,0.46191299999918556,0.46145486391864826,0.46159821586546534,40057.203422,0.0,40057.665335,27.799999237060547
core,1.001314581,15.737691999998788,15.722082990229426,15.720135747747767,12077.10165,0.006835999998656916,12092.839342,27.799999237060547
uncore,1.001398218,0.008484000000002823,0.008475585371041771,0.008478218329882069,61.588221,0.0,61.596705,27.799999237060547
package-0,2.001606557,35.45199600001797,17.712722827918423,18.11773599782799,140840.278669,17.325089999998454,140875.730665,27.799999237060547
dram,2.00174349,0.9105810000037309,0.4549495285237732,0.44844102875289843,40057.203422,0.46191299999918556,40058.114003,27.799999237060547
core,2.002530888,32.310708999999406,16.143255598083353,16.564633076003325,12077.10165,15.737691999998788,12109.412359,27.799999237060547
uncore,2.002615553,0.008484000000002823,0.004238823124995098,0.0,61.588221,0.008484000000002823,61.596705,27.799999237060547
package-0,2.441385279,43.47077499999432,17.806676861437968,18.234290369979032,140840.278669,35.45199600001797,140883.749444,27.799999237060547
dram,2.441579829,1.1087010000046575,0.45415064357694684,0.4505146741327824,40057.203422,0.9105810000037309,40058.312123,27.799999237060547
core,2.441769942,39.621053999999276,16.229738381422084,16.62334794799996,12077.10165,32.310708999999406,12116.722704,27.799999237060547
uncore,2.44195971,0.008484000000002823,0.003475250820637767,0.0,61.588221,0.008484000000002823,61.596705,27.799999237060547
