zone,time_elapsed,power_j,watts,watts_since_last,start_power,prev_power,prev_power_reading,temp
package-0,0.000621712,0.018309999984921888,40.93147607022484,0.0,141141.973453,0.0,141141.991763,27.799999237060547
dram,0.000844922,0.0006720000019413419,1.5022365931897308,0.0,40064.921908,0.0,40064.92258,27.799999237060547
core,0.001024766,0.011718000001565088,26.19525052156914,0.0,12352.009089,0.0,12352.020807,27.799999237060547
uncore,0.001203882,0.0,0.0,0.0,61.644556,0.0,61.644556,27.799999237060547
package-0,1.001457076,17.51594599999953,17.492998090342684,17.482522341967456,141141.973453,0.018309999984921888,141159.489399,27.799999237060547
dram,1.001555567,0.46203500000410713,0.46142968086014563,0.46096449573463877,40064.921908,0.0006720000019413419,40065.383943,27.799999237060547
core,1.001640821,15.936910000000353,15.91603080963922,15.911436547192304,12352.009089,0.011718000001565088,12367.945999,27.799999237060547
uncore,1.001724156,0.008727999999997849,0.008716565313256697,0.008720461152610956,61.644556,0.0,61.653284,27.799999237060547
package-0,2.001932693,35.77279699998326,17.870093808530633,18.24749062121474,141141.973453,17.51594599999953,141177.74625,27.799999237060547
dram,2.002023966,0.9105810000037309,0.45487547116709715,0.4483160282232581,40064.921908,0.46203500000410713,40065.832489,27.799999237060547
core,2.00214361,32.611366000001,16.290819240234892,16.665906923058138,12352.009089,15.936910000000353,12384.620455,27.799999237060547
uncore,2.002228735,0.008727999999997849,0.004360021911646716,0.0,61.644556,0.008727999999997849,61.653284,27.799999237060547
package-0,2.420870519,43.363291999994544,17.913093678026236,18.118562936497845,141141.973453,35.77279699998326,141185.336745,27.799999237060547
dram,2.420974139,1.0993020000023535,0.4541145009582352,0.45047830423559565,40064.921908,0.9105810000037309,40066.02121,27.799999237060547
core,2.421154298,39.54189100000076,16.33449779803169,16.543210079880254,12352.009089,32.611366000001,12391.55098,27.799999237060547
uncore,2.421348573,0.008727999999997849,0.003605479990352073,0.0,61.644556,0.008727999999997849,61.653284,27.799999237060547
