zone,time_elapsed,power_j,watts,watts_since_last,start_power,prev_power,prev_power_reading,temp
package-0,0.000528782,0.0,0.0,0.0,141489.535918,0.0,141489.535918,27.799999237060547
dram,0.000661472,0.0007929999992484227,1.8802251510307397,0.0,40073.732982,0.0,40073.733775,27.799999237060547
core,0.000851897,0.011046999999962281,26.192745602839263,0.0,12668.978126,0.0,12668.989173,27.799999237060547
uncore,0.001033326,0.0,0.0,0.0,61.710535,0.0,61.710535,27.799999237060547
package-0,1.00128022,17.750503999996,17.73023986063592,17.737712342314065,141489.535918,0.0,141507.286422,27.799999237060547
dram,1.001379614,0.4614849999998114,0.46095816446023546,0.46036000861818793,40073.732982,0.0007929999992484227,40074.194467,27.799999237060547
core,1.001464975,16.167804999999134,16.149347684439718,16.145114853551846,12668.978126,0.011046999999962281,12685.145931,27.799999237060547
uncore,1.001548562,0.008057000000000869,0.008047802054363708,0.008051193833260849,61.710535,0.0,61.718592,27.799999237060547
package-0,2.001758453,35.95291100000031,17.96151706790843,18.192938157867165,141489.535918,17.750503999996,141525.488829,27.799999237060547
dram,2.001851283,0.9107640000001993,0.4550035776196256,0.4490452862983188,40073.732982,0.4614849999998114,40074.643746,27.799999237060547
core,2.001936314,32.78641500000049,16.37958474678261,16.609965044714464,12668.978126,16.167804999999134,12701.764541,27.799999237060547
uncore,2.002019612,0.008057000000000869,0.004025152317044719,0.0,61.710535,0.008057000000000869,61.718592,27.799999237060547
package-0,2.4316347560000002,43.783273999986704,18.006596789757108,18.216517717485953,141489.535918,35.95291100000031,141533.319192,27.799999237060547
dram,2.431834359,1.1045499999963795,0.4542644865723623,0.4508227910171322,40073.732982,0.9107640000001993,40074.837532,27.799999237060547
core,2.432030486,39.95827199999985,16.433501348475154,16.684572619173736,12668.978126,32.78641500000049,12708.936398,27.799999237060547
uncore,2.432229589,0.008057000000000869,0.0033135747302756005,0.0,61.710535,0.008057000000000869,61.718592,27.799999237060547
