zone,time_elapsed,power_j,watts,watts_since_last,start_power,prev_power,prev_power_reading,temp
package-0,0.000317152,0.0,0.0,0.0,137807.887689,0.0,137807.887689,27.799999237060547
dram,0.000441775,0.0,0.0,0.0,39979.883124,0.0,39979.883124,27.799999237060547
core,0.000532961,0.006957999999940512,33.248436252839646,0.0,9313.174644,0.0,9313.181602,27.799999237060547
uncore,0.000634715,0.0,0.0,0.0,61.030483,0.0,61.030483,27.799999237060547
package-0,1.000973298,17.47755499999039,17.464692777700392,17.468345740521023,137807.887689,0.0,137825.365244,27.799999237060547
dram,1.001151385,0.46179100000153994,0.46145115506936596,0.46154767345273867,39979.883124,0.0,39980.344915,27.799999237060547
core,1.001348043,15.911457999998674,15.899748312359069,15.896119613426894,9313.174644,0.006957999999940512,9329.086102,27.799999237060547
uncore,1.001560767,0.008118000000003178,0.008112025736409085,0.008113722469858236,61.030483,0.0,61.038601,27.799999237060547
package-0,2.001873841,35.63430800000788,17.802350926853013,18.139944944250878,137807.887689,17.47755499999039,137843.521997,27.799999237060547
dram,2.002081697,0.9110700000019278,0.45515652665287365,0.4488630937815411,39979.883124,0.46179100000153994,39980.794194,27.799999237060547
core,2.00229392,32.49082300000009,16.23191428182472,16.56401716267088,9313.174644,15.911457999998674,9345.665467,27.799999237060547
uncore,2.002506751,0.008118000000003178,0.004055627650303112,0.0,61.030483,0.008118000000003178,61.038601,27.799999237060547
package-0,2.41980036,43.16468400001759,17.839445548013995,18.017097539335985,137807.887689,35.63430800000788,137851.052373,27.799999237060547
dram,2.4199738760000002,1.0985690000015893,0.45402537537994153,0.4486081135281296,39979.883124,0.9110700000019278,39980.981693,27.799999237060547
core,2.420129214,39.36134899999888,16.267572865390814,16.43834744617832,9313.174644,32.49082300000009,9352.535993,27.799999237060547
uncore,2.420278389,0.008118000000003178,0.003355071913853819,0.0,61.030483,0.008118000000003178,61.038601,27.799999237060547
