zone,time_elapsed,power_j,watts,watts_since_last,start_power,prev_power,prev_power_reading,temp
package-0,0.00055755,0.0,0.0,0.0,136075.794894,0.0,136075.794894,27.799999237060547
dram,0.000693082,0.0,0.0,0.0,39935.519896,0.0,39935.519896,27.799999237060547
core,0.000808114,0.006287000000156695,14.25859609449341,0.0,7735.121738,0.0,7735.128025,27.799999237060547
uncore,0.000937759,0.0,0.0,0.0,60.720486,0.0,60.720486,27.799999237060547
package-0,1.001183518,16.605609000020195,16.588272281481643,16.595582082090854,136075.794894,0.0,136092.400503,27.799999237060547
dram,1.001286247,0.4613630000021658,0.46088132417352684,0.4610844164864001,39935.519896,0.0,39935.981259,27.799999237060547
core,1.00137177,15.01503700000012,14.999360882953487,14.99968730892541,7735.121738,0.006287000000156695,7750.136775,27.799999237060547
uncore,1.00145578,0.008178999999998382,0.008170460896077135,0.00817406129755489,60.720486,0.0,60.728665,27.799999237060547
package-0,2.00166548,34.814242000022205,17.39358496432017,18.199327301766743,136075.794894,16.605609000020195,136110.609136,27.799999237060547
dram,2.001758599,0.9102150000035181,0.45475360165387996,0.44862260983986635,39935.519896,0.4613630000021658,39936.430111,27.799999237060547
core,2.001843768,31.661173999999846,15.818276900550378,16.637629830477174,7735.121738,15.01503700000012,7766.782912,27.799999237060547
uncore,2.00192688,0.008178999999998382,0.0040863199440923,0.0,60.720486,0.008178999999998382,60.728665,27.799999237060547
package-0,2.477370355,43.44202800001949,17.53706282475666,18.14088899831154,136075.794894,34.814242000022205,136119.236922,27.799999237060547
dram,2.477562604,1.1244470000019646,0.45392672925248234,0.450446839068484,39935.519896,0.9102150000035181,39936.644343,27.799999237060547
core,2.477755121,39.53395600000022,15.959417688392868,16.55340829848547,7735.121738,31.661173999999846,7774.655694,27.799999237060547
uncore,2.477947124,0.008178999999998382,0.0033017711982412973,0.0,60.720486,0.008178999999998382,60.728665,27.799999237060547
