zone,time_elapsed,power_j,watts,watts_since_last,start_power,prev_power,prev_power_reading,temp
package-0,0.000678729,0.0,0.0,0.0,132251.983638,0.0,132251.983638,27.799999237060547
dram,0.00085179,0.0,0.0,0.0,39837.952091,0.0,39837.952091,27.799999237060547
core,0.000941677,0.01080299999921408,21.403183432224402,0.0,4250.121138,0.0,4250.131941,27.799999237060547
uncore,0.001027547,0.0,0.0,0.0,60.015776,0.0,60.015776,27.799999237060547
package-0,1.0012792,17.692947999981698,17.67291156624132,17.681826149015794,132251.983638,0.0,132269.676586,27.799999237060547
dram,1.00138103,0.46374400000058813,0.4632188316720248,0.46345248884855494,39837.952091,0.0,39838.415835,27.799999237060547
core,1.00146655,16.102680999999393,16.084445469046653,16.08176258741446,4250.121138,0.01080299999921408,4266.223819,27.799999237060547
uncore,1.001550061,0.010680999999998164,0.010668904268479532,0.01067428588485088,60.015776,0.0,60.026457,27.799999237060547
package-0,2.001759275,35.85427799998433,17.912231008368522,18.151694662986543,132251.983638,17.692947999981698,132287.837916,27.799999237060547
dram,2.001850186,0.9125350000031176,0.4558880734757664,0.4485528978076565,39837.952091,0.46374400000058813,39838.864626,27.799999237060547
core,2.001934702,32.69815899999958,16.335483803539777,16.58667341225947,4250.121138,16.102680999999393,4282.819297,27.799999237060547
uncore,2.002016884,0.010680999999998164,0.005336058904893717,0.0,60.015776,0.010680999999998164,60.026457,27.799999237060547
package-0,2.417051339,43.43226199998753,17.970679216329696,18.25247242160292,132251.983638,35.85427799998433,132295.4159,27.799999237060547
dram,2.417243521,1.100034000002779,0.4551537781088085,0.4516135593015903,39837.952091,0.9125350000031176,39839.052125,27.799999237060547
core,2.417436502,39.60976199999914,16.38906872355289,16.647414819892298,4250.121138,32.69815899999958,4289.7309,27.799999237060547
uncore,2.417627756,0.010680999999998164,0.004419406585584687,0.0,60.015776,0.010680999999998164,60.026457,27.799999237060547
