zone,time_elapsed,power_j,watts,watts_since_last,start_power,prev_power,prev_power_reading,temp
package-0,0.000423914,0.0,0.0,0.0,135635.41504,0.0,135635.41504,27.799999237060547
dram,0.000536575,0.0,0.0,0.0,39924.187527,0.0,39924.187527,27.799999237060547
core,0.000620284,0.007201999999779218,22.94682911838301,0.0,7334.096947,0.0,7334.104149,27.799999237060547
uncore,0.000700206,0.0,0.0,0.0,60.633145,0.0,60.633145,27.799999237060547
package-0,1.000933514,16.920123000018066,16.906721768661082,16.912025505294103,135635.41504,0.0,135652.335163,27.799999237060547
dram,1.001027594,0.46191299999918556,0.4615471514187834,0.46169194143593406,39924.187527,0.0,39924.64944,27.799999237060547
core,1.001108436,15.350301999999829,15.338144112701885,15.33575722410539,7334.096947,0.007201999999779218,7349.447249,27.799999237060547
uncore,1.001188148,0.00891099999999767,0.008903942227863159,0.008906735446159313,60.633145,0.0,60.642056,27.799999237060547
package-0,2.00139235,35.05929699999979,17.51836252268337,18.13018474617143,135635.41504,16.920123000018066,135670.474337,27.799999237060547
dram,2.001480624,0.9105199999976321,0.45496689349225333,0.4483846832499516,39924.187527,0.46191299999918556,39925.098047,27.799999237060547
core,2.00156149,31.905619000000115,15.9425387266784,16.547112660242423,7334.096947,15.350301999999829,7366.002566,27.799999237060547
uncore,2.001640152,0.00891099999999767,0.004452631450071336,0.0,60.633145,0.00891099999999767,60.642056,27.799999237060547
package-0,2.446606263,43.11842000001343,17.62444803582622,18.101304715827414,135635.41504,35.05929699999979,135678.53346,27.799999237060547
dram,2.446749043,1.1107149999952526,0.4539994461768996,0.4496507495338962,39924.187527,0.9105199999976321,39925.298242,27.799999237060547
core,2.446832813,39.268331999999646,16.050742972199586,16.53712340014536,7334.096947,31.905619000000115,7373.365279,27.799999237060547
uncore,2.446911925,0.00891099999999767,0.0036423286485719438,0.0,60.633145,0.00891099999999767,60.642056,27.799999237060547
