zone,time_elapsed,power_j,watts,watts_since_last,start_power,prev_power,prev_power_reading,temp
package-0,0.000480449,0.018981999979587272,60.21864227165731,0.0,137285.027272,0.0,137285.046254,27.799999237060547
dram,0.000640211,0.0006709999943268485,2.1286855266096754,0.0,39966.410686,0.0,39966.411357,27.799999237060547
core,0.000767613,0.010254000000713859,32.52986822045016,0.0,8837.114034,0.0,8837.124288,27.799999237060547
uncore,0.000898856,0.0,0.0,0.0,60.939541,0.0,60.939541,27.799999237060547
package-0,1.001139986,17.65455700000166,17.636860879269836,17.623447565567407,137285.027272,0.018981999979587272,137302.681829,27.799999237060547
dram,1.001241887,0.4614849999998114,0.4610224285359157,0.4604971126014248,39966.410686,0.0006709999943268485,39966.872171,27.799999237060547
core,1.001327105,16.069843999999648,16.053736323122482,16.048546321236348,8837.114034,0.010254000000713859,8853.183878,27.799999237060547
uncore,1.001410665,0.008361999999998204,0.008353618313527144,0.008356249713607782,60.939541,0.0,60.947903,27.799999237060547
package-0,2.00161914,35.8335879999795,17.903264932358724,18.169800886485913,137285.027272,17.65455700000166,137320.86086,27.799999237060547
dram,2.001711005,0.9106419999952777,0.45497718465864473,0.44892894768147573,39966.410686,0.4614849999998114,39967.321328,27.799999237060547
core,2.001795101,32.665139000000636,16.320236688820255,16.586869003242292,8837.114034,16.069843999999648,8869.779173,27.799999237060547
uncore,2.001877691,0.008361999999998204,0.0041778429043844885,0.0,60.939541,0.008361999999998204,60.947903,27.799999237060547
package-0,2.416605335,43.38215200000559,17.95250904953093,18.190018676235404,137285.027272,35.8335879999795,137328.409424,27.799999237060547
dram,2.416707918,1.0974700000006123,0.45415773995253084,0.45020547077947526,39966.410686,0.9106419999952777,39967.508156,27.799999237060547
core,2.416890374,39.56123900000057,16.37132941579465,16.61775508464288,8837.114034,32.665139000000636,8876.675273,27.799999237060547
uncore,2.417082088,0.008361999999998204,0.0034603834469098278,0.0,60.939541,0.008361999999998204,60.947903,27.799999237060547
