zone,time_elapsed,power_j,watts,watts_since_last,start_power,prev_power,prev_power_reading,temp
package-0,0.000356984,0.0,0.0,0.0,136334.538678,0.0,136334.538678,27.799999237060547
dram,0.00047479,0.0,0.0,0.0,39942.163494,0.0,39942.163494,27.799999237060547
core,0.000567374,0.006347999999888998,26.4475756384373,0.0,7970.797099,0.0,7970.803447,27.799999237060547
uncore,0.0006533,0.0,0.0,0.0,60.767605,0.0,60.767605,27.799999237060547
package-0,1.000905638,17.66554299998097,17.652158233348377,17.65639294512141,136334.538678,0.0,136352.204221,27.799999237060547
dram,1.001013228,0.4624629999962053,0.46211260265313103,0.46222346239351253,39942.163494,0.0,39942.625957,27.799999237060547
core,1.001105274,16.07887699999992,16.06669441289465,16.06420406359236,7970.797099,0.006347999999888998,7986.875976,27.799999237060547
uncore,1.001196058,0.008056999999993764,0.008050895400505435,0.008052826791618369,60.767605,0.0,60.775662,27.799999237060547
package-0,2.001408602,35.814787999988766,17.895780953495464,18.139456912778748,136334.538678,17.66554299998097,136370.353466,27.799999237060547
dram,2.001505662,0.9111310000007506,0.45527006319171354,0.44842602842275636,39942.163494,0.4624629999962053,39943.074625,27.799999237060547
core,2.001597365,32.66464999999971,16.321733394674116,16.576828110397763,7970.797099,16.07887699999992,8003.461749,27.799999237060547
uncore,2.001687216,0.008056999999993764,0.004025887494915412,0.0,60.767605,0.008056999999993764,60.775662,27.799999237060547
package-0,2.406221755,43.09839999998803,17.911953041409422,17.991901128355508,136334.538678,35.814787999988766,136377.637078,27.799999237060547
dram,2.406314277,1.093564000002516,0.45449174484032717,0.45064406211936775,39942.163494,0.9111310000007506,39943.257058,27.799999237060547
core,2.406400784,39.3069059999998,16.33618543786512,16.40763033797514,7970.797099,32.66464999999971,8010.104005,27.799999237060547
uncore,2.406543478,0.008056999999993764,0.003348537431889909,0.0,60.767605,0.008056999999993764,60.775662,27.799999237060547
