zone,time_elapsed,power_j,watts,watts_since_last,start_power,prev_power,prev_power_reading,temp
package-0,0.000402856,0.0,0.0,0.0,141750.270968,0.0,141750.270968,27.799999237060547
dram,0.00054646,0.0,0.0,0.0,40080.349786,0.0,40080.349786,27.799999237060547
core,0.000676747,0.008788999999524094,34.336725722360846,0.0,12906.742593,0.0,12906.751382,27.799999237060547
uncore,0.000763724,0.0,0.0,0.0,61.757654,0.0,61.757654,27.799999237060547
package-0,1.001011539,17.812575999996625,17.797156365749775,17.80170903572431,141750.270968,0.0,141768.083544,27.799999237060547
dram,1.001112507,0.46142500000132713,0.461025562843424,0.4611434972591428,40080.349786,0.0,40080.811211,27.799999237060547
core,1.001197928,16.22584899999856,16.211802931820404,16.207166416296044,12906.742593,0.008788999999524094,12922.968442,27.799999237060547
uncore,1.001281867,0.007995000000001085,0.007988079048432732,0.007990122469690076,61.757654,0.0,61.765649,27.799999237060547
package-0,2.001491343,35.995756999996956,17.985319890678415,18.17354665771068,141750.270968,17.812575999996625,141786.266725,27.799999237060547
dram,2.001582718,0.9102150000035181,0.4547899338346603,0.44855220901962334,40080.349786,0.46142500000132713,40081.260001,27.799999237060547
core,2.001667767,32.84519199999886,16.411136595648788,16.610537255884836,12906.742593,16.22584899999856,12939.587785,27.799999237060547
uncore,2.001750355,0.007995000000001085,0.003994710613420509,0.0,61.757654,0.007995000000001085,61.765649,27.799999237060547
package-0,2.412724598,43.49152700000559,18.02682291184222,18.228824727676585,141750.270968,35.995756999996956,141793.762495,27.799999237060547
dram,2.412917658,1.0952120000001742,0.4539549226433265,0.44989079014979727,40080.349786,0.9102150000035181,40081.444998,27.799999237060547
core,2.413111007,39.70064299999831,16.45553766937514,16.671644768719048,12906.742593,32.84519199999886,12946.443236,27.799999237060547
uncore,2.413305165,0.007995000000001085,0.0033138512055504417,0.0,61.757654,0.007995000000001085,61.765649,27.799999237060547
