zone,time_elapsed,power_j,watts,watts_since_last,start_power,prev_power,prev_power_reading,temp
package-0,0.000365634,0.0,0.0,0.0,143486.339583,0.0,143486.339583,27.799999237060547
dram,0.000482825,0.0,0.0,0.0,40124.7381,0.0,40124.7381,27.799999237060547
core,0.000571171,0.006590999999389169,27.97668821290115,0.0,14498.470391,0.0,14498.476982,27.799999237060547
uncore,0.000661869,0.0,0.0,0.0,62.065148,0.0,62.065148,27.799999237060547
package-0,1.000901278,16.13905800000066,16.126878690929455,16.130676032944336,143486.339583,0.0,143502.478641,27.799999237060547
dram,1.001007899,0.45605399999476504,0.45570983972103063,0.4558171441879478,40124.7381,0.0,40125.194154,27.799999237060547
core,1.001098102,14.710532999999486,14.69943172457132,14.696305373535152,14498.470391,0.006590999999389169,14513.180924,27.799999237060547
uncore,1.00118855,0.007201999999999487,0.007196565024554773,0.00719825957557449,62.065148,0.0,62.07235,27.799999237060547
package-0,2.001396075,34.13547100001597,17.056700369211864,17.986723246428163,143486.339583,16.13905800000066,143520.475054,27.799999237060547
dram,2.001494175,0.901425999996718,0.4504215918671227,0.44513219971871715,40124.7381,0.45605399999476504,40125.639526,27.799999237060547
core,2.001586281,31.265849999999773,15.622817544789976,16.546403171323043,14498.470391,14.710532999999486,14529.736241,27.799999237060547
uncore,2.001676081,0.007201999999999487,0.0035986717763172985,0.0,62.065148,0.007201999999999487,62.07235,27.799999237060547
package-0,2.488593092,42.82563500001561,17.209654271408443,17.837986444050472,143486.339583,34.13547100001597,143529.165218,27.799999237060547
dram,2.488684739,1.1188330000004498,0.4496075567225903,0.44626351342833226,40124.7381,0.901425999996718,40125.856933,27.799999237060547
core,2.488769877,39.26210600000013,15.777635760150366,16.413626501314535,14498.470391,31.265849999999773,14537.732497,27.799999237060547
uncore,2.488853823,0.007201999999999487,0.002894152767673605,0.0,62.065148,0.007201999999999487,62.07235,27.799999237060547
