zone,time_elapsed,power_j,watts,watts_since_last,start_power,prev_power,prev_power_reading,temp
package-0,0.000691418,0.0,0.0,0.0,135203.791755,0.0,135203.791755,27.799999237060547
dram,0.000826007,0.0,0.0,0.0,39913.189508,0.0,39913.189508,27.799999237060547
core,0.001029067,0.008117999999740277,14.22451178759653,0.0,6940.690056,0.0,6940.698174,27.799999237060547
uncore,0.001136795,0.0,0.0,0.0,60.555692,0.0,60.555692,27.799999237060547
package-0,1.001388165,17.314896999974735,17.293416812365262,17.30327962994103,135203.791755,0.0,135221.106652,27.799999237060547
dram,1.001488587,0.46118099999875994,0.4606088767916793,0.4608715722077943,39913.189508,0.0,39913.650689,27.799999237060547
core,1.001573612,15.728657999999996,15.709145638783772,15.709992358260894,6940.690056,0.008117999999740277,6956.418714,27.799999237060547
uncore,1.001657692,0.007263000000001796,0.007253989804757327,0.0072581269153652,60.555692,0.0,60.562955,27.799999237060547
package-0,2.001866222,35.44638199999463,17.707625740211096,18.122135301120395,135203.791755,17.314896999974735,135239.238137,27.799999237060547
dram,2.001958031,0.9098489999960293,0.4545249659623218,0.44843663942719963,39913.189508,0.46118099999875994,39914.099357,27.799999237060547
core,2.002043168,32.293312999999216,16.132475819833076,16.556113254156344,6940.690056,15.728657999999996,6972.983369,27.799999237060547
uncore,2.002126185,0.007263000000001796,0.003628310662318216,0.0,60.555692,0.007263000000001796,60.562955,27.799999237060547
package-0,2.434442754,43.25928899997962,17.770495377172676,18.061427686013076,135203.791755,35.44638199999463,135247.051044,27.799999237060547
dram,2.434534047,1.1047340000004624,0.4538139875582085,0.4505239003453502,39913.189508,0.9098489999960293,39914.294242,27.799999237060547
core,2.434630086,39.415853999999854,16.19164964303136,16.46547939357552,6940.690056,32.293312999999216,6980.10591,27.799999237060547
uncore,2.434820157,0.007263000000001796,0.002983569792940838,0.0,60.555692,0.007263000000001796,60.562955,27.799999237060547
