zone,time_elapsed,power_j,watts,watts_since_last,start_power,prev_power,prev_power_reading,temp
package-0,0.00040199,0.0,0.0,0.0,138239.83214,0.0,138239.83214,27.799999237060547
dram,0.000523067,0.0007320000004256144,2.9996803636727827,0.0,39990.885538,0.0,39990.88627,27.799999237060547
core,0.000611401,0.006896999999298714,28.2633817679211,0.0,9706.927115,0.0,9706.934012,27.799999237060547
uncore,0.000697285,0.0,0.0,0.0,61.110378,0.0,61.110378,27.799999237060547
package-0,1.001042318,16.44301199997426,16.429927993956415,16.433935110330513,138239.83214,0.0,138256.275152,27.799999237060547
dram,1.001252756,0.462095999995654,0.4617283017391074,0.46110931733042454,39990.885538,0.0007320000004256144,39991.347634,27.799999237060547
core,1.001464882,14.858849000000191,14.847025541516153,14.843753409055482,9706.927115,0.006896999999298714,9721.785964,27.799999237060547
uncore,1.001674598,0.007812000000001262,0.007805783848422003,0.007807687611133755,61.110378,0.0,61.11819,27.799999237060547
package-0,2.001962419,34.46158099998138,17.21551714280659,18.000963715475073,138239.83214,16.44301199997426,138274.293721,27.799999237060547
dram,2.00212944,0.9111909999992349,0.45519166055864885,0.44865620570992876,39990.885538,0.462095999995654,39991.796729,27.799999237060547
core,2.002351605,31.30363099999886,15.637941744833567,16.428714405164843,9706.927115,14.858849000000191,9738.230746,27.799999237060547
uncore,2.002550905,0.007812000000001262,0.0039025377251177035,0.0,61.110378,0.007812000000001262,61.11819,27.799999237060547
package-0,2.475260524,42.99012399997446,17.369406763665083,18.02030290604751,138239.83214,34.46158099998138,138282.822264,27.799999237060547
dram,2.475451128,1.124019999995653,0.4541405972783638,0.44969498859649903,39990.885538,0.9111909999992349,39992.009558,27.799999237060547
core,2.475641319,39.08754599999884,15.792638464309926,16.446948335142388,9706.927115,31.30363099999886,9746.014661,27.799999237060547
uncore,2.475830888,0.007812000000001262,0.0031563017970791195,0.0,61.110378,0.007812000000001262,61.11819,27.799999237060547
