zone,time_elapsed,power_j,watts,watts_since_last,start_power,prev_power,prev_power_reading,temp
package-0,0.000655698,0.0,0.0,0.0,133769.337237,0.0,133769.337237,27.799999237060547
dram,0.000859675,0.0,0.0,0.0,39876.500577,0.0,39876.500577,27.799999237060547
core,0.00104269,0.0119620000004943,25.45100967975451,0.0,5633.619672,0.0,5633.631634,27.799999237060547
uncore,0.001175418,0.0,0.0,0.0,60.292814,0.0,60.292814,27.799999237060547
package-0,1.001426487,17.93867400000454,17.91547984942584,17.923893204864292,133769.337237,0.0,133787.275911,27.799999237060547
dram,1.001527549,0.4614849999998114,0.4608883141700893,0.461104753653549,39876.500577,0.0,39876.962062,27.799999237060547
core,1.001612252,16.35664700000052,16.335498361395427,16.331217592062472,5633.619672,0.0119620000004943,5649.976319,27.799999237060547
uncore,1.001695309,0.008423000000000513,0.008412109321552131,0.008416059763644903,60.292814,0.0,60.301237,27.799999237060547
package-0,2.001905238,36.27853199999663,18.12298869272004,18.330662001793666,133769.337237,17.93867400000454,133805.615769,27.799999237060547
dram,2.001996815,0.9101530000043567,0.4546681361783247,0.4484430282452364,39876.500577,0.4614849999998114,39877.41073,27.799999237060547
core,2.002081146,33.131140000000414,16.550704852031714,16.766081909390163,5633.619672,16.35664700000052,5666.750812,27.799999237060547
uncore,2.002163586,0.008423000000000513,0.004207720801900263,0.0,60.292814,0.008423000000000513,60.301237,27.799999237060547
package-0,2.386438008,43.35010800001328,18.16603826732901,18.390146455603595,133769.337237,36.27853199999663,133812.687345,27.799999237060547
dram,2.386541454,1.083676000002015,0.45411881523839814,0.4512591511941785,39876.500577,0.9101530000043567,39877.584253,27.799999237060547
core,2.386732028,39.58955900000001,16.590164983682612,16.79558719037536,5633.619672,33.131140000000414,5673.209231,27.799999237060547
uncore,2.386924626,0.008423000000000513,0.0035296922518780046,0.0,60.292814,0.008423000000000513,60.301237,27.799999237060547
