zone,time_elapsed,power_j,watts,watts_since_last,start_power,prev_power,prev_power_reading,temp
package-0,0.000574698,0.0,0.0,0.0,88088.758012,0.0,88088.758012,27.799999237060547
dram,0.000696671,0.0008539999835193157,1.7853484011709622,0.0,237382.8193,0.0,237382.820154,27.799999237060547
core,0.000860564,0.008606000017607585,17.991462141012388,0.0,210186.183845,0.0,210186.192451,27.799999237060547
uncore,0.001044309,0.0,0.0,0.0,32863.257727,0.0,32863.257727,27.799999237060547
package-0,1.001404288,18.676038999998127,18.654580319129167,18.663497521597062,88088.758012,0.0,88107.434051,27.799999237060547
dram,1.001629161,0.4786969999840949,0.4781469793852094,0.47752211516714765,237382.8193,0.0008539999835193157,237383.297997,27.799999237060547
core,1.001840556,17.23957999999402,17.219771803752042,17.21940292281974,210186.183845,0.008606000017607585,210203.423425,27.799999237060547
uncore,1.002052951,0.005371000006562099,0.005364828752845612,0.005367393231026107,32863.257727,0.0,32863.263098,27.799999237060547
package-0,2.002402648,39.026083999997354,19.492000151930664,20.32953845225567,88088.758012,18.676038999998127,88127.784096,27.799999237060547
dram,2.002622639,0.9534280000079889,0.4761999364581886,0.4742526180882601,237382.8193,0.4786969999840949,237383.772728,27.799999237060547
core,2.002833926,36.152189999993425,18.05660268072364,18.893551941900746,210186.183845,17.23957999999402,210222.336035,27.799999237060547
uncore,2.002972494,0.005371000006562099,0.002682604099963889,0.0,32863.257727,0.005371000006562099,32863.263098,27.799999237060547
package-0,2.031748139,39.59419799999159,19.489870676948044,19.344693790143296,88088.758012,39.026083999997354,88128.35221,27.799999237060547
dram,2.031922416,0.9692970000032801,0.4771273098553896,0.5403509606660061,237382.8193,0.9534280000079889,237383.788597,27.799999237060547
core,2.032089656,36.6617720000213,18.04641162496388,17.35163673419072,210186.183845,36.152189999993425,210222.845617,27.799999237060547
uncore,2.032255328,0.005371000006562099,0.002643824116195121,0.0,32863.257727,0.005371000006562099,32863.263098,27.799999237060547
