zone,time_elapsed,power_j,watts,watts_since_last,start_power,prev_power,prev_power_reading,temp
package-0,0.000583754,0.0,0.0,0.0,83448.330561,0.0,83448.330561,27.799999237060547
dram,0.000779453,0.0,0.0,0.0,237268.288465,0.0,237268.288465,27.799999237060547
core,0.000899982,0.011536000005435199,26.960641122538636,0.0,205891.23079,0.0,205891.242326,27.799999237060547
uncore,0.001009906,0.0,0.0,0.0,32862.602455,0.0,32862.602455,27.799999237060547
package-0,1.001266513,18.423598000008496,18.40279621527859,18.410664931339525,83448.330561,0.0,83466.754159,27.799999237060547
dram,1.001377283,0.4793690000078641,0.47882775226980834,0.47903249070089404,237268.288465,0.0,237268.767834,27.799999237060547
core,1.001465781,16.979936999996426,16.960765229411706,16.956489456147306,205891.23079,0.011536000005435199,205908.210727,27.799999237060547
uncore,1.001549558,0.004394999996293336,0.004390037673308934,0.00439191477717641,32862.602455,0.0,32862.60685,27.799999237060547
package-0,2.001806049,38.63570400000026,19.30175100046282,20.20123801675608,83448.330561,18.423598000008496,83486.966265,27.799999237060547
dram,2.001907104,0.954037999996217,0.4766214152822582,0.47441377202079843,237268.288465,0.4793690000078641,237269.242503,27.799999237060547
core,2.001991855,35.76571700000204,17.86795353559637,18.775678947591317,205891.23079,16.979936999996426,205926.996507,27.799999237060547
uncore,2.002075926,0.004394999996293336,0.0021956684308247214,0.0,32862.602455,0.004394999996293336,32862.60685,27.799999237060547
package-0,2.047013159,39.53737400000682,19.31605774957536,19.949666403499336,83448.330561,38.63570400000026,83487.867935,27.799999237060547
dram,2.04721938,0.9781470000161789,0.47787553973319385,0.5334174450926616,237268.288465,0.954037999996217,237269.266612,27.799999237060547
core,2.047417503,36.58669799999916,17.874499490890194,18.16440280084135,205891.23079,35.76571700000204,205927.817488,27.799999237060547
uncore,2.047613404,0.004394999996293336,0.0021471854387135306,0.0,32862.602455,0.004394999996293336,32862.60685,27.799999237060547
