zone,time_elapsed,power_j,watts,watts_since_last,start_power,prev_power,prev_power_reading,temp
package-0,0.000579613,0.0,0.0,0.0,74346.484904,0.0,74346.484904,27.799999237060547
dram,0.000770179,0.000914999982342124,2.1680511762972148,0.0,237043.16099,0.0,237043.161905,27.799999237060547
core,0.000936919,0.011107999976957217,26.319904788093055,0.0,197468.485141,0.0,197468.496249,27.799999237060547
uncore,0.001065604,0.0,0.0,0.0,32861.293072,0.0,32861.293072,27.799999237060547
package-0,1.001416073,18.343886000002385,18.322353185769053,18.330080095285975,74346.484904,0.0,74364.82879,27.799999237060547
dram,1.001637707,0.480039999994915,0.47947650913237594,0.4787644028033762,237043.16099,0.000914999982342124,237043.64103,27.799999237060547
core,1.002525267,16.91896299997461,16.899102819460023,16.895129875392715,197468.485141,0.011107999976957217,197485.404104,27.799999237060547
uncore,1.002724853,0.005858999997144565,0.005852122459935077,0.005854590419168883,32861.293072,0.0,32861.298931,27.799999237060547
package-0,2.003076226,38.55001099999936,19.247701240331928,20.172599672458922,74346.484904,18.343886000002385,74385.034915,27.799999237060547
dram,2.003278213,0.9558079999987967,0.4772270188741665,0.4749786216331028,237043.16099,0.480039999994915,237044.116798,27.799999237060547
core,2.003486092,35.66805999999633,17.808766972911485,18.717989124663703,197468.485141,16.91896299997461,197504.153201,27.799999237060547
uncore,2.003645154,0.005858999997144565,0.002925350177257954,0.0,32861.293072,0.005858999997144565,32861.298931,27.799999237060547
package-0,2.052009898,39.501852000001236,19.25221502408293,19.43682162562789,74346.484904,38.55001099999936,74385.986756,27.799999237060547
dram,2.052132582,0.9818699999887031,0.47853888889761986,0.5321922936813248,237043.16099,0.9558079999987967,237044.14286,27.799999237060547
core,2.052285428,36.54256999999052,17.809934966401006,17.857704048975997,197468.485141,35.66805999999633,197505.027711,27.799999237060547
uncore,2.052451611,0.005858999997144565,0.002855530109604099,0.0,32861.293072,0.005858999997144565,32861.298931,27.799999237060547
