zone,time_elapsed,power_j,watts,watts_since_last,start_power,prev_power,prev_power_reading,temp
package-0,0.000446307,0.0,0.0,0.0,77425.088107,0.0,77425.088107,27.799999237060547
dram,0.000595937,0.0,0.0,0.0,237119.455289,0.0,237119.455289,27.799999237060547
core,0.000712013,0.00909400000819005,28.91491184096497,0.0,200317.001652,0.0,200317.010746,27.799999237060547
uncore,0.000827282,0.0,0.0,0.0,32861.732829,0.0,32861.732829,27.799999237060547
package-0,1.001081891,18.451673999996274,18.43449680960707,18.440291048056093,77425.088107,0.0,77443.539781,27.799999237060547
dram,1.001182177,0.4804069999954663,0.4799597753965909,0.48011063394257175,237119.455289,0.0,237119.935696,27.799999237060547
core,1.00126779,17.0061819999828,16.990350459386146,16.986602391144388,200317.001652,0.00909400000819005,200334.007834,27.799999237060547
uncore,1.001351755,0.00567600000067614,0.0056707160501434815,0.005672498441130909,32861.732829,0.0,32861.738505,27.799999237060547
package-0,2.001634098,38.66561100000399,19.31874266276492,20.203348849146206,77425.088107,18.451673999996274,77463.753718,27.799999237060547
dram,2.001734408,0.9544039999891538,0.4768548794457704,0.4737487182391814,237119.455289,0.4804069999954663,237120.409693,27.799999237060547
core,2.001819741,35.79525699999067,17.884609621978637,18.779233198252562,200317.001652,17.0061819999828,200352.796909,27.799999237060547
uncore,2.001903259,0.00567600000067614,0.0028359356164552665,0.0,32861.732829,0.00567600000067614,32861.738505,27.799999237060547
package-0,2.050883028,39.593282000001636,19.30777483141341,18.861453181991138,77425.088107,38.66561100000399,77464.681389,27.799999237060547
dram,2.051092871,0.9799169999896549,0.4778592688848985,0.518731592388694,237119.455289,0.9544039999891538,237120.435206,27.799999237060547
core,2.051288358,36.65536299999803,17.875090404671557,17.48771822200946,200317.001652,35.79525699999067,200353.657015,27.799999237060547
uncore,2.051476851,0.00567600000067614,0.0027679172935487577,0.0,32861.732829,0.00567600000067614,32861.738505,27.799999237060547
