zone,time_elapsed,power_j,watts,watts_since_last,start_power,prev_power,prev_power_reading,temp
package-0,0.000483235,0.0,0.0,0.0,81822.77979,0.0,81822.77979,27.799999237060547
dram,0.000608569,0.0,0.0,0.0,237228.129754,0.0,237228.129754,27.799999237060547
core,0.000773349,0.009338000003481284,28.546273832321315,0.0,204386.843223,0.0,204386.852561,27.799999237060547
uncore,0.000897777,0.0,0.0,0.0,32862.367837,0.0,32862.367837,27.799999237060547
package-0,1.001155182,18.79194500000449,18.772850251689533,18.77898695441532,81822.77979,0.0,81841.571735,27.799999237060547
dram,1.001288499,0.478759000019636,0.4782725265540691,0.4784288702247437,237228.129754,0.0,237228.608513,27.799999237060547
core,1.002148375,17.364578999986406,17.34693461748104,17.343273638217617,204386.843223,0.009338000003481284,204404.207802,27.799999237060547
uncore,1.00223726,0.005310000000463333,0.005304604437973062,0.005306338473033124,32862.367837,0.0,32862.373147,27.799999237060547
package-0,2.002485779,39.13826700000209,19.546205673695464,20.31932034604663,81822.77979,18.79194500000449,81861.918057,27.799999237060547
dram,2.002588348,0.9531840000126977,0.4760336094882007,0.47379538940911914,237228.129754,0.478759000019636,237229.082938,27.799999237060547
core,2.002674681,36.26486100000329,18.111185961146514,18.87519938930522,204386.843223,17.364578999986406,204423.108084,27.799999237060547
uncore,2.002757995,0.005310000000463333,0.0026518893168257494,0.0,32862.367837,0.005310000000463333,32862.373147,27.799999237060547
package-0,2.036551426,39.786215000000084,19.537561941602323,19.029259540811665,81822.77979,39.13826700000209,81862.566005,27.799999237060547
dram,2.036762761,0.9704570000176318,0.4765561074232874,0.5072820660660264,237228.129754,0.9531840000126977,237229.100211,27.799999237060547
core,2.036962026,36.862759999989066,18.101959606818728,17.559395584145978,204386.843223,36.26486100000329,204423.705983,27.799999237060547
uncore,2.037161405,0.005310000000463333,0.00260754771266783,0.0,32862.367837,0.005310000000463333,32862.373147,27.799999237060547
