zone,time_elapsed,power_j,watts,watts_since_last,start_power,prev_power,prev_power_reading,temp
package-0,0.000274425,0.0,0.0,0.0,76477.877641,0.0,76477.877641,27.799999237060547
dram,0.00038919,0.0,0.0,0.0,237095.951565,0.0,237095.951565,27.799999237060547
core,0.000473615,0.006469999992987141,34.46677707925836,0.0,199440.680104,0.0,199440.686574,27.799999237060547
uncore,0.000554932,0.0,0.0,0.0,32861.601787,0.0,32861.601787,27.799999237060547
package-0,1.000813677,18.770764999993844,18.758374568356956,18.76189417004941,76477.877641,0.0,76496.648406,27.799999237060547
dram,1.000918442,0.47839199998998083,0.47807621726234495,0.47816591788418006,237095.951565,0.0,237096.429957,27.799999237060547
core,1.001006139,17.329606000013882,17.318166865890287,17.31494930152669,199440.680104,0.006469999992987141,199458.00971,27.799999237060547
uncore,1.001099881,0.004455000002053566,0.0044520592922333855,0.004452894624493265,32861.601787,0.0,32861.606242,27.799999237060547
package-0,2.001428953,38.9655369999964,19.47122851620035,20.18417916112119,76477.877641,18.770764999993844,76516.843178,27.799999237060547
dram,2.001649192,0.9525730000168551,0.47600438720227095,0.4739322761029849,237095.951565,0.47839199998998083,237096.904138,27.799999237060547
core,2.001849359,36.10024900001008,18.039433096251035,18.760797164796937,199440.680104,17.329606000013882,199476.780353,27.799999237060547
uncore,2.002060372,0.004455000002053566,0.002226180613901613,0.0,32861.601787,0.004455000002053566,32861.606242,27.799999237060547
package-0,2.028211895,39.47200599999633,19.462936118352868,18.845458414901504,76477.877641,38.9655369999964,76517.349647,27.799999237060547
dram,2.028305102,0.9661229999910574,0.4763778722393569,0.5041887283047632,237095.951565,0.9525730000168551,237096.917688,27.799999237060547
core,2.028386266,36.55581499999971,18.025014794013412,16.95138321999744,199440.680104,36.10024900001008,199477.235919,27.799999237060547
uncore,2.028465685,0.004455000002053566,0.002196680362463426,0.0,32861.601787,0.004455000002053566,32861.606242,27.799999237060547
