zone,time_elapsed,power_j,watts,watts_since_last,start_power,prev_power,prev_power_reading,temp
package-0,0.000660299,0.018798000004608184,35.71937546123405,0.0,179909.917176,0.0,179909.935974,27.799999237060547
dram,0.000828153,0.0007330000007641502,1.3928238234897936,0.0,11956.735503,0.0,11956.736236,27.799999237060547
core,0.000945275,0.009277999983169138,17.62976725433027,0.0,140945.465655,0.0,140945.474933,27.799999237060547
uncore,0.00104334,0.0,0.0,0.0,23.572327,0.0,23.572327,27.799999237060547
package-0,1.001292406,17.125261000008322,17.105375897894763,17.095586155554862,179909.917176,0.018798000004608184,179927.042437,27.799999237060547
dram,1.001392628,0.4559929999995802,0.4554635209237253,0.4549705309131395,11956.735503,0.0007330000007641502,11957.191496,27.799999237060547
core,1.001479383,15.680502000002889,15.662294488686024,15.66125972711472,140945.465655,0.009277999983169138,140961.146157,27.799999237060547
uncore,1.001564304,0.008606000000000336,0.008596007090181957,0.008600528025850753,23.572327,0.0,23.580933,27.799999237060547
package-0,2.001773435,35.09671100002015,17.533751033859563,17.9624083882383,179909.917176,17.125261000008322,179945.013887,27.799999237060547
dram,2.001865911,0.9016090000004624,0.4504293218782272,0.44539180624511526,11956.735503,0.4559929999995802,11957.637112,27.799999237060547
core,2.00195099,32.21189299999969,16.092542466187044,16.523073895951313,140945.465655,15.680502000002889,140977.677548,27.799999237060547
uncore,2.00203457,0.008606000000000336,0.004299418865696978,0.0,23.572327,0.008606000000000336,23.580933,27.799999237060547
package-0,2.425348929,42.68873300001724,17.602636924746268,17.928250358159183,179909.917176,35.09671100002015,179952.605909,27.799999237060547
dram,2.425540602,1.0904520000003686,0.44964629519133664,0.4459450436768323,11956.735503,0.9016090000004624,11957.825955,27.799999237060547
core,2.425731697,39.20778599998448,16.167273495341213,16.52051603415648,140945.465655,32.21189299999969,140984.673441,27.799999237060547
uncore,2.425924236,0.008606000000000336,0.003548671575104164,0.0,23.572327,0.008606000000000336,23.580933,27.799999237060547
