zone,time_elapsed,power_j,watts,watts_since_last,start_power,prev_power,prev_power_reading,temp
package-0,0.000385307,0.0,0.0,0.0,178108.014196,0.0,178108.014196,27.799999237060547
dram,0.000495688,0.0,0.0,0.0,11910.382412,0.0,11910.382412,27.799999237060547
core,0.000582005,0.005858999997144565,24.13335748650841,0.0,139291.461589,0.0,139291.467448,27.799999237060547
uncore,0.000666379,0.0,0.0,0.0,23.26703,0.0,23.26703,27.799999237060547
package-0,1.001008586,17.151871999987634,17.138680717351782,17.14283938648638,178108.014196,0.0,178125.166068,27.799999237060547
dram,1.001228588,0.45586999999977706,0.4555193962863628,0.4556299272242329,11910.382412,0.0,11910.838282,27.799999237060547
core,1.001438187,15.709126999980072,15.69704531383996,15.694998258315627,139291.461589,0.005858999997144565,139307.170716,27.799999237060547
uncore,1.001653456,0.007934000000002328,0.007927898063348827,0.00792982175313114,23.26703,0.0,23.274964,27.799999237060547
package-0,2.001971991,34.91049400001066,17.43990056766191,17.741054045441906,178108.014196,17.151871999987634,178142.92469,27.799999237060547
dram,2.002174923,0.9016699999992852,0.45043863157096675,0.44535898638075755,11910.382412,0.45586999999977706,11911.284082,27.799999237060547
core,2.002382808,32.0327549999929,16.002296103514905,16.30747963245915,139291.461589,15.709126999980072,139323.494344,27.799999237060547
uncore,2.002578412,0.007934000000002328,0.00396351226378601,0.0,23.26703,0.007934000000002328,23.274964,27.799999237060547
package-0,2.415412719,42.279676999984076,17.505413118353765,17.822579923829355,178108.014196,34.91049400001066,178150.293873,27.799999237060547
dram,2.4155357889999998,1.0858729999999923,0.44959320429702393,0.44550022570121867,11910.382412,0.9016699999992852,11911.468285,27.799999237060547
core,2.41575729,38.813498999981675,16.070282054513942,16.39942336664216,139291.461589,32.0327549999929,139330.275088,27.799999237060547
uncore,2.415947345,0.007934000000002328,0.0032849812850063126,0.0,23.26703,0.007934000000002328,23.274964,27.799999237060547
