zone,time_elapsed,power_j,watts,watts_since_last,start_power,prev_power,prev_power_reading,temp
package-0,0.000355793,0.020508000015979633,92.54220316136058,0.0,181478.532178,0.0,181478.552686,27.799999237060547
dram,0.000471326,0.0007320000004256144,3.3031447581782816,0.0,11997.251086,0.0,11997.251818,27.799999237060547
core,0.000558539,0.006836000015027821,30.8474010975638,0.0,142384.871272,0.0,142384.878108,27.799999237060547
uncore,0.000643127,0.0,0.0,0.0,23.837707,0.0,23.837707,27.799999237060547
package-0,1.000985171,17.391373999998905,17.378122590667353,17.36147470955271,181478.532178,0.020508000015979633,181495.923552,27.799999237060547
dram,1.001198202,0.45605299999988347,0.4557055090552416,0.45507483773270757,11997.251086,0.0007320000004256144,11997.707139,27.799999237060547
core,1.001395507,15.946003999997629,15.933853894651925,15.930550734965188,142384.871272,0.006836000015027821,142400.817276,27.799999237060547
uncore,1.001603829,0.006103999999997001,0.006099349038976914,0.006100699966666131,23.837707,0.0,23.843811,27.799999237060547
package-0,2.001936289,35.05197400000179,17.510922615938245,17.64369670338796,181478.532178,17.391373999998905,181513.584152,27.799999237060547
dram,2.002137417,0.901730999999927,0.4504779605676566,0.44525143309808396,11997.251086,0.45605299999988347,11998.152817,27.799999237060547
core,2.002339168,32.17582100001164,16.074082208193346,16.214283133058345,142384.871272,15.946003999997629,142417.047093,27.799999237060547
uncore,2.00254183,0.006103999999997001,0.003049376666992537,0.0,23.837707,0.006103999999997001,23.843811,27.799999237060547
package-0,2.402804113,42.17079100001138,17.55224001492029,17.758557619033,181478.532178,35.05197400000179,181520.702969,27.799999237060547
dram,2.4029778569999998,1.081051999999545,0.4499532430538593,0.44733307666028543,11997.251086,0.901730999999927,11998.332138,27.799999237060547
core,2.403093104,38.71755200001644,16.1149399709923,16.318962391032557,142384.871272,32.17582100001164,142423.588824,27.799999237060547
uncore,2.403177782,0.006103999999997001,0.002540594342918346,0.0,23.837707,0.006103999999997001,23.843811,27.799999237060547
