zone,time_elapsed,power_j,watts,watts_since_last,start_power,prev_power,prev_power_reading,temp
package-0,0.000350887,0.0,0.0,0.0,180502.469125,0.0,180502.469125,27.799999237060547
dram,0.00048187,0.0,0.0,0.0,11971.974112,0.0,11971.974112,27.799999237060547
core,0.000570027,0.0066519999818410724,30.72744397664988,0.0,141489.417083,0.0,141489.423735,27.799999237060547
uncore,0.000656134,0.0,0.0,0.0,23.676636,0.0,23.676636,27.799999237060547
package-0,1.001002788,17.356889999995474,17.34370229970304,17.347454892753852,180502.469125,0.0,180519.826015,27.799999237060547
dram,1.001217886,0.45580900000095426,0.45546267802261553,0.45556122480639427,11971.974112,0.0,11972.429921,27.799999237060547
core,1.001414817,15.914814999996452,15.902722982911044,15.899515412576863,141489.417083,0.0066519999818410724,141505.331898,27.799999237060547
uncore,1.001612125,0.006408000000000413,0.0064031312254979565,0.006404516647441036,23.676636,0.0,23.683044,27.799999237060547
package-0,2.00191785,35.10727099998621,17.538569815905536,17.733398929706887,180502.469125,17.356889999995474,180537.576396,27.799999237060547
dram,2.00212711,0.9016090000004624,0.45041758993922065,0.4453734960877027,11971.974112,0.45580900000095426,11972.875721,27.799999237060547
core,2.002336339,32.24979499998153,16.111058052790245,16.319352066227196,141489.417083,15.914814999996452,141521.666878,27.799999237060547
uncore,2.002519246,0.006408000000000413,0.003201250116546343,0.0,23.676636,0.006408000000000413,23.683044,27.799999237060547
package-0,2.409894833,42.36115899999277,17.579317225962185,17.779232077489105,180502.469125,35.10727099998621,180544.830284,27.799999237060547
dram,2.410068948,1.0841650000002119,0.44991404650406924,0.4474435628356426,11971.974112,0.9016090000004624,11973.058277,27.799999237060547
core,2.410242722,38.918112999992445,16.150498957378076,16.344003834713867,141489.417083,32.24979499998153,141528.335196,27.799999237060547
uncore,2.41040205,0.006408000000000413,0.0026592347198052865,0.0,23.676636,0.006408000000000413,23.683044,27.799999237060547
