zone,time_elapsed,power_j,watts,watts_since_last,start_power,prev_power,prev_power_reading,temp
package-0,0.000705984,0.0,0.0,0.0,180375.6882,0.0,180375.6882,27.799999237060547
dram,0.000835704,0.0,0.0,0.0,11968.710693,0.0,11968.710693,27.799999237060547
core,0.000973242,0.010009999998146668,16.6936834139611,0.0,141373.052451,0.0,141373.062461,27.799999237060547
uncore,0.001059728,0.0,0.0,0.0,23.653503,0.0,23.653503,27.799999237060547
package-0,1.001411854,16.796953999990365,16.77743045649418,16.78748500228734,180375.6882,0.0,180392.485154,27.799999237060547
dram,1.001610847,0.45599199999924167,0.45546198844798647,0.455734942249331,11968.710693,0.0,11969.166685,27.799999237060547
core,1.001739732,15.355918000015663,15.33806941074184,15.337257004866665,141373.052451,0.010009999998146668,141388.408369,27.799999237060547
uncore,1.001906905,0.007934999999999803,0.007925776939816255,0.007930526778439898,23.653503,0.0,23.661438,27.799999237060547
package-0,2.002185594,34.54007299998193,17.252704674412914,17.728129990181777,180375.6882,16.796953999990365,180410.228273,27.799999237060547
dram,2.002393957,0.901730999999927,0.45041302138446293,0.44536244916745144,11968.710693,0.45599199999924167,11969.612424,27.799999237060547
core,2.002588993,31.66331000000355,15.815766702193484,16.29361586183202,141373.052451,15.355918000015663,141404.715761,27.799999237060547
uncore,2.002795613,0.007934999999999803,0.003963518304999955,0.0,23.653503,0.007934999999999803,23.661438,27.799999237060547
package-0,2.431316266,42.13209400000051,17.330409903344023,17.692952650821997,180375.6882,34.54007299998193,180417.820294,27.799999237060547
dram,2.431509417,1.0933809999987716,0.44974600385413255,0.4466339562945487,11968.710693,0.901730999999927,11969.804074,27.799999237060547
core,2.431703031,38.64070899999933,15.894280638551098,16.260596504213584,141373.052451,31.66331000000355,141411.69316,27.799999237060547
uncore,2.431895263,0.007934999999999803,0.0032639441700436193,0.0,23.653503,0.007934999999999803,23.661438,27.799999237060547
