zone,time_elapsed,power_j,watts,watts_since_last,start_power,prev_power,prev_power_reading,temp
package-0,0.000369075,0.0,0.0,0.0,180164.348714,0.0,180164.348714,27.799999237060547
dram,0.000541542,0.0006709999997838167,2.945346483290609,0.0,11963.28108,0.0,11963.281751,27.799999237060547
core,0.0006596,0.008972999989055097,39.38687626057361,0.0,141179.022552,0.0,141179.031525,27.799999237060547
uncore,0.000746535,0.0,0.0,0.0,23.617004,0.0,23.617004,27.799999237060547
package-0,1.001085644,17.6385050000099,17.623599453053295,17.627611929080263,180164.348714,0.0,180181.987219,27.799999237060547
dram,1.001233059,0.4564199999986158,0.45603429895751796,0.45546754155419084,11963.28108,0.0006709999997838167,11963.7375,27.799999237060547
core,1.001362712,16.198872999986634,16.185184024523846,16.179901548935906,141179.022552,0.008972999989055097,141195.221425,27.799999237060547
uncore,1.001489226,0.007446999999999093,0.007440706858477985,0.007442400931131695,23.617004,0.0,23.624451,27.799999237060547
package-0,2.001784151,35.40408400000888,17.68806019865548,17.752528069216144,180164.348714,17.6385050000099,180199.752798,27.799999237060547
dram,2.001996945,0.9022189999996044,0.4507531951500214,0.4454715076129234,11963.28108,0.4564199999986158,11964.183299,27.799999237060547
core,2.002198449,32.531778000004124,16.253041531401422,16.320906538687417,141179.022552,16.198872999986634,141211.55433,27.799999237060547
uncore,2.002399767,0.007446999999999093,0.003720559026448426,0.0,23.617004,0.007446999999999093,23.624451,27.799999237060547
package-0,2.398419936,42.38923500000965,17.67514149595343,17.60995247720053,180164.348714,35.40408400000888,180206.737949,27.799999237060547
dram,2.398594761,1.0798309999991034,0.45025973497036914,0.44776968735126454,11963.28108,0.9022189999996044,11964.360911,27.799999237060547
core,2.398768516,38.958457999979146,16.24460214046405,16.202016160527208,141179.022552,32.531778000004124,141217.98101,27.799999237060547
uncore,2.398942408,0.007446999999999093,0.003105193540773246,0.0,23.617004,0.007446999999999093,23.624451,27.799999237060547
