zone,time_elapsed,power_j,watts,watts_since_last,start_power,prev_power,prev_power_reading,temp
package-0,0.000348364,0.0,0.0,0.0,177207.563193,0.0,177207.563193,27.799999237060547
dram,0.000459803,0.0,0.0,0.0,11057.998119,0.0,11057.998119,27.799999237060547
core,0.000540667,0.006469999992987141,28.24057298676639,0.0,141781.501784,0.0,141781.508254,27.799999237060547
uncore,0.000619565,0.0,0.0,0.0,39.80135,0.0,39.80135,27.799999237060547
package-0,1.000862281,16.429095999978017,16.41722532819776,16.420984706793234,177207.563193,0.0,177223.992289,27.799999237060547
dram,1.000955795,0.455749000000651,0.4554197033191296,0.4555239898261605,11057.998119,0.0,11058.453868,27.799999237060547
core,1.001036727,14.986839000019245,14.976010415975848,14.972972965273305,141781.501784,0.006469999992987141,141796.488623,27.799999237060547
uncore,1.001115907,0.009216999999999587,0.00921034035288335,0.009212449427692733,39.80135,0.0,39.810567,27.799999237060547
package-0,1.909608293,31.85788899997715,16.684025635871958,16.977824644297872,177207.563193,16.429095999978017,177239.421082,27.799999237060547
dram,1.909693403,0.8605939999997645,0.4506944059628044,0.44549093491021025,11057.998119,0.455749000000651,11058.858713,27.799999237060547
core,1.909772361,29.131090000009863,15.255996791294187,15.564316223750556,141781.501784,14.986839000019245,141810.632874,27.799999237060547
uncore,1.909922242,0.009216999999999587,0.0048269571246837865,0.0,39.80135,0.009216999999999587,39.810567,27.799999237060547
