zone,time_elapsed,power_j,watts,watts_since_last,start_power,prev_power,prev_power_reading,temp
package-0,0.000388792,0.0,0.0,0.0,184473.321204,0.0,184473.321204,27.799999237060547
dram,0.000533596,0.0,0.0,0.0,11253.913694,0.0,11253.913694,27.799999237060547
core,0.000619491,0.0076289999997243285,28.570465575095607,0.0,148425.70914,0.0,148425.716769,27.799999237060547
uncore,0.000706938,0.0,0.0,0.0,41.629104,0.0,41.629104,27.799999237060547
package-0,1.001031942,16.539812999981223,16.526374611518616,16.53078514147662,184473.321204,0.0,184489.861017,27.799999237060547
dram,1.001247493,0.4562369999985094,0.45586631321764914,0.45598797402218455,11253.913694,0.0,11254.369931,27.799999237060547
core,1.001454634,15.09987600002205,15.087607542124386,15.084009260548918,148425.70914,0.0076289999997243285,148440.809016,27.799999237060547
uncore,1.001666666,0.007935000000003356,0.007928552913059208,0.007930668871396634,41.629104,0.0,41.637039,27.799999237060547
package-0,1.917017753,32.268167000001995,16.834038265907083,17.170178683936967,184473.321204,16.539812999981223,184505.589371,27.799999237060547
dram,1.9171907639999999,0.8648659999998927,0.4511935040772315,0.4460881885957655,11253.913694,0.4562369999985094,11254.77856,27.799999237060547
core,1.917362354,29.51957800000673,15.400121911031125,15.741562016504284,148425.70914,15.09987600002205,148455.228718,27.799999237060547
uncore,1.917533965,0.007935000000003356,0.004139624467668738,0.0,41.629104,0.007935000000003356,41.637039,27.799999237060547
