zone,time_elapsed,power_j,watts,watts_since_last,start_power,prev_power,prev_power_reading,temp
package-0,0.000355408,0.0,0.0,0.0,185790.778829,0.0,185790.778829,27.799999237060547
dram,0.00050976,0.0,0.0,0.0,11289.424529,0.0,11289.424529,27.799999237060547
core,0.000649526,0.00909399997908622,44.52997218265525,0.0,149630.495912,0.0,149630.505006,27.799999237060547
uncore,0.00077494,0.0,0.0,0.0,41.966872,0.0,41.966872,27.799999237060547
package-0,1.001030173,16.14912899999763,16.134864682447546,16.13815753814795,185790.778829,0.0,185806.927958,27.799999237060547
dram,1.001131192,0.45586999999977706,0.45546733590305993,0.4555602891594332,11289.424529,0.0,11289.880399,27.799999237060547
core,1.001216429,14.71700299999793,14.704003660889455,14.697916680155508,149630.495912,0.00909399997908622,149645.212915,27.799999237060547
uncore,1.00129968,0.009093999999997493,0.009085967386981619,0.009087821680779103,41.966872,0.0,41.975966,27.799999237060547
package-0,2.001507254,32.98319200001424,16.480055503299795,16.82537314907019,185790.778829,16.14912899999763,185823.762021,27.799999237060547
dram,2.001598086,0.9010589999998047,0.4502142282571735,0.44495919059198497,11289.424529,0.45586999999977706,11290.325588,27.799999237060547
core,2.001682061,30.1057579999906,15.042345289338362,15.380811226276201,149630.495912,14.71700299999793,149660.60167,27.799999237060547
uncore,2.001764336,0.009093999999997493,0.004543818098227192,0.0,41.966872,0.009093999999997493,41.975966,27.799999237060547
package-0,2.137504389,35.26986900001066,16.50133669464923,16.814528080720198,185790.778829,32.98319200001424,185826.048698,27.799999237060547
dram,2.137595519,0.9622159999998985,0.45018171711871485,0.4497032566627444,11289.424529,0.9010589999998047,11290.386745,27.799999237060547
core,2.137691448,32.197426999977324,15.063866090000365,15.380583762334517,149630.495912,30.1057579999906,149662.693339,27.799999237060547
uncore,2.13787187,0.009093999999997493,0.004254712596212177,0.0,41.966872,0.009093999999997493,41.975966,27.799999237060547
