zone,time_elapsed,power_j,watts,watts_since_last,start_power,prev_power,prev_power_reading,temp
package-0,0.000374698,0.0,0.0,0.0,181066.967436,0.0,181066.967436,27.799999237060547
dram,0.000489265,0.0,0.0,0.0,11162.00713,0.0,11162.00713,27.799999237060547
core,0.000576377,0.005858999997144565,23.906869694072718,0.0,145310.912915,0.0,145310.918774,27.799999237060547
uncore,0.000662294,0.0,0.0,0.0,40.774004,0.0,40.774004,27.799999237060547
package-0,1.000913011,16.490374999993946,16.477748908415126,16.481785105641514,181066.967436,0.0,181083.457811,27.799999237060547
dram,1.001018124,0.4559929999995802,0.45564386243434607,0.45575547164164737,11162.00713,0.0,11162.463123,27.799999237060547
core,1.001110128,15.049339000019245,15.037816258273528,15.035643798365486,145310.912915,0.005858999997144565,145325.962254,27.799999237060547
uncore,1.001200398,0.007874000000001047,0.007867971159232314,0.007869898405699457,40.774004,0.0,40.781878,27.799999237060547
package-0,1.903233381,31.712381999997888,16.664093700005488,16.87078070525224,181066.967436,16.490374999993946,181098.679818,27.799999237060547
dram,1.9034274610000002,0.858274000000165,0.45100233581577726,0.44585411982123546,11162.00713,0.4559929999995802,11162.865404,27.799999237060547
core,1.9036175960000001,28.99199100001715,15.234593685647258,15.452852198895346,145310.912915,15.049339000019245,145339.904906,27.799999237060547
uncore,1.903810083,0.007874000000001047,0.004137597541360009,0.0,40.774004,0.007874000000001047,40.781878,27.799999237060547
