zone,time_elapsed,power_j,watts,watts_since_last,start_power,prev_power,prev_power_reading,temp
package-0,0.000677723,0.018127000017557293,34.5070463086908,0.0,177916.705115,0.0,177916.723242,27.799999237060547
dram,0.000858587,0.0006709999997838167,1.2773337034945198,0.0,11077.206566,0.0,11077.207237,27.799999237060547
core,0.000987565,0.009520999999949709,18.124432481110706,0.0,142429.703494,0.0,142429.713015,27.799999237060547
uncore,0.001124729,0.0,0.0,0.0,39.981098,0.0,39.981098,27.799999237060547
package-0,1.001474213,16.33333200000925,16.313277011902237,16.30372631257015,177916.705115,0.018127000017557293,177933.038447,27.799999237060547
dram,1.001615743,0.4561149999990448,0.45555495622473063,0.45512356888521666,11077.206566,0.0006709999997838167,11077.662681,27.799999237060547
core,1.00175558,14.9005350000225,14.882239281046518,14.88053731308566,142429.703494,0.009520999999949709,142444.604029,27.799999237060547
uncore,1.001880469,0.006287000000000376,0.006279280466090899,0.006282576733003775,39.981098,0.0,39.987385,27.799999237060547
package-0,1.9131698959999999,31.751384000002872,16.59776124591109,16.91016051266286,177916.705115,16.33333200000925,177948.456499,27.799999237060547
dram,1.913344892,0.8623029999998835,0.4507614318679665,0.4454975426425157,11077.206566,0.4561149999990448,11078.068869,27.799999237060547
core,1.913518951,29.01274299999932,15.166160360219996,15.477941212533956,142429.703494,14.9005350000225,142458.716237,27.799999237060547
uncore,1.9136921789999999,0.006287000000000376,0.003286474849507027,0.0,39.981098,0.006287000000000376,39.987385,27.799999237060547
