zone,time_elapsed,power_j,watts,watts_since_last,start_power,prev_power,prev_power_reading,temp
package-0,0.000383447,0.014221000019460917,55.75091841203742,0.0,182321.792532,0.0,182321.806753,27.799999237060547
dram,0.000496694,0.0,0.0,0.0,11195.863794,0.0,11195.863794,27.799999237060547
core,0.000581419,0.006530999991809949,25.60363175544219,0.0,146458.351994,0.0,146458.358525,27.799999237060547
uncore,0.000663873,0.0,0.0,0.0,41.088273,0.0,41.088273,27.799999237060547
package-0,1.001006907,16.483783000003314,16.47091414301606,16.460899830048987,182321.792532,0.014221000019460917,182338.276315,27.799999237060547
dram,1.001207388,0.45532099999945785,0.45496553178974625,0.45508152381442557,11195.863794,0.0,11196.319115,27.799999237060547
core,1.001414505,15.047752000013134,15.036004249604883,15.033310066365031,146458.351994,0.006530999991809949,146473.399746,27.799999237060547
uncore,1.001620563,0.009278000000001896,0.009270756683638914,0.009273120233760646,41.088273,0.0,41.097551,27.799999237060547
package-0,1.918311012,32.199136000010185,16.787004548730987,17.131854959380156,182321.792532,16.483783000003314,182353.991668,27.799999237060547
dram,1.91844992,0.8662089999997988,0.4515976584944311,0.44792335371356645,11195.863794,0.45532099999945785,11196.730003,27.799999237060547
core,1.918578236,29.45573499999591,15.356733715804967,15.70664527948001,146458.351994,15.047752000013134,146487.807729,27.799999237060547
uncore,1.918705251,0.009278000000001896,0.004837080976430817,0.0,41.088273,0.009278000000001896,41.097551,27.799999237060547
