zone,time_elapsed,power_j,watts,watts_since_last,start_power,prev_power,prev_power_reading,temp
package-0,0.000391392,0.0,0.0,0.0,185147.745136,0.0,185147.745136,27.799999237060547
dram,0.000546284,0.0,0.0,0.0,11272.145337,0.0,11272.145337,27.799999237060547
core,0.000673414,0.009095000015804544,31.037777755876682,0.0,149042.285503,0.0,149042.294598,27.799999237060547
uncore,0.000792846,0.0,0.0,0.0,41.80574,0.0,41.80574,27.799999237060547
package-0,1.001039424,16.157612999988487,16.14313302938259,16.147860596468412,185147.745136,0.0,185163.902749,27.799999237060547
dram,1.001139222,0.456054000000222,0.45564529801468057,0.4557787351677898,11272.145337,0.0,11272.601391,27.799999237060547
core,1.001224165,14.717797000019345,14.704607349546594,14.699824129419522,149042.285503,0.009095000015804544,149057.0033,27.799999237060547
uncore,1.001307181,0.008239000000003216,0.008231616454065947,0.008234027108735057,41.80574,0.0,41.813979,27.799999237060547
package-0,1.9371967300000001,32.19645099999616,16.621847299301308,17.133698795121298,185147.745136,16.157612999988487,185179.941587,27.799999237060547
dram,1.937302845,0.8735329999999522,0.45097306336345916,0.44597741053811996,11272.145337,0.456054000000222,11273.01887,27.799999237060547
core,1.9374403839999998,29.425218000018504,15.191161297405673,15.711395143894258,149042.285503,14.717797000019345,149071.710721,27.799999237060547
uncore,1.937540713,0.008239000000003216,0.004253493650558358,0.0,41.80574,0.008239000000003216,41.813979,27.799999237060547
