zone,time_elapsed,power_j,watts,watts_since_last,start_power,prev_power,prev_power_reading,temp
package-0,0.00034769,0.0,0.0,0.0,179428.386365,0.0,179428.386365,27.799999237060547
dram,0.00052269,0.0,0.0,0.0,11117.844157,0.0,11117.844157,27.799999237060547
core,0.000661119,0.00878900001407601,41.91705304410619,0.0,143812.435306,0.0,143812.444095,27.799999237060547
uncore,0.00080134,0.0,0.0,0.0,40.357257,0.0,40.357257,27.799999237060547
package-0,1.001049184,16.792375999997603,16.777185650897124,16.780700978318247,179428.386365,0.0,179445.178741,27.799999237060547
dram,1.001146736,0.456054000000222,0.4556414544814298,0.45573692513619085,11117.844157,0.0,11118.300211,27.799999237060547
core,1.00123215,15.354512999998406,15.340623338836826,15.335054773641064,143812.435306,0.00878900001407601,143827.789819,27.799999237060547
uncore,1.001316774,0.006958000000004461,0.006951705807387453,0.006953162399843232,40.357257,0.0,40.364215,27.799999237060547
package-0,1.905182163,32.30448299998534,16.95731877336148,17.156730342333155,179428.386365,16.792375999997603,179460.690848,27.799999237060547
dram,1.905372908,0.8592509999998583,0.45103935306235465,0.4459447194270212,11117.844157,0.456054000000222,11118.703408,27.799999237060547
core,1.90556386,29.580063000001246,15.527212047546591,15.733770101097106,143812.435306,15.354512999998406,143842.015369,27.799999237060547
uncore,1.9057540670000002,0.006958000000004461,0.003652404033990526,0.0,40.357257,0.006958000000004461,40.364215,27.799999237060547
