zone,time_elapsed,power_j,watts,watts_since_last,start_power,prev_power,prev_power_reading,temp
package-0,0.000465869,0.0,0.0,0.0,185662.499983,0.0,185662.499983,27.799999237060547
dram,0.000622367,0.0,0.0,0.0,11285.976967,0.0,11285.976967,27.799999237060547
core,0.000827153,0.007446000003255904,19.79476819240723,0.0,149513.163632,0.0,149513.171078,27.799999237060547
uncore,0.00102435,0.0,0.0,0.0,41.934951,0.0,41.934951,27.799999237060547
package-0,1.001274347,16.863421000016388,16.844360528039836,16.8506919199373,185662.499983,0.0,185679.363404,27.799999237060547
dram,1.0013733,0.45599199999924167,0.4554765990768838,0.45564780182715026,11285.976967,0.0,11286.432959,27.799999237060547
core,1.001458522,15.425252999993972,15.407818067749957,15.406169118214141,149513.163632,0.007446000003255904,149528.588885,27.799999237060547
uncore,1.001541998,0.008116999999998598,0.008107825476571026,0.00811087301408027,41.934951,0.0,41.943068,27.799999237060547
package-0,1.905270343,32.40488500002539,17.00995099628864,17.193349186264165,185662.499983,16.863421000016388,185694.904868,27.799999237060547
dram,1.905461826,0.8592499999995198,0.45103694685358076,0.44611985113855945,11285.976967,0.45599199999924167,11286.836217,27.799999237060547
core,1.905650847,29.680159999988973,15.579690135034369,15.770045451863057,149513.163632,15.425252999993972,149542.843792,27.799999237060547
uncore,1.905840788,0.008116999999998598,0.004260770320176815,0.0,41.934951,0.008116999999998598,41.943068,27.799999237060547
