zone,time_elapsed,power_j,watts,watts_since_last,start_power,prev_power,prev_power_reading,temp
package-0,0.000721748,0.0,0.0,0.0,178912.708486,0.0,178912.708486,27.799999237060547
dram,0.000839229,0.0,0.0,0.0,11103.970597,0.0,11103.970597,27.799999237060547
core,0.000926595,0.0073850000044330955,12.041395667760359,0.0,143340.774587,0.0,143340.781972,27.799999237060547
uncore,0.001023031,0.0,0.0,0.0,40.229022,0.0,40.229022,27.799999237060547
package-0,1.001360822,16.388080000004265,16.369594357293188,16.379628668518684,178912.708486,0.0,178929.096566,27.799999237060547
dram,1.001575394,0.45605299999988347,0.45553857531954806,0.45581781350592004,11103.970597,0.0,11104.42665,27.799999237060547
core,1.001781015,14.953636000020197,14.936768400379005,14.938543219624906,143340.774587,0.0073850000044330955,143355.728223,27.799999237060547
uncore,1.001967975,0.007751999999996428,0.007743255796752596,0.007748002294244676,40.229022,0.0,40.236774,27.799999237060547
package-0,1.9165785560000002,31.936563000024762,16.664884982750944,16.987876327727964,178912.708486,16.388080000004265,178944.645049,27.799999237060547
dram,1.916750897,0.8641939999997703,0.450946885322897,0.4459244565700819,11103.970597,0.45605299999988347,11104.834791,27.799999237060547
core,1.916922955,29.198655000014696,15.23621146163704,15.56374477546926,143340.774587,14.953636000020197,143369.973242,27.799999237060547
uncore,1.9170941529999999,0.007751999999996428,0.0040450873935972895,0.0,40.229022,0.007751999999996428,40.236774,27.799999237060547
