zone,time_elapsed,power_j,watts,watts_since_last,start_power,prev_power,prev_power_reading,temp
package-0,0.000760952,0.018616000015754253,31.678504725151626,0.0,185922.732532,0.0,185922.751148,27.799999237060547
dram,0.000980736,0.0006709999997838167,1.141828354412319,0.0,11292.972249,0.0,11292.97292,27.799999237060547
core,0.001138849,0.012267999991308898,20.876229875588184,0.0,149751.171689,0.0,149751.183957,27.799999237060547
uncore,0.001259388,0.0,0.0,0.0,42.000197,0.0,42.000197,27.799999237060547
package-0,1.001666164,15.795614000002388,15.774083606258365,15.76474456850536,185922.732532,0.018616000015754253,185938.528146,27.799999237060547
dram,1.001929533,0.45696899999893503,0.45634612313585216,0.45594360962158786,11292.972249,0.0006709999997838167,11293.429218,27.799999237060547
core,1.002807624,14.377710000000661,14.358112296648494,14.35428487371413,149751.171689,0.012267999991308898,149765.549399,27.799999237060547
uncore,1.003001553,0.008667000000002645,0.008655186345745237,0.008660268650309355,42.000197,0.0,42.008864,27.799999237060547
package-0,1.937210067,31.69535399999586,16.363123337610606,16.993544696620404,185922.732532,15.795614000002388,185954.427886,27.799999237060547
dram,1.937380074,0.8740820000002714,0.45125577626271857,0.44580781881131676,11292.972249,0.45696899999893503,11293.846331,27.799999237060547
core,1.937494045,28.917467999999644,14.929004910166451,15.540004267436338,149751.171689,14.377710000000661,149780.089157,27.799999237060547
uncore,1.937604771,0.008667000000002645,0.004474447263379135,0.0,42.000197,0.008667000000002645,42.008864,27.799999237060547
