zone,time_elapsed,power_j,watts,watts_since_last,start_power,prev_power,prev_power_reading,temp
package-0,0.000757555,0.0,0.0,0.0,175349.90474,0.0,175349.90474,27.799999237060547
dram,0.0009598,0.0007320000004256144,1.2682857531410248,0.0,11007.784625,0.0,11007.785357,27.799999237060547
core,0.001116701,0.010864999989280477,18.825033724412034,0.0,140083.1564,0.0,140083.167265,27.799999237060547
uncore,0.001256123,0.0,0.0,0.0,39.333761,0.0,39.333761,27.799999237060547
package-0,1.001504741,16.564715999993496,16.541983410878863,16.551523128489762,175349.90474,0.0,175366.469456,27.799999237060547
dram,1.001605282,0.45574800000031246,0.4551225542019163,0.4546536051589403,11007.784625,0.0007320000004256144,11008.240373,27.799999237060547
core,1.001690298,15.127463999990141,15.1067038237542,15.104559472840808,140083.1564,0.010864999989280477,140098.283864,27.799999237060547
uncore,1.001773248,0.008544999999998026,0.008533273268674377,0.00853819438455618,39.333761,0.0,39.342306,27.799999237060547
package-0,1.9166442479999999,32.274453999998514,16.840005862121394,17.166103903739863,175349.90474,16.564715999993496,175382.179194,27.799999237060547
dram,1.9168343810000001,0.8637669999989157,0.45069209671182725,0.4458442622451006,11007.784625,0.45574800000031246,11008.648392,27.799999237060547
core,1.917024304,29.536911999981385,15.411624662300195,15.745270962717981,140083.1564,15.127463999990141,140112.693312,27.799999237060547
uncore,1.917215019,0.008544999999998026,0.004458568070332056,0.0,39.333761,0.008544999999998026,39.342306,27.799999237060547
