zone,time_elapsed,power_j,watts,watts_since_last,start_power,prev_power,prev_power_reading,temp
package-0,0.00070849,0.0209960000065621,38.331495517212474,0.0,176759.247812,0.0,176759.268808,27.799999237060547
dram,0.00084014,0.0007329999989451608,1.3382066186369659,0.0,11045.870037,0.0,11045.87077,27.799999237060547
core,0.000955486,0.009032999980263412,16.491160132512416,0.0,141371.682399,0.0,141371.691432,27.799999237060547
uncore,0.001041125,0.0,0.0,0.0,39.688558,0.0,39.688558,27.799999237060547
package-0,1.00128246,16.630755999998655,16.611727448934904,16.599837596467342,176759.247812,0.0209960000065621,176775.878568,27.799999237060547
dram,1.00138119,0.4558099999994738,0.45528847206289896,0.4548051443187584,11045.870037,0.0007329999989451608,11046.325847,27.799999237060547
core,1.001466288,15.189779999986058,15.172400182473437,15.171678265867477,141371.682399,0.009032999980263412,141386.872179,27.799999237060547
uncore,1.001549869,0.008116999999998598,0.008107712704280684,0.008112151034726948,39.688558,0.0,39.696675,27.799999237060547
package-0,1.912623313,32.28959000000032,16.88335116955602,17.181733042317543,176759.247812,16.630755999998655,176791.537402,27.799999237060547
dram,1.912725826,0.8628520000002027,0.45116191699420866,0.446628847398395,11045.870037,0.4558099999994738,11046.732889,27.799999237060547
core,1.912910794,29.538985999999568,15.445134912849209,15.744737242979081,141371.682399,15.189779999986058,141401.221385,27.799999237060547
uncore,1.913104572,0.008116999999998598,0.004244159230366851,0.0,39.688558,0.008116999999998598,39.696675,27.799999237060547
