zone,time_elapsed,power_j,watts,watts_since_last,start_power,prev_power,prev_power_reading,temp
package-0,0.000690996,0.018250000022817403,35.83384879650773,0.0,183798.359064,0.0,183798.377314,27.799999237060547
dram,0.000849259,0.0007320000004256144,1.4372809480273996,0.0,11235.787459,0.0,11235.788191,27.799999237060547
core,0.000998117,0.010376000020187348,20.37326111622409,0.0,147808.258511,0.0,147808.268887,27.799999237060547
uncore,0.001106057,0.0,0.0,0.0,41.463944,0.0,41.463944,27.799999237060547
package-0,1.001348374,16.909259000007296,16.88855147416538,16.878909640550113,183798.359064,0.018250000022817403,183815.268323,27.799999237060547
dram,1.001479758,0.456664000001183,0.45610475718746224,0.45560540701003416,11235.787459,0.0007320000004256144,11236.244123,27.799999237060547
core,1.002381394,15.487875999999233,15.468909137376437,15.466413164631003,147808.258511,0.010376000020187348,147823.746387,27.799999237060547
uncore,1.002468008,0.008728000000004954,0.008717311460338712,0.008721747963247215,41.463944,0.0,41.472672,27.799999237060547
package-0,1.898680042,32.32773700001417,17.027550508010826,17.182643592205633,183798.359064,16.909259000007296,183830.686801,27.799999237060547
dram,1.898877902,0.8569920000009006,0.45139177434443223,0.44613309718200317,11235.787459,0.456664000001183,11236.644451,27.799999237060547
core,1.8990692359999999,29.603257000009762,15.5925221047508,15.730447641541788,147808.258511,15.487875999999233,147837.861768,27.799999237060547
uncore,1.899259831,0.008728000000004954,0.004597181078092095,0.0,41.463944,0.008728000000004954,41.472672,27.799999237060547
