zone,time_elapsed,power_j,watts,watts_since_last,start_power,prev_power,prev_power_reading,temp
package-0,0.000425105,0.0,0.0,0.0,177527.374325,0.0,177527.374325,27.799999237060547
dram,0.000581533,0.0,0.0,0.0,11066.685963,0.0,11066.685963,27.799999237060547
core,0.000708424,0.008116999990306795,27.50565053661533,0.0,142073.749144,0.0,142073.757261,27.799999237060547
uncore,0.000832549,0.0,0.0,0.0,39.884358,0.0,39.884358,27.799999237060547
package-0,1.001191151,16.59572099999059,16.58006326906112,16.58495292077762,177527.374325,0.0,177543.970046,27.799999237060547
dram,1.001408183,0.4559320000007574,0.45550183727518795,0.45563617001592344,11066.685963,0.0,11067.141895,27.799999237060547
core,1.001614085,15.177938999986509,15.163618918025273,15.159979110678968,142073.749144,0.008116999990306795,142088.927083,27.799999237060547
uncore,1.001808076,0.006897000000002151,0.006890492818408737,0.0068925249041426875,39.884358,0.0,39.891255,27.799999237060547
package-0,1.926031884,32.44364199999836,16.84665134571253,17.135165192257826,177527.374325,16.59572099999059,177559.817967,27.799999237060547
dram,1.926222177,0.867856999999276,0.4506425110018345,0.4453835251823858,11066.685963,0.4559320000007574,11067.55382,27.799999237060547
core,1.926413508,29.70201099998667,15.42303492263042,15.703786823781316,142073.749144,15.177938999986509,142103.451155,27.799999237060547
uncore,1.926601698,0.006897000000002151,0.003581328949796124,0.0,39.884358,0.006897000000002151,39.891255,27.799999237060547
