zone,time_elapsed,power_j,watts,watts_since_last,start_power,prev_power,prev_power_reading,temp
package-0,0.00062415,0.0,0.0,0.0,176983.415512,0.0,176983.415512,27.799999237060547
dram,0.00078134,0.0,0.0,0.0,11051.957729,0.0,11051.957729,27.799999237060547
core,0.000934153,0.008239999995566905,15.691800835182587,0.0,141576.520375,0.0,141576.528615,27.799999237060547
uncore,0.001059047,0.0,0.0,0.0,39.74648,0.0,39.74648,27.799999237060547
package-0,1.001401957,16.437701999995625,16.41856862105308,16.42718474137273,176983.415512,0.0,176999.853214,27.799999237060547
dram,1.001618436,0.4566030000005412,0.45607151705813753,0.456310853821045,11051.957729,0.0,11052.414332,27.799999237060547
core,1.001826019,15.001121000008425,14.983659792069737,14.98328817450845,141576.520375,0.008239999995566905,141591.521496,27.799999237060547
uncore,1.002017251,0.007201999999999487,0.0071936169185234855,0.007197391977746613,39.74648,0.0,39.753682,27.799999237060547
package-0,1.920996158,32.08335299999453,16.70296862479118,17.012576399762104,176983.415512,16.437701999995625,177015.498865,27.799999237060547
dram,1.921169796,0.8662700000004406,0.45099028865865987,0.4454586859926837,11051.957729,0.4566030000005412,11052.823999,27.799999237060547
core,1.921345233,29.343736000009812,15.27669198859617,15.595697070062126,141576.520375,15.001121000008425,141605.864111,27.799999237060547
uncore,1.9215203490000001,0.007201999999999487,0.003749445391064893,0.0,39.74648,0.007201999999999487,39.753682,27.799999237060547
