zone,time_elapsed,power_j,watts,watts_since_last,start_power,prev_power,prev_power_reading,temp
package-0,0.000512845,0.0,0.0,0.0,181422.320835,0.0,181422.320835,27.799999237060547
dram,0.000629189,0.0,0.0,0.0,11171.641078,0.0,11171.641078,27.799999237060547
core,0.000782405,0.004027999995741993,9.474191755340978,0.0,145635.71317,0.0,145635.717198,27.799999237060547
uncore,0.000909164,0.0,0.0,0.0,40.861894,0.0,40.861894,27.799999237060547
package-0,1.001249153,16.05629500001669,16.040032556368892,16.046848044057825,181422.320835,0.0,181438.37713,27.799999237060547
dram,1.001465785,0.4559309999985999,0.455469215247214,0.4556627463275466,11171.641078,0.0,11172.097009,27.799999237060547
core,1.001671259,14.620200999983354,14.605393088514273,14.607573360866763,145635.71317,0.004027999995741993,145650.333371,27.799999237060547
uncore,1.001864608,0.008850000000002467,0.008841036373818289,0.008844792973086489,40.861894,0.0,40.870744,27.799999237060547
package-0,1.9214319880000001,31.49399899999844,16.39271091564012,16.776359788835013,181422.320835,16.05629500001669,181453.814834,27.799999237060547
dram,1.9216184630000002,0.8662079999994603,0.45086358632343426,0.44585351326249256,11171.641078,0.4559309999985999,11172.507286,27.799999237060547
core,1.92180808,28.74791199999163,14.96336526981371,15.352772842975945,145635.71317,14.620200999983354,145664.461082,27.799999237060547
uncore,1.921996158,0.008850000000002467,0.004606448727056309,0.0,40.861894,0.008850000000002467,40.870744,27.799999237060547
