zone,time_elapsed,power_j,watts,watts_since_last,start_power,prev_power,prev_power_reading,temp
package-0,0.000426414,0.0,0.0,0.0,174902.613771,0.0,174902.613771,27.799999237060547
dram,0.000594222,0.000731999998606625,2.2740122604260513,0.0,10995.579395,0.0,10995.580127,27.799999237060547
core,0.000729472,0.007263000006787479,22.563047943098372,0.0,139674.596411,0.0,139674.603674,27.799999237060547
uncore,0.000863398,0.0,0.0,0.0,39.218466,0.0,39.218466,27.799999237060547
package-0,1.001217953,15.895283999998355,15.879847343314546,15.884955712988459,174902.613771,0.0,174918.509055,27.799999237060547
dram,1.001432257,0.45599199999924167,0.4555491647561247,0.45496418547199047,10995.579395,0.000731999998606625,10996.035387,27.799999237060547
core,1.001639193,14.456994000007398,14.442954134280052,14.440341990720638,139674.596411,0.007263000006787479,139689.053405,27.799999237060547
uncore,1.001846051,0.008423000000000513,0.008414820029183525,0.008417526982878934,39.218466,0.0,39.226889,27.799999237060547
package-0,1.935399699,31.584086999995634,16.320647298401788,16.792927918060048,174902.613771,15.895283999998355,174934.197858,27.799999237060547
dram,1.9355717399999999,0.8731659999994008,0.4511966522555642,0.44653329583478546,10995.579395,0.45599199999924167,10996.452561,27.799999237060547
core,1.9357429480000001,28.816454999992857,14.89051111229573,15.37003132201941,139674.596411,14.456994000007398,139703.412866,27.799999237060547
uncore,1.9359139060000001,0.008423000000000513,0.004352470666461425,0.0,39.218466,0.008423000000000513,39.226889,27.799999237060547
