zone,time_elapsed,power_j,watts,watts_since_last,start_power,prev_power,prev_power_reading,temp
package-0,0.00030918,0.0,0.0,0.0,181614.32364,0.0,181614.32364,27.799999237060547
dram,0.000526279,0.0,0.0,0.0,11176.837231,0.0,11176.837231,27.799999237060547
core,0.000657198,0.00872799998614937,41.42539814586871,0.0,145811.225172,0.0,145811.2339,27.799999237060547
uncore,0.000782477,0.0,0.0,0.0,40.912676,0.0,40.912676,27.799999237060547
package-0,1.001122853,15.609335000015562,15.595514442263003,15.598798074311558,181614.32364,0.0,181629.932975,27.799999237060547
dram,1.001332258,0.4555660000005446,0.4551626403306353,0.4552584747219039,11176.837231,0.0,11177.292797,27.799999237060547
core,1.001532972,14.193199999979697,14.180633292923108,14.174896913827846,145811.225172,0.00872799998614937,145825.418372,27.799999237060547
uncore,1.001700214,0.007201999999999487,0.007195623324956391,0.007197138361824628,40.912676,0.0,40.919878,27.799999237060547
package-0,1.954269397,31.629619000013918,16.186638329176745,16.807353453975388,181614.32364,15.609335000015562,181645.953259,27.799999237060547
dram,1.954459279,0.8807969999998022,0.45075289969235527,0.4461224105999409,11176.837231,0.4555660000005446,11177.718028,27.799999237060547
core,1.954648017,28.841233999992255,14.759666366035733,15.367685419564674,145811.225172,14.193199999979697,145840.066406,27.799999237060547
uncore,1.954816315,0.007201999999999487,0.003685664669140381,0.0,40.912676,0.007201999999999487,40.919878,27.799999237060547
