zone,time_elapsed,power_j,watts,watts_since_last,start_power,prev_power,prev_power_reading,temp
package-0,0.00060957,0.0,0.0,0.0,183288.622332,0.0,183288.622332,27.799999237060547
dram,0.000825756,0.0,0.0,0.0,11221.917438,0.0,11221.917438,27.799999237060547
core,0.001020278,0.010925000009592623,25.065042948045093,0.0,147342.503417,0.0,147342.514342,27.799999237060547
uncore,0.001180685,0.0,0.0,0.0,41.335892,0.0,41.335892,27.799999237060547
package-0,1.001429152,16.430133999994723,16.409037409277772,16.416183478026547,183288.622332,0.0,183305.052466,27.799999237060547
dram,1.001528148,0.4556880000000092,0.45510288832467966,0.45530108377311557,11221.917438,0.0,11222.373126,27.799999237060547
core,1.001612566,14.994528999988688,14.975275752187649,14.970881699797964,147342.503417,0.010925000009592623,147357.497946,27.799999237060547
uncore,1.001695328,0.007874000000001047,0.00786388964087036,0.007867314332679193,41.335892,0.0,41.343766,27.799999237060547
package-0,1.925501796,32.29337500000838,16.77238368873573,17.166076828876786,183288.622332,16.430133999994723,183320.915707,27.799999237060547
dram,1.92560526,0.8677960000004532,0.4507118712600939,0.44595411428196075,11221.917438,0.4556880000000092,11222.785234,27.799999237060547
core,1.9257992769999999,29.543076000001747,15.343946119517724,15.743408017979052,147342.503417,14.994528999988688,147372.046493,27.799999237060547
uncore,1.925993809,0.007874000000001047,0.004089561687655391,0.0,41.335892,0.007874000000001047,41.343766,27.799999237060547
