zone,time_elapsed,power_j,watts,watts_since_last,start_power,prev_power,prev_power_reading,temp
package-0,0.000761419,0.0,0.0,0.0,181197.249695,0.0,181197.249695,27.799999237060547
dram,0.000977172,0.0007320000004256144,1.2939011657936623,0.0,11165.555217,0.0,11165.555949,27.799999237060547
core,0.001134619,0.011108000006061047,19.634773427761687,0.0,145429.934278,0.0,145429.945386,27.799999237060547
uncore,0.001286993,0.0,0.0,0.0,40.809038,0.0,40.809038,27.799999237060547
package-0,1.001629164,16.106098999996902,16.08368504993396,16.09277656273389,181197.249695,0.0,181213.355794,27.799999237060547
dram,1.001837252,0.45599200000106066,0.45535742163934023,0.4548834238484353,11165.555217,0.0007320000004256144,11166.011209,27.799999237060547
core,1.002050022,14.674827999988338,14.654405869094068,14.651590651358369,145429.934278,0.011108000006061047,145444.609106,27.799999237060547
uncore,1.002257807,0.007323999999997,0.007313807602057501,0.007317941827219452,40.809038,0.0,40.816362,27.799999237060547
package-0,1.930075937,31.789225999993505,16.4720075830956,16.89081596690928,181197.249695,16.106098999996902,181229.038921,27.799999237060547
dram,1.930254022,0.871091000000888,0.45136731412032144,0.447063957146217,11165.555217,0.45599200000106066,11166.426308,27.799999237060547
core,1.930426252,29.023790000006557,15.039060371283654,15.453912759779014,145429.934278,14.674827999988338,145458.958068,27.799999237060547
uncore,1.930599688,0.007323999999997,0.0037950273950855995,0.0,40.809038,0.007323999999997,40.816362,27.799999237060547
