zone,time_elapsed,power_j,watts,watts_since_last,start_power,prev_power,prev_power_reading,temp
package-0,0.000534093,0.0,0.0,0.0,172252.409679,0.0,172252.409679,27.799999237060547
dram,0.000736945,0.0007330000007641502,2.0693354434084754,0.0,10923.573353,0.0,10923.574086,27.799999237060547
core,0.000919833,0.011291000002529472,31.875670494408766,0.0,137252.946483,0.0,137252.957774,27.799999237060547
uncore,0.001114319,0.0,0.0,0.0,38.568626,0.0,38.568626,27.799999237060547
package-0,1.001466069,15.937275999982376,15.917598537329742,15.923231900524897,172252.409679,0.0,172268.346955,27.799999237060547
dram,1.00166866,0.4562370000003284,0.45567369253622564,0.45510260496321797,10923.573353,0.0007330000007641502,10924.02959,27.799999237060547
core,1.001877676,14.509971999999834,14.492056803442965,14.485904605965699,137252.946483,0.011291000002529472,137267.456455,27.799999237060547
uncore,1.002083592,0.006470000000000198,0.006462011609552377,0.00646429856623636,38.568626,0.0,38.575096,27.799999237060547
package-0,2.002388709,32.784645000007,16.37440058756521,16.831331972270792,172252.409679,15.937275999982376,172285.194324,27.799999237060547
dram,2.002594749,0.9020369999998366,0.4505253963494107,0.44537564252430584,10923.573353,0.4562370000003284,10924.47539,27.799999237060547
core,2.002788483,29.931563999998616,14.949419740497975,15.40691217082712,137252.946483,14.509971999999834,137282.878047,27.799999237060547
uncore,2.002993299,0.006470000000000198,0.003231463137744133,0.0,38.568626,0.006470000000000198,38.575096,27.799999237060547
package-0,2.203367422,36.1609790000075,16.413016521589366,16.7976750735415,172252.409679,32.784645000007,172288.570658,27.799999237060547
dram,2.203522619,0.9920020000008662,0.45025731232167504,0.44758689099130444,10923.573353,0.9020369999998366,10924.565355,27.799999237060547
core,2.203636815,33.01975199999288,14.987252837224185,15.364113440763248,137252.946483,29.931563999998616,137285.966235,27.799999237060547
uncore,2.203772927,0.006470000000000198,0.002936652154651687,0.0,38.568626,0.006470000000000198,38.575096,27.799999237060547
