zone,time_elapsed,power_j,watts,watts_since_last,start_power,prev_power,prev_power_reading,temp
package-0,0.00031302,0.0,0.0,0.0,168091.01805,0.0,168091.01805,27.799999237060547
dram,0.000476346,0.0,0.0,0.0,10811.49051,0.0,10811.49051,27.799999237060547
core,0.000610758,0.007324000005610287,38.148217626155215,0.0,133447.298938,0.0,133447.306262,27.799999237060547
uncore,0.000756719,0.0,0.0,0.0,37.659693,0.0,37.659693,27.799999237060547
package-0,1.001119921,16.483294999983627,16.46882899468947,16.471988643450754,168091.01805,0.0,168107.501345,27.799999237060547
dram,1.001336975,0.4558710000001156,0.4554709202648769,0.45555830523496066,10811.49051,0.0,10811.946381,27.799999237060547
core,1.00154559,15.048179000004893,15.034972475636936,15.030538053709757,133447.298938,0.007324000005610287,133462.347117,27.799999237060547
uncore,1.001752929,0.008057000000000869,0.008049929046975084,0.008051473476657965,37.659693,0.0,37.66775,27.799999237060547
package-0,2.002098008,33.313146999978926,16.6411087595287,16.813370995717424,168091.01805,16.483294999983627,168124.331197,27.799999237060547
dram,2.002306211,0.9016709999996237,0.4504169232740525,0.44536344050349647,10811.49051,0.4558710000001156,10812.392181,27.799999237060547
core,2.002514036,30.45146000001114,15.211593721450084,15.388196996887592,133447.298938,15.048179000004893,133477.750398,27.799999237060547
uncore,2.002708492,0.008057000000000869,0.0040247597525271935,0.0,37.659693,0.008057000000000869,37.66775,27.799999237060547
package-0,2.169969002,36.14382800000021,16.65793214118943,16.858506245331967,168091.01805,33.313146999978926,168127.161878,27.799999237060547
dram,2.170111807,0.9773540000005596,0.45044195678247695,0.45074041482302024,10811.49051,0.9016709999996237,10812.467864,27.799999237060547
core,2.170312931,33.056127999996534,15.234875981437575,15.51245503977308,133447.298938,30.45146000001114,133480.355066,27.799999237060547
uncore,2.170503651,0.008057000000000869,0.003713302289441421,0.0,37.659693,0.008057000000000869,37.66775,27.799999237060547
