zone,time_elapsed,power_j,watts,watts_since_last,start_power,prev_power,prev_power_reading,temp
package-0,0.000730786,0.017456000001402572,31.38546624462643,0.0,166890.659367,0.0,166890.676823,27.799999237060547
dram,0.000925753,0.0006720000001223525,1.2082397638940425,0.0,10778.857354,0.0,10778.858026,27.799999237060547
core,0.001086804,0.010864000010769814,19.533209532094435,0.0,132350.50011,0.0,132350.510974,27.799999237060547
uncore,0.001200728,0.0,0.0,0.0,37.402064,0.0,37.402064,27.799999237060547
package-0,1.001441663,15.775106000015512,15.754538276994975,15.745851161363364,166890.659367,0.017456000001402572,166906.434473,27.799999237060547
dram,1.001573886,0.4564200000004348,0.4558249155590983,0.45540675006028974,10778.857354,0.0006720000001223525,10779.313774,27.799999237060547
core,1.002438604,14.353478000004543,14.334763808170575,14.331874696327572,132350.50011,0.010864000010769814,132364.853588,27.799999237060547
uncore,1.002522962,0.008423000000000513,0.008412018017945886,0.008416693119345394,37.402064,0.0,37.410487,27.799999237060547
package-0,2.00273222,32.96512600002461,16.46096461772029,17.16738166565209,166890.659367,15.775106000015512,166923.624493,27.799999237060547
dram,2.002823306,0.9027079999996204,0.4507625558026292,0.445700262639747,10778.857354,0.4564200000004348,10779.760062,27.799999237060547
core,2.002907122,30.090987000003224,15.02577822147455,15.716783544723574,132350.50011,14.353478000004543,132380.591097,27.799999237060547
uncore,2.002989018,0.008423000000000513,0.004205981344496087,0.0,37.402064,0.008423000000000513,37.410487,27.799999237060547
package-0,2.223536689,36.74099500000011,16.525234512623246,17.108410720693747,166890.659367,32.96512600002461,166927.400362,27.799999237060547
dram,2.223727343,1.0018290000007255,0.45059909690956307,0.44911589334158436,10778.857354,0.9027079999996204,10779.859183,27.799999237060547
core,2.22391906,33.56589300002088,15.097148388359171,15.744751490184324,132350.50011,30.090987000003224,132384.066003,27.799999237060547
uncore,2.224112686,0.008423000000000513,0.0037884670869646744,0.0,37.402064,0.008423000000000513,37.410487,27.799999237060547
