zone,time_elapsed,power_j,watts,watts_since_last,start_power,prev_power,prev_power_reading,temp
package-0,0.000759531,0.0,0.0,0.0,171633.551644,0.0,171633.551644,27.799999237060547
dram,0.000942094,0.0007930000010674121,1.2870723098767172,0.0,10906.860872,0.0,10906.861665,27.799999237060547
core,0.001097482,0.01110899998457171,18.030373582997843,0.0,136687.132562,0.0,136687.143671,27.799999237060547
uncore,0.001184859,0.0,0.0,0.0,38.431237,0.0,38.431237,27.799999237060547
package-0,1.001424886,16.721515000012005,16.699988380989144,16.71027077577888,171633.551644,0.0,171650.273159,27.799999237060547
dram,1.001523188,0.45623599999998987,0.45564865976458013,0.455136741671409,10906.860872,0.0007930000010674121,10907.317108,27.799999237060547
core,1.001608171,15.281882999988738,15.262209706432953,15.260505312802719,136687.132562,0.01110899998457171,136702.414445,27.799999237060547
uncore,1.001691616,0.008789000000000158,0.008777685387981342,0.008783089920274436,38.431237,0.0,38.440026,27.799999237060547
package-0,2.001905672,33.928807999996934,16.949088185272537,17.198379888012827,171633.551644,16.721515000012005,171667.480452,27.799999237060547
dram,2.001999029,0.9038670000009006,0.4515254850914415,0.447399134057488,10906.860872,0.45623599999998987,10907.764739,27.799999237060547
core,2.002084788,31.055584999994608,15.513773687840233,15.765531466027005,136687.132562,15.281882999988738,136718.188147,27.799999237060547
uncore,2.002171719,0.008789000000000158,0.0043905325545293685,0.0,38.431237,0.008789000000000158,38.440026,27.799999237060547
package-0,2.173282967,36.86501800001133,16.964496085805717,17.144592800371086,171633.551644,33.928807999996934,171670.416662,27.799999237060547
dram,2.173476512,0.9807099999998172,0.4513018535974216,0.448687915555727,10906.860872,0.9038670000009006,10907.841582,27.799999237060547
core,2.173665227,33.75400299998,15.532873245125208,15.756120241642964,136687.132562,31.055584999994608,136720.886565,27.799999237060547
uncore,2.173855752,0.008789000000000158,0.004044510600757154,0.0,38.431237,0.008789000000000158,38.440026,27.799999237060547
