zone,time_elapsed,power_j,watts,watts_since_last,start_power,prev_power,prev_power_reading,temp
package-0,0.000644475,0.0,0.0,0.0,162837.252447,0.0,162837.252447,27.799999237060547
dram,0.000802714,0.0,0.0,0.0,10669.570464,0.0,10669.570464,27.799999237060547
core,0.00095726,0.01049800000328105,23.48945235270661,0.0,128643.997147,0.0,128644.007645,27.799999237060547
uncore,0.001082509,0.0,0.0,0.0,36.536954,0.0,36.536954,27.799999237060547
package-0,1.001344858,16.809282999980496,16.789083482813485,16.79658125726794,162837.252447,0.0,162854.06173,27.799999237060547
dram,1.0015185,0.45568699999967066,0.45513940630520505,0.45534266532272694,10669.570464,0.0,10670.026151,27.799999237060547
core,1.001605052,15.375448999999207,15.356972504242288,15.35334065026279,128643.997147,0.01049800000328105,128659.372596,27.799999237060547
uncore,1.001689158,0.008178999999998382,0.008169171392144665,0.008172819632064418,36.536954,0.0,36.545133,27.799999237060547
package-0,2.001897088,33.962498000008054,16.96606516908276,17.14315587616779,162837.252447,16.809282999980496,162871.214945,27.799999237060547
dram,2.001988327,0.9009979999991629,0.4500961850684659,0.44504985720468054,10669.570464,0.45568699999967066,10670.471462,27.799999237060547
core,2.002073154,31.112163999991026,15.542172486102558,15.727486551253168,128643.997147,15.375448999999207,128675.109311,27.799999237060547
uncore,2.002155888,0.008178999999998382,0.004085843362224638,0.0,36.536954,0.008178999999998382,36.545133,27.799999237060547
package-0,2.172679923,36.8959619999805,16.982630623801555,17.176801183598574,162837.252447,33.962498000008054,162874.148409,27.799999237060547
dram,2.172783146,0.9776579999997921,0.45000059059064035,0.4488800880998857,10669.570464,0.9009979999991629,10670.548122,27.799999237060547
core,2.172972034,33.79880299999786,15.557057080552687,15.731525580560374,128643.997147,31.112163999991026,128677.79595,27.799999237060547
uncore,2.173145996,0.008178999999998382,0.00376466497531949,0.0,36.536954,0.008178999999998382,36.545133,27.799999237060547
