zone,time_elapsed,power_j,watts,watts_since_last,start_power,prev_power,prev_power_reading,temp
package-0,0.00078787,0.017028999980539083,29.518676869448164,0.0,165722.758548,0.0,165722.775577,27.799999237060547
dram,0.000919929,0.0006709999997838167,1.1631353688210673,0.0,10747.296339,0.0,10747.29701,27.799999237060547
core,0.001111296,0.01031500002136454,17.880389505371987,0.0,131282.768651,0.0,131282.778966,27.799999237060547
uncore,0.001217859,0.0,0.0,0.0,37.148037,0.0,37.148037,27.799999237060547
package-0,1.001557276,15.406515999988187,15.386161846501555,15.378015031550142,165722.758548,0.017028999980539083,165738.165064,27.799999237060547
dram,1.001760441,0.4564809999992576,0.4558779250186635,0.4554702201262001,10747.296339,0.0006709999997838167,10747.75282,27.799999237060547
core,1.001954464,13.962306000001263,13.943859849077098,13.941590601274529,131282.768651,0.01031500002136454,131296.730957,27.799999237060547
uncore,1.002161244,0.006957999999997355,0.006948807512873073,0.0069528132152444095,37.148037,0.0,37.154995,27.799999237060547
package-0,2.002466479,32.18302399999811,16.073291469485515,16.760680989515613,165722.758548,15.406515999988187,165754.941572,27.799999237060547
dram,2.002687217,0.902340999999069,0.45065963651684554,0.44543937427132324,10747.296339,0.4564809999992576,10748.19868,27.799999237060547
core,2.003597608,29.343126000021584,14.65495028758681,15.366309685981708,131282.768651,13.962306000001263,131312.111777,27.799999237060547
uncore,2.003784812,0.006957999999997355,0.003475060704197476,0.0,37.148037,0.006957999999997355,37.154995,27.799999237060547
package-0,2.227344784,35.98788400000194,16.15858592014246,16.9179533154814,165722.758548,32.18302399999811,165758.746432,27.799999237060547
dram,2.227517666,1.0025609999993321,0.45015061343068347,0.44561883519506407,10747.296339,0.902340999999069,10748.2989,27.799999237060547
core,2.227689166,32.81107300001895,14.73219548564856,15.419901243793518,131282.768651,29.343126000021584,131315.579724,27.799999237060547
uncore,2.227861151,0.006957999999997355,0.0031241470277136173,0.0,37.148037,0.006957999999997355,37.154995,27.799999237060547
