zone,time_elapsed,power_j,watts,watts_since_last,start_power,prev_power,prev_power_reading,temp
package-0,0.000415062,0.020020000025397167,61.23335359783318,0.0,163678.962694,0.0,163678.982714,27.799999237060547
dram,0.000602476,0.0006720000001223525,2.055385293358391,0.0,10692.218965,0.0,10692.219637,27.799999237060547
core,0.000693378,0.009581999998772517,29.307592075671568,0.0,129413.815001,0.0,129413.824583,27.799999237060547
uncore,0.000791041,0.0,0.0,0.0,36.724332,0.0,36.724332,27.799999237060547
package-0,1.001032971,16.592792000010377,16.577920527732168,16.563328931457907,163678.962694,0.020020000025397167,163695.555486,27.799999237060547
dram,1.001128993,0.4562370000003284,0.4558280925724649,0.4553054217284756,10692.218965,0.0006720000001223525,10692.675202,27.799999237060547
core,1.001213584,15.150412000002689,15.136833276659363,15.132202843650896,129413.815001,0.009581999998772517,129428.965413,27.799999237060547
uncore,1.001296424,0.007568000000006236,0.0075612170967913036,0.007563687797882595,36.724332,0.0,36.7319,27.799999237060547
package-0,2.00150497,33.571936000022106,16.774244128530498,16.970645491074645,163678.962694,16.592792000010377,163712.53463,27.799999237060547
dram,2.001595981,0.9025860000001558,0.45097780214362587,0.446125590564961,10692.218965,0.4562370000003284,10693.121551,27.799999237060547
core,2.001679806,30.69346300000325,15.336012838572477,15.535271293448039,129413.815001,15.150412000002689,129444.508464,27.799999237060547
uncore,2.001762244,0.007568000000006236,0.0037813571300963945,0.0,36.724332,0.007568000000006236,36.7319,27.799999237060547
package-0,2.170452591,36.43142500001704,16.786022629690954,16.92555596296903,163678.962694,33.571936000022106,163715.394119,27.799999237060547
dram,2.170554868,0.9786349999994854,0.4509126188775565,0.45014042908322616,10692.218965,0.9025860000001558,10693.1976,27.799999237060547
core,2.170742441,33.3110100000049,15.348270557017253,15.49348091015845,129413.815001,30.69346300000325,129447.126011,27.799999237060547
uncore,2.170931077,0.007568000000006236,0.0034870065955846193,0.0,36.724332,0.007568000000006236,36.7319,27.799999237060547
