zone,time_elapsed,power_j,watts,watts_since_last,start_power,prev_power,prev_power_reading,temp
package-0,0.000608734,0.0,0.0,0.0,164664.02487,0.0,164664.02487,27.799999237060547
dram,0.000828452,0.0,0.0,0.0,10718.755946,0.0,10718.755946,27.799999237060547
core,0.001009329,0.012634000013349578,29.10650810220125,0.0,130314.635082,0.0,130314.647716,27.799999237060547
uncore,0.001138447,0.0,0.0,0.0,36.926907,0.0,36.926907,27.799999237060547
package-0,1.001493349,16.54640500000096,16.52583194223857,16.532999349742216,164664.02487,0.0,164680.571275,27.799999237060547
dram,1.001706953,0.45562600000084785,0.45505949507025645,0.4552568586190915,10718.755946,0.0,10719.211572,27.799999237060547
core,1.001914801,15.116111000010278,15.097316305649427,15.091240388457871,130314.635082,0.012634000013349578,130329.751193,27.799999237060547
uncore,1.00209151,0.006042000000000769,0.0060344876482240324,0.006037104861820401,36.926907,0.0,36.932949,27.799999237060547
package-0,2.00239143,33.55173300000024,16.757368166960873,16.988969626946947,164664.02487,16.54640500000096,164697.576603,27.799999237060547
dram,2.002599853,0.9015479999998206,0.450276942659985,0.44549304276696716,10718.755946,0.45562600000084785,10719.657494,27.799999237060547
core,2.002793987,30.693342000013217,15.32974860549412,15.562246393071485,130314.635082,15.116111000010278,130345.328424,27.799999237060547
uncore,2.003000957,0.006042000000000769,0.0030176688180246834,0.0,36.926907,0.006042000000000769,36.932949,27.799999237060547
package-0,2.17469501,36.47982599999523,16.77630822007389,16.996430085199606,164664.02487,33.55173300000024,164700.504696,27.799999237060547
dram,2.174885638,0.9786960000001272,0.45008179999975106,0.4478138461518933,10718.755946,0.9015479999998206,10719.734642,27.799999237060547
core,2.175076173,33.3788210000057,15.350220944552857,15.588151082879586,130314.635082,30.693342000013217,130348.013903,27.799999237060547
uncore,2.17526708,0.006042000000000769,0.0027785893020902184,0.0,36.926907,0.006042000000000769,36.932949,27.799999237060547
