zone,time_elapsed,power_j,watts,watts_since_last,start_power,prev_power,prev_power_reading,temp
package-0,0.000507558,0.018127999996067956,54.30634191925933,0.0,167256.454573,0.0,167256.472701,27.799999237060547
dram,0.000724563,0.0006709999997838167,2.0101255198580534,0.0,10788.737456,0.0,10788.738127,27.799999237060547
core,0.000917301,0.009642999997595325,28.88769059523479,0.0,132684.947679,0.0,132684.957322,27.799999237060547
uncore,0.00109673,0.0,0.0,0.0,37.480494,0.0,37.480494,27.799999237060547
package-0,1.001422528,16.08522500001709,16.065857047041884,16.053103108713575,167256.454573,0.018127999996067956,167272.539798,27.799999237060547
dram,1.001652818,0.456358999999793,0.45580950568735423,0.4552911113559624,10788.737456,0.0006709999997838167,10789.193815,27.799999237060547
core,1.001848172,14.650536000001011,14.632895532285499,14.628141283543018,132684.947679,0.009642999997595325,132699.598215,27.799999237060547
uncore,1.002042469,0.008484000000002823,0.00847378455613794,0.008476610726517248,37.480494,0.0,37.488978,27.799999237060547
package-0,2.002362256,32.7614520000061,16.36312032976792,16.66046058969594,167256.454573,16.08522500001709,167289.216025,27.799999237060547
dram,2.002570214,0.9021579999989626,0.45059418948961855,0.4453775227704036,10788.737456,0.456358999999793,10789.639614,27.799999237060547
core,2.002775818,29.903120999981184,14.935490867688372,15.238164561043968,132684.947679,14.650536000001011,132714.8508,27.799999237060547
uncore,2.002982803,0.008484000000002823,0.004237440784913055,0.0,37.480494,0.008484000000002823,37.488978,27.799999237060547
package-0,2.244935344,36.806486000015866,16.396632815630912,16.673199868106675,167256.454573,32.7614520000061,167293.261059,27.799999237060547
dram,2.245107167,1.0104949999986275,0.4501574933559621,0.44655358993302025,10788.737456,0.9021579999989626,10789.747951,27.799999237060547
core,2.245258015,33.593052999989595,14.965105747846193,15.20950719714948,132684.947679,29.903120999981184,132718.540732,27.799999237060547
uncore,2.245371749,0.008484000000002823,0.0037794706293830652,0.0,37.480494,0.008484000000002823,37.488978,27.799999237060547
