zone,time_elapsed,power_j,watts,watts_since_last,start_power,prev_power,prev_power_reading,temp
package-0,0.000440935,0.0,0.0,0.0,171779.264528,0.0,171779.264528,27.799999237060547
dram,0.000637539,0.0,0.0,0.0,10910.807029,0.0,10910.807029,27.799999237060547
core,0.000775018,0.009400000009918585,36.47779708999765,0.0,136820.326557,0.0,136820.335957,27.799999237060547
uncore,0.000890232,0.0,0.0,0.0,38.464134,0.0,38.464134,27.799999237060547
package-0,1.001229496,16.526508000009926,16.51009481944707,16.51434619141507,171779.264528,0.0,171795.791036,27.799999237060547
dram,1.001445625,0.45586999999977706,0.455417256043027,0.455534526608536,10910.807029,0.0,10911.262899,27.799999237060547
core,1.001627398,15.09175900000264,15.076770729916907,15.071259936396421,136820.326557,0.009400000009918585,136835.418316,27.799999237060547
uncore,1.001821225,0.008850999999999942,0.00884220969407677,0.008844486575151024,38.464134,0.0,38.472985,27.799999237060547
package-0,2.002143679,33.4588989999902,16.713352118468954,16.916622001615245,171779.264528,16.526508000009926,171812.723427,27.799999237060547
dram,2.002384088,0.901730999999927,0.450431668990134,0.4454457732681403,10910.807029,0.45586999999977706,10911.70876,27.799999237060547
core,2.003228455,30.609358000016073,15.289952558650933,15.503147585959704,136820.326557,15.09175900000264,136850.935915,27.799999237060547
uncore,2.003428579,0.008850999999999942,0.004421241703159781,0.0,38.464134,0.008850999999999942,38.472985,27.799999237060547
package-0,2.177311408,36.4305100000056,16.73321851741286,16.9602083799842,171779.264528,33.4588989999902,171815.695038,27.799999237060547
dram,2.177484343,0.9802830000007816,0.45026242146803835,0.4483286300502013,10910.807029,0.901730999999927,10911.787312,27.799999237060547
core,2.177660761,33.31839699999546,15.303766476251672,15.461601787352468,136820.326557,30.609358000016073,136853.644954,27.799999237060547
uncore,2.177832906,0.008850999999999942,0.004065430791322918,0.0,38.464134,0.008850999999999942,38.472985,27.799999237060547
