zone,time_elapsed,power_j,watts,watts_since_last,start_power,prev_power,prev_power_reading,temp
package-0,0.000388007,0.0,0.0,0.0,165650.283331,0.0,165650.283331,27.799999237060547
dram,0.000521597,0.0,0.0,0.0,10745.329608,0.0,10745.329608,27.799999237060547
core,0.000605779,0.006226000026799738,26.64589559396782,0.0,131216.525473,0.0,131216.531699,27.799999237060547
uncore,0.000687757,0.0,0.0,0.0,37.132717,0.0,37.132717,27.799999237060547
package-0,1.000929051,16.00954199998523,15.996893304440091,16.000629009601724,165650.283331,0.0,165666.292873,27.799999237060547
dram,1.001024093,0.4561759999996866,0.45581558798171623,0.4559220331903183,10745.329608,0.0,10745.785784,27.799999237060547
core,1.001104657,14.583337000018219,14.571815109526561,14.568995486745484,131216.525473,0.006226000026799738,131231.10881,27.799999237060547
uncore,1.001183994,0.008423000000000513,0.008416345221083239,0.008418310664228112,37.132717,0.0,37.14114,27.799999237060547
package-0,2.001387104,32.722266999975545,16.350643973255746,16.704500121742868,165650.283331,16.00954199998523,165683.005598,27.799999237060547
dram,2.001474152,0.9013040000008914,0.45036307587420166,0.4449089379628753,10745.329608,0.4561759999996866,10746.230912,27.799999237060547
core,2.001553624,29.864365000015823,14.922609109050526,15.273507706640546,131216.525473,14.583337000018219,131246.389838,27.799999237060547
uncore,2.001631668,0.008423000000000513,0.004208799903345464,0.0,37.132717,0.008423000000000513,37.14114,27.799999237060547
package-0,2.183611854,35.772552999987965,16.382981505750934,16.73810643792474,165650.283331,32.722266999975545,165686.055884,27.799999237060547
dram,2.183699252,0.9828469999993104,0.45012063365946814,0.4474581771137775,10745.329608,0.9013040000008914,10746.312455,27.799999237060547
core,2.183779206,32.6583030000038,14.956728809890993,15.331425192447814,131216.525473,29.864365000015823,131249.183776,27.799999237060547
uncore,2.183857493,0.008423000000000513,0.0038575343846159083,0.0,37.132717,0.008423000000000513,37.14114,27.799999237060547
