zone,time_elapsed,power_j,watts,watts_since_last,start_power,prev_power,prev_power_reading,temp
package-0,0.000409415,0.0,0.0,0.0,160573.239688,0.0,160573.239688,27.799999237060547
dram,0.000525781,0.0007329999989451608,2.331150592790164,0.0,10608.550783,0.0,10608.551516,27.799999237060547
core,0.000615403,0.005004999999073334,15.917337969365356,0.0,126573.701055,0.0,126573.70606,27.799999237060547
uncore,0.000736414,0.0,0.0,0.0,36.045317,0.0,36.045317,27.799999237060547
package-0,1.001009719,16.547137999994447,16.532927502417078,16.538123234400608,160573.239688,0.0,160589.786826,27.799999237060547
dram,1.001113051,0.4559929999995802,0.4556013982965066,0.4550119775218077,10608.550783,0.0007329999989451608,10609.006776,27.799999237060547
core,1.001204618,15.106163000004017,15.093189995686593,15.09293099424929,126573.701055,0.005004999999073334,126588.807218,27.799999237060547
uncore,1.001294703,0.006531000000002507,0.006525391250037536,0.006527441956666349,36.045317,0.0,36.051848,27.799999237060547
package-0,2.001507798,33.397131000005174,16.686911644587504,16.84094538735177,160573.239688,16.547137999994447,160606.636819,27.799999237060547
dram,2.001605929,0.9017929999990884,0.45058182131542845,0.4455606274535756,10608.550783,0.4559929999995802,10609.452576,27.799999237060547
core,2.001697439,30.541182000000845,15.259933721708054,15.426731158376032,126573.701055,15.106163000004017,126604.242237,27.799999237060547
uncore,2.001785724,0.006531000000002507,0.003263221021914306,0.0,36.045317,0.006531000000002507,36.051848,27.799999237060547
package-0,2.167945719,36.21713100001216,16.706591171205126,16.943234935838824,160573.239688,33.397131000005174,160609.456819,27.799999237060547
dram,2.168037968,0.9763769999990473,0.45039269863607784,0.44811852285488524,10608.550783,0.9017929999990884,10609.52716,27.799999237060547
core,2.168126201,33.11252599999716,15.274468718344007,15.449250174712484,126573.701055,30.541182000000845,126606.813581,27.799999237060547
uncore,2.168216151,0.006531000000002507,0.0030126833331758367,0.0,36.045317,0.006531000000002507,36.051848,27.799999237060547
