zone,time_elapsed,power_j,watts,watts_since_last,start_power,prev_power,prev_power_reading,temp
package-0,0.00037313,0.0,0.0,0.0,162106.640914,0.0,162106.640914,27.799999237060547
dram,0.000490306,0.0,0.0,0.0,10649.90224,0.0,10649.90224,27.799999237060547
core,0.00057422,0.006043000001227483,25.851300484374928,0.0,127975.823015,0.0,127975.829058,27.799999237060547
uncore,0.000656427,0.0,0.0,0.0,36.379301,0.0,36.379301,27.799999237060547
package-0,1.000899705,15.980305000004591,15.967950835962071,15.97168148987617,162106.640914,0.0,162122.621219,27.799999237060547
dram,1.000994655,0.456054000000222,0.4557014306388582,0.45580789792093707,10649.90224,0.0,10650.358294,27.799999237060547
core,1.001075741,14.554772999996203,14.543520896031756,14.54087901589232,127975.823015,0.006043000001227483,127990.377788,27.799999237060547
uncore,1.001155791,0.007933999999998775,0.007927866328738226,0.007929718546712441,36.379301,0.0,36.387235,27.799999237060547
package-0,2.001360137,32.769813000020804,16.374621354718183,16.781410214424294,162106.640914,15.980305000004591,162139.410727,27.799999237060547
dram,2.001446556,0.9012430000002496,0.45033863554805753,0.44497427988613997,10649.90224,0.456054000000222,10650.803483,27.799999237060547
core,2.001526682,29.911972000001697,14.946597817712576,15.349792034608155,127975.823015,14.554772999996203,128005.734987,27.799999237060547
uncore,2.001605537,0.007933999999998775,0.00396450983190632,0.0,36.379301,0.007933999999998775,36.387235,27.799999237060547
package-0,2.197977412,36.05087200002163,16.402662366262412,16.68808528554221,162106.640914,32.769813000020804,162142.691786,27.799999237060547
dram,2.198066123,0.9898659999998927,0.45037572976962126,0.450753303203106,10649.90224,0.9012430000002496,10650.892106,27.799999237060547
core,2.198146668,32.92356100000325,14.979777881039164,15.317510010339356,127975.823015,29.911972000001697,128008.746576,27.799999237060547
uncore,2.198225902,0.007933999999998775,0.003609863395643462,0.0,36.379301,0.007933999999998775,36.387235,27.799999237060547
