zone,time_elapsed,power_j,watts,watts_since_last,start_power,prev_power,prev_power_reading,temp
package-0,0.000336371,0.0,0.0,0.0,165904.637905,0.0,165904.637905,27.799999237060547
dram,0.000453714,0.0,0.0,0.0,10752.230652,0.0,10752.230652,27.799999237060547
core,0.000540082,0.006225999997695908,30.442754798894494,0.0,131448.987769,0.0,131448.993995,27.799999237060547
uncore,0.0006244,0.0,0.0,0.0,37.186123,0.0,37.186123,27.799999237060547
package-0,1.000975671,16.281939999986207,16.270069276092023,16.27339500300408,165904.637905,0.0,165920.919845,27.799999237060547
dram,1.001179467,0.4559929999995802,0.45566054778561305,0.4557536882953932,10752.230652,0.0,10752.686645,27.799999237060547
core,1.00138743,14.843955999996979,14.83313367150458,14.829942945258157,131448.987769,0.006225999997695908,131463.831725,27.799999237060547
uncore,1.00158233,0.008544000000000551,0.00853777079973621,0.008539515985551699,37.186123,0.0,37.194667,27.799999237060547
package-0,2.001899433,33.318029999994906,16.6449600789316,17.01976489681615,165904.637905,16.281939999986207,165937.955935,27.799999237060547
dram,2.00210689,0.9018539999997301,0.45054656073671173,0.4454337466318869,10752.230652,0.4559929999995802,10753.132506,27.799999237060547
core,2.002313703,30.452863999991678,15.213585724278186,15.593950516568466,131448.987769,14.843955999996979,131479.440633,27.799999237060547
uncore,2.002523912,0.008544000000000551,0.0042683957879389185,0.0,37.186123,0.008544000000000551,37.194667,27.799999237060547
package-0,2.1949428539999998,36.59328999998979,16.67298870301258,16.963571464936965,165904.637905,33.318029999994906,165941.231195,27.799999237060547
dram,2.195116231,0.9884619999993447,0.4503726163827,0.448569273105346,10752.230652,0.9018539999997301,10753.219114,27.799999237060547
core,2.195292402,33.450780999992276,15.24116835955375,15.527127396157546,131448.987769,30.452863999991678,131482.43855,27.799999237060547
uncore,2.195444985,0.008544000000000551,0.0038928999135794677,0.0,37.186123,0.008544000000000551,37.194667,27.799999237060547
