zone,time_elapsed,power_j,watts,watts_since_last,start_power,prev_power,prev_power_reading,temp
package-0,0.000605857,0.0,0.0,0.0,165067.018833,0.0,165067.018833,27.799999237060547
dram,0.000823499,0.0,0.0,0.0,10729.604917,0.0,10729.604917,27.799999237060547
core,0.0009986,0.012146000008215196,29.658461325608677,0.0,130683.178145,0.0,130683.190291,27.799999237060547
uncore,0.001125055,0.0,0.0,0.0,37.014248,0.0,37.014248,27.799999237060547
package-0,1.001411036,16.459857999987435,16.439611796079973,16.446338764150187,165067.018833,0.0,165083.478691,27.799999237060547
dram,1.001510613,0.45556500000020606,0.45500463903700006,0.45519082358421253,10729.604917,0.0,10730.060482,27.799999237060547
core,1.001595666,15.023887000003015,15.005407090900217,14.999411169026224,130683.178145,0.012146000008215196,130698.202032,27.799999237060547
uncore,1.001679107,0.007567999999999131,0.007558691093982337,0.007561784054708694,37.014248,0.0,37.021816,27.799999237060547
package-0,2.001886942,33.51321999999345,16.741710371646416,17.044015215458,165067.018833,16.459857999987435,165100.532053,27.799999237060547
dram,2.001977256,0.9008759999996983,0.450037479918827,0.4450669293010659,10729.604917,0.45556500000020606,10730.505793,27.799999237060547
core,2.002061063,30.662641000002623,15.317688209366777,15.63018254856162,130683.178145,15.023887000003015,130713.840786,27.799999237060547
uncore,2.002143252,0.007567999999999131,0.0037806353460703053,0.0,37.014248,0.007567999999999131,37.021816,27.799999237060547
package-0,2.181738992,36.60152999998536,16.777245683539,17.17279120028117,165067.018833,33.51321999999345,165103.620363,27.799999237060547
dram,2.18192724,0.9816259999988688,0.44995333723309555,0.4490167403570543,10729.604917,0.9008759999996983,10730.586543,27.799999237060547
core,2.182116046,33.49448200000916,15.353050912277524,15.746675108922059,130683.178145,30.662641000002623,130716.672627,27.799999237060547
uncore,2.182305472,0.007567999999999131,0.003468986005040209,0.0,37.014248,0.007567999999999131,37.021816,27.799999237060547
