zone,time_elapsed,power_j,watts,watts_since_last,start_power,prev_power,prev_power_reading,temp
package-0,0.000522734,0.0,0.0,0.0,163460.13104,0.0,163460.13104,27.799999237060547
dram,0.000725763,0.0,0.0,0.0,10686.327196,0.0,10686.327196,27.799999237060547
core,0.00085235,0.011719000001903623,30.71725136274514,0.0,129213.675254,0.0,129213.686973,27.799999237060547
uncore,0.000973273,0.0,0.0,0.0,36.676541,0.0,36.676541,27.799999237060547
package-0,1.001219254,16.49678399998811,16.47903918931962,16.48532177224519,163460.13104,0.0,163476.627824,27.799999237060547
dram,1.001320933,0.45623599999998987,0.4557452485032039,0.4559189999752261,10686.327196,0.0,10686.783432,27.799999237060547
core,1.001406251,15.060081000003265,15.043881582832176,15.037906158886994,129213.675254,0.011719000001903623,129228.735335,27.799999237060547
uncore,1.001490509,0.008361999999998204,0.008353005391909137,0.008356189949482519,36.676541,0.0,36.684903,27.799999237060547
package-0,2.001699899,33.621679000003496,16.79746294956537,17.116065232747378,163460.13104,16.49678399998811,163493.752719,27.799999237060547
dram,2.001790831,0.9020970000001398,0.450689596269563,0.44563110960585095,10686.327196,0.45623599999998987,10687.229293,27.799999237060547
core,2.001875524,30.767682999998215,15.371600425915332,15.69950300318368,129213.675254,15.060081000003265,129244.442937,27.799999237060547
uncore,2.001994949,0.008361999999998204,0.004177673137151207,0.0,36.676541,0.008361999999998204,36.684903,27.799999237060547
package-0,2.184836409,36.75185899998178,16.822257768432717,17.09327227875631,163460.13104,33.621679000003496,163496.882899,27.799999237060547
dram,2.185026016,0.9844329999996262,0.4505999460259534,0.44962004304693826,10686.327196,0.9020970000001398,10687.311629,27.799999237060547
core,2.18521571,33.63882999999623,15.397345459142754,15.678746086052874,129213.675254,30.767682999998215,129247.314084,27.799999237060547
uncore,2.185407025,0.008361999999998204,0.003827499432332768,0.0,36.676541,0.008361999999998204,36.684903,27.799999237060547
