zone,time_elapsed,power_j,watts,watts_since_last,start_power,prev_power,prev_power_reading,temp
package-0,0.000384663,0.0,0.0,0.0,160094.635749,0.0,160094.635749,27.799999237060547
dram,0.00053919,0.0,0.0,0.0,10595.693028,0.0,10595.693028,27.799999237060547
core,0.000670963,0.008484000005410053,39.29251249500995,0.0,126135.931302,0.0,126135.939786,27.799999237060547
uncore,0.000796419,0.0,0.0,0.0,35.946258,0.0,35.946258,27.799999237060547
package-0,1.001135189,15.990560000005644,15.97618328828345,15.97963049203616,160094.635749,0.0,160110.626309,27.799999237060547
dram,1.001351893,0.456054000000222,0.45564397327897177,0.4557422882260555,10595.693028,0.0,10596.149082,27.799999237060547
core,1.001546243,14.556175999998231,14.54308890698026,14.537748688710948,126135.931302,0.008484000005410053,126150.487478,27.799999237060547
uncore,1.001753978,0.007384999999999309,0.0073783603315906755,0.007379952370875963,35.946258,0.0,35.953643,27.799999237060547
package-0,2.002074374,33.04984299998614,16.509574826598108,17.04293473526504,160094.635749,15.990560000005644,160127.685592,27.799999237060547
dram,2.002281526,0.9018530000012106,0.45050772513861,0.44537178157323226,10595.693028,0.456054000000222,10596.594881,27.799999237060547
core,2.002491151,30.186690000002272,15.079327829864951,15.615534954254521,126135.931302,14.556175999998231,126166.117992,27.799999237060547
uncore,2.002696496,0.007384999999999309,0.0036890707799872675,0.0,35.946258,0.007384999999999309,35.953643,27.799999237060547
package-0,2.204096222,36.486051999992924,16.55510234067271,17.006162215917342,160094.635749,33.04984299998614,160131.121801,27.799999237060547
dram,2.204268918,0.9925510000011855,0.4503579445471341,0.4488740063994357,10595.693028,0.9018530000012106,10596.685579,27.799999237060547
core,2.204440932,33.33139700000174,15.123716002288417,15.563487949486252,126135.931302,30.186690000002272,126169.262699,27.799999237060547
uncore,2.204612007,0.007384999999999309,0.0033508539314113855,0.0,35.946258,0.007384999999999309,35.953643,27.799999237060547
