zone,time_elapsed,power_j,watts,watts_since_last,start_power,prev_power,prev_power_reading,temp
package-0,0.000357737,0.0,0.0,0.0,171270.187035,0.0,171270.187035,27.799999237060547
dram,0.000486803,0.0,0.0,0.0,10897.010006,0.0,10897.010006,27.799999237060547
core,0.000573518,0.006285999988904223,29.666056240463174,0.0,136355.026174,0.0,136355.03246,27.799999237060547
uncore,0.000657183,0.0,0.0,0.0,38.347436,0.0,38.347436,27.799999237060547
package-0,1.001008919,16.06489999999758,16.052684051908233,16.056083620537624,171270.187035,0.0,171286.251935,27.799999237060547
dram,1.001225274,0.45593100000041886,0.455584304444995,0.4556807861364321,10897.010006,0.0,10897.465937,27.799999237060547
core,1.001420969,14.629235000000335,14.618110749283128,14.614923959879983,136355.026174,0.006285999988904223,136369.655409,27.799999237060547
uncore,1.001629917,0.007506999999996822,0.0075012915846125565,0.007502880175995062,38.347436,0.0,38.354943,27.799999237060547
package-0,2.001934899,32.91544299997622,16.44345428754516,16.834141243652834,171270.187035,16.06489999999758,171303.102478,27.799999237060547
dram,2.002142157,0.9016090000004624,0.4504136972046105,0.4452441919052075,10897.010006,0.45593100000041886,10897.911615,27.799999237060547
core,2.002347933,30.054243999999017,15.014094975451773,15.409994810904497,136355.026174,14.629235000000335,136385.080418,27.799999237060547
uncore,2.002556152,0.007506999999996822,0.003750246087729654,0.0,38.347436,0.007506999999996822,38.354943,27.799999237060547
package-0,2.193881299,36.16793699999107,16.487154189078193,16.942830627160305,171270.187035,32.91544299997622,171306.354972,27.799999237060547
dram,2.194056683,0.9879729999993287,0.4503674949898056,0.4498857259254544,10897.010006,0.9016090000004624,10897.997979,27.799999237060547
core,2.194227068,33.03287399999681,15.058035711201168,15.516223424458493,136355.026174,30.054243999999017,136388.059048,27.799999237060547
uncore,2.194401956,0.007506999999996822,0.0034220659723386533,0.0,38.347436,0.007506999999996822,38.354943,27.799999237060547
