zone,time_elapsed,power_j,watts,watts_since_last,start_power,prev_power,prev_power_reading,temp
package-0,0.000684502,0.018798000004608184,35.055722158707766,0.0,158886.723559,0.0,158886.742357,27.799999237060547
dram,0.000839029,0.0007320000004256144,1.365080786722192,0.0,10563.251583,0.0,10563.252315,27.799999237060547
core,0.000979163,0.009338000003481284,17.41410434938848,0.0,125031.014087,0.0,125031.023425,27.799999237060547
uncore,0.001065996,0.0,0.0,0.0,35.693817,0.0,35.693817,27.799999237060547
package-0,1.001317762,16.5027649999829,16.483443536039488,16.47349081528224,158886.723559,0.018798000004608184,158903.226324,27.799999237060547
dram,1.001417899,0.45574800000031246,0.4552144095050653,0.4547268201164484,10563.251583,0.0007320000004256144,10563.707331,27.799999237060547
core,1.001503645,15.065512999994098,15.047874273016001,15.046606231130779,125031.014087,0.009338000003481284,125046.0796,27.799999237060547
uncore,1.00158762,0.007201999999999487,0.007193567886755398,0.00719742285651327,35.693817,0.0,35.701019,27.799999237060547
package-0,2.001797215,33.65189099998679,16.811749935741528,17.140271455751748,158886.723559,16.5027649999829,158920.37545,27.799999237060547
dram,2.001888543,0.9014870000009978,0.45036322072790935,0.44550885324566064,10563.251583,0.45574800000031246,10564.15307,27.799999237060547
core,2.001973629,30.782758000001195,15.378393738071665,15.70912977353,125031.014087,15.065512999994098,125061.796845,27.799999237060547
uncore,2.00205656,0.007201999999999487,0.0035979619403037227,0.0,35.693817,0.007201999999999487,35.701019,27.799999237060547
package-0,2.187775192,36.826199000002816,16.83356516645299,17.068365786927572,158886.723559,33.65189099998679,158923.549758,27.799999237060547
dram,2.187934165,0.9850440000009257,0.45027189381770927,0.4492889285002831,10563.251583,0.9014870000009978,10564.236627,27.799999237060547
core,2.188136175,33.69321199999831,15.401450469244573,15.6496135465514,125031.014087,30.782758000001195,125064.707299,27.799999237060547
uncore,2.188330465,0.007201999999999487,0.0032920947483278547,0.0,35.693817,0.007201999999999487,35.701019,27.799999237060547
