zone,time_elapsed,power_j,watts,watts_since_last,start_power,prev_power,prev_power_reading,temp
package-0,0.000669959,0.0,0.0,0.0,170722.409018,0.0,170722.409018,27.799999237060547
dram,0.000829714,0.0,0.0,0.0,10882.280857,0.0,10882.280857,27.799999237060547
core,0.000956429,0.010743000020738691,21.80244066529345,0.0,135853.995962,0.0,135854.006705,27.799999237060547
uncore,0.001090563,0.0,0.0,0.0,38.225366,0.0,38.225366,27.799999237060547
package-0,1.001337128,16.696979000000283,16.67706634930029,16.68527809834298,170722.409018,0.0,170739.105997,27.799999237060547
dram,1.001436624,0.45629700000063167,0.4557528247473438,0.4559772363880925,10882.280857,0.0,10882.737154,27.799999237060547
core,1.001522289,15.26210700001684,15.243905563359512,15.240676155787655,135853.995962,0.010743000020738691,135869.258069,27.799999237060547
uncore,1.001606026,0.006529999999997926,0.0065222123870967595,0.006525423909447524,38.225366,0.0,38.231896,27.799999237060547
package-0,2.00181846,33.84811900000204,16.90960516105455,17.142301652119848,170722.409018,16.696979000000283,170756.257137,27.799999237060547
dram,2.001910373,0.9015479999998206,0.45038900725131736,0.4450215526719115,10882.280857,0.45629700000063167,10883.182405,27.799999237060547
core,2.00202275,30.997113000019453,15.485319641037908,15.726897416144515,135853.995962,15.26210700001684,135884.993075,27.799999237060547
uncore,2.002136302,0.006529999999997926,0.0032622114600118395,0.0,38.225366,0.006529999999997926,38.231896,27.799999237060547
package-0,2.171986678,36.78512300000875,16.937017808235915,17.25947728834359,170722.409018,33.84811900000204,170759.194141,27.799999237060547
dram,2.172089769,0.978451999999379,0.4505098147555355,0.4519308933090054,10882.280857,0.9015479999998206,10883.259309,27.799999237060547
core,2.172279098,33.67801500001224,15.506408386920654,15.754478775325012,135853.995962,30.997113000019453,135887.673977,27.799999237060547
uncore,2.172469474,0.006529999999997926,0.00300661564425703,0.0,38.225366,0.006529999999997926,38.231896,27.799999237060547
