zone,time_elapsed,power_j,watts,watts_since_last,start_power,prev_power,prev_power_reading,temp
package-0,0.000602858,0.0,0.0,0.0,162874.163973,0.0,162874.163973,27.799999237060547
dram,0.000821647,0.0007929999992484227,1.9668000169854702,0.0,10670.548794,0.0,10670.549587,27.799999237060547
core,0.001020153,0.014343000002554618,35.57353426908359,0.0,128677.808401,0.0,128677.822744,27.799999237060547
uncore,0.001178556,0.0,0.0,0.0,36.545133,0.0,36.545133,27.799999237060547
package-0,1.001514325,16.30482900000061,16.28388356165952,16.290443316768656,162874.163973,0.0,162890.468802,27.799999237060547
dram,1.001717374,0.45599199999924167,0.4554062255443232,0.454797379803823,10670.548794,0.0007929999992484227,10671.004786,27.799999237060547
core,1.00192346,14.873435999994399,14.854329351488119,14.845982883656859,128677.808401,0.014343000002554618,128692.681837,27.799999237060547
uncore,1.002117917,0.007874000000001047,0.007863884936451607,0.007867052802347615,36.545133,0.0,36.553007,27.799999237060547
package-0,2.002426257,33.436255000007804,16.69953509765223,17.11533024709825,162874.163973,16.30482900000061,162907.600228,27.799999237060547
dram,2.002621092,0.9016699999992852,0.4503336217373817,0.4452592652744608,10670.548794,0.45599199999924167,10671.450464,27.799999237060547
core,2.002826639,30.578229999999166,15.272111817216052,15.690038632663493,128677.808401,14.873435999994399,128708.386631,27.799999237060547
uncore,2.003032502,0.007874000000001047,0.003932621621617028,0.0,36.545133,0.007874000000001047,36.553007,27.799999237060547
package-0,2.1861513439999998,36.591703000012785,16.7391985598595,17.171361551938464,162874.163973,33.436255000007804,162910.755676,27.799999237060547
dram,2.18632312,0.9842499999995198,0.4502538781135143,0.4493850118781448,10670.548794,0.9016699999992852,10671.533044,27.799999237060547
core,2.186494261,33.465245999992476,15.308973120169405,15.710604498010438,128677.808401,30.578229999999166,128711.273647,27.799999237060547
uncore,2.186666158,0.007874000000001047,0.003602031024910351,0.0,36.545133,0.007874000000001047,36.553007,27.799999237060547
