zone,time_elapsed,power_j,watts,watts_since_last,start_power,prev_power,prev_power_reading,temp
package-0,0.000678934,0.0,0.0,0.0,164189.862387,0.0,164189.862387,27.799999237060547
dram,0.000804887,0.0,0.0,0.0,10705.945859,0.0,10705.945859,27.799999237060547
core,0.000892861,0.00750799999514129,13.171791165604029,0.0,129881.144004,0.0,129881.151512,27.799999237060547
uncore,0.000978766,0.0,0.0,0.0,36.829617,0.0,36.829617,27.799999237060547
package-0,1.001227351,16.20753899999545,16.190004690645324,16.19922835846839,164189.862387,0.0,164206.069926,27.799999237060547
dram,1.001325398,0.4564810000010766,0.4559871508691094,0.45624693300577746,10705.945859,0.0,10706.40234,27.799999237060547
core,1.00141068,14.781395999991219,14.76540457957319,14.76631248300186,129881.144004,0.00750799999514129,129895.9254,27.799999237060547
uncore,1.001494108,0.007752000000003534,0.007743613411140026,0.007748025053954179,36.829617,0.0,36.837369,27.799999237060547
package-0,2.001702383,33.35019599998486,16.661815342426877,17.13389558248331,164189.862387,16.20753899999545,164223.212583,27.799999237060547
dram,2.001793521,0.901730999999927,0.45050636015894885,0.445022437775294,10705.945859,0.4564810000010766,10706.84759,27.799999237060547
core,2.001877853,30.48972899999353,15.232721104210619,15.700304649219934,129881.144004,14.781395999991219,129911.633733,27.799999237060547
uncore,2.0019601,0.007752000000003534,0.003872912547039024,0.0,36.829617,0.007752000000003534,36.837369,27.799999237060547
package-0,2.193543928,36.62685999998939,16.698516045660426,17.08146750515782,164189.862387,33.35019599998486,164226.489247,27.799999237060547
dram,2.193646377,0.9879120000005059,0.450397997090488,0.4492672886416978,10705.945859,0.901730999999927,10706.933771,27.799999237060547
core,2.193832275,33.49075899999298,15.268739295230088,15.644569118751095,129881.144004,30.48972899999353,129914.634763,27.799999237060547
uncore,2.194019153,0.007752000000003534,0.003534206764818391,0.0,36.829617,0.007752000000003534,36.837369,27.799999237060547
