zone,time_elapsed,power_j,watts,watts_since_last,start_power,prev_power,prev_power_reading,temp
package-0,0.000315243,0.0,0.0,0.0,166305.748755,0.0,166305.748755,27.799999237060547
dram,0.000438771,0.0,0.0,0.0,10763.081699,0.0,10763.081699,27.799999237060547
core,0.000520579,0.005187999980989844,22.66293893495476,0.0,131815.641249,0.0,131815.646437,27.799999237060547
uncore,0.000599274,0.0,0.0,0.0,37.271449,0.0,37.271449,27.799999237060547
package-0,1.000840985,16.191181999980472,16.179791006437373,16.183493125295687,166305.748755,0.0,166321.939937,27.799999237060547
dram,1.000935986,0.4566030000005412,0.45628176577411034,0.4563861681937154,10763.081699,0.0,10763.538302,27.799999237060547
core,1.001017174,14.76485499998671,14.754467471270782,14.752657923710219,131815.641249,0.005187999980989844,131830.406104,27.799999237060547
uncore,1.001097949,0.009583000000006336,0.009576258065345624,0.009578449221310598,37.271449,0.0,37.281032,27.799999237060547
package-0,2.001302739,32.98319199998514,16.48172530896746,16.78372307030615,166305.748755,16.191181999980472,166338.731947,27.799999237060547
dram,2.001389037,0.902340999999069,0.45090046157480335,0.4455180263640466,10763.081699,0.4566030000005412,10763.98404,27.799999237060547
core,2.001469645,30.12724299999536,15.054605492478107,15.354806594962001,131815.641249,14.76485499998671,131845.768492,27.799999237060547
uncore,2.001548428,0.009583000000006336,0.004788632150460476,0.0,37.271449,0.009583000000006336,37.281032,27.799999237060547
package-0,2.185761407,36.06869399998686,16.50236149244785,16.726229278946004,166305.748755,32.98319199998514,166341.817449,27.799999237060547
dram,2.185848431,0.9848000000001775,0.45057150108544247,0.4470028345891134,10763.081699,0.902340999999069,10764.066499,27.799999237060547
core,2.185928515,32.95706899999641,15.078712480404354,15.340232641402835,131815.641249,30.12724299999536,131848.598318,27.799999237060547
uncore,2.186007934,0.009583000000006336,0.004384470648765101,0.0,37.271449,0.009583000000006336,37.281032,27.799999237060547
