zone,time_elapsed,power_j,watts,watts_since_last,start_power,prev_power,prev_power_reading,temp
package-0,0.000410619,0.0,0.0,0.0,164958.189278,0.0,164958.189278,27.799999237060547
dram,0.000525465,0.0,0.0,0.0,10726.649663,0.0,10726.649663,27.799999237060547
core,0.000611696,0.005797999998321757,19.615737242232218,0.0,130583.732843,0.0,130583.738641,27.799999237060547
uncore,0.000695367,0.0,0.0,0.0,36.988369,0.0,36.988369,27.799999237060547
package-0,1.001029931,16.466570999997202,16.453417003159103,16.45827783837722,164958.189278,0.0,164974.655849,27.799999237060547
dram,1.001229444,0.4562979999991512,0.4559334953035944,0.4560681917979861,10726.649663,0.0,10727.105961,27.799999237060547
core,1.001436975,15.02834299999813,15.016337903350877,15.01497910218001,130583.732843,0.005797999998321757,130598.761186,27.799999237060547
uncore,1.001632661,0.008423000000000513,0.008416271451879152,0.008418757872096342,36.988369,0.0,36.996792,27.799999237060547
package-0,2.001940251,33.364537999994354,16.667781555948235,16.882116245996855,164958.189278,16.466570999997202,164991.553816,27.799999237060547
dram,2.002147697,0.9027690000002622,0.4509925025033689,0.44605219802396867,10726.649663,0.4562979999991512,10727.552432,27.799999237060547
core,2.002355353,30.517133999994257,15.245315946697392,15.474262091524299,130583.732843,15.02834299999813,130614.249977,27.799999237060547
uncore,2.002563527,0.008423000000000513,0.004207842591609819,0.0,36.988369,0.008423000000000513,36.996792,27.799999237060547
package-0,2.178281756,36.34005599998636,16.684537665957833,16.874757357667328,164958.189278,33.364537999994354,164994.529334,27.799999237060547
dram,2.178473929,0.981869999999617,0.4507986173184151,0.4485975825861385,10726.649663,0.9027690000002622,10727.631533,27.799999237060547
core,2.178666804,33.226476999989245,15.255023465390648,15.365225726657576,130583.732843,30.517133999994257,130616.95932,27.799999237060547
uncore,2.178856837,0.008423000000000513,0.0038671888882181172,0.0,36.988369,0.008423000000000513,36.996792,27.799999237060547
