zone,time_elapsed,power_j,watts,watts_since_last,start_power,prev_power,prev_power_reading,temp
package-0,0.000523691,0.0,0.0,0.0,161379.575087,0.0,161379.575087,27.799999237060547
dram,0.000735066,0.0,0.0,0.0,10630.182442,0.0,10630.182442,27.799999237060547
core,0.000863535,0.009215999991283752,27.2680470068577,0.0,127311.365183,0.0,127311.374399,27.799999237060547
uncore,0.000998334,0.0,0.0,0.0,36.222258,0.0,36.222258,27.799999237060547
package-0,1.001335846,15.5375579999818,15.52044686252034,15.525688424872724,161379.575087,0.0,161395.112645,27.799999237060547
dram,1.001540491,0.4564200000004348,0.45591735567497665,0.45607132799732497,10630.182442,0.0,10630.638862,27.799999237060547
core,1.001748486,14.100365999998758,14.08483760738499,14.080385376422575,127311.365183,0.009215999991283752,127325.465549,27.799999237060547
uncore,1.00193779,0.01062000000000296,0.010608304450429406,0.010611887084983845,36.222258,0.0,36.232878,27.799999237060547
package-0,2.002282771,32.44333700000425,16.20479633343889,16.88922963235798,161379.575087,15.5375579999818,161412.018424,27.799999237060547
dram,2.002491331,0.9021580000007816,0.4506098324778771,0.4453016591464873,10630.182442,0.4564200000004348,10631.0846,27.799999237060547
core,2.002696728,29.578049000003375,14.773642427271513,15.462531620907518,127311.365183,14.100365999998758,127340.943232,27.799999237060547
uncore,2.002902953,0.01062000000000296,0.005304477066004228,0.0,36.222258,0.01062000000000296,36.232878,27.799999237060547
package-0,2.218799481,36.1177659999812,16.27902305495461,16.965159201124205,161379.575087,32.44333700000425,161415.692853,27.799999237060547
dram,2.218891238,0.999509000001126,0.450499348566061,0.44947805860579787,10630.182442,0.9021580000007816,10631.181951,27.799999237060547
core,2.218976655,32.93338699999731,14.843757674574272,15.4918882209551,127311.365183,29.578049000003375,127344.29857,27.799999237060547
uncore,2.219094751,0.01062000000000296,0.004786653328551831,0.0,36.222258,0.01062000000000296,36.232878,27.799999237060547
