zone,time_elapsed,power_j,watts,watts_since_last,start_power,prev_power,prev_power_reading,temp
package-0,0.000339541,0.0,0.0,0.0,171997.91503,0.0,171997.91503,27.799999237060547
dram,0.000453017,0.0,0.0,0.0,10916.696784,0.0,10916.696784,27.799999237060547
core,0.000536791,0.006835999985923991,32.19319678974108,0.0,137020.268367,0.0,137020.275203,27.799999237060547
uncore,0.000618589,0.0,0.0,0.0,38.513207,0.0,38.513207,27.799999237060547
package-0,1.000859388,16.438434999989113,16.426587816324226,16.43007411316463,171997.91503,0.0,172014.353465,27.799999237060547
dram,1.000956258,0.456054000000222,0.4557253217836452,0.4558220426466262,10916.696784,0.0,10917.152838,27.799999237060547
core,1.001037223,15.014670999982627,15.003849923340915,15.00020174233467,137020.268367,0.006835999985923991,137035.283038,27.799999237060547
uncore,1.001116686,0.008482999999998242,0.008476886300060913,0.008478685392012011,38.513207,0.0,38.52169,27.799999237060547
package-0,2.001320134,33.202247000008356,16.591030330111824,16.75550994643996,171997.91503,16.438434999989113,172031.117277,27.799999237060547
dram,2.001407446,0.9013040000008914,0.450378012086415,0.44502949589598384,10916.696784,0.456054000000222,10917.598088,27.799999237060547
core,2.001487997,30.347273999999743,15.16441171496866,15.325009733544318,137020.268367,15.014670999982627,137050.615641,27.799999237060547
uncore,2.00156661,0.008482999999998242,0.004238921248018968,0.0,38.513207,0.008482999999998242,38.52169,27.799999237060547
package-0,2.16889239,36.001799999998184,16.59987449370122,16.705488464425652,171997.91503,33.202247000008356,172033.91683,27.799999237060547
dram,2.168979489,0.9769259999993665,0.45044550521429083,0.4512514850177554,10916.696784,0.9013040000008914,10917.67371,27.799999237060547
core,2.169059934,32.91898299998138,15.178435141020795,15.345898089162443,137020.268367,30.347273999999743,137053.18735,27.799999237060547
uncore,2.169138525,0.008482999999998242,0.00391138041236953,0.0,38.513207,0.008482999999998242,38.52169,27.799999237060547
