zone,time_elapsed,power_j,watts,watts_since_last,start_power,prev_power,prev_power_reading,temp
package-0,0.000600873,0.0,0.0,0.0,158740.438044,0.0,158740.438044,27.799999237060547
dram,0.00078896,0.0,0.0,0.0,10559.310126,0.0,10559.310126,27.799999237060547
core,0.000946399,0.01080299999739509,25.388417160142534,0.0,124897.2297,0.0,124897.240503,27.799999237060547
uncore,0.001085523,0.0,0.0,0.0,35.6586,0.0,35.6586,27.799999237060547
package-0,1.00133335,16.315753999981098,16.296140096130518,16.303068859253884,158740.438044,0.0,158756.753798,27.799999237060547
dram,1.001433404,0.45611400000052527,0.45556568478684134,0.45575938137378785,10559.310126,0.0,10559.76624,27.799999237060547
core,1.001518375,14.877403999998933,14.859519201564083,14.855042543933827,124897.2297,0.01080299999739509,124912.107104,27.799999237060547
uncore,1.001601735,0.009337999999999624,0.00932677436898331,0.009330739909898312,35.6586,0.0,35.667938,27.799999237060547
package-0,2.001809663,33.411962999991374,16.69177459649982,17.08768784853547,158740.438044,16.315753999981098,158773.850007,27.799999237060547
dram,2.001901601,0.9020970000001398,0.450664924661413,0.4457607116140326,10559.310126,0.45611400000052527,10560.212223,27.799999237060547
core,2.001985874,30.5410600000032,15.257543816218215,15.655848866538292,124897.2297,14.877403999998933,124927.77076,27.799999237060547
uncore,2.002067789,0.009337999999999624,0.004665029444158947,0.0,35.6586,0.009337999999999624,35.667938,27.799999237060547
package-0,2.191444536,36.714139999996405,16.75483998791174,17.420816215107287,158740.438044,33.411962999991374,158777.152184,27.799999237060547
dram,2.191619248,0.9887669999989157,0.4512330363808326,0.4572323474301115,10559.310126,0.9020970000001398,10560.298893,27.799999237060547
core,2.19178454,33.58438700000988,15.326548035098298,16.05523881654723,124897.2297,30.5410600000032,124930.814087,27.799999237060547
uncore,2.191872581,0.009337999999999624,0.004261483336042431,0.0,35.6586,0.009337999999999624,35.667938,27.799999237060547
