zone,time_elapsed,power_j,watts,watts_since_last,start_power,prev_power,prev_power_reading,temp
package-0,0.000502011,0.0,0.0,0.0,163496.914271,0.0,163496.914271,27.799999237060547
dram,0.000631867,0.0,0.0,0.0,10687.312117,0.0,10687.312117,27.799999237060547
core,0.000746725,0.009095000001252629,24.695213014886715,0.0,129247.32861,0.0,129247.337705,27.799999237060547
uncore,0.000832408,0.0,0.0,0.0,36.684903,0.0,36.684903,27.799999237060547
package-0,1.001159245,16.288166000013007,16.272927705051444,16.27891745863723,163496.914271,0.0,163513.202437,27.799999237060547
dram,1.001401213,0.4558710000001156,0.4554445126495803,0.4556121530675933,10687.312117,0.0,10687.767988,27.799999237060547
core,1.002265172,14.867576999997254,14.853667728462968,14.850045243791646,129247.32861,0.009095000001252629,129262.196187,27.799999237060547
uncore,1.002473343,0.006958000000004461,0.0069514904852842315,0.0069540491960347174,36.684903,0.0,36.691861,27.799999237060547
package-0,2.002776976,33.11295200002496,16.535037744849962,16.79695931735885,163496.914271,16.288166000013007,163530.027223,27.799999237060547
dram,2.002985009,0.9017930000009073,0.45031265388375047,0.4451844851235119,10687.312117,0.4558710000001156,10688.21391,27.799999237060547
core,2.003193075,30.265792000005604,15.11330107619198,15.372747737469073,129247.32861,14.867576999997254,129277.594402,27.799999237060547
uncore,2.003399057,0.006958000000004461,0.003474495195374096,0.0,36.684903,0.006958000000004461,36.691861,27.799999237060547
package-0,2.177639091,36.05587700000615,16.558658685693928,16.82916238427254,163496.914271,33.11295200002496,163532.970148,27.799999237060547
dram,2.177811826,0.9802840000011201,0.45019535015228074,0.4488520042868783,10687.312117,0.9017930000009073,10688.292401,27.799999237060547
core,2.177983179,32.95420100000047,15.13421422584363,15.373708679814309,129247.32861,30.265792000005604,129280.282811,27.799999237060547
uncore,2.178155886,0.006958000000004461,0.0031954609545376627,0.0,36.684903,0.006958000000004461,36.691861,27.799999237060547
