zone,time_elapsed,power_j,watts,watts_since_last,start_power,prev_power,prev_power_reading,temp
package-0,0.000793717,0.018799000012222677,31.386855240836265,0.0,164299.086839,0.0,164299.105638,27.799999237060547
dram,0.001022118,0.0007329999989451608,1.223818545851724,0.0,10708.904103,0.0,10708.904836,27.799999237060547
core,0.001178579,0.010743000006186776,17.93653842370631,0.0,129980.986827,0.0,129980.99757,27.799999237060547
uncore,0.001317701,0.0,0.0,0.0,36.852383,0.0,36.852383,27.799999237060547
package-0,1.001659962,16.273274000006495,16.25011672242086,16.24105813194301,164299.086839,0.018799000012222677,164315.360113,27.799999237060547
dram,1.001802339,0.4564809999992576,0.45583141607228955,0.45537181370203866,10708.904103,0.0007329999989451608,10709.360584,27.799999237060547
core,1.001929583,14.82552399999986,14.804426907022727,14.802552492958819,129980.986827,0.010743000006186776,129995.812351,27.799999237060547
uncore,1.002079655,0.006530999999995402,0.00652170622297723,0.006525609142078257,36.852383,0.0,36.858914,27.799999237060547
package-0,2.002399732,33.19718099999591,16.58049894557123,16.91110164324752,164299.086839,16.273274000006495,164332.28402,27.799999237060547
dram,2.002564691,0.9030129999991914,0.4510143826466937,0.4461941346620615,10708.904103,0.4564809999992576,10709.807116,27.799999237060547
core,2.003503572,30.348371999993105,15.157646968450456,15.511102744817226,129980.986827,14.82552399999986,130011.335199,27.799999237060547
uncore,2.003636213,0.006530999999995402,0.0032619407838714617,0.0,36.852383,0.006530999999995402,36.858914,27.799999237060547
package-0,2.186596474,36.315520000003744,16.60960970479911,16.925974017198016,164299.086839,33.19718099999591,164335.402359,27.799999237060547
dram,2.186771332,0.9865699999991193,0.45122698632560787,0.45353747971283453,10708.904103,0.9030129999991914,10709.890673,27.799999237060547
core,2.186947235,33.176550999996834,15.173941154119593,15.35101997246864,129980.986827,30.348371999993105,130014.163378,27.799999237060547
uncore,2.187119549,0.006530999999995402,0.0029870799311686965,0.0,36.852383,0.006530999999995402,36.858914,27.799999237060547
