zone,time_elapsed,power_j,watts,watts_since_last,start_power,prev_power,prev_power_reading,temp
package-0,0.000366672,0.0,0.0,0.0,225479.475566,0.0,225479.475566,27.799999237060547
dram,0.000492764,0.0,0.0,0.0,25361.306595,0.0,25361.306595,27.799999237060547
core,0.00057779,0.006713999988278374,26.762118441620295,0.0,144280.918603,0.0,144280.925317,27.799999237060547
uncore,0.000660629,0.0,0.0,0.0,91.29011,0.0,91.29011,27.799999237060547
package-0,1.00100937,17.122758999990765,17.109439609224896,17.11372971062679,225479.475566,0.0,225496.598325,27.799999237060547
dram,1.001224309,0.4559930000032182,0.4556382937929896,0.4557525426829359,25361.306595,0.0,25361.762588,27.799999237060547
core,1.001429938,15.683126999996603,15.67092746504176,15.66814640762293,144280.918603,0.006713999988278374,144296.60173,27.799999237060547
uncore,1.001623945,0.007507000000003927,0.007501160481589898,0.007503041357868309,91.29011,0.0,91.297617,27.799999237060547
package-0,2.001930145,34.61673300000257,17.29327240440191,17.47707054439974,225479.475566,17.122758999990765,225514.092299,27.799999237060547
dram,2.002099831,0.9017930000009073,0.45050328699121744,0.44536924821357116,25361.306595,0.4559930000032182,25362.208388,27.799999237060547
core,2.002245911,31.745402000000468,15.858858904253404,16.04675491563132,144280.918603,15.683126999996603,144312.664005,27.799999237060547
uncore,2.002400108,0.007507000000003927,0.0037502266877669664,0.0,91.29011,0.007507000000003927,91.297617,27.799999237060547
package-0,2.822230873,48.93481099998462,17.340088418146728,17.45432935882863,225479.475566,34.61673300000257,225528.410377,27.799999237060547
dram,2.822394344,1.2673920000015642,0.4491013430191004,0.4456803042473893,25361.306595,0.9017930000009073,25362.573987,27.799999237060547
core,2.822623663,44.900093000003835,15.910382950152238,16.036112481575064,144280.918603,31.745402000000468,144325.818696,27.799999237060547
uncore,2.8228142050000002,0.007507000000003927,0.002660111301035504,0.0,91.29011,0.007507000000003927,91.297617,27.799999237060547
