zone,time_elapsed,power_j,watts,watts_since_last,start_power,prev_power,prev_power_reading,temp
package-0,0.000477547,0.0,0.0,0.0,221625.860431,0.0,221625.860431,27.799999237060547
dram,0.000654458,0.0,0.0,0.0,25260.454498,0.0,25260.454498,27.799999237060547
core,0.000784004,0.008300999994389713,22.675371488171198,0.0,140748.928683,0.0,140748.936984,27.799999237060547
uncore,0.000908185,0.0,0.0,0.0,90.666149,0.0,90.666149,27.799999237060547
package-0,1.001153574,17.15059099998325,17.133243659311173,17.139511745358863,221625.860431,0.0,221643.011022,27.799999237060547
dram,1.001251558,0.45593100000041886,0.4554698386107049,0.45563646929648216,25260.454498,0.0,25260.910429,27.799999237060547
core,1.001336049,15.705952999996953,15.690066870051293,15.687511341671126,140748.928683,0.008300999994389713,140764.634636,27.799999237060547
uncore,1.001418498,0.007934999999989145,0.007926973970551858,0.00792987400255591,90.666149,0.0,90.674084,27.799999237060547
package-0,2.001626465,34.827730999997584,17.400647741765724,17.66818699961602,221625.860431,17.15059099998325,221660.688162,27.799999237060547
dram,2.001716913,0.9011200000022654,0.4502180085490048,0.4449635236355148,25260.454498,0.45593100000041886,25261.355618,27.799999237060547
core,2.001800663,31.959940000000643,15.96784062068292,16.245754788679623,140748.928683,15.705952999996953,140780.888623,27.799999237060547
uncore,2.001882721,0.007934999999989145,0.00396448852297417,0.0,90.666149,0.007934999999989145,90.674084,27.799999237060547
package-0,2.827655376,49.34991099999752,17.453271123542226,17.580781308711007,221625.860431,34.827730999997584,221675.210342,27.799999237060547
dram,2.827756643,1.2693450000006123,0.4489212236740307,0.44577902197680214,25260.454498,0.9011200000022654,25261.723843,27.799999237060547
core,2.827937895,45.29975000000559,16.02087628038112,16.149385444185665,140748.928683,31.959940000000643,140794.228433,27.799999237060547
uncore,2.8281094319999998,0.007934999999989145,0.002806321299447229,0.0,90.666149,0.007934999999989145,90.674084,27.799999237060547
