zone,time_elapsed,power_j,watts,watts_since_last,start_power,prev_power,prev_power_reading,temp
package-0,0.000556346,0.0,0.0,0.0,234603.039063,0.0,234603.039063,27.799999237060547
dram,0.000715472,0.0,0.0,0.0,25599.863114,0.0,25599.863114,27.799999237060547
core,0.000842439,0.011780000000726432,30.81454509498474,0.0,152643.233133,0.0,152643.244913,27.799999237060547
uncore,0.000970821,0.0,0.0,0.0,92.765082,0.0,92.765082,27.799999237060547
package-0,1.001316852,17.116471999994246,17.098075616202276,17.104607457449816,234603.039063,0.0,234620.155535,27.799999237060547
dram,1.001520096,0.45599199999924167,0.4555019104622123,0.4556759222184985,25599.863114,0.0,25600.319106,27.799999237060547
core,1.00172548,15.683798000012757,15.666941420729126,15.661154702697123,152643.233133,0.011780000000726432,152658.916931,27.799999237060547
uncore,1.001932761,0.0060419999999936636,0.006035506199701699,0.006037811895923304,92.765082,0.0,92.771124,27.799999237060547
package-0,2.002203704,34.55960400000913,17.262503392086636,17.426955428638248,234603.039063,17.116471999994246,234637.598667,27.799999237060547
dram,2.002394804,0.9017920000005688,0.4504446132820936,0.4453865699178009,25599.863114,0.45599199999924167,25600.764906,27.799999237060547
core,2.002582344,31.698650000005728,15.833458425898668,15.999999999992976,152643.233133,15.683798000012757,152674.931783,27.799999237060547
uncore,2.002783599,0.0060419999999936636,0.0030179757121884415,0.0,92.765082,0.0060419999999936636,92.771124,27.799999237060547
package-0,2.825854683,48.80718699999852,17.272726804295544,17.297575574141785,234603.039063,34.55960400000913,234651.84625,27.799999237060547
dram,2.826026249,1.2684899999985646,0.4489150588407549,0.44519736209690436,25599.863114,0.9017920000005688,25601.131604,27.799999237060547
core,2.826179372,44.783393999998225,15.848717729442614,15.885806610730889,152643.233133,31.698650000005728,152688.016527,27.799999237060547
uncore,2.826338267,0.0060419999999936636,0.002138246880555673,0.0,92.765082,0.0060419999999936636,92.771124,27.799999237060547
