zone,time_elapsed,power_j,watts,watts_since_last,start_power,prev_power,prev_power_reading,temp
package-0,0.000515073,0.0,0.0,0.0,220697.797133,0.0,220697.797133,27.799999237060547
dram,0.0006428,0.0,0.0,0.0,25236.235749,0.0,25236.235749,27.799999237060547
core,0.000848759,0.009277000004658476,24.10443089342156,0.0,139898.122389,0.0,139898.131666,27.799999237060547
uncore,0.000936421,0.0,0.0,0.0,90.514294,0.0,90.514294,27.799999237060547
package-0,1.001279052,16.77815600001486,16.76067568795557,16.76712207675693,220697.797133,0.0,220714.575289,27.799999237060547
dram,1.001419745,0.45593100000041886,0.4554559885535408,0.45563116325644587,25236.235749,0.0,25236.69168,27.799999237060547
core,1.001574321,15.336020000017015,15.320042176509617,15.3166635785279,139898.122389,0.009277000004658476,139913.458409,27.799999237060547
uncore,1.00170067,0.006347999999988474,0.0063413863398847,0.006343825325200544,90.514294,0.0,90.520642,27.799999237060547
package-0,2.002002803,34.30600400001276,17.137548849420725,17.514528376313,220697.797133,16.77815600001486,220732.103137,27.799999237060547
dram,2.002209414,0.9018529999993916,0.4505202600244684,0.44558313847799164,25236.235749,0.45593100000041886,25237.137602,27.799999237060547
core,2.002416067,31.44535399999586,15.708512430129021,16.097092322238705,139898.122389,15.336020000017015,139929.567743,27.799999237060547
uncore,2.002620792,0.006347999999988474,0.0031711405413432808,0.0,90.514294,0.006347999999988474,90.520642,27.799999237060547
package-0,2.843303488,49.071286000020336,17.259612167080196,17.550043215318148,220697.797133,34.30600400001276,220746.868419,27.799999237060547
dram,2.843479285,1.2769130000015139,0.449122591796756,0.445797053410229,25236.235749,0.9018529999993916,25237.512662,27.799999237060547
core,2.843653504,44.99396500000148,15.825515266889157,16.103905672611706,139898.122389,31.44535399999586,139943.116354,27.799999237060547
uncore,2.8438256060000002,0.006347999999988474,0.0022327521238465348,0.0,90.514294,0.006347999999988474,90.520642,27.799999237060547
