zone,time_elapsed,power_j,watts,watts_since_last,start_power,prev_power,prev_power_reading,temp
package-0,0.000713055,0.0,0.0,0.0,218803.764873,0.0,218803.764873,27.799999237060547
dram,0.000866751,0.0,0.0,0.0,25186.540258,0.0,25186.540258,27.799999237060547
core,0.000981099,0.009399000002304092,16.96221355588217,0.0,138162.462526,0.0,138162.471925,27.799999237060547
uncore,0.001067917,0.0,0.0,0.0,90.223584,0.0,90.223584,27.799999237060547
package-0,1.001418233,16.582964999979595,16.56353473147447,16.572707140595146,218803.764873,0.0,218820.347838,27.799999237060547
dram,1.001620722,0.4559320000007574,0.45539778424500416,0.45564997043940425,25186.540258,0.0,25186.99619,27.799999237060547
core,1.001811447,15.145896000001812,15.12814954597317,15.127133894077296,138162.462526,0.009399000002304092,138177.608422,27.799999237060547
uncore,1.001938732,0.006287000000000376,0.006279633518910179,0.006283110999333117,90.223584,0.0,90.229871,27.799999237060547
package-0,2.002249108,33.69955900000059,16.83253566133008,17.101616489807306,218803.764873,16.582964999979595,218837.464432,27.799999237060547
dram,2.002436871,0.9016090000004624,0.45034315271258213,0.4452870198541518,25186.540258,0.4559320000007574,25187.441867,27.799999237060547
core,2.00263611,30.851178000011714,15.409802658819071,15.69153942823635,138162.462526,15.145896000001812,138193.313704,27.799999237060547
uncore,2.002806337,0.006287000000000376,0.0031402829842012677,0.0,90.223584,0.006287000000000376,90.229871,27.799999237060547
package-0,2.834691914,48.1398909999989,16.98367969643149,17.347190785247534,218803.764873,33.69955900000059,218851.904764,27.799999237060547
dram,2.834881015,1.272580000000744,0.4489642718156116,0.4456479749080354,25186.540258,0.9016090000004624,25187.812838,27.799999237060547
core,2.8350690849999998,44.09168400001363,15.555478476935518,15.905838153532402,138162.462526,30.851178000011714,138206.55421,27.799999237060547
uncore,2.835257472,0.006287000000000376,0.0022180439555102775,0.0,90.223584,0.006287000000000376,90.229871,27.799999237060547
