zone,time_elapsed,power_j,watts,watts_since_last,start_power,prev_power,prev_power_reading,temp
package-0,0.000373145,0.0,0.0,0.0,216067.361172,0.0,216067.361172,27.799999237060547
dram,0.000483742,0.0006710000016028062,2.705361541140067,0.0,25115.181554,0.0,25115.182225,27.799999237060547
core,0.000569168,0.006469999992987141,26.085974829199927,0.0,135653.641678,0.0,135653.648148,27.799999237060547
uncore,0.00065207,0.0,0.0,0.0,89.788466,0.0,89.788466,27.799999237060547
package-0,1.001008026,16.841022000007797,16.828303050763907,16.8324747891269,216067.361172,0.0,216084.202194,27.799999237060547
dram,1.001221807,0.45574800000031246,0.4554038026184668,0.45484603782277794,25115.181554,0.0006710000016028062,25115.637302,27.799999237060547
core,1.001424571,15.401327999978093,15.389696359741526,15.387044751014392,135653.641678,0.006469999992987141,135669.043006,27.799999237060547
uncore,1.001558066,0.008728000000004954,0.008721408298563042,0.008723570336735795,89.788466,0.0,89.797194,27.799999237060547
package-0,2.001860344,34.30026600000565,17.135904493017424,17.44346012810979,216067.361172,16.841022000007797,216101.661438,27.799999237060547
dram,2.002035658,0.9014870000028168,0.45036954330740536,0.44533603368440067,25115.181554,0.45574800000031246,25116.083041,27.799999237060547
core,2.002233227,31.430338999984087,15.702131502035565,16.014520117347132,135653.641678,15.401327999978093,135685.072017,27.799999237060547
uncore,2.002434255,0.008728000000004954,0.004360379433066681,0.0,89.788466,0.008728000000004954,89.797194,27.799999237060547
package-0,2.830947407,48.79736100000446,17.238298455655755,17.485506175936088,216067.361172,34.30026600000565,216116.158533,27.799999237060547
dram,2.8311245080000003,1.2723360000018147,0.44946913633105073,0.4472953015637086,25115.181554,0.9014870000028168,25116.45389,27.799999237060547
core,2.831296073,44.744818999985,15.806685616994066,16.059108550327675,135653.641678,31.430338999984087,135698.386497,27.799999237060547
uncore,2.831467865,0.008728000000004954,0.0030832788052008605,0.0,89.788466,0.008728000000004954,89.797194,27.799999237060547
