zone,time_elapsed,power_j,watts,watts_since_last,start_power,prev_power,prev_power_reading,temp
package-0,0.000457362,0.0,0.0,0.0,226066.793765,0.0,226066.793765,27.799999237060547
dram,0.000628541,0.0007329999971261714,2.9785971625150713,0.0,25376.60868,0.0,25376.609413,27.799999237060547
core,0.000755893,0.009705000004032627,39.436951688342944,0.0,144819.360706,0.0,144819.370411,27.799999237060547
uncore,0.000880377,0.0,0.0,0.0,91.384287,0.0,91.384287,27.799999237060547
package-0,1.001126694,16.9970869999961,16.98038358344928,16.984559189138192,226066.793765,0.0,226083.790852,27.799999237060547
dram,1.001227376,0.45556500000020606,0.45511730611247364,0.4544967631905506,25376.60868,0.0007329999971261714,25377.064245,27.799999237060547
core,1.001312179,15.552389999997104,15.537106319418863,15.531229165360703,144819.360706,0.009705000004032627,144834.913096,27.799999237060547
uncore,1.001395323,0.006591999999997711,0.006585521894550783,0.006587141324556719,91.384287,0.0,91.390879,27.799999237060547
package-0,2.001604035,34.47323899998446,17.223739802664547,17.46721077933137,226066.793765,16.9970869999961,226101.267004,27.799999237060547
dram,2.001695575,0.9015479999980016,0.4504371687147006,0.44575482434378155,25376.60868,0.45556500000020606,25377.510228,27.799999237060547
core,2.001779698,31.586894999985816,15.781646182248402,16.026301360690393,144819.360706,15.552389999997104,144850.947601,27.799999237060547
uncore,2.001861602,0.006591999999997711,0.0032935371340991905,0.0,91.384287,0.006591999999997711,91.390879,27.799999237060547
package-0,2.82741315,48.85577100000228,17.27996956617316,17.41625211429024,226066.793765,34.47323899998446,226115.649536,27.799999237060547
dram,2.8276119,1.2692229999993287,0.44891594920637673,0.44522901086796435,25376.60868,0.9015479999980016,25377.877903,27.799999237060547
core,2.827808965,44.80127699999139,15.845921315733788,16.001703208193856,144819.360706,31.586894999985816,144864.161983,27.799999237060547
uncore,2.828006355,0.006591999999997711,0.0023315476769401222,0.0,91.384287,0.006591999999997711,91.390879,27.799999237060547
