zone,time_elapsed,power_j,watts,watts_since_last,start_power,prev_power,prev_power_reading,temp
package-0,0.000378165,0.0,0.0,0.0,222702.522348,0.0,222702.522348,27.799999237060547
dram,0.000494343,0.0,0.0,0.0,25288.503315,0.0,25288.503315,27.799999237060547
core,0.000594077,0.00604200002271682,21.418316605104025,0.0,141736.110482,0.0,141736.116524,27.799999237060547
uncore,0.000679325,0.0,0.0,0.0,90.840709,0.0,90.840709,27.799999237060547
package-0,1.001008478,16.73079199998756,16.717714450834393,16.72242807691575,222702.522348,0.0,222719.25314,27.799999237060547
dram,1.001192087,0.4561149999972258,0.45575847973614286,0.4558869826522085,25288.503315,0.0,25288.95943,27.799999237060547
core,1.001382489,15.28902300001937,15.277072403192465,15.275340854963952,141736.110482,0.00604200002271682,141751.399505,27.799999237060547
uncore,1.001540781,0.006348000000002685,0.006343038114036713,0.006344826558861352,90.840709,0.0,90.847057,27.799999237060547
package-0,2.001852957,34.288730000000214,17.130176015251056,17.54259962802789,222702.522348,16.73079199998756,222736.811078,27.799999237060547
dram,2.002060003,0.901730999998108,0.45049235560418377,0.44522671602172864,25288.503315,0.4561149999972258,25289.405046,27.799999237060547
core,2.002264336,31.416179000021657,15.695089202691426,16.113067539399214,141736.110482,15.28902300001937,141767.526661,27.799999237060547
uncore,2.002475658,0.006348000000002685,0.0031713731405292357,0.0,90.840709,0.006348000000002685,90.847057,27.799999237060547
package-0,2.841605823,49.00317000001087,17.24597053755706,17.521975519122485,222702.522348,34.288730000000214,222751.525518,27.799999237060547
dram,2.841783151,1.2764859999988403,0.4492411398605269,0.4462587727210022,25288.503315,0.901730999998108,25289.779801,27.799999237060547
core,2.84196075,44.92334700000356,15.810134707822817,16.084354350433056,141736.110482,31.416179000021657,141781.033829,27.799999237060547
uncore,2.8421325680000002,0.006348000000002685,0.0022340885492190448,0.0,90.840709,0.006348000000002685,90.847057,27.799999237060547
