zone,time_elapsed,power_j,watts,watts_since_last,start_power,prev_power,prev_power_reading,temp
package-0,0.000619285,0.018250000022817403,37.69290510644353,0.0,223577.307889,0.0,223577.326139,27.799999237060547
dram,0.000758903,0.0,0.0,0.0,25311.487448,0.0,25311.487448,27.799999237060547
core,0.000846861,0.007994999992661178,16.512590447814798,0.0,142537.658723,0.0,142537.666718,27.799999237060547
uncore,0.000931974,0.0,0.0,0.0,90.985423,0.0,90.985423,27.799999237060547
package-0,1.001258884,16.014669000025606,15.998069339286884,15.9875710305425,223577.307889,0.018250000022817403,223593.322558,27.799999237060547
dram,1.001461117,0.4568470000012894,0.45637346506844056,0.45659430792664224,25311.487448,0.0,25311.944295,27.799999237060547
core,1.001667213,14.572960999998031,14.557855710681206,14.556909798529391,142537.658723,0.007994999992661178,142552.231684,27.799999237060547
uncore,1.001861247,0.007935000000003356,0.007926775146404346,0.007930610977831118,90.985423,0.0,90.993358,27.799999237060547
package-0,2.002163602,33.320716000016546,16.64387939433632,17.28975078744275,223577.307889,16.014669000025606,223610.628605,27.799999237060547
dram,2.002357318,0.902035999999498,0.4505719022764621,0.4447697884608719,25311.487448,0.4568470000012894,25312.389484,27.799999237060547
core,2.002561808,30.445845000009285,15.207865648462068,15.857937323198398,142537.658723,14.572960999998031,142568.104568,27.799999237060547
uncore,2.002755478,0.007935000000003356,0.0039635757825266715,0.0,90.985423,0.007935000000003356,90.993358,27.799999237060547
package-0,2.880870137,48.48797400001786,16.831583919318494,17.259194008395838,223577.307889,33.320716000016546,223625.795863,27.799999237060547
dram,2.880960296,1.2938199999989592,0.4491224959505859,0.4458206002281673,25311.487448,0.902035999999498,25312.781268,27.799999237060547
core,2.881195072,44.35028899999452,15.395273292902703,15.822207057768772,142537.658723,30.445845000009285,142582.009012,27.799999237060547
uncore,2.881384051,0.007935000000003356,0.0027544689410986638,0.0,90.985423,0.007935000000003356,90.993358,27.799999237060547
