zone,time_elapsed,power_j,watts,watts_since_last,start_power,prev_power,prev_power_reading,temp
package-0,0.000351162,0.0,0.0,0.0,227966.495933,0.0,227966.495933,27.799999237060547
dram,0.00048097,0.0,0.0,0.0,25426.385225,0.0,25426.385225,27.799999237060547
core,0.000566668,0.006225999997695908,24.103008802266704,0.0,146560.30559,0.0,146560.311816,27.799999237060547
uncore,0.00064903,0.0,0.0,0.0,91.698922,0.0,91.698922,27.799999237060547
package-0,1.000989078,15.979145999997854,15.967116821263986,15.971239214427401,227966.495933,0.0,227982.475079,27.799999237060547
dram,1.001189137,0.45727399999668705,0.45692976190809886,0.45704773211823363,25426.385225,0.0,25426.842499,27.799999237060547
core,1.001335291,14.540978999983054,14.530032480353267,14.527560927562314,146560.30559,0.006225999997695908,146574.846569,27.799999237060547
uncore,1.001458805,0.007446999999999093,0.007441393862222324,0.00744331508266101,91.698922,0.0,91.706369,27.799999237060547
package-0,2.00176387,33.09738799999468,16.53576528867356,17.104381379024424,227966.495933,15.979145999997854,227999.593321,27.799999237060547
dram,2.001970997,0.9030739999980142,0.45118423551348363,0.44543903625110587,25426.385225,0.45727399999668705,25427.288299,27.799999237060547
core,2.002176527,30.2289269999892,15.102655285074116,15.675245486449972,146560.30559,14.540978999983054,146590.534517,27.799999237060547
uncore,2.002387942,0.007446999999999093,0.003720591005693766,0.0,91.698922,0.007446999999999093,91.706369,27.799999237060547
package-0,2.867606979,47.89880299998913,16.704439714087773,17.0943530553679,227966.495933,33.09738799999468,228014.394736,27.799999237060547
dram,2.867779219,1.2894259999993665,0.44968010751274196,0.4462031158286618,25426.385225,0.9030739999980142,25427.674651,27.799999237060547
core,2.867955409,43.8090309999825,15.278154597558025,15.683844571926828,146560.30559,30.2289269999892,146604.114621,27.799999237060547
uncore,2.86812694,0.007446999999999093,0.002597099609166115,0.0,91.698922,0.007446999999999093,91.706369,27.799999237060547
