zone,time_elapsed,power_j,watts,watts_since_last,start_power,prev_power,prev_power_reading,temp
package-0,0.000635718,0.0,0.0,0.0,220942.085082,0.0,220942.085082,27.799999237060547
dram,0.000817566,0.0,0.0,0.0,25242.606033,0.0,25242.606033,27.799999237060547
core,0.000969052,0.008056000020587817,16.77707692462148,0.0,140122.116506,0.0,140122.124562,27.799999237060547
uncore,0.001106022,0.0,0.0,0.0,90.552563,0.0,90.552563,27.799999237060547
package-0,1.00135454,16.909442000003764,16.888971536274536,16.897075334713644,220942.085082,0.0,220958.994524,27.799999237060547
dram,1.001452909,0.45593100000041886,0.4553790528102906,0.4555975563496826,25242.606033,0.0,25243.061964,27.799999237060547
core,1.001537888,15.46266800002195,15.443948991763046,15.443309319889703,140122.116506,0.008056000020587817,140137.579174,27.799999237060547
uncore,1.001621019,0.007628999999994335,0.007619764380759228,0.00762342055571118,90.552563,0.0,90.560192,27.799999237060547
package-0,2.001830275,34.43338400000357,17.20175941068376,17.51476235541647,220942.085082,16.909442000003764,220976.518466,27.799999237060547
dram,2.001920231,0.9012419999999111,0.4502301619498193,0.4450777307551038,25242.606033,0.45593100000041886,25243.507275,27.799999237060547
core,2.002003962,31.56180900000618,15.767217215246792,16.090707715254293,140122.116506,15.46266800002195,140153.678315,27.799999237060547
uncore,2.002085815,0.007628999999994335,0.003811191561770268,0.0,90.552563,0.007628999999994335,90.560192,27.799999237060547
package-0,2.83830017,49.228999999992084,17.3452971148088,17.688806261924032,220942.085082,34.43338400000357,220991.314082,27.799999237060547
dram,2.838490669,1.2767300000014075,0.4498417840179125,0.4489123322549705,25242.606033,0.9012419999999111,25243.882763,27.799999237060547
core,2.838681007,45.15039700001944,15.908246172317844,16.245751478378928,140122.116506,31.56180900000618,140167.266903,27.799999237060547
uncore,2.838870331,0.007628999999994335,0.002687994305974108,0.0,90.552563,0.007628999999994335,90.560192,27.799999237060547
