zone,time_elapsed,power_j,watts,watts_since_last,start_power,prev_power,prev_power_reading,temp
package-0,0.000345496,0.0,0.0,0.0,230016.535912,0.0,230016.535912,27.799999237060547
dram,0.000473405,0.0,0.0,0.0,25479.968401,0.0,25479.968401,27.799999237060547
core,0.000558473,0.008544999989680946,39.847418613248955,0.0,148439.292052,0.0,148439.300597,27.799999237060547
uncore,0.000640773,0.0,0.0,0.0,92.037178,0.0,92.037178,27.799999237060547
package-0,1.000997216,16.57191800000146,16.55956602099161,16.563115217719815,230016.535912,0.0,230033.10783,27.799999237060547
dram,1.001201532,0.4564810000010766,0.4561407591351486,0.45623852336930004,25479.968401,0.0,25480.424882,27.799999237060547
core,1.001396385,15.150900999986334,15.139608184566168,15.134312582022998,148439.292052,0.008544999989680946,148454.442953,27.799999237060547
uncore,1.001602984,0.008117999999996073,0.008111949199744593,0.008113687826440643,92.037178,0.0,92.045296,27.799999237060547
package-0,2.001920091,33.86758900000132,16.919332353824913,17.279020434817276,230016.535912,16.57191800000146,230050.403501,27.799999237060547
dram,2.002115262,0.9024630000021716,0.4508461300290978,0.44555265254407667,25479.968401,0.4564810000010766,25480.870864,27.799999237060547
core,2.00232212,31.01670499998727,15.495107739004013,15.850529969656806,148439.292052,15.150900999986334,148470.308757,27.799999237060547
uncore,2.002529053,0.008117999999996073,0.004055533449643518,0.0,92.037178,0.008117999999996073,92.045296,27.799999237060547
package-0,2.8466710109999998,48.60754100000486,17.07650159815117,17.44892873995592,230016.535912,33.86758900000132,230065.143453,27.799999237060547
dram,2.846861039,1.2794160000012198,0.4494765404552933,0.446231170582809,25479.968401,0.9024630000021716,25481.247817,27.799999237060547
core,2.8470524,44.54663900000742,15.649850546354815,16.01652802007779,148439.292052,31.01670499998727,148483.838691,27.799999237060547
uncore,2.847242383,0.008117999999996073,0.002851965705767965,0.0,92.037178,0.008117999999996073,92.045296,27.799999237060547
