zone,time_elapsed,power_j,watts,watts_since_last,start_power,prev_power,prev_power_reading,temp
package-0,0.00036277,0.0,0.0,0.0,218168.870807,0.0,218168.870807,27.799999237060547
dram,0.000478428,0.0,0.0,0.0,25169.982195,0.0,25169.982195,27.799999237060547
core,0.00057084,0.0073850000044330955,31.656421750268322,0.0,137580.352505,0.0,137580.35989,27.799999237060547
uncore,0.000656941,0.0,0.0,0.0,90.123792,0.0,90.123792,27.799999237060547
package-0,1.000903633,16.512897000007797,16.500303077682542,16.504150328466523,218168.870807,0.0,218185.383704,27.799999237060547
dram,1.001005715,0.45709100000021863,0.4567423895444293,0.4568488847104864,25169.982195,0.0,25170.439286,27.799999237060547
core,1.001098148,15.082969000010053,15.071465643571734,15.06759865488169,137580.352505,0.0073850000044330955,137595.435474,27.799999237060547
uncore,1.001188891,0.00897199999999998,0.008965157307824155,0.008967247645699684,90.123792,0.0,90.132764,27.799999237060547
package-0,2.001402,34.01865099999122,16.99835399739976,17.496522204993273,218168.870807,16.512897000007797,218202.889458,27.799999237060547
dram,2.001498338,0.902341000000888,0.45087948209312445,0.44501519396378714,25169.982195,0.45709100000021863,25170.884536,27.799999237060547
core,2.001587927,31.154217000002973,15.567060818431534,16.062772702855078,137580.352505,15.082969000010053,137611.506722,27.799999237060547
uncore,2.001677409,0.00897199999999998,0.004483106401388746,0.0,90.123792,0.00897199999999998,90.132764,27.799999237060547
package-0,2.859316624,48.99938600001042,17.137413964176083,17.461804625261486,218168.870807,34.01865099999122,218217.870193,27.799999237060547
dram,2.859409996,1.2849700000006123,0.44941507678388365,0.44599900084647404,25169.982195,0.902341000000888,25171.267165,27.799999237060547
core,2.859496401,44.908393000019714,15.706599288960104,16.032106174593245,137580.352505,31.154217000002973,137625.260898,27.799999237060547
uncore,2.859580901,0.00897199999999998,0.0031379347913983,0.0,90.123792,0.00897199999999998,90.132764,27.799999237060547
