zone,time_elapsed,power_j,watts,watts_since_last,start_power,prev_power,prev_power_reading,temp
package-0,0.000424603,0.0,0.0,0.0,234358.39882,0.0,234358.39882,27.799999237060547
dram,0.000537363,0.0,0.0,0.0,25593.505525,0.0,25593.505525,27.799999237060547
core,0.000618874,0.005615000001853332,17.98739761551924,0.0,152418.881901,0.0,152418.887516,27.799999237060547
uncore,0.000697958,0.0,0.0,0.0,92.731024,0.0,92.731024,27.799999237060547
package-0,1.000940992,16.877703000005567,16.86415851736403,16.869420300201792,234358.39882,0.0,234375.276523,27.799999237060547
dram,1.001036825,0.45580899999913527,0.45544320987423836,0.45558531262207624,25593.505525,0.0,25593.961334,27.799999237060547
core,1.001117213,15.45223100000294,15.439830469281874,15.439035603349232,152418.881901,0.005615000001853332,152434.334132,27.799999237060547
uncore,1.001195872,0.007080000000001974,0.007074318247153136,0.007076525503821378,92.731024,0.0,92.738104,27.799999237060547
package-0,2.00140039,34.19827600001008,17.08806999725957,17.31205105631179,234358.39882,16.877703000005567,234392.597096,27.799999237060547
dram,2.001486461,0.9011819999977888,0.45029933954062623,0.44515387077999274,25593.505525,0.45580899999913527,25594.406707,27.799999237060547
core,2.001603436,31.334820000018226,15.657268732250792,15.874774562862846,152418.881901,15.45223100000294,152450.216721,27.799999237060547
uncore,2.001683645,0.007080000000001974,0.0035377086137498804,0.0,92.731024,0.007080000000001974,92.738104,27.799999237060547
package-0,2.826437799,48.505002999998396,17.161916364798135,17.34104929035667,234358.39882,34.19827600001008,234406.903823,27.799999237060547
dram,2.826522257,1.2691009999980452,0.4490300767623671,0.44595116086777864,25593.505525,0.9011819999977888,25594.774626,27.799999237060547
core,2.82660027,44.4650959999999,15.732526780891934,15.91508409378717,152418.881901,31.334820000018226,152463.346997,27.799999237060547
uncore,2.82667642,0.007080000000001974,0.0025050275301046507,0.0,92.731024,0.007080000000001974,92.738104,27.799999237060547
