zone,time_elapsed,power_j,watts,watts_since_last,start_power,prev_power,prev_power_reading,temp
package-0,0.000326841,0.0,0.0,0.0,224455.309548,0.0,224455.309548,27.799999237060547
dram,0.00048119,0.0,0.0,0.0,25334.460229,0.0,25334.460229,27.799999237060547
core,0.00056226,0.005432000005384907,22.496200268301592,0.0,143342.367051,0.0,143342.372483,27.799999237060547
uncore,0.000640816,0.0,0.0,0.0,91.128184,0.0,91.128184,27.799999237060547
package-0,1.000882169,16.72462700001779,16.71218947108181,16.716222818698352,224455.309548,0.0,224472.034175,27.799999237060547
dram,1.000977643,0.45593100000041886,0.4555919398225561,0.45570189313943166,25334.460229,0.0,25334.91616,27.799999237060547
core,1.001058669,15.282248000003165,15.270883118639494,15.269139348575449,143342.367051,0.005432000005384907,143357.649299,27.799999237060547
uncore,1.001137686,0.007506999999989716,0.0075014173027061135,0.007503227707240536,91.128184,0.0,91.135691,27.799999237060547
package-0,2.001341421,33.97848900000099,16.978733534856637,17.245344283007004,224455.309548,16.72462700001779,224489.288037,27.799999237060547
dram,2.001427745,0.9013029999987339,0.4503726893548724,0.4451521331276334,25334.460229,0.45593100000041886,25335.361532,27.799999237060547
core,2.001507235,31.116313999984413,15.548531425062752,15.826249193936874,143342.367051,15.282248000003165,143373.483365,27.799999237060547
uncore,2.001584646,0.007506999999989716,0.003751177771500977,0.0,91.128184,0.007506999999989716,91.135691,27.799999237060547
package-0,2.835940824,48.401121000002604,17.067703417713325,17.281040899298855,224455.309548,33.97848900000099,224503.710669,27.799999237060547
dram,2.836028323,1.2744710000006307,0.4494171331793351,0.447125841548312,25334.460229,0.9013029999987339,25335.7347,27.799999237060547
core,2.836108321,44.341133999987505,15.636028849762189,15.84583558021125,143342.367051,31.116313999984413,143386.708185,27.799999237060547
uncore,2.8361865269999997,0.007506999999989716,0.0026471959101234768,0.0,91.128184,0.007506999999989716,91.135691,27.799999237060547
