zone,time_elapsed,power_j,watts,watts_since_last,start_power,prev_power,prev_power_reading,temp
package-0,0.000519602,0.0,0.0,0.0,234260.511192,0.0,234260.511192,27.799999237060547
dram,0.000739258,0.0006710000016028062,1.894859316164212,0.0,25590.950295,0.0,25590.950966,27.799999237060547
core,0.000917645,0.011292000010143965,31.887855985450997,0.0,152329.176503,0.0,152329.187795,27.799999237060547
uncore,0.001070873,0.0,0.0,0.0,92.713873,0.0,92.713873,27.799999237060547
package-0,1.001310908,16.649187999981223,16.62962859667764,16.635512577240952,234260.511192,0.0,234277.16038,27.799999237060547
dram,1.001407743,0.45617500000298605,0.4556390873325255,0.4551298550424874,25590.950295,0.0006710000016028062,25591.40647,27.799999237060547
core,1.001492222,15.206443000002764,15.188578528086758,15.182669904005994,152329.176503,0.011292000010143965,152344.382946,27.799999237060547
uncore,1.001575126,0.008361999999991099,0.008352176353911509,0.008355131563827476,92.713873,0.0,92.722235,27.799999237060547
package-0,2.001784782,34.112338999984786,17.04187348984766,17.454396346065078,234260.511192,16.649187999981223,234294.623531,27.799999237060547
dram,2.001874872,0.9017920000005688,0.4505180714278563,0.44539360259214983,25590.950295,0.45617500000298605,25591.852087,27.799999237060547
core,2.001958386,31.22752000001492,15.600672977662986,16.013045288847493,152329.176503,15.206443000002764,152360.404023,27.799999237060547
uncore,2.002082069,0.008361999999991099,0.004177495601284275,0.0,92.713873,0.008361999999991099,92.722235,27.799999237060547
package-0,2.844556754,48.86352199999965,17.17863366483845,17.503459720419904,234260.511192,34.112338999984786,234309.374714,27.799999237060547
dram,2.844749212,1.2778280000020459,0.44923775856166265,0.44619682227839236,25590.950295,0.9017920000005688,25592.228123,27.799999237060547
core,2.84493777,44.766975000005914,15.73843702482372,16.065647428314158,152329.176503,31.22752000001492,152373.943478,27.799999237060547
uncore,2.845127835,0.008361999999991099,0.0029397744744070484,0.0,92.713873,0.008361999999991099,92.722235,27.799999237060547
