zone,time_elapsed,power_j,watts,watts_since_last,start_power,prev_power,prev_power_reading,temp
package-0,0.000533172,0.0,0.0,0.0,233725.279164,0.0,233725.279164,27.799999237060547
dram,0.000683763,0.0,0.0,0.0,25576.924574,0.0,25576.924574,27.799999237060547
core,0.000823618,0.011169999983394518,30.247722575022255,0.0,151838.670068,0.0,151838.681238,27.799999237060547
uncore,0.000950154,0.0,0.0,0.0,92.633735,0.0,92.633735,27.799999237060547
package-0,1.001289249,16.843278999993345,16.825552590491604,16.831761749194126,233725.279164,0.0,233742.122443,27.799999237060547
dram,1.001453366,0.45611400000052527,0.45563397093115643,0.45580211421326,25576.924574,0.0,25577.380688,27.799999237060547
core,1.001642927,15.410177999990992,15.393959832155462,15.388478325993686,151838.670068,0.011169999983394518,151854.080246,27.799999237060547
uncore,1.001832095,0.007750999999998953,0.007742842597865555,0.007745699950587863,92.633735,0.0,92.641486,27.799999237060547
package-0,2.002137899,33.99173399998108,16.979413854578677,17.13330110915572,233725.279164,16.843278999993345,233759.270898,27.799999237060547
dram,2.002344625,0.9018529999993916,0.4504899727384174,0.4453451056133046,25576.924574,0.45611400000052527,25577.826427,27.799999237060547
core,2.002550908,31.131817999994382,15.55084015036187,15.707746969041683,151838.670068,15.410177999990992,151869.801886,27.799999237060547
uncore,2.002755487,0.007750999999998953,0.0038717482546461093,0.0,92.633735,0.007750999999998953,92.641486,27.799999237060547
package-0,2.822268415,48.15716400000383,17.064576343492796,17.27246148123625,233725.279164,33.99173399998108,233773.436328,27.799999237060547
dram,2.822457746,1.2675749999980326,0.4491674459602228,0.4459391037057868,25576.924574,0.9018529999993916,25578.192149,27.799999237060547
core,2.82264645,44.1259859999991,15.636121280497727,15.844296026342562,151838.670068,31.131817999994382,151882.796054,27.799999237060547
uncore,2.822834201,0.007750999999998953,0.0027465805760153207,0.0,92.633735,0.007750999999998953,92.641486,27.799999237060547
