zone,time_elapsed,power_j,watts,watts_since_last,start_power,prev_power,prev_power_reading,temp
package-0,0.000733485,0.0,0.0,0.0,149779.686021,0.0,149779.686021,27.799999237060547
dram,0.000946339,0.0007330000007641502,1.295110209398207,0.0,40288.812204,0.0,40288.812937,27.799999237060547
core,0.00103725,0.009705000000394648,17.1474005042531,0.0,20253.345123,0.0,20253.354828,27.799999237060547
uncore,0.001123344,0.0,0.0,0.0,63.17037,0.0,63.17037,27.799999237060547
package-0,1.001473355,16.876725999987684,16.855902555089177,16.865436192673126,149779.686021,0.0,149796.562747,27.799999237060547
dram,1.001687015,0.46124199999758275,0.46067289391789445,0.460200939187122,40288.812204,0.0007330000007641502,40289.273446,27.799999237060547
core,1.001900787,15.29482199999984,15.275950396399136,15.274891910979775,20253.345123,0.009705000000394648,20268.639945,27.799999237060547
uncore,1.002112269,0.007446000000001618,0.007436812710315549,0.007441018944714931,63.17037,0.0,63.177816,27.799999237060547
package-0,2.002409947,34.546298000001116,17.25398555899471,17.652167756952625,149779.686021,16.876725999987684,149814.232319,27.799999237060547
dram,2.002625743,0.9103370000011637,0.4546635200054761,0.4486526486813503,40288.812204,0.46124199999758275,40289.722541,27.799999237060547
core,2.002826597,31.385418000001664,15.67529895489884,16.07474702280096,20253.345123,15.29482199999984,20284.730541,27.799999237060547
uncore,2.003037584,0.007446000000001618,0.0037188695724299716,0.0,63.17037,0.007446000000001618,63.177816,27.799999237060547
package-0,2.652321807,46.02606599999126,17.354279164892795,17.663253872913458,149779.686021,34.546298000001116,149825.712087,27.799999237060547
dram,2.652495888,1.2023899999985588,0.45336509370699635,0.44936502926752625,40288.812204,0.9103370000011637,40290.014594,27.799999237060547
core,2.652648539,41.83589199999915,15.774360313141434,16.079538833397628,20253.345123,31.385418000001664,20295.181015,27.799999237060547
uncore,2.6527966530000002,0.007446000000001618,0.0028075387251616153,0.0,63.17037,0.007446000000001618,63.177816,27.799999237060547
