zone,time_elapsed,power_j,watts,watts_since_last,start_power,prev_power,prev_power_reading,temp
package-0,0.000681444,0.0,0.0,0.0,149734.147136,0.0,149734.147136,27.799999237060547
dram,0.000893586,0.0007939999995869584,1.6448595024547734,0.0,40287.619641,0.0,40287.620435,27.799999237060547
core,0.001075197,0.012146000000939239,25.161792857372117,0.0,20211.957412,0.0,20211.969558,27.799999237060547
uncore,0.001166837,0.0,0.0,0.0,63.163595,0.0,63.163595,27.799999237060547
package-0,1.001570842,16.840532999980496,16.818863357785105,16.826975556255746,149734.147136,0.0,149750.987669,27.799999237060547
dram,1.001805973,0.4616080000050715,0.4610140235439552,0.4604430224436307,40287.619641,0.0007939999995869584,40288.081249,27.799999237060547
core,1.002006392,15.259543000000122,15.239907704794465,15.235122107822274,20211.957412,0.012146000000939239,20227.216955,27.799999237060547
uncore,1.002218985,0.006774999999997533,0.006766282234005572,0.006769545797257319,63.163595,0.0,63.17037,27.799999237060547
package-0,2.002508841,34.453951999981655,17.207001441644312,17.595238455937984,149734.147136,16.840532999980496,149768.601088,27.799999237060547
dram,2.002750616,0.9106420000025537,0.4547930584820616,0.44857050779174873,40287.619641,0.4616080000050715,40288.530283,27.799999237060547
core,2.003584598,31.304424000001745,15.63406336951307,16.02831949845505,20211.957412,15.259543000000122,20243.261836,27.799999237060547
uncore,2.003796484,0.006774999999997533,0.003383572217409481,0.0,63.163595,0.006774999999997533,63.17037,27.799999237060547
package-0,2.62716833,45.52521299998625,17.33003010686126,17.724410088079818,149734.147136,34.453951999981655,149779.672349,27.799999237060547
dram,2.627363934,1.1920140000001993,0.4537625888276417,0.4504593212335427,40287.619641,0.9106420000025537,40288.811655,27.799999237060547
core,2.62755197,41.368546000001515,15.74771649409565,16.112042296210692,20211.957412,31.304424000001745,20253.325958,27.799999237060547
uncore,2.6277408749999998,0.006774999999997533,0.0025790314034110666,0.0,63.163595,0.006774999999997533,63.17037,27.799999237060547
