zone,time_elapsed,power_j,watts,watts_since_last,start_power,prev_power,prev_power_reading,temp
package-0,0.000374382,0.0,0.0,0.0,145341.82409,0.0,145341.82409,27.799999237060547
dram,0.000487134,0.0,0.0,0.0,40173.338989,0.0,40173.338989,27.799999237060547
core,0.000572738,0.005798000000140746,23.32560908942722,0.0,16198.433629,0.0,16198.439427,27.799999237060547
uncore,0.000657089,0.0,0.0,0.0,62.407188,0.0,62.407188,27.799999237060547
package-0,1.000996055,16.860491999977967,16.847743076923255,16.851928759786396,145341.82409,0.0,145358.684582,27.799999237060547
dram,1.001199181,0.45580899999913527,0.45546434375371603,0.45557750011476195,40173.338989,0.0,40173.794798,27.799999237060547
core,1.001339974,15.41548800000055,15.403831704895811,15.401863604617178,16198.433629,0.005798000000140746,16213.849117,27.799999237060547
uncore,1.001552306,0.006835999999999842,0.006830831014539506,0.006832528078187024,62.407188,0.0,62.414024,27.799999237060547
package-0,2.001852923,34.2930650000053,17.132368323057744,17.416953737170147,145341.82409,16.860491999977967,145376.117155,27.799999237060547
dram,2.002065317,0.9015479999943636,0.4504016306742227,0.44533962609863753,40173.338989,0.45580899999913527,40174.240537,27.799999237060547
core,2.002276495,31.425945000000866,15.699992539018794,15.996111926766071,16198.433629,15.41548800000055,16229.859574,27.799999237060547
uncore,2.002486942,0.006835999999999842,0.003415176504532387,0.0,62.407188,0.006835999999999842,62.414024,27.799999237060547
package-0,2.631269964,45.25141100000474,17.198714480079392,17.40969916430401,145341.82409,34.2930650000053,145387.075501,27.799999237060547
dram,2.6314430890000002,1.182186999998521,0.4493140926596532,0.4458556577647524,40173.338989,0.9015479999943636,40174.521176,27.799999237060547
core,2.631615305,41.46821700000146,15.7608350418272,15.954317781728452,16198.433629,31.425945000000866,16239.901846,27.799999237060547
uncore,2.6317868989999997,0.006835999999999842,0.0025981601366155786,0.0,62.407188,0.006835999999999842,62.414024,27.799999237060547
