zone,time_elapsed,power_j,watts,watts_since_last,start_power,prev_power,prev_power_reading,temp
package-0,0.000380285,0.0,0.0,0.0,152044.522996,0.0,152044.522996,27.799999237060547
dram,0.000493391,0.0006720000019413419,2.5188916949342612,0.0,40347.782512,0.0,40347.783184,27.799999237060547
core,0.000577967,0.005432000001746928,20.361041148445665,0.0,22312.722725,0.0,22312.728157,27.799999237060547
uncore,0.000659207,0.0,0.0,0.0,63.560567,0.0,63.560567,27.799999237060547
package-0,1.000898047,17.35493599998881,17.3415444085164,17.3461685178808,152044.522996,0.0,152061.877932,27.799999237060547
dram,1.000995095,0.46142500000132713,0.4610689505699043,0.46052023373140816,40347.782512,0.0006720000019413419,40348.243937,27.799999237060547
core,1.001076105,15.761617000000115,15.74945486147026,15.748225185564127,22312.722725,0.005432000001746928,22328.484342,27.799999237060547
uncore,1.001155659,0.008178000000000907,0.008171689608821045,0.008173868583516318,63.560567,0.0,63.568745,27.799999237060547
package-0,2.001354484,35.09060799999861,17.53433963714948,17.727191488873437,152044.522996,17.35493599998881,152079.613604,27.799999237060547
dram,2.001441748,0.9105200000049081,0.454975500182386,0.44888026017591537,40347.782512,0.46142500000132713,40348.693032,27.799999237060547
core,2.001522161,31.92740799999956,15.953728006247648,16.158061145128226,22312.722725,15.761617000000115,22344.650133,27.799999237060547
uncore,2.001601122,0.008178000000000907,0.004086444713429588,0.0,63.560567,0.008178000000000907,63.568745,27.799999237060547
package-0,2.615629635,45.93860299998778,17.563837419691424,17.65993900928414,152044.522996,35.09060799999861,152090.461599,27.799999237060547
dram,2.61571777,1.186703999999736,0.45371593300950835,0.44961235650031756,40347.782512,0.9105200000049081,40348.969216,27.799999237060547
core,2.6157984450000002,41.79188499999873,15.97841087162824,16.05882581791801,22312.722725,31.92740799999956,22354.51461,27.799999237060547
uncore,2.615935664,0.008178000000000907,0.003126718120233012,0.0,63.560567,0.008178000000000907,63.568745,27.799999237060547
