zone,time_elapsed,power_j,watts,watts_since_last,start_power,prev_power,prev_power_reading,temp
package-0,0.000604039,0.017395000002579764,40.46816985366729,0.0,148219.478589,0.0,148219.495984,27.799999237060547
dram,0.000823101,0.0006720000019413419,1.563357873882948,0.0,40248.172171,0.0,40248.172843,27.799999237060547
core,0.001020573,0.011963000000832835,27.831027072223492,0.0,18834.736328,0.0,18834.748291,27.799999237060547
uncore,0.001166488,0.0,0.0,0.0,62.909812,0.0,62.909812,27.799999237060547
package-0,1.001417729,17.45198199999868,17.429773505491188,17.41987894328743,148219.478589,0.017395000002579764,148236.930571,27.799999237060547
dram,1.001518034,0.4625240000023041,0.4619354157536133,0.4614623753188593,40248.172171,0.0006720000019413419,40248.634695,27.799999237060547
core,1.001603363,15.851399999999558,15.831228323806211,15.826074633707545,18834.736328,0.011963000000832835,18850.587728,27.799999237060547
uncore,1.001687172,0.008544000000000551,0.008533127345131205,0.008536792164419537,62.909812,0.0,62.918356,27.799999237060547
package-0,2.001922301,35.35623299999861,17.66236618209943,17.895136666887886,148219.478589,17.45198199999868,148254.834822,27.799999237060547
dram,2.002015085,0.911314000004495,0.45525103239798725,0.44856153908766433,40248.172171,0.4625240000023041,40249.083485,27.799999237060547
core,2.002100444,32.18442700000014,16.07787614237842,16.324712513747794,18834.736328,15.851399999999558,18866.920755,27.799999237060547
uncore,2.00218357,0.008544000000000551,0.004268193861599261,0.0,62.909812,0.008544000000000551,62.918356,27.799999237060547
package-0,2.60982293,46.245670000003884,17.720681619775387,17.91270601853967,148219.478589,35.35623299999861,148265.724259,27.799999237060547
dram,2.6099889469999997,1.1845680000042194,0.4539095743460328,0.44949234477252864,40248.172171,0.911314000004495,40249.356739,27.799999237060547
core,2.610174713,42.113844999999856,16.13742516930784,16.333511601114445,18834.736328,32.18442700000014,18876.850173,27.799999237060547
uncore,2.610364273,0.008544000000000551,0.0032739390251964773,0.0,62.909812,0.008544000000000551,62.918356,27.799999237060547
