zone,time_elapsed,power_j,watts,watts_since_last,start_power,prev_power,prev_power_reading,temp
package-0,0.000357067,0.0,0.0,0.0,162261.137955,0.0,162261.137955,27.799999237060547
dram,0.000511847,0.0,0.0,0.0,40614.318146,0.0,40614.318146,27.799999237060547
core,0.000611124,0.008117999997921288,35.509015029093455,0.0,31619.840378,0.0,31619.848496,27.799999237060547
uncore,0.00069107,0.0,0.0,0.0,65.30513,0.0,65.30513,27.799999237060547
package-0,1.000926261,17.19331499998225,17.17982231113553,17.183747742221794,162261.137955,0.0,162278.33127,27.799999237060547
dram,1.001021187,0.4610580000007758,0.4606961784361556,0.46080144326761924,40614.318146,0.0,40614.779204,27.799999237060547
core,1.001102781,15.620748999997886,15.608490403804547,15.603943317310732,31619.840378,0.008117999997921288,31635.461127,27.799999237060547
uncore,1.001182324,0.006896999999995046,0.006891587485016064,0.006893162149250505,65.30513,0.0,65.312027,27.799999237060547
package-0,2.001382092,34.85904099998879,17.418393090517988,17.65703376011305,162261.137955,17.19331499998225,162295.996996,27.799999237060547
dram,2.001469365,0.9102150000035181,0.4548169488355175,0.44893599689232017,40614.318146,0.4610580000007758,40615.228361,27.799999237060547
core,2.001550301,31.697489999998652,15.838626794205755,16.0688306039334,31619.840378,15.620748999997886,31651.537868,27.799999237060547
uncore,2.001629059,0.006896999999995046,0.0034462983977457924,0.0,65.30513,0.006896999999995046,65.312027,27.799999237060547
package-0,2.622546534,45.82550499998615,17.474376209828357,17.65474411070055,162261.137955,34.85904099998879,162306.96346,27.799999237060547
dram,2.622633522,1.1894500000053085,0.45356612617535547,0.44953619250327775,40614.318146,0.9102150000035181,40615.507596,27.799999237060547
core,2.622713711,41.68543999999747,15.895669039160687,16.079449259168054,31619.840378,31.697489999998652,31661.525818,27.799999237060547
uncore,2.622792417,0.006896999999995046,0.0026299933349154805,0.0,65.30513,0.006896999999995046,65.312027,27.799999237060547
