zone,time_elapsed,power_j,watts,watts_since_last,start_power,prev_power,prev_power_reading,temp
package-0,0.000744812,0.0,0.0,0.0,157584.868554,0.0,157584.868554,27.799999237060547
dram,0.000961378,0.0,0.0,0.0,40492.174171,0.0,40492.174171,27.799999237060547
core,0.001120077,0.010620000000926666,18.826215595492815,0.0,27349.881766,0.0,27349.892386,27.799999237060547
uncore,0.001258864,0.0,0.0,0.0,64.499285,0.0,64.499285,27.799999237060547
package-0,1.001501842,17.2041180000233,17.180689261040765,17.1903732651754,157584.868554,0.0,157602.072672,27.799999237060547
dram,1.001600986,0.46148600000014994,0.4608575437760016,0.46111730904453035,40492.174171,0.0,40492.635657,27.799999237060547
core,1.001685409,15.615194000001793,15.59392907352389,15.592107174788193,27349.881766,0.010620000000926666,27365.49696,27.799999237060547
uncore,1.001768347,0.008544999999998026,0.008533363334020414,0.008538173218219668,64.499285,0.0,64.50783,27.799999237060547
package-0,2.001977608,34.89340400000219,17.430288681512703,17.68009866047067,157584.868554,17.2041180000233,157619.761958,27.799999237060547
dram,2.002067825,0.9102150000035181,0.4546793489194522,0.4484959422264617,40492.174171,0.46148600000014994,40493.084386,27.799999237060547
core,2.002151194,31.733378000000812,15.8517621089517,16.10981264862485,27349.881766,15.615194000001793,27381.615144,27.799999237060547
uncore,2.002233253,0.008544999999998026,0.004268480563933582,0.0,64.499285,0.008544999999998026,64.50783,27.799999237060547
package-0,2.632392939,45.997013000014704,17.474202647647683,17.61365529200106,157584.868554,34.89340400000219,157630.865567,27.799999237060547
dram,2.6324958499999997,1.1940279999980703,0.45360961240950753,0.45021257046128954,40492.174171,0.9102150000035181,40493.368199,27.799999237060547
core,2.632683979,41.83107000000018,15.89156657080548,16.017969124505846,27349.881766,31.733378000000812,27391.712836,27.799999237060547
uncore,2.632877493,0.008544999999998026,0.0032462338722748633,0.0,64.499285,0.008544999999998026,64.50783,27.799999237060547
