zone,time_elapsed,power_j,watts,watts_since_last,start_power,prev_power,prev_power_reading,temp
package-0,0.000671332,0.0,0.0,0.0,144459.256526,0.0,144459.256526,27.799999237060547
dram,0.000815025,0.0006710000016028062,1.1946920803182155,0.0,40150.232603,0.0,40150.233274,27.799999237060547
core,0.000916499,0.007873999998992076,14.01938214120882,0.0,15389.821685,0.0,15389.829559,27.799999237060547
uncore,0.00104221,0.0,0.0,0.0,62.255577,0.0,62.255577,27.799999237060547
package-0,1.0012949,17.41804599997704,17.398017628257616,17.40778348493247,144459.256526,0.0,144476.674572,27.799999237060547
dram,1.001392505,0.45593100000405684,0.4554067416833186,0.45499176597670726,40150.232603,0.0006710000016028062,40150.688534,27.799999237060547
core,1.001478281,15.96895399999994,15.950591885978495,15.951675912790027,15389.821685,0.007873999998992076,15405.790639,27.799999237060547
uncore,1.001562314,0.008057000000000869,0.008047735551454596,0.008052252907031071,62.255577,0.0,62.263634,27.799999237060547
package-0,2.001771818,35.018647999997484,17.49477021437341,17.59158455377818,144459.256526,17.41804599997704,144494.275174,27.799999237060547
dram,2.001863338,0.9016700000065612,0.4504602650367882,0.4455106312529241,40150.232603,0.45593100000405684,40151.134273,27.799999237060547
core,2.001948314,32.12565099999847,16.04947404686123,16.14841932025497,15389.821685,15.96895399999994,15421.947336,27.799999237060547
uncore,2.002031906,0.008057000000000869,0.004025151502628882,0.0,62.255577,0.008057000000000869,62.263634,27.799999237060547
package-0,2.6122995319999998,45.69910099997651,17.49465460410129,17.4942755564191,144459.256526,35.018647999997484,144504.955627,27.799999237060547
dram,2.6124039850000003,1.173703000000387,0.44932018668846063,0.44558224846274685,40150.232603,0.9016700000065612,40151.406306,27.799999237060547
core,2.61259365,41.939650999998776,16.05545169175006,16.0750504038583,15389.821685,32.12565099999847,15431.761336,27.799999237060547
uncore,2.612790211,0.008057000000000869,0.003084402735741601,0.0,62.255577,0.008057000000000869,62.263634,27.799999237060547
