zone,time_elapsed,power_j,watts,watts_since_last,start_power,prev_power,prev_power_reading,temp
package-0,0.00032748,0.0,0.0,0.0,151998.558148,0.0,151998.558148,27.799999237060547
dram,0.000441859,0.0,0.0,0.0,40346.588545,0.0,40346.588545,27.799999237060547
core,0.000526284,0.0064089999978023116,32.03955326495652,0.0,22270.91613,0.0,22270.922539,27.799999237060547
uncore,0.000608362,0.0,0.0,0.0,63.552998,0.0,63.552998,27.799999237060547
package-0,1.00084147,17.193436999979895,17.18129230042958,17.184727402068525,151998.558148,0.0,152015.751585,27.799999237060547
dram,1.00093834,0.46160799999779556,0.46128194009075074,0.46137416542052884,40346.588545,0.0,40347.050153,27.799999237060547
core,1.001020046,15.600728999997955,15.589709320426554,15.586420459210176,22270.91613,0.0064089999978023116,22286.516859,27.799999237060547
uncore,1.001100109,0.007568999999996606,0.0075636535860773655,0.007565165807531702,63.552998,0.0,63.560567,27.799999237060547
package-0,2.001301372,34.87698599998839,17.428070377783712,17.674902137409543,151998.558148,17.193436999979895,152033.435134,27.799999237060547
dram,2.001388501,0.9104599999991478,0.454957918558312,0.4486325213451574,40346.588545,0.46160799999779556,40347.499005,27.799999237060547
core,2.001469468,31.71250499999951,15.846775549813659,16.103897699480708,22270.91613,15.600728999997955,22302.628635,27.799999237060547
uncore,2.001548599,0.007568999999996606,0.0037822380835726365,0.0,63.552998,0.007568999999996606,63.560567,27.799999237060547
package-0,2.630574256,45.94849099998828,17.467806026185162,17.594172577481043,151998.558148,34.87698599998839,152044.506639,27.799999237060547
dram,2.630663815,1.1939669999992475,0.4538992141800347,0.45053234270550585,40346.588545,0.9104599999991478,40347.782512,27.799999237060547
core,2.630744203,41.79426599999715,15.888533346936729,16.021330697035147,22270.91613,31.71250499999951,22312.710396,27.799999237060547
uncore,2.630823119,0.007568999999996606,0.0028774356009247386,0.0,63.552998,0.007568999999996606,63.560567,27.799999237060547
