zone,time_elapsed,power_j,watts,watts_since_last,start_power,prev_power,prev_power_reading,temp
package-0,0.000391466,0.0,0.0,0.0,151446.989491,0.0,151446.989491,27.799999237060547
dram,0.000595845,0.0,0.0,0.0,40332.219259,0.0,40332.219259,27.799999237060547
core,0.000728781,0.009033000002091285,39.22343419812452,0.0,21769.425837,0.0,21769.43487,27.799999237060547
uncore,0.000855724,0.0,0.0,0.0,63.456319,0.0,63.456319,27.799999237060547
package-0,1.001094328,17.041705000010552,17.025444338631612,17.029362390619628,151446.989491,0.0,151464.031196,27.799999237060547
dram,1.001195006,0.4616680000035558,0.46122749085159326,0.46133363276786377,40332.219259,0.0,40332.680927,27.799999237060547
core,1.001280824,15.453818000001775,15.439072450685574,15.433598974400622,21769.425837,0.009033000002091285,21784.879655,27.799999237060547
uncore,1.001365679,0.006470000000000198,0.006463826528559301,0.0064653140438262575,63.456319,0.0,63.462789,27.799999237060547
package-0,2.001574783,34.752963000006275,17.363753391264122,17.702212611906354,151446.989491,17.041705000010552,151481.742454,27.799999237060547
dram,2.001666697,0.9102760000023409,0.45480461571072756,0.4483788895956739,40332.219259,0.4616680000035558,40333.129535,27.799999237060547
core,2.0017515,31.59360800000286,15.785232990125762,16.131547182679412,21769.425837,15.453818000001775,21801.019445,27.799999237060547
uncore,2.001834533,0.006470000000000198,0.0032326303930246764,0.0,63.456319,0.006470000000000198,63.462789,27.799999237060547
package-0,2.640764327,46.03619900002377,17.43382702510615,17.6532560211743,151446.989491,34.752963000006275,151493.02569,27.799999237060547
dram,2.640868911,1.1974450000052457,0.45347030066836985,0.44929201856524326,40332.219259,0.9102760000023409,40333.416704,27.799999237060547
core,2.641058226,41.87013200000001,15.856144830853328,16.07819859297551,21769.425837,31.59360800000286,21811.295969,27.799999237060547
uncore,2.6412526720000002,0.006470000000000198,0.0024501775407735553,0.0,63.456319,0.006470000000000198,63.462789,27.799999237060547
