zone,time_elapsed,power_j,watts,watts_since_last,start_power,prev_power,prev_power_reading,temp
package-0,0.000396158,0.0,0.0,0.0,156108.087483,0.0,156108.087483,27.799999237060547
dram,0.000571846,0.0006720000019413419,3.022479701446211,0.0,40453.727553,0.0,40453.728225,27.799999237060547
core,0.000709427,0.009765999999217456,43.924905768876805,0.0,26007.07429,0.0,26007.084056,27.799999237060547
uncore,0.000803611,0.0,0.0,0.0,64.254596,0.0,64.254596,27.799999237060547
package-0,1.001057256,17.410722000000533,17.3944607188197,17.39832534522555,156108.087483,0.0,156125.498205,27.799999237060547
dram,1.001157904,0.4613640000025043,0.4609330948550467,0.4603639814564956,40453.727553,0.0006720000019413419,40454.188917,27.799999237060547
core,1.001242571,15.823750999999902,15.808971919365195,15.802725242211105,26007.07429,0.009765999999217456,26022.898041,27.799999237060547
uncore,1.001325989,0.006407999999993308,0.00640201505061518,0.0064034374227608425,64.254596,0.0,64.261004,27.799999237060547
package-0,2.00153409,35.25912599998992,17.61700344185868,17.839644894902793,156108.087483,17.410722000000533,156143.346609,27.799999237060547
dram,2.00162598,0.9105210000052466,0.45493616577397933,0.448936576184265,40453.727553,0.4613640000025043,40454.638074,27.799999237060547
core,2.001710679,32.083535999998276,16.03033961020838,16.251805509759333,26007.07429,15.823750999999902,26039.157826,27.799999237060547
uncore,2.001793455,0.006407999999993308,0.003201717423606723,0.0,64.254596,0.006407999999993308,64.261004,27.799999237060547
package-0,2.61527926,46.185367999976734,17.6605780638124,17.802675945234782,156108.087483,35.25912599998992,156154.272851,27.799999237060547
dram,2.615383242,1.1857880000025034,0.4534271880476679,0.4485063756938589,40453.727553,0.9105210000052466,40454.913341,27.799999237060547
core,2.615573526,42.056106,16.081611454808442,16.248810162855168,26007.07429,32.083535999998276,26049.130396,27.799999237060547
uncore,2.6157688500000003,0.006407999999993308,0.00245032115437185,0.0,64.254596,0.006407999999993308,64.261004,27.799999237060547
