zone,time_elapsed,power_j,watts,watts_since_last,start_power,prev_power,prev_power_reading,temp
package-0,0.000378569,0.0,0.0,0.0,147578.009833,0.0,147578.009833,27.799999237060547
dram,0.000493974,0.0,0.0,0.0,40231.510959,0.0,40231.510959,27.799999237060547
core,0.000578493,0.005553999999392545,24.660222623079306,0.0,18248.379736,0.0,18248.38529,27.799999237060547
uncore,0.000660416,0.0,0.0,0.0,62.80123,0.0,62.80123,27.799999237060547
package-0,1.000900351,16.972185999999056,16.95930076422022,16.963118314214835,147578.009833,0.0,147594.982019,27.799999237060547
dram,1.00099643,0.456054000002041,0.4557077650905271,0.4558103452145755,40231.510959,0.0,40231.967013,27.799999237060547
core,1.001083285,15.521872000001167,15.51008783852374,15.508028137037037,18248.379736,0.005553999999392545,18263.901608,27.799999237060547
uncore,1.001198041,0.00665300000000002,0.006647949061150033,0.006649445518949529,62.80123,0.0,62.807883,27.799999237060547
package-0,2.001371639,34.52127399999881,17.249706318222763,17.54018507564036,147578.009833,16.972185999999056,147612.531107,27.799999237060547
dram,2.001459484,0.9013039999990724,0.4503666146105727,0.4450241177705023,40231.510959,0.456054000002041,40232.412263,27.799999237060547
core,2.001540193,31.64219199999934,15.811076939536623,16.112141911791582,18248.379736,15.521872000001167,18280.021928,27.799999237060547
uncore,2.001619102,0.00665300000000002,0.00332439341998619,0.0,62.80123,0.00665300000000002,62.807883,27.799999237060547
package-0,2.628052931,45.515875000011874,17.319952169026887,17.544279322896426,147578.009833,34.52127399999881,147623.525708,27.799999237060547
dram,2.628140829,1.181087999997544,0.4494341296825285,0.4464562784992933,40231.510959,0.9013039999990724,40232.692047,27.799999237060547
core,2.628221087,41.730179000001954,15.879398216221825,16.09757932403218,18248.379736,31.64219199999934,18290.109915,27.799999237060547
uncore,2.628300241,0.00665300000000002,0.0025316363088813774,0.0,62.80123,0.00665300000000002,62.807883,27.799999237060547
