zone,time_elapsed,power_j,watts,watts_since_last,start_power,prev_power,prev_power_reading,temp
package-0,0.000375707,0.0,0.0,0.0,158599.072378,0.0,158599.072378,27.799999237060547
dram,0.00055269,0.0,0.0,0.0,40518.675568,0.0,40518.675568,27.799999237060547
core,0.000681663,0.008545000000594882,35.11360041008281,0.0,28273.037178,0.0,28273.045723,27.799999237060547
uncore,0.000808537,0.0,0.0,0.0,64.677873,0.0,64.677873,27.799999237060547
package-0,1.001159099,16.918047999992268,16.902475749084637,16.906586230577005,158599.072378,0.0,158615.990426,27.799999237060547
dram,1.001367211,0.4555049999980838,0.4550857295154812,0.4551964009636397,40518.675568,0.0,40519.131073,27.799999237060547
core,1.001579272,15.489768000003096,15.475510412260283,15.470734661850702,28273.037178,0.008545000000594882,28288.526946,27.799999237060547
uncore,1.001790584,0.006347999999988474,0.006342156970771303,0.006343699308073663,64.677873,0.0,64.684221,27.799999237060547
package-0,2.002096203,34.42422899999656,17.195709217348668,17.48892350742164,158599.072378,16.918047999992268,158633.496607,27.799999237060547
dram,2.002295958,0.9013039999990724,0.4502224726781484,0.445359533909791,40518.675568,0.4555049999980838,40519.576872,27.799999237060547
core,2.002506521,31.55601100000058,15.762967101326227,16.0504049900167,28273.037178,15.489768000003096,28304.593189,27.799999237060547
uncore,2.002716598,0.006347999999988474,0.003170974783822815,0.0,64.677873,0.006347999999988474,64.684221,27.799999237060547
package-0,2.628684044,45.386968999984674,17.266814243982594,17.493964674403617,158599.072378,34.42422899999656,158644.459347,27.799999237060547
dram,2.628783788,1.18047800000204,0.44909573814347886,0.44549629874184427,40518.675568,0.9013039999990724,40519.856046,27.799999237060547
core,2.6288722509999998,41.610734000001685,15.830200393730687,16.04498227387711,28273.037178,31.55601100000058,28314.647912,27.799999237060547
uncore,2.62896417,0.006347999999988474,0.0024150045538542018,0.0,64.677873,0.006347999999988474,64.684221,27.799999237060547
