zone,time_elapsed,power_j,watts,watts_since_last,start_power,prev_power,prev_power_reading,temp
package-0,0.000387667,0.0,0.0,0.0,151952.421425,0.0,151952.421425,27.799999237060547
dram,0.000504914,0.0,0.0,0.0,40345.387621,0.0,40345.387621,27.799999237060547
core,0.000593048,0.005799000002298271,22.80018873279182,0.0,22228.956948,0.0,22228.962747,27.799999237060547
uncore,0.000741661,0.0,0.0,0.0,63.545735,0.0,63.545735,27.799999237060547
package-0,1.001085303,17.01307899999665,16.998712555079436,17.003033454804253,151952.421425,0.0,151969.434504,27.799999237060547
dram,1.001308352,0.4625229999946896,0.4621324292342546,0.462249898594351,40345.387621,0.0,40345.850144,27.799999237060547
core,1.001518897,15.44325899999967,15.43021816654643,15.428344795037361,22228.956948,0.005799000002298271,22244.400207,27.799999237060547
uncore,1.001717836,0.007263000000001796,0.00725686686622667,0.007258711487926325,63.545735,0.0,63.552998,27.799999237060547
package-0,2.00202301,34.74148799999966,17.3548382907064,17.710913256631535,151952.421425,17.01307899999665,151987.162913,27.799999237060547
dram,2.002222829,0.9112519999980577,0.45520880113279066,0.44828616007185496,40345.387621,0.4625229999946896,40346.298873,27.799999237060547
core,2.002434383,31.589641000002302,15.78035780207555,16.13044752128828,22228.956948,15.44325899999967,22260.546589,27.799999237060547
uncore,2.002647443,0.007263000000001796,0.0036281747778170287,0.0,63.545735,0.007263000000001796,63.552998,27.799999237060547
package-0,2.644694349,46.11999899998773,17.43989909639741,17.704849225360444,151952.421425,34.74148799999966,151998.541424,27.799999237060547
dram,2.644869908,1.2001919999966049,0.45384275433851945,0.44958774791844813,40345.387621,0.9112519999980577,40346.587813,27.799999237060547
core,2.645041731,41.946609000002354,15.861765920599245,16.115338542281687,22228.956948,31.589641000002302,22270.903557,27.799999237060547
uncore,2.64521299,0.007263000000001796,0.002746443839627998,0.0,63.545735,0.007263000000001796,63.552998,27.799999237060547
