zone,time_elapsed,power_j,watts,watts_since_last,start_power,prev_power,prev_power_reading,temp
package-0,0.000391891,0.0,0.0,0.0,144004.046937,0.0,144004.046937,27.799999237060547
dram,0.000502395,0.0,0.0,0.0,40138.418912,0.0,40138.418912,27.799999237060547
core,0.000589547,0.007445999999617925,32.64057232616868,0.0,14972.445984,0.0,14972.45343,27.799999237060547
uncore,0.000673255,0.0,0.0,0.0,62.174157,0.0,62.174157,27.799999237060547
package-0,1.001003896,17.27815399999963,17.26494748918683,17.268883873178787,144004.046937,0.0,144021.325091,27.799999237060547
dram,1.001213932,0.45702999999775784,0.4566806703392339,0.4567847928962984,40138.418912,0.0,40138.875942,27.799999237060547
core,1.001403255,15.83211300000039,15.820011766759619,15.816176702368999,14972.445984,0.007445999999617925,14988.278097,27.799999237060547
uncore,1.001591889,0.009154999999999802,0.00914800240022779,0.009150088132039555,62.174157,0.0,62.183312,27.799999237060547
package-0,2.001901996,34.72763300000224,17.349071411439574,17.433181050269155,144004.046937,17.27815399999963,144038.77457,27.799999237060547
dram,2.0021036739999998,0.9029519999967306,0.45109261345408863,0.4455055053666101,40138.418912,0.45702999999775784,40139.321864,27.799999237060547
core,2.002291654,31.842325999999957,15.907642990822398,15.995259335956307,14972.445984,15.83211300000039,15004.28831,27.799999237060547
uncore,2.00249238,0.009154999999999802,0.0045736128567045045,0.0,62.174157,0.009154999999999802,62.183312,27.799999237060547
package-0,2.6207240929999998,45.50098199999775,17.363172520672812,17.408783555135894,144004.046937,34.72763300000224,144049.547919,27.799999237060547
dram,2.620897942,1.1793190000025788,0.4500280731073701,0.4465847421155724,40138.418912,0.9029519999967306,40139.598231,27.799999237060547
core,2.621070928,41.739700000000084,15.92786749220411,15.993285071364872,14972.445984,31.842325999999957,15014.185684,27.799999237060547
uncore,2.6212439979999997,0.009154999999999802,0.003493547555232193,0.0,62.174157,0.009154999999999802,62.183312,27.799999237060547
