zone,time_elapsed,power_j,watts,watts_since_last,start_power,prev_power,prev_power_reading,temp
package-0,0.00045672,0.0,0.0,0.0,158735.453438,0.0,158735.453438,27.799999237060547
dram,0.000590019,0.0,0.0,0.0,40522.224937,0.0,40522.224937,27.799999237060547
core,0.000704116,0.006775000001653098,19.12404803637125,0.0,28398.050042,0.0,28398.056817,27.799999237060547
uncore,0.000879931,0.0,0.0,0.0,64.699053,0.0,64.699053,27.799999237060547
package-0,1.001222007,16.965838000003714,16.9491676123003,16.95516834993346,158735.453438,0.0,158752.419276,27.799999237060547
dram,1.001440091,0.45580899999913527,0.4553611286503289,0.45552234616400716,40522.224937,0.0,40522.680746,27.799999237060547
core,1.00164007,15.538900999999896,15.523632700010534,15.522357997423478,28398.050042,0.006775000001653098,28413.588943,27.799999237060547
uncore,1.001852899,0.008360999999993624,0.008352784601992763,0.008355741848628669,64.699053,0.0,64.707414,27.799999237060547
package-0,2.00215421,34.482944000017596,17.224647765018048,17.500131659809792,158735.453438,16.965838000003714,158769.936382,27.799999237060547
dram,2.002366378,0.9016090000004624,0.45036460479622037,0.4453680130702096,40522.224937,0.45580899999913527,40523.126546,27.799999237060547
core,2.002577725,31.61869300000035,15.793919733621639,16.06421043876432,28398.050042,15.538900999999896,28429.668735,27.799999237060547
uncore,2.002777571,0.008360999999993624,0.0041764206664933416,0.0,64.699053,0.008360999999993624,64.707414,27.799999237060547
package-0,2.628560231,45.48499100000481,17.30533996788994,17.56321908936566,158735.453438,34.482944000017596,158780.938429,27.799999237060547
dram,2.628734346,1.1809050000010757,0.44929023938462515,0.44585674273159737,40522.224937,0.9016090000004624,40523.405842,27.799999237060547
core,2.628907091,41.70918300000267,15.86878607050632,16.1080466743416,28398.050042,31.61869300000035,28439.759225,27.799999237060547
uncore,2.629078409,0.008360999999993624,0.003181048171943183,0.0,64.699053,0.008360999999993624,64.707414,27.799999237060547
