zone,time_elapsed,power_j,watts,watts_since_last,start_power,prev_power,prev_power_reading,temp
package-0,0.000411011,0.0,0.0,0.0,159099.621451,0.0,159099.621451,27.799999237060547
dram,0.000568247,0.0007320000004256144,2.6464495291908965,0.0,40531.675169,0.0,40531.675901,27.799999237060547
core,0.00070873,0.008788999999524094,31.775471171141024,0.0,28731.976738,0.0,28731.985527,27.799999237060547
uncore,0.000837759,0.0,0.0,0.0,64.761613,0.0,64.761613,27.799999237060547
package-0,1.001078656,16.94978599998285,16.933839724856906,16.93852046104054,159099.621451,0.0,159116.571237,27.799999237060547
dram,1.001179697,0.45611400000052527,0.45568489019743924,0.45507933401631473,40531.675169,0.0007320000004256144,40532.131283,27.799999237060547
core,1.001265477,15.49934999999823,15.4847682879121,15.48026532321648,28731.976738,0.008788999999524094,28747.476088,27.799999237060547
uncore,1.001349812,0.009033999999999764,0.009025500857326936,0.009027995624557802,64.761613,0.0,64.770647,27.799999237060547
package-0,2.001554629,34.51376699999673,17.24441153109174,17.55511894775251,159099.621451,16.94978599998285,159134.135218,27.799999237060547
dram,2.001645687,0.9017919999969308,0.45057012650618017,0.44545312946576054,40531.675169,0.45611400000052527,40532.576961,27.799999237060547
core,2.001730703,31.62082999999984,15.7989884290156,16.11334577358161,28731.976738,15.49934999999823,28763.597568,27.799999237060547
uncore,2.001813541,0.009033999999999764,0.004513735454373713,0.0,64.761613,0.009033999999999764,64.770647,27.799999237060547
package-0,2.638640992,45.76013699997566,17.343045973943223,17.65291389285286,159099.621451,34.51376699999673,159145.381588,27.799999237060547
dram,2.63873367,1.1862760000003618,0.44959741282686044,0.44654155571658516,40531.675169,0.9017919999969308,40532.861445,27.799999237060547
core,2.638883543,41.95576499999879,15.901192806029496,16.222275956024447,28731.976738,31.62082999999984,28773.932503,27.799999237060547
uncore,2.639088082,0.009033999999999764,0.0034238769287050505,0.0,64.761613,0.009033999999999764,64.770647,27.799999237060547
