zone,time_elapsed,power_j,watts,watts_since_last,start_power,prev_power,prev_power_reading,temp
package-0,0.000356897,0.0,0.0,0.0,150840.401445,0.0,150840.401445,27.799999237060547
dram,0.000477401,0.0,0.0,0.0,40316.301147,0.0,40316.301147,27.799999237060547
core,0.0005686,0.006530999999085907,27.372974056598085,0.0,21218.290834,0.0,21218.297365,27.799999237060547
uncore,0.000657246,0.0,0.0,0.0,63.354268,0.0,63.354268,27.799999237060547
package-0,1.000997468,17.16597100000945,17.15300530059781,17.157095771623553,150840.401445,0.0,150857.567416,27.799999237060547
dram,1.001149184,0.46118099999875994,0.46083266350090957,0.4609425581009947,40316.301147,0.0,40316.762328,27.799999237060547
core,1.001309039,15.592368000001443,15.580590865075395,15.577778739682548,21218.290834,0.006530999999085907,21233.883202,27.799999237060547
uncore,1.001456399,0.00836200000000531,0.008355684063756776,0.008357676640740467,63.354268,0.0,63.36263,27.799999237060547
package-0,2.001757538,34.730807000014465,17.351913948584464,17.550814040389657,150840.401445,17.16597100000945,150875.132252,27.799999237060547
dram,2.001959273,0.9099710000009509,0.45463206448722243,0.4484317321962288,40316.301147,0.46118099999875994,40317.211118,27.799999237060547
core,2.00217689,31.5733450000007,15.774409316453646,15.968219430608464,21218.290834,15.592368000001443,21249.864179,27.799999237060547
uncore,2.002389677,0.00836200000000531,0.00417775217368531,0.0,63.354268,0.00836200000000531,63.36263,27.799999237060547
package-0,2.619403751,45.59119199999259,17.406301877576592,17.58254268361132,150840.401445,34.730807000014465,150885.992637,27.799999237060547
dram,2.619577551,1.187803000000713,0.4534923673218914,0.44979924734516835,40316.301147,0.9099710000009509,40317.48895,27.799999237060547
core,2.619749673,41.45149300000048,15.82580250225479,15.992339023467014,21218.290834,31.5733450000007,21259.742327,27.799999237060547
uncore,2.619922594,0.00836200000000531,0.003192535441942635,0.0,63.354268,0.00836200000000531,63.36263,27.799999237060547
