zone,time_elapsed,power_j,watts,watts_since_last,start_power,prev_power,prev_power_reading,temp
package-0,0.000690442,0.0,0.0,0.0,150009.727546,0.0,150009.727546,27.799999237060547
dram,0.000935051,0.0,0.0,0.0,40294.795221,0.0,40294.795221,27.799999237060547
core,0.001082949,0.010741999998572282,18.6553944665486,0.0,20462.532027,0.0,20462.542769,27.799999237060547
uncore,0.001169645,0.0,0.0,0.0,63.209432,0.0,63.209432,27.799999237060547
package-0,1.001417634,17.624588999984553,17.601928927954074,17.612057123126537,150009.727546,0.0,150027.352135,27.799999237060547
dram,1.00151641,0.46130299999640556,0.46070989911854654,0.46097499277931847,40294.795221,0.0,40295.256524,27.799999237060547
core,1.001601422,16.037739999999758,16.017120152149324,16.015602082323905,20462.532027,0.010741999998572282,20478.569767,27.799999237060547
uncore,1.001684781,0.008301000000003,0.00829032733932846,0.00829509761499995,63.209432,0.0,63.217733,27.799999237060547
package-0,2.001890157,35.42727699998068,17.697870723652066,17.793888548437263,150009.727546,17.624588999984553,150045.154823,27.799999237060547
dram,2.002010614,0.9099100000021281,0.4545500222951004,0.4483852640765461,40294.795221,0.46130299999640556,40295.705131,27.799999237060547
core,2.002808554,32.28397499999846,16.12761872711526,16.238204866689824,20462.532027,16.037739999999758,20494.816002,27.799999237060547
uncore,2.002894642,0.008301000000003,0.004146805436871962,0.0,63.209432,0.008301000000003,63.217733,27.799999237060547
package-0,2.618250481,46.40320099997916,17.723736964644935,17.807744433031516,150009.727546,35.42727699998068,150056.130747,27.799999237060547
dram,2.618355219,1.1876800000027288,0.453635254995174,0.4506643059094199,40294.795221,0.9099100000021281,40295.982901,27.799999237060547
core,2.618543079,42.27882200000022,16.14842735317729,16.216008877549402,20462.532027,32.28397499999846,20504.810849,27.799999237060547
uncore,2.618738213,0.008301000000003,0.003170573093516476,0.0,63.209432,0.008301000000003,63.217733,27.799999237060547
