zone,time_elapsed,power_j,watts,watts_since_last,start_power,prev_power,prev_power_reading,temp
package-0,0.000387391,0.016235000017331913,66.25178542065665,0.0,154031.215664,0.0,154031.231899,27.799999237060547
dram,0.000504322,0.0,0.0,0.0,40399.598358,0.0,40399.598358,27.799999237060547
core,0.00058982,0.006653000000369502,27.14956131552541,0.0,24118.851463,0.0,24118.858116,27.799999237060547
uncore,0.000672955,0.0,0.0,0.0,63.89455,0.0,63.89455,27.799999237060547
package-0,1.001024055,17.026079000002937,17.012918809773904,17.000859198906713,154031.215664,0.016235000017331913,154048.241743,27.799999237060547
dram,1.001243886,0.46105899999383837,0.4607026276225646,0.46081546316889277,40399.598358,0.0,40400.059417,27.799999237060547
core,1.001459047,15.43978000000061,15.427845928633129,15.42497503951663,24118.851463,0.006653000000369502,24134.291243,27.799999237060547
uncore,1.001622117,0.007385999999996784,0.007380291042283644,0.007382098627311137,63.89455,0.0,63.901936,27.799999237060547
package-0,2.001863247,34.708285000000615,17.339194761658568,17.665412993424933,154031.215664,17.026079000002937,154065.923949,27.799999237060547
dram,2.002073595,0.9102149999962421,0.4547154997695108,0.44872943107428304,40399.598358,0.46105899999383837,40400.508573,27.799999237060547
core,2.002289768,31.539165000001958,15.755999599378347,16.084095217825855,24118.851463,15.43978000000061,24150.390628,27.799999237060547
uncore,2.002506587,0.007385999999996784,0.003689819088138528,0.0,63.89455,0.007385999999996784,63.901936,27.799999237060547
package-0,2.632108075,45.81964600001811,17.40938263783291,17.63233334869718,154031.215664,34.708285000000615,154077.03531,27.799999237060547
dram,2.632297159,1.1935400000002119,0.45349094476972973,0.449601164617166,40399.598358,0.9102149999962421,40400.791898,27.799999237060547
core,2.6324859480000002,41.657852000000275,15.828090102178685,16.057084477303725,24118.851463,31.539165000001958,24160.509315,27.799999237060547
uncore,2.6326753739999997,0.007385999999996784,0.0028063442516104787,0.0,63.89455,0.007385999999996784,63.901936,27.799999237060547
