zone,time_elapsed,power_j,watts,watts_since_last,start_power,prev_power,prev_power_reading,temp
package-0,0.00036504,0.0,0.0,0.0,153198.047692,0.0,153198.047692,27.799999237060547
dram,0.000480985,0.0,0.0,0.0,40377.868373,0.0,40377.868373,27.799999237060547
core,0.000569146,0.006225999997695908,24.864912348571675,0.0,23361.387887,0.0,23361.394113,27.799999237060547
uncore,0.000655118,0.0,0.0,0.0,63.758869,0.0,63.758869,27.799999237060547
package-0,1.000995754,16.585224000009475,16.572723062421705,16.576870666227705,153198.047692,0.0,153214.632916,27.799999237060547
dram,1.001204679,0.4617290000023786,0.4613809766406507,0.46149644502128573,40377.868373,0.0,40378.330102,27.799999237060547
core,1.001404242,15.017417999999452,15.006098779641178,15.003631445062119,23361.387887,0.006225999997695908,23376.405305,27.799999237060547
uncore,1.001584975,0.006897000000002151,0.006891801459027195,0.006893526248722527,63.758869,0.0,63.765766,27.799999237060547
package-0,2.001876641,34.28726599999936,17.12915750014404,17.685491015537508,153198.047692,16.585224000009475,153232.334958,27.799999237060547
dram,2.002089057,0.9108860000051209,0.4550584394440843,0.4487370489867111,40377.868373,0.4617290000023786,40378.779259,27.799999237060547
core,2.002299037,31.13901899999837,15.556363136418044,16.106527689953747,23361.387887,15.017417999999452,23392.526906,27.799999237060547
uncore,2.002498169,0.006897000000002151,0.0034455882040443963,0.0,63.758869,0.006897000000002151,63.765766,27.799999237060547
package-0,2.65990131,45.86688700001105,17.24497500260555,17.597282851713878,153198.047692,34.28726599999936,153243.914579,27.799999237060547
dram,2.660074855,1.2066010000053211,0.4536563399911054,0.4493912623299884,40377.868373,0.9108860000051209,40379.074974,27.799999237060547
core,2.660246332,41.67793299999903,15.670017299082868,16.015744436515824,23361.387887,31.13901899999837,23403.06582,27.799999237060547
uncore,2.6604182830000003,0.006897000000002151,0.002593125463103239,0.0,63.758869,0.006897000000002151,63.765766,27.799999237060547
