zone,time_elapsed,power_j,watts,watts_since_last,start_power,prev_power,prev_power_reading,temp
package-0,0.000536658,0.0,0.0,0.0,151538.75421,0.0,151538.75421,27.799999237060547
dram,0.000693497,0.0006720000019413419,1.6696315926629182,0.0,40334.602492,0.0,40334.603164,27.799999237060547
core,0.000820769,0.007689999998547137,19.10634956556568,0.0,21852.895289,0.0,21852.902979,27.799999237060547
uncore,0.000972073,0.0,0.0,0.0,63.471883,0.0,63.471883,27.799999237060547
package-0,1.001330977,16.946489999972982,16.928366186423208,16.93517503373699,151538.75421,0.0,151555.7007,27.799999237060547
dram,1.00155048,0.46148600000014994,0.46099245318190923,0.46050632006855585,40334.602492,0.0006720000019413419,40335.063978,27.799999237060547
core,1.001761096,15.359823999999207,15.343397082901106,15.341883565966196,21852.895289,0.007689999998547137,21868.255113,27.799999237060547
uncore,1.001942284,0.008545000000005132,0.008535861353194897,0.008539294606942216,63.471883,0.0,63.480428,27.799999237060547
package-0,2.002251104,34.59170799999265,17.278281961324236,17.628235222629716,151538.75421,16.946489999972982,151573.345918,27.799999237060547
dram,2.00246461,0.9105810000037309,0.45482793930535004,0.4486627650256967,40334.602492,0.46148600000014994,40335.513073,27.799999237060547
core,2.002683112,31.422954000001482,15.695514638070552,16.04766991552071,21852.895289,15.359823999999207,21884.318243,27.799999237060547
uncore,2.002897241,0.008545000000005132,0.0042681592756170245,0.0,63.471883,0.008545000000005132,63.480428,27.799999237060547
package-0,2.636773083,45.721074999979464,17.340952242150884,17.538676265069796,151538.75421,34.59170799999265,151584.475285,27.799999237060547
dram,2.636946875,1.1963470000046073,0.45374690319791683,0.45033624657945454,40334.602492,0.9105810000037309,40335.798839,27.799999237060547
core,2.637120714,41.539748999999574,15.75507145359664,15.94297252891863,21852.895289,31.422954000001482,21894.435038,27.799999237060547
uncore,2.637291925,0.008545000000005132,0.0032409219798382877,0.0,63.471883,0.008545000000005132,63.480428,27.799999237060547
