zone,time_elapsed,power_j,watts,watts_since_last,start_power,prev_power,prev_power_reading,temp
package-0,0.000584825,0.0,0.0,0.0,146115.55618,0.0,146115.55618,27.799999237060547
dram,0.000737736,0.0,0.0,0.0,40193.466684,0.0,40193.466684,27.799999237060547
core,0.000886948,0.010010000001784647,24.744520860507762,0.0,16907.71819,0.0,16907.7282,27.799999237060547
uncore,0.000995131,0.0,0.0,0.0,62.546836,0.0,62.546836,27.799999237060547
package-0,1.001394887,17.051896999997552,17.033243282082587,17.040129052793436,146115.55618,0.0,146132.608077,27.799999237060547
dram,1.001618793,0.45580899999913527,0.4553103732182505,0.45549443463158984,40193.466684,0.0,40193.922493,27.799999237060547
core,1.001831454,15.611838000000716,15.59475961733243,15.591060782240596,16907.71819,0.010010000001784647,16923.330028,27.799999237060547
uncore,1.002042531,0.0073860000000038895,0.007377920174016198,0.007380902733814113,62.546836,0.0,62.554222,27.799999237060547
package-0,2.002358389,34.556612999993376,17.25981217113011,17.48639174778744,146115.55618,17.051896999997552,146150.112793,27.799999237060547
dram,2.002569066,0.9016699999992852,0.4503524358806094,0.445394264669289,40193.466684,0.45580899999913527,40194.368354,27.799999237060547
core,2.00278453,31.679728999999497,15.82290984861276,16.051070842097285,16907.71819,15.611838000000716,16939.397919,27.799999237060547
uncore,2.002994986,0.0073860000000038895,0.0036890470919721955,0.0,62.546836,0.0073860000000038895,62.554222,27.799999237060547
package-0,2.612181789,45.21936599997571,17.312162496550773,17.48402716852565,146115.55618,34.556612999993376,146160.775546,27.799999237060547
dram,2.612354354,1.1738860000041313,0.4494203917964803,0.4463605168196239,40193.466684,0.9016699999992852,40194.64057,27.799999237060547
core,2.612531481,41.4624189999995,15.873821300998586,16.040962192554556,16907.71819,31.679728999999497,16949.180609,27.799999237060547
uncore,2.61270352,0.0073860000000038895,0.002827718376229778,0.0,62.546836,0.0073860000000038895,62.554222,27.799999237060547
