zone,time_elapsed,power_j,watts,watts_since_last,start_power,prev_power,prev_power_reading,temp
package-0,0.000691396,0.01910400000633672,35.85807680719098,0.0,147117.92312,0.0,147117.942224,27.799999237060547
dram,0.000848724,0.0007320000004256144,1.3739589734829945,0.0,40219.458256,0.0,40219.458988,27.799999237060547
core,0.000989026,0.008850000001984881,16.61138922265246,0.0,17826.88112,0.0,17826.88997,27.799999237060547
uncore,0.001104346,0.0,0.0,0.0,62.723044,0.0,62.723044,27.799999237060547
package-0,1.001346817,17.158892000006745,17.13815171728522,17.12818511048379,147117.92312,0.01910400000633672,147135.082012,27.799999237060547
dram,1.001479848,0.45574800000031246,0.45519712862879425,0.4547079739976812,40219.458256,0.0007320000004256144,40219.914004,27.799999237060547
core,1.002302974,15.723959000002651,15.704953148391626,15.70447055607892,17826.88112,0.008850000001984881,17842.605079,27.799999237060547
uncore,1.00238781,0.007812999999998738,0.0078035562766567415,0.0078077109394926614,62.723044,0.0,62.730857,27.799999237060547
package-0,2.002597588,34.752536000014516,17.354666239104787,17.57116582256177,147117.92312,17.158892000006745,147152.675656,27.799999237060547
dram,2.002690747,0.9021580000044196,0.45051822937492847,0.4458396529404882,40219.458256,0.45574800000031246,40220.360414,27.799999237060547
core,2.00277547,31.855693000001338,15.908045382074535,16.111123603462104,17826.88112,15.723959000002651,17858.736813,27.799999237060547
uncore,2.002858394,0.007812999999998738,0.003901643532605712,0.0,62.723044,0.007812999999998738,62.730857,27.799999237060547
package-0,2.624595377,45.67865499999607,17.40488433781405,17.566562498934847,147117.92312,34.752536000014516,147163.601775,27.799999237060547
dram,2.624786999,1.1798060000000987,0.44954009637679854,0.4463909778610862,40219.458256,0.9021580000044196,40220.638062,27.799999237060547
core,2.6249761400000002,41.89027400000123,15.961401968806289,16.133184554133063,17826.88112,31.855693000001338,17868.771394,27.799999237060547
uncore,2.625165769,0.007812999999998738,0.002976978226073664,0.0,62.723044,0.007812999999998738,62.730857,27.799999237060547
