zone,time_elapsed,power_j,watts,watts_since_last,start_power,prev_power,prev_power_reading,temp
package-0,0.000511468,0.0,0.0,0.0,91679.991555,0.0,91679.991555,27.799999237060547
dram,0.000632505,0.0,0.0,0.0,39727.244733,0.0,39727.244733,27.799999237060547
core,0.000743777,0.007019000011496246,19.077050222994778,0.0,226516.049634,0.0,226516.056653,27.799999237060547
uncore,0.000877449,0.0,0.0,0.0,51.462636,0.0,51.462636,27.799999237060547
package-0,1.001217229,17.18867699999828,17.171845054444844,17.17815920821275,91679.991555,0.0,91697.180232,27.799999237060547
dram,1.001434727,0.45593100000405684,0.45548453133353656,0.4556520147554184,39727.244733,0.0,39727.700664,27.799999237060547
core,1.001646035,15.743673000019044,15.728256069050625,15.727024704502547,226516.049634,0.007019000011496246,226531.793307,27.799999237060547
uncore,1.001858195,0.00860599999999323,0.008597572607737691,0.008600733968401258,51.462636,0.0,51.471242,27.799999237060547
package-0,2.002087029,34.741244999997434,17.353470971369042,17.535093928197828,91679.991555,17.18867699999828,91714.7328,27.799999237060547
dram,2.002180971,0.9016699999992852,0.4503898513350076,0.4452952543683453,39727.244733,0.45593100000405684,39728.146403,27.799999237060547
core,2.002280104,31.857462000014493,15.913003176448761,16.097747272883076,226516.049634,15.743673000019044,226547.907096,27.799999237060547
uncore,2.002459532,0.00860599999999323,0.00429875127329189,0.0,51.462636,0.00860599999999323,51.471242,27.799999237060547
package-0,2.410706837,41.877212999999756,17.37261487489391,17.4664230314969,91679.991555,34.741244999997434,91721.868768,27.799999237060547
dram,2.41088023,1.0846529999980703,0.44996449123452625,0.44788015943318926,39727.244733,0.9016699999992852,39728.329386,27.799999237060547
core,2.411053141,38.41866300001857,15.937847542711658,16.059588868772163,226516.049634,31.857462000014493,226554.468297,27.799999237060547
uncore,2.411224722,0.00860599999999323,0.0035701689033895414,0.0,51.462636,0.00860599999999323,51.471242,27.799999237060547
