zone,time_elapsed,power_j,watts,watts_since_last,start_power,prev_power,prev_power_reading,temp
package-0,0.00059038,0.0,0.0,0.0,90801.371429,0.0,90801.371429,27.799999237060547
dram,0.000744188,0.0006719999946653843,1.5679357021887737,0.0,39704.393534,0.0,39704.394206,27.799999237060547
core,0.000871487,0.0065919999906327575,15.380702702665625,0.0,225710.47351,0.0,225710.480102,27.799999237060547
uncore,0.001008086,0.0,0.0,0.0,51.313101,0.0,51.313101,27.799999237060547
package-0,1.001255296,17.154435999997077,17.135146811015595,17.1424856304144,90801.371429,0.0,90818.525865,27.799999237060547
dram,1.001353569,0.4559319999971194,0.45541933035816123,0.4549428502426928,39704.393534,0.0006719999946653843,39704.849466,27.799999237060547
core,1.001438711,15.709554000000935,15.691889498765168,15.692022777091934,225710.47351,0.0065919999906327575,225726.183064,27.799999237060547
uncore,1.00152173,0.0068349999999952615,0.006827314430694798,0.006830238504129262,51.313101,0.0,51.319936,27.799999237060547
package-0,2.001727006,34.81009199999971,17.390958488857876,17.646931586436413,90801.371429,17.154435999997077,90836.181521,27.799999237060547
dram,2.001818639,0.9016699999992852,0.45047009759802353,0.44551774182233944,39704.393534,0.4559319999971194,39705.295204,27.799999237060547
core,2.001903219,31.92270899997675,15.948435501707088,16.20514338775177,225710.47351,15.709554000000935,225742.396219,27.799999237060547
uncore,2.001985899,0.0068349999999952615,0.003414733901630083,0.0,51.313101,0.0068349999999952615,51.319936,27.799999237060547
package-0,2.417589391,42.138990999999805,17.43106190794742,17.624094718889705,90801.371429,34.81009199999971,90843.51042,27.799999237060547
dram,2.41770519,1.0875830000004498,0.4498856321224945,0.44707238037983954,39704.393534,0.9016699999992852,39705.481117,27.799999237060547
core,2.417893462,38.653464999981225,15.989251887197645,16.185716473076322,225710.47351,31.92270899997675,225749.126975,27.799999237060547
uncore,2.418085066,0.0068349999999952615,0.0028273412654977563,0.0,51.313101,0.0068349999999952615,51.319936,27.799999237060547
