zone,time_elapsed,power_j,watts,watts_since_last,start_power,prev_power,prev_power_reading,temp
package-0,0.000342853,0.0,0.0,0.0,104081.255768,0.0,104081.255768,27.799999237060547
dram,0.000467956,0.0,0.0,0.0,40051.653143,0.0,40051.653143,27.799999237060547
core,0.000550394,0.004882999986875802,22.36338316300494,0.0,237880.326815,0.0,237880.331698,27.799999237060547
uncore,0.000630526,0.0,0.0,0.0,53.625839,0.0,53.625839,27.799999237060547
package-0,1.00085846,17.30641299999843,17.29382750350189,17.297601653608883,104081.255768,0.0,104098.562181,27.799999237060547
dram,1.000953279,0.45611499999358784,0.4557833059715835,0.4558827746758163,40051.653143,0.0,40052.109258,27.799999237060547
core,1.001034008,15.853657999978168,15.842128969831018,15.840705791982971,237880.326815,0.004882999986875802,237896.180473,27.799999237060547
uncore,1.001113091,0.00903300000000229,0.00902643105993058,0.009028400959638652,53.625839,0.0,53.634872,27.799999237060547
package-0,2.001341571,34.86410700000124,17.421428449532108,17.549059459120556,104081.255768,17.30641299999843,104116.119875,27.799999237060547
dram,2.001429779,0.9019139999945764,0.4506821361733503,0.4455797645085158,40051.653143,0.45611499999358784,40052.555057,27.799999237060547
core,2.001510576,31.993082000000868,15.986790912011854,16.131486937425286,237880.326815,15.853657999978168,237912.319897,27.799999237060547
uncore,2.001589513,0.00903300000000229,0.00451374713784173,0.0,53.625839,0.00903300000000229,53.634872,27.799999237060547
package-0,2.414928381,42.182325999994646,17.46814823716253,17.69420699978711,104081.255768,34.86410700000124,104123.438094,27.799999237060547
dram,2.415017636,1.0876439999992726,0.4504049070515957,0.44906350386023114,40051.653143,0.9019139999945764,40052.740787,27.799999237060547
core,2.415098528,38.70491800000309,16.028116731432974,16.228076193506844,237880.326815,31.993082000000868,237919.031733,27.799999237060547
uncore,2.415177565,0.00903300000000229,0.0037406610300804452,0.0,53.625839,0.00903300000000229,53.634872,27.799999237060547
