zone,time_elapsed,power_j,watts,watts_since_last,start_power,prev_power,prev_power_reading,temp
package-0,0.000363291,0.0,0.0,0.0,103747.681915,0.0,103747.681915,27.799999237060547
dram,0.000477413,0.0,0.0,0.0,40042.947416,0.0,40042.947416,27.799999237060547
core,0.000561855,0.00427299999864772,17.115276770999436,0.0,237574.57241,0.0,237574.576683,27.799999237060547
uncore,0.000643682,0.0,0.0,0.0,53.565841,0.0,53.565841,27.799999237060547
package-0,1.000883896,17.05244600000151,17.039766266888392,17.04401831244263,103747.681915,0.0,103764.734361,27.799999237060547
dram,1.000979122,0.4580069999938132,0.45766643849759975,0.4577806430303766,40042.947416,0.0,40043.405423,27.799999237060547
core,1.001060885,15.62093200001982,15.60931670161991,15.608940909445444,237574.57241,0.00427299999864772,237590.193342,27.799999237060547
uncore,1.001140635,0.006165000000002863,0.006160415874379923,0.006161953123689605,53.565841,0.0,53.572006,27.799999237060547
package-0,2.00134225,34.390231000012136,17.184474357949394,17.32921857807405,103747.681915,17.05244600000151,103782.072146,27.799999237060547
dram,2.001429627,0.9031959999992978,0.4513185300263007,0.4449690366817055,40042.947416,0.4580069999938132,40043.850612,27.799999237060547
core,2.001510278,31.512920000008307,15.746709165287731,15.884135931536905,237574.57241,15.62093200001982,237606.08533,27.799999237060547
uncore,2.001589393,0.006165000000002863,0.0030805924047666274,0.0,53.565841,0.006165000000002863,53.572006,27.799999237060547
package-0,2.413057557,41.559219000002486,17.22339217134907,17.412562098610746,103747.681915,34.390231000012136,103789.241134,27.799999237060547
dram,2.41314458,1.0874609999955283,0.4506765941383376,0.44755630153644993,40042.947416,0.9031959999992978,40044.034877,27.799999237060547
core,2.413225232,38.08498600000166,15.783565367730521,15.962714310751629,237574.57241,31.512920000008307,237612.657396,27.799999237060547
uncore,2.413304472,0.006165000000002863,0.002554961697822328,0.0,53.565841,0.006165000000002863,53.572006,27.799999237060547
