zone,time_elapsed,power_j,watts,watts_since_last,start_power,prev_power,prev_power_reading,temp
package-0,0.000633713,0.0,0.0,0.0,98270.255995,0.0,98270.255995,27.799999237060547
dram,0.000787118,0.0,0.0,0.0,39899.696684,0.0,39899.696684,27.799999237060547
core,0.000911604,0.011291000002529472,24.97986744039759,0.0,232555.070673,0.0,232555.081964,27.799999237060547
uncore,0.001062562,0.0,0.0,0.0,52.610033,0.0,52.610033,27.799999237060547
package-0,1.001404292,17.12538399999903,17.1054208790862,17.11314707305297,98270.255995,0.0,98287.381379,27.799999237060547
dram,1.00161926,0.45550399999774527,0.4549730173682034,0.4551785200452017,39899.696684,0.0,39900.152188,27.799999237060547
core,1.001807679,15.685627999977442,15.667343207744038,15.663136917290833,232555.070673,0.011291000002529472,232570.756301,27.799999237060547
uncore,1.001941383,0.007812999999998738,0.007803892358167645,0.007807417228235514,52.610033,0.0,52.617846,27.799999237060547
package-0,2.002260865,34.567599999994854,17.266150273562463,17.426926190045243,98270.255995,17.12538399999903,98304.823595,27.799999237060547
dram,2.002469414,0.9012430000002496,0.4501613381028154,0.4453482661302944,39899.696684,0.45550399999774527,39900.597927,27.799999237060547
core,2.002675561,31.690652999997837,15.829145701910669,15.990995028685065,232555.070673,15.685627999977442,232586.761326,27.799999237060547
uncore,2.002883402,0.007812999999998738,0.0039025107929778697,0.0,52.610033,0.007812999999998738,52.617846,27.799999237060547
package-0,2.406905475,41.623002000007546,17.29438782641337,17.43408193382786,98270.255995,34.567599999994854,98311.878997,27.799999237060547
dram,2.407079848,1.0817229999956908,0.44945669903082514,0.4459707763401877,39899.696684,0.9012430000002496,39900.778407,27.799999237060547
core,2.407257358,38.17342499998631,15.861086055545618,16.019098303104602,232555.070673,31.690652999997837,232593.244098,27.799999237060547
uncore,2.407430111,0.007812999999998738,0.003246307224253583,0.0,52.610033,0.007812999999998738,52.617846,27.799999237060547
