zone,time_elapsed,power_j,watts,watts_since_last,start_power,prev_power,prev_power_reading,temp
package-0,0.000589634,0.019164999990607612,39.3797054085865,0.0,101462.467428,0.0,101462.486593,27.799999237060547
dram,0.00072094,0.0006710000016028062,1.3787520169699636,0.0,39982.906127,0.0,39982.906798,27.799999237060547
core,0.000913302,0.0065919999906327575,13.545057021223242,0.0,235481.284068,0.0,235481.29066,27.799999237060547
uncore,0.001008737,0.0,0.0,0.0,53.165086,0.0,53.165086,27.799999237060547
package-0,1.001257329,16.989274999999907,16.970371601251042,16.959472442271444,101462.467428,0.019164999990607612,101479.456703,27.799999237060547
dram,1.001358681,0.45574800000031246,0.45524090442542753,0.4547917391569913,39982.906127,0.0006710000016028062,39983.361875,27.799999237060547
core,1.001443934,15.539388999983203,15.522098840951672,15.523060408720166,235481.284068,0.0065919999906327575,235496.823457,27.799999237060547
uncore,1.001527505,0.008727999999997849,0.008718288645965376,0.008722528933284908,53.165086,0.0,53.173814,27.799999237060547
package-0,2.001735709,34.45938400000159,17.215676390753234,17.461128183021053,101462.467428,16.989274999999907,101496.926812,27.799999237060547
dram,2.001826947,0.9014869999955408,0.450376839655447,0.4455098600179056,39982.906127,0.45574800000031246,39983.807614,27.799999237060547
core,2.001911839,31.568094999995083,15.771207860025745,16.020466161610045,235481.284068,15.539388999983203,235512.852163,27.799999237060547
uncore,2.001994898,0.008727999999997849,0.004360450074744523,0.0,53.165086,0.008727999999997849,53.173814,27.799999237060547
package-0,2.417708166,41.72035199998936,17.256937872966063,17.455485940687865,101462.467428,34.45938400000159,101504.18778,27.799999237060547
dram,2.417811091,1.0874599999951897,0.44980995508516924,0.44708213654803103,39982.906127,0.9014869999955408,39983.993587,27.799999237060547
core,2.418000534,38.2312249999959,15.813717838058617,16.018273601561905,235481.284068,31.568094999995083,235519.515293,27.799999237060547
uncore,2.418195813,0.008727999999997849,0.0036101937432179163,0.0,53.165086,0.008727999999997849,53.173814,27.799999237060547
