zone,time_elapsed,power_j,watts,watts_since_last,start_power,prev_power,prev_power_reading,temp
package-0,0.000573043,0.017638999997870997,43.954537860286905,0.0,100114.638969,0.0,100114.656608,27.799999237060547
dram,0.000765859,0.0007320000004256144,1.824067222423105,0.0,39947.730802,0.0,39947.731534,27.799999237060547
core,0.000930075,0.009703999996418133,24.18135014968349,0.0,234245.913268,0.0,234245.922972,27.799999237060547
uncore,0.001064871,0.0,0.0,0.0,52.928148,0.0,52.928148,27.799999237060547
package-0,1.001402529,16.956804999994347,16.937093745789745,16.926259879174946,100114.638969,0.017638999997870997,100131.595774,27.799999237060547
dram,1.001627728,0.4564200000022538,0.4558894395196563,0.45534080673476024,39947.730802,0.0007320000004256144,39948.187222,27.799999237060547
core,1.001825711,15.51717199999257,15.499134231566945,15.495652704270022,234245.913268,0.009703999996418133,234261.43044,27.799999237060547
uncore,1.00202544,0.006835999999999842,0.006828053565884294,0.006830791582895009,52.928148,0.0,52.934984,27.799999237060547
package-0,2.002319679,34.52286099999037,17.24316179253346,17.54929363423764,100114.638969,16.956804999994347,100149.16183,27.799999237060547
dram,2.002518908,0.9016699999992852,0.45035785688404145,0.44482512127901563,39947.730802,0.4564200000022538,39948.632472,27.799999237060547
core,2.002729884,31.6457320000045,15.806119803320568,16.11316936127798,234245.913268,15.51717199999257,234277.559,27.799999237060547
uncore,2.002939536,0.006835999999999842,0.0034143825453455,0.0,52.928148,0.006835999999999842,52.934984,27.799999237060547
package-0,2.421312,41.85578899999382,17.28766938262714,17.500332827006673,100114.638969,34.52286099999037,100156.494758,27.799999237060547
dram,2.421484795,1.0886200000022654,0.4496320125122358,0.4461638273360265,39947.730802,0.9016699999992852,39948.819422,27.799999237060547
core,2.421655946,38.37563399999635,15.850263220237947,16.06118659462358,234245.913268,31.6457320000045,234284.288902,27.799999237060547
uncore,2.421826734,0.006835999999999842,0.002823468646108997,0.0,52.928148,0.006835999999999842,52.934984,27.799999237060547
