zone,time_elapsed,power_j,watts,watts_since_last,start_power,prev_power,prev_power_reading,temp
package-0,0.000355006,0.0,0.0,0.0,103615.309756,0.0,103615.309756,27.799999237060547
dram,0.000478318,0.0,0.0,0.0,40039.393592,0.0,40039.393592,27.799999237060547
core,0.000560185,0.006286999996518716,25.78509819220794,0.0,237453.538296,0.0,237453.544583,27.799999237060547
uncore,0.000639578,0.0,0.0,0.0,53.54631,0.0,53.54631,27.799999237060547
package-0,1.000880352,16.98915300000226,16.976324823173307,16.980461924136552,103615.309756,0.0,103632.298909,27.799999237060547
dram,1.000976463,0.45709099999658065,0.45674585953108016,0.4568571677061479,40039.393592,0.0,40039.850683,27.799999237060547
core,1.001057451,15.558797999983653,15.547049856212757,15.544554861561451,237453.538296,0.006286999996518716,237469.097094,27.799999237060547
uncore,1.001136628,0.006775000000004638,0.006769884330140683,0.0067715341392292246,53.54631,0.0,53.553085,27.799999237060547
package-0,2.001340314,34.62350699999661,17.301055426977143,17.625875160877584,103615.309756,16.98915300000226,103649.933263,27.799999237060547
dram,2.001428525,0.9022810000024037,0.45086171056419794,0.4449759465516142,40039.393592,0.45709099999658065,40040.295873,27.799999237060547
core,2.001509359,31.751688999996986,15.866033769749038,16.185105236065052,237453.538296,15.558797999983653,237485.289985,27.799999237060547
uncore,2.001588066,0.006775000000004638,0.003385406640576932,0.0,53.54631,0.006775000000004638,53.553085,27.799999237060547
package-0,2.41738314,41.98621999999159,17.369220492126924,17.69710790029759,103615.309756,34.62350699999661,103657.295976,27.799999237060547
dram,2.417470135,1.088131999997131,0.4501478016476122,0.4467137589482487,40039.393592,0.9022810000024037,40040.481724,27.799999237060547
core,2.417550072,38.52022599999327,15.935378293177559,16.268939128303987,237453.538296,31.751688999996986,237492.058522,27.799999237060547
uncore,2.417628152,0.006775000000004638,0.002802740252260481,0.0,53.54631,0.006775000000004638,53.553085,27.799999237060547
