zone,time_elapsed,power_j,watts,watts_since_last,start_power,prev_power,prev_power_reading,temp
package-0,0.000682711,0.0,0.0,0.0,91262.926034,0.0,91262.926034,27.799999237060547
dram,0.000799901,0.0,0.0,0.0,39716.359934,0.0,39716.359934,27.799999237060547
core,0.000952767,0.006652000010944903,12.03113047942735,0.0,226133.789321,0.0,226133.795973,27.799999237060547
uncore,0.001088244,0.0,0.0,0.0,51.389822,0.0,51.389822,27.799999237060547
package-0,1.001336889,17.14289999999164,17.122487255585025,17.13194821364464,91262.926034,0.0,91280.068934,27.799999237060547
dram,1.001437555,0.455749000000651,0.4552063212327302,0.4554578435641164,39716.359934,0.0,39716.815683,27.799999237060547
core,1.001523503,15.695089000015287,15.676400222725762,15.678414401135859,226133.789321,0.006652000010944903,226149.48441,27.799999237060547
uncore,1.001607693,0.007811999999994157,0.007802697935623225,0.007807009283432621,51.389822,0.0,51.397634,27.799999237060547
package-0,2.001819337,34.80673399999796,17.388491892889764,17.654675566437525,91262.926034,17.14289999999164,91297.732768,27.799999237060547
dram,2.001912859,0.9014870000028168,0.4503582378942941,0.44550689152016215,39716.359934,0.455749000000651,39717.261421,27.799999237060547
core,2.001998118,31.93320600001607,15.952955932185159,16.22969777935895,226133.789321,15.695089000015287,226165.722527,27.799999237060547
uncore,2.002081664,0.007811999999994157,0.003902661440948789,0.0,51.389822,0.007811999999994157,51.397634,27.799999237060547
package-0,2.416461138,42.1491229999956,17.44330154644318,17.707900484579746,91262.926034,34.80673399999796,91305.075157,27.799999237060547
dram,2.416565046,1.08642300000065,0.44961324571343414,0.44601672343687115,39716.359934,0.9014870000028168,39717.446357,27.799999237060547
core,2.416717657,38.673240000003716,16.00481668617645,16.25517952460753,226133.789321,31.93320600001607,226172.462561,27.799999237060547
uncore,2.416802142,0.007811999999994157,0.003232975255042114,0.0,51.389822,0.007811999999994157,51.397634,27.799999237060547
