zone,time_elapsed,power_j,watts,watts_since_last,start_power,prev_power,prev_power_reading,temp
package-0,0.000448518,0.0,0.0,0.0,92985.70855,0.0,92985.70855,27.799999237060547
dram,0.000638964,0.0,0.0,0.0,39761.366106,0.0,39761.366106,27.799999237060547
core,0.000819761,0.009216000005835667,39.09391705198807,0.0,227712.719239,0.0,227712.728455,27.799999237060547
uncore,0.001019284,0.0,0.0,0.0,51.68755,0.0,51.68755,27.799999237060547
package-0,1.00136387,16.723468000011053,16.704632357703478,16.708566798882806,92985.70855,0.0,93002.432018,27.799999237060547
dram,1.001567009,0.45605300000170246,0.4555393474996423,0.4556466406581643,39761.366106,0.0,39761.822159,27.799999237060547
core,1.001779598,15.281760000012582,15.264548153451196,15.258935623449684,227712.719239,0.009216000005835667,227728.000999,27.799999237060547
uncore,1.001997,0.008117999999996073,0.008108856696450856,0.008110766575041454,51.68755,0.0,51.695668,27.799999237060547
package-0,2.002312473,34.20004599999811,17.081991565719125,17.45940505139434,92985.70855,16.723468000011053,93019.908596,27.799999237060547
dram,2.002528138,0.9017919999969308,0.450420544404572,0.44530100504377435,39761.366106,0.45605300000170246,39762.267898,27.799999237060547
core,2.002740522,31.323223000013968,15.64509682523256,16.025700233431685,227712.719239,15.281760000012582,227744.042462,27.799999237060547
uncore,2.002958714,0.008117999999996073,0.00405471991267054,0.0,51.68755,0.008117999999996073,51.695668,27.799999237060547
package-0,2.428190749,41.650772000008146,17.154264254147417,17.49400932003621,92985.70855,34.20004599999811,93027.359322,27.799999237060547
dram,2.42836362,1.0920379999952274,0.4497661754621284,0.4466900671243751,39761.366106,0.9017919999969308,39762.458144,27.799999237060547
core,2.428535465,38.15993600001093,15.716530441870624,16.052331133932245,227712.719239,31.323223000013968,227750.879175,27.799999237060547
uncore,2.42870662,0.008117999999996073,0.003343475055278066,0.0,51.68755,0.008117999999996073,51.695668,27.799999237060547
