zone,time_elapsed,power_j,watts,watts_since_last,start_power,prev_power,prev_power_reading,temp
package-0,0.000363752,0.0,0.0,0.0,96853.210856,0.0,96853.210856,27.799999237060547
dram,0.000517693,0.0006710000016028062,3.240966598254448,0.0,39862.580019,0.0,39862.58069,27.799999237060547
core,0.000660444,0.00994899999932386,48.05421252879369,0.0,231256.673484,0.0,231256.683433,27.799999237060547
uncore,0.000786822,0.0,0.0,0.0,52.358203,0.0,52.358203,27.799999237060547
package-0,1.001130906,16.93391700000211,16.918932797926427,16.92243326756241,96853.210856,0.0,96870.144773,27.799999237060547
dram,1.001340392,0.4558699999979581,0.45546661735469773,0.4548903068851999,39862.580019,0.0006710000016028062,39863.035889,27.799999237060547
core,1.001540612,15.490622000012081,15.476914916746809,15.47017478470211,231256.673484,0.00994899999932386,231272.164106,27.799999237060547
uncore,1.001757548,0.008239999999993586,0.008232708726208345,0.008234412045635298,52.358203,0.0,52.366443,27.799999237060547
package-0,2.002062482,34.380343999990146,17.174194983795207,17.429434399502885,96853.210856,16.93391700000211,96887.5912,27.799999237060547
dram,2.002269722,0.9018529999957536,0.45050739657090605,0.44554861816464797,39862.580019,0.4558699999979581,39863.481872,27.799999237060547
core,2.002464533,31.501506000000518,15.736113819203164,15.995289600331358,231256.673484,15.490622000012081,231288.17499,27.799999237060547
uncore,2.002671431,0.008239999999993586,0.004116170759268811,0.0,52.358203,0.008239999999993586,52.366443,27.799999237060547
package-0,2.419099218,41.61195399999269,17.202823823084756,17.340246319883448,96853.210856,34.380343999990146,96894.82281,27.799999237060547
dram,2.419278551,1.0891689999989467,0.4502740347293129,0.4491538647285338,39862.580019,0.9018529999957536,39863.669188,27.799999237060547
core,2.419455018,38.13570499999332,15.765705558651073,15.90775011303972,231256.673484,31.501506000000518,231294.809189,27.799999237060547
uncore,2.419627292,0.008239999999993586,0.003406503532665948,0.0,52.358203,0.008239999999993586,52.366443,27.799999237060547
