zone,time_elapsed,power_j,watts,watts_since_last,start_power,prev_power,prev_power_reading,temp
package-0,0.000575753,0.0,0.0,0.0,100240.481725,0.0,100240.481725,27.799999237060547
dram,0.000795698,0.0,0.0,0.0,39950.995686,0.0,39950.995686,27.799999237060547
core,0.000953708,0.008178999996744096,21.309301414308408,0.0,234361.310006,0.0,234361.318185,27.799999237060547
uncore,0.001104842,0.0,0.0,0.0,52.950425,0.0,52.950425,27.799999237060547
package-0,1.001348001,16.868120999992243,16.847755450051974,16.85421667573596,100240.481725,0.0,100257.349846,27.799999237060547
dram,1.001448936,0.4562979999973322,0.45574709336661773,0.4559218753922586,39950.995686,0.0,39951.451984,27.799999237060547
core,1.001534108,15.422140999988187,15.403521238918104,15.401256333146748,234361.310006,0.008178999996744096,234376.732147,27.799999237060547
uncore,1.001618297,0.007385999999996784,0.007377082589939148,0.007379911749920981,52.950425,0.0,52.957811,27.799999237060547
package-0,2.001826595,34.567843999990146,17.269077095500467,17.69069282122869,100240.481725,16.868120999992243,100275.049569,27.799999237060547
dram,2.001919864,0.9020969999983208,0.45066110112609653,0.44557155888989636,39950.995686,0.4562979999973322,39951.897783,27.799999237060547
core,2.002005064,31.69321699999273,15.832998082768961,16.26277469918489,234361.310006,15.422140999988187,234393.003223,27.799999237060547
uncore,2.002087913,0.007385999999996784,0.003689828137020848,0.0,52.950425,0.007385999999996784,52.957811,27.799999237060547
package-0,2.424348241,42.060561999998754,17.350763041153453,17.737853240717456,100240.481725,34.567843999990146,100282.542287,27.799999237060547
dram,2.424539205,1.0905730000013136,0.44988161836979734,0.4461878356354408,39950.995686,0.9020969999983208,39952.086259,27.799999237060547
core,2.42472955,38.57100699999137,15.911256790043396,16.28210612494823,234361.310006,31.69321699999273,234399.881013,27.799999237060547
uncore,2.424919792,0.007385999999996784,0.0030468621846257643,0.0,52.950425,0.007385999999996784,52.957811,27.799999237060547
