zone,time_elapsed,power_j,watts,watts_since_last,start_power,prev_power,prev_power_reading,temp
package-0,0.000663469,0.0,0.0,0.0,90759.147355,0.0,90759.147355,27.799999237060547
dram,0.000865136,0.0007320000004256144,1.4929878530051772,0.0,39703.301069,0.0,39703.301801,27.799999237060547
core,0.000998912,0.00994899999932386,20.291989262161852,0.0,225671.741797,0.0,225671.751746,27.799999237060547
uncore,0.001124331,0.0,0.0,0.0,51.305349,0.0,51.305349,27.799999237060547
package-0,1.001372857,16.999041000002762,16.97819944523017,16.98651758799191,90759.147355,0.0,90776.146396,27.799999237060547
dram,1.001474308,0.45611400000052527,0.45555478463575527,0.45504651422720654,39703.301069,0.0007320000004256144,39703.757183,27.799999237060547
core,1.001559451,15.554709000018192,15.535638258345438,15.533307975514072,225671.741797,0.00994899999932386,225687.296506,27.799999237060547
uncore,1.001643049,0.007752000000003534,0.0077424957148737325,0.007746289001959105,51.305349,0.0,51.313101,27.799999237060547
package-0,2.001850817,34.713962000008905,17.341865171330245,17.705789628532596,90759.147355,16.999041000002762,90793.861317,27.799999237060547
dram,2.001942434,0.9019140000018524,0.4505642710608273,0.44557020696962707,39703.301069,0.45611400000052527,39704.202983,27.799999237060547
core,2.002027104,31.824565000017174,15.898424828787672,16.26146950485418,225671.741797,15.554709000018192,225703.566362,27.799999237060547
uncore,2.002109856,0.007752000000003534,0.003872624473351064,0.0,51.305349,0.007752000000003534,51.313101,27.799999237060547
package-0,2.4271558349999998,42.21003600000404,17.392282612952716,17.629637788968,90759.147355,34.713962000008905,90801.357391,27.799999237060547
dram,2.427345596,1.091854999998759,0.4498894701805535,0.4467126433413024,39703.301069,0.9019140000018524,39704.392924,27.799999237060547
core,2.427534069,38.71578299999237,15.952505691242559,16.20710751580869,225671.741797,31.824565000017174,225710.45758,27.799999237060547
uncore,2.427723696,0.007752000000003534,0.003194144985227163,0.0,51.305349,0.007752000000003534,51.313101,27.799999237060547
