zone,time_elapsed,power_j,watts,watts_since_last,start_power,prev_power,prev_power_reading,temp
package-0,0.000470637,0.0,0.0,0.0,94997.540863,0.0,94997.540863,27.799999237060547
dram,0.000626903,0.0,0.0,0.0,39814.0033,0.0,39814.0033,27.799999237060547
core,0.000779287,0.008910999982617795,29.553006979888288,0.0,229556.276531,0.0,229556.285442,27.799999237060547
uncore,0.000904067,0.0,0.0,0.0,52.042957,0.0,52.042957,27.799999237060547
package-0,1.001143134,17.066789999997127,17.049605957896254,17.054743228624897,94997.540863,0.0,95014.607653,27.799999237060547
dram,1.00124203,0.4558090000064112,0.45535005951168034,0.4554872624791737,39814.0033,0.0,39814.459109,27.799999237060547
core,1.001326949,15.622761999984505,15.60703190663129,15.60282980074666,229556.276531,0.008910999982617795,229571.899293,27.799999237060547
uncore,1.001410466,0.006713999999995224,0.006707239873535286,0.006709260853208212,52.042957,0.0,52.049671,27.799999237060547
package-0,2.001648977,34.685152999998536,17.32948667224139,17.609508674897043,94997.540863,17.066789999997127,95032.226016,27.799999237060547
dram,2.001740629,0.9015480000016396,0.45043376485653547,0.44551498837634795,39814.0033,0.4558090000064112,39814.904848,27.799999237060547
core,2.001825477,31.816568999987794,15.896277246975396,16.18566860304465,229556.276531,15.622761999984505,229588.0931,27.799999237060547
uncore,2.001908352,0.006713999999995224,0.003354466203950458,0.0,52.042957,0.006713999999995224,52.049671,27.799999237060547
package-0,2.413196319,41.94727999999304,17.38325833853481,17.644753200236867,94997.540863,34.685152999998536,95039.488143,27.799999237060547
dram,2.413298205,1.0851410000032047,0.44969033359957633,0.4460749824839407,39814.0033,0.9015480000016396,39815.088441,27.799999237060547
core,2.413405532,38.479392999986885,15.94614070873942,16.188629735707995,229556.276531,31.816568999987794,229594.755924,27.799999237060547
uncore,2.41348889,0.006713999999995224,0.002782330498779874,0.0,52.042957,0.006713999999995224,52.049671,27.799999237060547
