zone,time_elapsed,power_j,watts,watts_since_last,start_power,prev_power,prev_power_reading,temp
package-0,0.000614494,0.0,0.0,0.0,101337.475987,0.0,101337.475987,27.799999237060547
dram,0.000807621,0.0,0.0,0.0,39979.635811,0.0,39979.635811,27.799999237060547
core,0.001001227,0.008178999996744096,15.883712342928352,0.0,235366.74597,0.0,235366.754149,27.799999237060547
uncore,0.001136927,0.0,0.0,0.0,53.143113,0.0,53.143113,27.799999237060547
package-0,1.001468581,16.71724300000642,16.6963872254917,16.70497838862825,101337.475987,0.0,101354.19323,27.799999237060547
dram,1.001690865,0.4559309999967809,0.4553621984228492,0.45559650605359786,39979.635811,0.0,39980.091742,27.799999237060547
core,1.001902479,15.274558000004617,15.255502062523782,15.255178815528478,235366.74597,0.008178999996744096,235382.020528,27.799999237060547
uncore,1.002101186,0.006835999999999842,0.006827471675408129,0.0068309847661253845,53.143113,0.0,53.149949,27.799999237060547
package-0,2.002411846,34.333041999998386,17.147642954099307,17.59903231391134,101337.475987,16.71724300000642,101371.809029,27.799999237060547
dram,2.002616802,0.9017919999969308,0.45040014906955295,0.44543663029528446,39979.635811,0.4559309999967809,39980.537603,27.799999237060547
core,2.003375413,31.465923000010662,15.715659941387937,16.175954087666952,235366.74597,15.274558000004617,235398.211893,27.799999237060547
uncore,2.003627457,0.006835999999999842,0.0034142412208689717,0.0,53.143113,0.006835999999999842,53.149949,27.799999237060547
package-0,2.429644523,41.8159949999972,17.212007762393007,17.513627263896737,101337.475987,34.333041999998386,101379.291982,27.799999237060547
dram,2.429817754,1.0924040000027162,0.44964770365304424,0.4461216741743181,39979.635811,0.9017919999969308,39980.728215,27.799999237060547
core,2.429990249,38.326623000000836,15.775736834251317,16.05726276367943,235366.74597,31.465923000010662,235405.072593,27.799999237060547
uncore,2.430161997,0.006835999999999842,0.0028137865681236033,0.0,53.143113,0.006835999999999842,53.149949,27.799999237060547
