zone,time_elapsed,power_j,watts,watts_since_last,start_power,prev_power,prev_power_reading,temp
package-0,0.00064556,0.0,0.0,0.0,90927.626782,0.0,90927.626782,27.799999237060547
dram,0.000821551,0.0,0.0,0.0,39707.652498,0.0,39707.652498,27.799999237060547
core,0.000969915,0.007263000006787479,14.768919196519308,0.0,225826.312691,0.0,225826.319954,27.799999237060547
uncore,0.001082537,0.0,0.0,0.0,51.333364,0.0,51.333364,27.799999237060547
package-0,1.001432493,16.468890999996802,16.44937230641299,16.45745609618188,90927.626782,0.0,90944.095673,27.799999237060547
dram,1.001617891,0.4559929999959422,0.45545256362756226,0.4556763887502164,39707.652498,0.0,39708.108491,27.799999237060547
core,1.001771239,15.024558000004617,15.006751109192457,15.006867988009873,225826.312691,0.007263000006787479,225841.337249,27.799999237060547
uncore,1.00197175,0.007568999999996606,0.007560029329674249,0.007563744589236092,51.333364,0.0,51.340933,27.799999237060547
package-0,2.002264778,34.05875099998957,17.011722155220898,17.57423929556306,90927.626782,16.468890999996802,90961.685533,27.799999237060547
dram,2.002470967,0.9018529999957536,0.4504590512078641,0.44546405328522526,39707.652498,0.4559929999959422,39708.554351,27.799999237060547
core,2.00266479,31.17905800000881,15.57336825880167,16.140153969409866,225826.312691,15.024558000004617,225857.491749,27.799999237060547
uncore,2.002872501,0.007568999999996606,0.003780576833039141,0.0,51.333364,0.007568999999996606,51.340933,27.799999237060547
package-0,2.444967812,41.86347999999998,17.123536866067653,17.629191449119283,90927.626782,34.05875099998957,90969.490262,27.799999237060547
dram,2.445140065,1.0998509999990347,0.4498751452498658,0.4472345738841036,39707.652498,0.9018529999957536,39708.752349,27.799999237060547
core,2.445314933,38.34206500000437,15.683162592998416,16.17968051858493,225826.312691,31.17905800000881,225864.654756,27.799999237060547
uncore,2.445466443,0.007568999999996606,0.0030959693398448485,0.0,51.333364,0.007568999999996606,51.340933,27.799999237060547
