zone,time_elapsed,power_j,watts,watts_since_last,start_power,prev_power,prev_power_reading,temp
package-0,0.000713503,0.0,0.0,0.0,100324.622929,0.0,100324.622929,27.799999237060547
dram,0.000835023,0.0007929999992484227,1.3713649304951834,0.0,39953.172744,0.0,39953.173537,27.799999237060547
core,0.000923831,0.007751999975880608,13.405827135179935,0.0,234438.491937,0.0,234438.499689,27.799999237060547
uncore,0.001009251,0.0,0.0,0.0,52.96367,0.0,52.96367,27.799999237060547
package-0,1.001259315,17.28584399999818,17.26638285268832,17.276361765185186,100324.622929,0.0,100341.908773,27.799999237060547
dram,1.001360544,0.45580899999913527,0.45529583060491047,0.4547663987333437,39953.172744,0.0007929999992484227,39953.628553,27.799999237060547
core,1.001445782,15.836568999977317,15.818739508852016,15.820134024521273,234438.491937,0.007751999975880608,234454.328506,27.799999237060547
uncore,1.001529125,0.008117999999996073,0.008108860406126003,0.008113546831136523,52.96367,0.0,52.971788,27.799999237060547
package-0,2.001739635,34.96725599998899,17.469370818469958,17.672484973948528,100324.622929,17.28584399999818,100359.590185,27.799999237060547
dram,2.001831013,0.9010589999961667,0.4501621116697779,0.44502520130192136,39953.172744,0.45580899999913527,39954.073803,27.799999237060547
core,2.001915902,32.09165399998892,16.032742286212496,16.246878100748425,234438.491937,15.836568999977317,234470.583591,27.799999237060547
uncore,2.001998669,0.008117999999996073,0.004055690051982207,0.0,52.96367,0.008117999999996073,52.971788,27.799999237060547
package-0,2.414266809,42.29194499998994,17.51841522549382,17.756394631613627,100324.622929,34.96725599998899,100366.914874,27.799999237060547
dram,2.414371331,1.0856289999937871,0.4496955532012849,0.44743165984443195,39953.172744,0.9010589999961667,39954.258373,27.799999237060547
core,2.414564169,38.817161999992095,16.07907041852257,16.303869576730897,234438.491937,32.09165399998892,234477.309099,27.799999237060547
uncore,2.414757409,0.008117999999996073,0.003362685135444205,0.0,52.96367,0.008117999999996073,52.971788,27.799999237060547
