zone,time_elapsed,power_j,watts,watts_since_last,start_power,prev_power,prev_power_reading,temp
package-0,0.000326031,0.0,0.0,0.0,158444.644124,0.0,158444.644124,27.799999237060547
dram,0.000435295,0.0,0.0,0.0,11410.602868,0.0,11410.602868,27.799999237060547
core,0.00051775,0.006286000003456138,30.52982803759228,0.0,121206.433729,0.0,121206.440015,27.799999237060547
uncore,0.000597582,0.0,0.0,0.0,19.306224,0.0,19.306224,27.799999237060547
package-0,1.000845035,16.76143199999933,16.74966053956805,16.753107531644822,158444.644124,0.0,158461.405556,27.799999237060547
dram,1.000974844,0.45507700000052864,0.45475740195552317,0.45485098863793333,11410.602868,0.0,11411.057945,27.799999237060547
core,1.001835236,15.346822999999858,15.336045011598248,15.332918210933652,121206.433729,0.006286000003456138,121221.780552,27.799999237060547
uncore,1.001915846,0.008666999999999092,0.008660913214123166,0.0086626955845274,19.306224,0.0,19.314891,27.799999237060547
package-0,2.002122812,34.27109099997324,17.11828017378614,17.486674654701165,158444.644124,16.76143199999933,158478.915215,27.799999237060547
dram,2.002209667,0.901426000000356,0.4502588734030524,0.4457630925570751,11410.602868,0.45507700000052864,11411.504294,27.799999237060547
core,2.002290409,31.41331000000355,15.690829386390952,16.04539705847321,121206.433729,15.346822999999858,121237.847039,27.799999237060547
uncore,2.002411217,0.008666999999999092,0.00432913367906218,0.0,19.306224,0.008666999999999092,19.314891,27.799999237060547
package-0,2.048928796,35.09158499998739,17.127685779188973,17.52999590139397,158444.644124,34.27109099997324,158479.735709,27.799999237060547
dram,2.0490155310000002,0.9223000000001775,0.45016104556561654,0.44597661218273194,11410.602868,0.901426000000356,11411.525168,27.799999237060547
core,2.049095747,32.16281999999774,15.698198720085566,16.013410491393383,121206.433729,31.41331000000355,121238.596549,27.799999237060547
uncore,2.04917431,0.008666999999999092,0.0042302350449051705,0.0,19.306224,0.008666999999999092,19.314891,27.799999237060547
