zone,time_elapsed,power_j,watts,watts_since_last,start_power,prev_power,prev_power_reading,temp
package-0,0.000531377,0.0,0.0,0.0,160040.273584,0.0,160040.273584,27.799999237060547
dram,0.000653153,0.0007329999989451608,1.8636935684650864,0.0,11452.047037,0.0,11452.04777,27.799999237060547
core,0.000744778,0.008667000001878478,22.036333130467394,0.0,122670.025075,0.0,122670.033742,27.799999237060547
uncore,0.00084541,0.0,0.0,0.0,19.629893,0.0,19.629893,27.799999237060547
package-0,1.001095632,17.456253999989713,17.439675112361545,17.446530403074455,160040.273584,0.0,160057.729838,27.799999237060547
dram,1.001230675,0.45556500000020606,0.45513233208976356,0.4545786465021553,11452.047037,0.0007329999989451608,11452.502602,27.799999237060547
core,1.002100505,16.02827900000557,16.013056316123095,16.010688650823106,122670.025075,0.008667000001878478,122686.053354,27.799999237060547
uncore,1.00218627,0.007080000000001974,0.0070732758469043205,0.007076056252038631,19.629893,0.0,19.636973,27.799999237060547
package-0,2.002397352,35.34036400000332,17.649861978653565,17.859964613773236,160040.273584,17.456253999989713,160075.613948,27.799999237060547
dram,2.002488617,0.9015479999998206,0.4502556274498617,0.44538087712116986,11452.047037,0.45556500000020606,11452.948585,27.799999237060547
core,2.002573607,32.469582000005175,16.21612162242052,16.41910555146962,122670.025075,16.02827900000557,122702.494657,27.799999237060547
uncore,2.002657055,0.007080000000001974,0.003535929137823548,0.0,19.629893,0.007080000000001974,19.636973,27.799999237060547
package-0,2.029185886,35.82607999999891,17.656245560582473,18.133436114544104,160040.273584,35.34036400000332,160076.099664,27.799999237060547
dram,2.029302452,0.9141209999997955,0.45050825678059364,0.46939300387423216,11452.047037,0.9015479999998206,11452.961158,27.799999237060547
core,2.029494281,32.91330699999526,16.22073725628849,16.565768761620497,122670.025075,32.469582000005175,122702.938382,27.799999237060547
uncore,2.029666139,0.007080000000001974,0.0034892519239884063,0.0,19.629893,0.007080000000001974,19.636973,27.799999237060547
