zone,time_elapsed,power_j,watts,watts_since_last,start_power,prev_power,prev_power_reading,temp
package-0,0.000381531,0.0,0.0,0.0,159474.502327,0.0,159474.502327,27.799999237060547
dram,0.00064711,0.0,0.0,0.0,11437.330522,0.0,11437.330522,27.799999237060547
core,0.00081764,0.0101320000103442,36.72531411649812,0.0,122151.123266,0.0,122151.133398,27.799999237060547
uncore,0.00101326,0.0,0.0,0.0,19.516185,0.0,19.516185,27.799999237060547
package-0,1.00135608,17.201189000013983,17.181854928754994,17.186591139165152,159474.502327,0.0,159491.703516,27.799999237060547
dram,1.001572476,0.4558710000001156,0.45535860272345635,0.4554841231729955,11437.330522,0.0,11437.786393,27.799999237060547
core,1.001782355,15.762899000008474,15.745181561259669,15.73939834852585,122151.123266,0.0101320000103442,122166.886165,27.799999237060547
uncore,1.001978649,0.007690000000000197,0.007681356469138377,0.007683473849399363,19.516185,0.0,19.523875,27.799999237060547
package-0,2.002291013,34.768344000010984,17.36605192279124,17.55027903778041,159474.502327,17.201189000013983,159509.270671,27.799999237060547
dram,2.002500434,0.9016090000004624,0.45033461208445735,0.4453097998935847,11437.330522,0.4558710000001156,11438.232131,27.799999237060547
core,2.00271203,31.896220000009635,15.931486776038707,16.117822456519065,122151.123266,15.762899000008474,122183.019486,27.799999237060547
uncore,2.002920918,0.007690000000000197,0.003840992233803999,0.0,19.516185,0.007690000000000197,19.523875,27.799999237060547
package-0,2.031738237,35.27816899999743,17.365061647879934,17.297793685591923,159474.502327,34.768344000010984,159509.780496,27.799999237060547
dram,2.031913166,0.9151590000001306,0.45047101091373465,0.45973638883982,11437.330522,0.9016090000004624,11438.245681,27.799999237060547
core,2.032067885,32.370278000002145,15.933703164387293,16.084259263654655,122151.123266,31.896220000009635,122183.493544,27.799999237060547
uncore,2.032186467,0.007690000000000197,0.003785267995972518,0.0,19.516185,0.007690000000000197,19.523875,27.799999237060547
