zone,time_elapsed,power_j,watts,watts_since_last,start_power,prev_power,prev_power_reading,temp
package-0,0.000350312,0.0,0.0,0.0,159403.374885,0.0,159403.374885,27.799999237060547
dram,0.000468599,0.0,0.0,0.0,11435.500266,0.0,11435.500266,27.799999237060547
core,0.000557162,0.007750999997369945,33.66969726103005,0.0,122085.826253,0.0,122085.834004,27.799999237060547
uncore,0.000655944,0.0,0.0,0.0,19.500316,0.0,19.500316,27.799999237060547
package-0,1.000897842,17.46681300000637,17.453545879095376,17.457561679430462,159403.374885,0.0,159420.841698,27.799999237060547
dram,1.000995319,0.45544300000074145,0.4550970629743891,0.4552017740142345,11435.500266,0.0,11435.955709,27.799999237060547
core,1.001080841,16.037861999997403,16.025680255433716,16.021620630536052,122085.826253,0.007750999997369945,122101.864115,27.799999237060547
uncore,1.001164088,0.008177999999997354,0.008171788305006974,0.00817366851149572,19.500316,0.0,19.508494,27.799999237060547
package-0,2.001373936,35.21109100000467,17.59440713184023,17.735304166648934,159403.374885,17.46681300000637,159438.585976,27.799999237060547
dram,2.001469489,0.90124200000173,0.4503359089993062,0.44557354557938156,11435.500266,0.45544300000074145,11436.401508,27.799999237060547
core,2.002265363,32.355019999988144,16.16727509631977,16.308905905618275,122085.826253,16.037861999997403,122118.181273,27.799999237060547
uncore,2.002349475,0.008177999999997354,0.004086413043098374,0.0,19.500316,0.008177999999997354,19.508494,27.799999237060547
package-0,2.02744464,35.669708000001265,17.594271193688524,17.583840581616045,159403.374885,35.21109100000467,159439.044593,27.799999237060547
dram,2.027535849,0.9135710000009567,0.4506237036957376,0.4727063552348827,11435.500266,0.90124200000173,11436.413837,27.799999237060547
core,2.027632673,32.76401499999338,16.161022829341405,15.6812828107626,122085.826253,32.355019999988144,122118.590268,27.799999237060547
uncore,2.027806474,0.008177999999997354,0.004033841539211173,0.0,19.500316,0.008177999999997354,19.508494,27.799999237060547
