zone,time_elapsed,power_j,watts,watts_since_last,start_power,prev_power,prev_power_reading,temp
package-0,0.000545876,0.0,0.0,0.0,157266.027085,0.0,157266.027085,27.799999237060547
dram,0.000682656,0.0,0.0,0.0,11380.157084,0.0,11380.157084,27.799999237060547
core,0.000772303,0.009764999995240942,27.701341792405724,0.0,120124.849462,0.0,120124.859227,27.799999237060547
uncore,0.000858163,0.0,0.0,0.0,19.06477,0.0,19.06477,27.799999237060547
package-0,1.001147088,17.34718499999144,17.330473605564013,17.336579035707924,157266.027085,0.0,157283.37427,27.799999237060547
dram,1.001248367,0.4558710000001156,0.4554318370991013,0.45559228322019457,11380.157084,0.0,11380.612955,27.799999237060547
core,1.001334499,15.904561000003014,15.889239356055233,15.885078017599103,120124.849462,0.009764999995240942,120140.754023,27.799999237060547
uncore,1.001418057,0.007201999999999487,0.00719506196004278,0.007197596740636661,19.06477,0.0,19.071972,27.799999237060547
package-0,2.001633388,35.05380399999558,17.513541995891956,17.696684099247506,157266.027085,17.34718499999144,157301.080889,27.799999237060547
dram,2.001753413,0.901120999998966,0.4502170570949742,0.4450001773442895,11380.157084,0.4558710000001156,11381.058205,27.799999237060547
core,2.002523771,32.201333000004524,16.088393653919894,16.287628141850305,120124.849462,15.904561000003014,120157.050795,27.799999237060547
uncore,2.002608838,0.007201999999999487,0.0035982551124671314,0.0,19.06477,0.007201999999999487,19.071972,27.799999237060547
package-0,2.031783717,35.59274299998651,17.518929874937683,17.87663500134911,157266.027085,35.05380399999558,157301.619828,27.799999237060547
dram,2.031887979,0.9158919999990758,0.4508067198138203,0.4899548476011809,11380.157084,0.901120999998966,11381.072976,27.799999237060547
core,2.032077914,32.683814999996684,16.087140657594027,16.003953339294217,120124.849462,32.201333000004524,120157.533277,27.799999237060547
uncore,2.032272416,0.007201999999999487,0.003544861180250705,0.0,19.06477,0.007201999999999487,19.071972,27.799999237060547
