zone,time_elapsed,power_j,watts,watts_since_last,start_power,prev_power,prev_power_reading,temp
package-0,0.000400815,0.0,0.0,0.0,67541.843144,0.0,67541.843144,27.799999237060547
dram,0.000597388,0.0007930000138003379,3.2447074599642303,0.0,236872.015127,0.0,236872.01592,27.799999237060547
core,0.00076646,0.011413000000175089,46.69841815471112,0.0,191186.060733,0.0,191186.072146,27.799999237060547
uncore,0.000935763,0.0,0.0,0.0,32860.276229,0.0,32860.276229,27.799999237060547
package-0,1.001187703,18.31056100000569,18.291541491745654,18.296008354960158,67541.843144,0.0,67560.153705,27.799999237060547
dram,1.001288817,0.48858500001369976,0.48807749800742656,0.48740431860488115,236872.015127,0.0007930000138003379,236872.503712,27.799999237060547
core,1.00137397,16.73073100001784,16.713352489525935,16.706030023736787,191186.060733,0.011413000000175089,191202.791464,27.799999237060547
uncore,1.001457181,0.004271999998309184,0.00426756259525776,0.004268604750090962,32860.276229,0.0,32860.280501,27.799999237060547
package-0,2.001707274,38.605492000002414,19.2877285938058,20.284435832896783,67541.843144,18.31056100000569,67580.448636,27.799999237060547
dram,2.001807666,0.9714329999987967,0.4853386158384452,0.4825983036228026,236872.015127,0.48858500001369976,236872.98656,27.799999237060547
core,2.001893142,35.43673800001852,17.704584228433585,18.69633351703897,191186.060733,16.73073100001784,191221.497471,27.799999237060547
uncore,2.002038409,0.004271999998309184,0.0021343382055620795,0.0,32860.276229,0.004271999998309184,32860.280501,27.799999237060547
package-0,2.076121248,40.00826000000234,19.27296560626868,18.875360759995278,67541.843144,38.605492000002414,67581.851404,27.799999237060547
dram,2.076329949,1.0079320000077132,0.48554570405224134,0.49112311697116484,236872.015127,0.9714329999987967,236873.023059,27.799999237060547
core,2.076524147,36.72677300000214,17.69219238372869,17.358448451713056,191186.060733,35.43673800001852,191222.787506,27.799999237060547
uncore,2.076715178,0.004271999998309184,0.0020579277638514636,0.0,32860.276229,0.004271999998309184,32860.280501,27.799999237060547
