zone,time_elapsed,power_j,watts,watts_since_last,start_power,prev_power,prev_power_reading,temp
package-0,0.000423414,0.0,0.0,0.0,68940.613123,0.0,68940.613123,27.799999237060547
dram,0.000570373,0.0,0.0,0.0,236907.355551,0.0,236907.355551,27.799999237060547
core,0.000685887,0.008483999990858138,27.562905056312072,0.0,192471.693184,0.0,192471.701668,27.799999237060547
uncore,0.000799197,0.0,0.0,0.0,32860.478376,0.0,32860.478376,27.799999237060547
package-0,1.001051258,17.678787999990163,17.66289561536838,17.668329126553726,68940.613123,0.0,68958.291911,27.799999237060547
dram,1.001151525,0.4795520000043325,0.4791209056990997,0.47926829426193435,236907.355551,0.0,236907.835103,27.799999237060547
core,1.001237046,16.234515999996802,16.21992194680602,16.216432585438397,192471.693184,0.008483999990858138,192487.9277,27.799999237060547
uncore,1.001320871,0.007385999997495674,0.00737936033685962,0.007381630397092332,32860.478376,0.0,32860.485762,27.799999237060547
package-0,2.001570952,37.63778199999069,18.805536379973862,19.94861024965033,68940.613123,17.678787999990163,68978.250905,27.799999237060547
dram,2.001672814,0.9561140000005253,0.4777177520826454,0.47631406661666714,236907.355551,0.4795520000043325,236908.311665,27.799999237060547
core,2.001758337,34.76657300000079,17.370950640999343,18.52241561961359,192471.693184,16.234515999996802,192506.459757,27.799999237060547
uncore,2.001857902,0.007385999997495674,0.0036903793017193758,0.0,32860.478376,0.007385999997495674,32860.485762,27.799999237060547
package-0,2.120980154,39.88179499999387,18.80569557027351,18.80836599657204,68940.613123,37.63778199999069,68980.494918,27.799999237060547
dram,2.121178055,1.0133640000130981,0.4778374415224764,0.47984523865891104,236907.355551,0.9561140000005253,236908.368915,27.799999237060547
core,2.121368838,36.82503999999608,17.36432604408045,17.253198055324198,192471.693184,34.76657300000079,192508.518224,27.799999237060547
uncore,2.121558236,0.007385999997495674,0.0034827636879174043,0.0,32860.478376,0.007385999997495674,32860.485762,27.799999237060547
