zone,time_elapsed,power_j,watts,watts_since_last,start_power,prev_power,prev_power_reading,temp
package-0,0.000324251,0.0,0.0,0.0,65543.354974,0.0,65543.354974,27.799999237060547
dram,0.000443613,0.0,0.0,0.0,236821.36456,0.0,236821.36456,27.799999237060547
core,0.000530703,0.005187000002479181,21.942088464134947,0.0,189353.020443,0.0,189353.02563,27.799999237060547
uncore,0.000615446,0.0,0.0,0.0,32859.98558,0.0,32859.98558,27.799999237060547
package-0,1.000931403,18.516371000005165,18.503150203134624,18.507522165000115,65543.354974,0.0,65561.871345,27.799999237060547
dram,1.001141582,0.49060000001918525,0.49024970875828217,0.4903655459539882,236821.36456,0.0,236821.85516,27.799999237060547
core,1.001341851,16.94758800001,16.935487323349673,16.934304353475735,189353.020443,0.005187000002479181,189369.968031,27.799999237060547
uncore,1.001505831,0.005249000001640525,0.005245252185030286,0.005246491543857084,32859.98558,0.0,32859.990829,27.799999237060547
package-0,2.001849139,38.6639029999933,19.3163933717267,20.129488791803176,65543.354974,18.516371000005165,65582.018877,27.799999237060547
dram,2.002057689,0.9736310000007506,0.4864237165845724,0.4825984195100486,236821.36456,0.49060000001918525,236822.338191,27.799999237060547
core,2.002257087,35.513275000004796,17.74234716599923,18.549060419844047,189353.020443,16.94758800001,189388.533718,27.799999237060547
uncore,2.002472279,0.005249000001640525,0.0026223878339416496,0.0,32859.98558,0.005249000001640525,32859.990829,27.799999237060547
package-0,2.078065068,40.10188699999708,19.299707945822977,18.861639142735786,65543.354974,38.6639029999933,65583.456861,27.799999237060547
dram,2.078283756,1.011839000013424,0.48696454579441806,0.5011637880552191,236821.36456,0.9736310000007506,236822.376399,27.799999237060547
core,2.078475739,36.82711500002188,17.723668813582528,17.233276567436775,189353.020443,35.513275000004796,189389.847558,27.799999237060547
uncore,2.078671497,0.005249000001640525,0.002526169579982454,0.0,32859.98558,0.005249000001640525,32859.990829,27.799999237060547
