zone,time_elapsed,power_j,watts,watts_since_last,start_power,prev_power,prev_power_reading,temp
package-0,0.000593854,0.0,0.0,0.0,60178.271114,0.0,60178.271114,27.799999237060547
dram,0.000726054,0.0,0.0,0.0,236684.612103,0.0,236684.612103,27.799999237060547
core,0.000836306,0.008301000023493543,18.353796508541322,0.0,184434.833509,0.0,184434.84181,27.799999237060547
uncore,0.000921348,0.0,0.0,0.0,32859.217393,0.0,32859.217393,27.799999237060547
package-0,1.001191119,18.191908999993757,18.173004568337554,18.181218970494456,60178.271114,0.0,60196.463023,27.799999237060547
dram,1.001291709,0.4874859999981709,0.4869794206298195,0.4871995407969689,236684.612103,0.0,236685.099589,27.799999237060547
core,1.001376328,16.621845000016037,16.604572127069996,16.6037814580049,184434.833509,0.008301000023493543,184451.455354,27.799999237060547
uncore,1.001460823,0.006287000003794674,0.0062804667608076774,0.006283305602316374,32859.217393,0.0,32859.22368,27.799999237060547
package-0,2.001715294,38.0448849999957,19.00744798046481,19.84231067864293,60178.271114,18.191908999993757,60216.315999,27.799999237060547
dram,2.001815459,0.9660620000213385,0.48265024881298657,0.4783189017002281,236684.612103,0.4874859999981709,236685.578165,27.799999237060547
core,2.001900531,34.88797199999681,17.430235705376088,18.256314158095538,184434.833509,16.621845000016037,184469.721481,27.799999237060547
uncore,2.001984052,0.006287000003794674,0.003141022124927512,0.0,32859.217393,0.006287000003794674,32859.22368,27.799999237060547
package-0,2.090091803,39.67171199999575,18.982405592409133,18.415019080136258,60178.271114,38.0448849999957,60217.942826,27.799999237060547
dram,2.090295804,1.008602999994764,0.48260360499751787,0.48154679397298294,236684.612103,0.9660620000213385,236685.620706,27.799999237060547
core,2.090495329,36.38046100002248,17.407584183443433,16.89436763243135,184434.833509,34.88797199999681,184471.21397,27.799999237060547
uncore,2.090694668,0.006287000003794674,0.003008248901169706,0.0,32859.217393,0.006287000003794674,32859.22368,27.799999237060547
