zone,time_elapsed,power_j,watts,watts_since_last,start_power,prev_power,prev_power_reading,temp
package-0,0.000434626,0.0,0.0,0.0,72803.699608,0.0,72803.699608,27.799999237060547
dram,0.000628138,0.0,0.0,0.0,237004.314715,0.0,237004.314715,27.799999237060547
core,0.000746571,0.011170000012498349,40.63118384245995,0.0,196042.812032,0.0,196042.823202,27.799999237060547
uncore,0.000861421,0.0,0.0,0.0,32861.038678,0.0,32861.038678,27.799999237060547
package-0,1.001116096,17.55861000000732,17.54165483286214,17.546473911140787,72803.699608,0.0,72821.258218,27.799999237060547
dram,1.001257576,0.4796130000031553,0.47914987002988,0.47928150303445555,237004.314715,0.0,237004.794328,27.799999237060547
core,1.002218054,16.132222000014735,16.116644199697213,16.109909516645413,196042.812032,0.011170000012498349,196058.944254,27.799999237060547
uncore,1.002306066,0.007507000002078712,0.007499750997755815,0.007501811344255213,32861.038678,0.0,32861.046185,27.799999237060547
package-0,2.002549303,37.72298700000101,18.838880720499674,20.135501000177353,72803.699608,17.55861000000732,72841.422595,27.799999237060547
dram,2.002649163,0.9565400000137743,0.47769660882489945,0.4762440260727325,237004.314715,0.4796130000031553,237005.271255,27.799999237060547
core,2.002734981,34.851596000022255,17.404906455669728,18.69256728834039,196042.812032,16.132222000014735,196077.663628,27.799999237060547
uncore,2.002818741,0.007507000002078712,0.0037489999826351996,0.0,32861.038678,0.007507000002078712,32861.046185,27.799999237060547
package-0,2.128373461,40.098835000011604,18.8423295657143,18.897258964223745,72803.699608,37.72298700000101,72843.798443,27.799999237060547
dram,2.128584118,1.0169040000182576,0.4778403239154356,0.480129259193366,237004.314715,0.9565400000137743,237005.331619,27.799999237060547
core,2.128778012,37.03823600002215,17.404162720560816,17.39231732894699,196042.812032,34.851596000022255,196079.850268,27.799999237060547
uncore,2.128974187,0.007507000002078712,0.0035275181458250373,0.0,32861.038678,0.007507000002078712,32861.046185,27.799999237060547
