zone,time_elapsed,power_j,watts,watts_since_last,start_power,prev_power,prev_power_reading,temp
package-0,0.000350491,0.0,0.0,0.0,52668.606562,0.0,52668.606562,27.799999237060547
dram,0.00048123,0.0007319999999708671,3.1387884789776943,0.0,1390.697428,0.0,1390.69816,27.799999237060547
core,0.00056931,0.006652999996731523,28.5278138541129,0.0,48142.759505,0.0,48142.766158,27.799999237060547
uncore,0.000654763,0.0,0.0,0.0,7.851176,0.0,7.851176,27.799999237060547
package-0,1.001006489,16.959367999996175,16.946283283230976,16.95023321421284,52668.606562,0.0,52685.56593,27.799999237060547
dram,1.001210336,0.45587000000000444,0.45551828112511755,0.45489285005506763,1390.697428,0.0007319999999708671,1391.153298,27.799999237060547
core,1.001398519,15.516073999999207,15.504102832583188,15.501067195871412,48142.759505,0.006652999996731523,48158.275579,27.799999237060547
uncore,1.001534298,0.007995000000000196,0.00798883159145232,0.007990693671348222,7.851176,0.0,7.859171,27.799999237060547
package-0,2.001836912,34.38736300000164,17.17962119980189,17.41293752794986,52668.606562,16.959367999996175,52702.993925,27.799999237060547
dram,2.002044035,0.9016090000000077,0.4504358502375298,0.44535388957642374,1390.697428,0.45587000000000444,1391.599037,27.799999237060547
core,2.002249643,31.513468999997713,15.743849277178786,15.98357354043446,48142.759505,15.516073999999207,48174.272974,27.799999237060547
uncore,2.00244638,0.007995000000000196,0.003994231005512488,0.0,7.851176,0.007995000000000196,7.859171,27.799999237060547
package-0,2.632132013,45.34973699999682,17.23045375185379,17.391878111359752,52668.606562,34.38736300000164,52713.956299,27.799999237060547
dram,2.63230707,1.182553000000098,0.4493063493536705,0.44571949507666636,1390.697428,0.9016090000000077,1391.879981,27.799999237060547
core,2.632483085,41.57698099999834,15.797009986237086,15.965827664363037,48142.759505,31.513468999997713,48184.336486,27.799999237060547
uncore,2.632655694,0.007995000000000196,0.0030376687244312818,0.0,7.851176,0.007995000000000196,7.859171,27.799999237060547
