zone,time_elapsed,power_j,watts,watts_since_last,start_power,prev_power,prev_power_reading,temp
package-0,0.000574152,0.0,0.0,0.0,57214.245682,0.0,57214.245682,27.799999237060547
dram,0.000781105,0.0,0.0,0.0,1509.775187,0.0,1509.775187,27.799999237060547
core,0.000937928,0.010070999996969476,25.327119953549282,0.0,52308.501038,0.0,52308.511109,27.799999237060547
uncore,0.001089495,0.0,0.0,0.0,8.580727,0.0,8.580727,27.799999237060547
package-0,1.001433344,16.581012000002374,16.561202681761046,16.567782774566925,57214.245682,0.0,57230.826694,27.799999237060547
dram,1.001652875,0.4556880000000092,0.45514359000798016,0.4553244275425363,1509.775187,0.0,1510.230875,27.799999237060547
core,1.001877638,15.145164000001387,15.127070087911274,15.123017406712313,52308.501038,0.010070999996969476,52323.646202,27.799999237060547
uncore,1.002084522,0.00836199999999998,0.008352009927069935,0.008355328345514041,8.580727,0.0,8.589089,27.799999237060547
package-0,2.002394559,33.66745500000252,16.815304811794853,17.06945798462417,57214.245682,16.581012000002374,57247.913137,27.799999237060547
dram,2.002606767,0.9013649999999416,0.4501892769049918,0.4452339686037713,1509.775187,0.4556880000000092,1510.676552,27.799999237060547
core,2.002816988,30.8043039999975,15.385296015844103,15.643573814940835,52308.501038,15.145164000001387,52339.305342,27.799999237060547
uncore,2.003011783,0.00836199999999998,0.0041764243491590825,0.0,8.580727,0.00836199999999998,8.589089,27.799999237060547
package-0,2.637345556,44.59894499999791,16.91168467153734,17.215587199507596,57214.245682,33.66745500000252,57258.844627,27.799999237060547
dram,2.6375233099999997,1.1848119999999653,0.4492744601706128,0.4463898832584849,1509.775187,0.9013649999999416,1510.959999,27.799999237060547
core,2.637695974,40.82423600000038,15.480334931430813,15.780009228317352,52308.501038,30.8043039999975,52349.325274,27.799999237060547
uncore,2.63786829,0.00836199999999998,0.0031708262880075196,0.0,8.580727,0.00836199999999998,8.589089,27.799999237060547
