zone,time_elapsed,power_j,watts,watts_since_last,start_power,prev_power,prev_power_reading,temp
package-0,0.000616462,0.0,0.0,0.0,53212.517095,0.0,53212.517095,27.799999237060547
dram,0.000761675,0.0,0.0,0.0,1404.958622,0.0,1404.958622,27.799999237060547
core,0.000995063,0.008483999998134095,19.76014849955187,0.0,48641.207692,0.0,48641.216176,27.799999237060547
uncore,0.00109025,0.0,0.0,0.0,7.935038,0.0,7.935038,27.799999237060547
package-0,1.001339857,16.882891999994172,16.862740805515948,16.869975267251146,53212.517095,0.0,53229.399987,27.799999237060547
dram,1.001439553,0.4559929999998076,0.4554487328432264,0.4556441296928904,1404.958622,0.0,1405.414615,27.799999237060547
core,1.001524687,15.443807999996352,15.425374476966509,15.423514769985372,48641.207692,0.008483999998134095,48656.6515,27.799999237060547
uncore,1.001608814,0.007385000000000197,0.007376185362601479,0.007379349897440323,7.935038,0.0,7.942423,27.799999237060547
package-0,2.001816082,34.24722699999984,17.108998394756174,17.355423736200347,53212.517095,16.882891999994172,53246.764322,27.799999237060547
dram,2.001907324,0.9017919999998867,0.45051115760122984,0.44557021885221787,1404.958622,0.4559929999998076,1405.860414,27.799999237060547
core,2.001991688,31.372538999996323,15.672881176346484,15.920556478832019,48641.207692,15.443807999996352,48672.580231,27.799999237060547
uncore,2.002074588,0.007385000000000197,0.003689348429444472,0.0,7.935038,0.007385000000000197,7.942423,27.799999237060547
package-0,2.781823277,47.77300999999716,17.17396148745251,17.34067511638611,53212.517095,34.24722699999984,53260.290105,27.799999237060547
dram,2.7819262350000002,1.2498139999997875,0.4492967368494595,0.4461801904817195,1404.958622,0.9017919999998867,1406.208436,27.799999237060547
core,2.782117149,43.78736399999616,15.741158092677082,15.916375928242235,48641.207692,31.372538999996323,48684.995056,27.799999237060547
uncore,2.78230659,0.007385000000000197,0.0026548401615231632,0.0,7.935038,0.007385000000000197,7.942423,27.799999237060547
