zone,time_elapsed,power_j,watts,watts_since_last,start_power,prev_power,prev_power_reading,temp
package-0,0.00037899,0.0,0.0,0.0,57032.666679,0.0,57032.666679,27.799999237060547
dram,0.000582506,0.0,0.0,0.0,1505.009574,0.0,1505.009574,27.799999237060547
core,0.000763517,0.009032999994815327,36.50375421215793,0.0,52142.133239,0.0,52142.142272,27.799999237060547
uncore,0.000971375,0.0,0.0,0.0,8.549172,0.0,8.549172,27.799999237060547
package-0,1.001215488,16.843400999998266,16.825240105032734,16.829400117158798,57032.666679,0.0,57049.51008,27.799999237060547
dram,1.001311658,0.45605399999999463,0.4555622733711142,0.45567491037180907,1505.009574,0.0,1505.465628,27.799999237060547
core,1.001396536,15.397604999998293,15.381002991465353,15.37578042699285,52142.133239,0.009032999994815327,52157.530844,27.799999237060547
uncore,1.001480335,0.008606000000000336,0.008596720837076329,0.008598846361746609,8.549172,0.0,8.557778,27.799999237060547
package-0,2.001687485,34.50015500000154,17.2364569070237,17.647911408104775,57032.666679,16.843400999998266,57067.166834,27.799999237060547
dram,2.001814016,0.9013039999999819,0.45029616696293345,0.44502701654318616,1505.009574,0.45605399999999463,1505.910878,27.799999237060547
core,2.001898805,31.62967999999819,15.802352664876254,16.223945894565748,52142.133239,15.397604999998293,52173.762919,27.799999237060547
uncore,2.001981387,0.008606000000000336,0.004299602368216755,0.0,8.549172,0.008606000000000336,8.557778,27.799999237060547
package-0,2.654197586,45.96863199999643,17.320014252673325,17.576332901729124,57032.666679,34.50015500000154,57078.635311,27.799999237060547
dram,2.6543922699999998,1.1926240000000234,0.44935565361358326,0.44647055584928497,1505.009574,0.9013039999999819,1506.202198,27.799999237060547
core,2.6545842,42.15357899999799,15.882582476703085,16.128693657253105,52142.133239,31.62967999999819,52184.286818,27.799999237060547
uncore,2.654774252,0.008606000000000336,0.003242559897334426,0.0,8.549172,0.008606000000000336,8.557778,27.799999237060547
