zone,time_elapsed,power_j,watts,watts_since_last,start_power,prev_power,prev_power_reading,temp
package-0,0.000634215,0.0,0.0,0.0,49312.621073,0.0,49312.621073,27.799999237060547
dram,0.000845299,0.0,0.0,0.0,1302.591147,0.0,1302.591147,27.799999237060547
core,0.001013268,0.011962999997194856,26.144519326346142,0.0,45067.423872,0.0,45067.435835,27.799999237060547
uncore,0.001156647,0.0,0.0,0.0,7.306072,0.0,7.306072,27.799999237060547
package-0,1.001508533,16.435748999996576,16.415033506766605,16.422538529355638,49312.621073,0.0,49329.056822,27.799999237060547
dram,1.001722738,0.456175999999914,0.45560103923361883,0.45580934195134554,1302.591147,0.0,1303.047323,27.799999237060547
core,1.00191689,15.002220000002126,14.983311315837831,14.978208364436286,45067.423872,0.011962999997194856,45082.426092,27.799999237060547
uncore,1.002124717,0.00878899999999927,0.00877792241114109,0.008781935714309385,7.306072,0.0,7.314861,27.799999237060547
package-0,2.002423655,33.47391399999469,16.718300847462054,17.02165669944307,49312.621073,16.435748999996576,49346.094987,27.799999237060547
dram,2.002624107,0.901913999999806,0.45045433260469747,0.44530612386341817,1302.591147,0.456175999999914,1303.493061,27.799999237060547
core,2.002792087,30.610639999998966,15.288259647599611,15.593296981259238,45067.423872,15.002220000002126,45098.034512,27.799999237060547
uncore,2.003006155,0.00878899999999927,0.00438960159090912,0.0,7.306072,0.00878899999999927,7.314861,27.799999237060547
package-0,2.643493446,44.44275799999741,16.81348975945566,17.11080021568544,49312.621073,33.47391399999469,49357.063831,27.799999237060547
dram,2.643677149,1.1879859999999098,0.4494363388828465,0.44625676500660677,1302.591147,0.901913999999806,1303.779133,27.799999237060547
core,2.643870644,40.663226000004215,15.383625245254622,15.681487556669019,45067.423872,30.610639999998966,45108.087098,27.799999237060547
uncore,2.644067445,0.00878899999999927,0.0033250358021401846,0.0,7.306072,0.00878899999999927,7.314861,27.799999237060547
