zone,time_elapsed,power_j,watts,watts_since_last,start_power,prev_power,prev_power_reading,temp
package-0,0.000414166,0.0,0.0,0.0,58579.702025,0.0,58579.702025,27.799999237060547
dram,0.00053457,0.0,0.0,0.0,1545.397655,0.0,1545.397655,27.799999237060547
core,0.000620637,0.006896999999298714,24.09120916876671,0.0,53560.296295,0.0,53560.303192,27.799999237060547
uncore,0.000704238,0.0,0.0,0.0,8.798134,0.0,8.798134,27.799999237060547
package-0,1.001125374,17.124895000000834,17.111095808119664,17.115991945630395,58579.702025,0.0,58596.82692,27.799999237060547
dram,1.001355883,0.45587000000000444,0.4555026612453511,0.45563299793979606,1545.397655,0.0,1545.853525,27.799999237060547
core,1.001562033,15.70308500000101,15.690431498590266,15.688027715505214,53560.296295,0.006896999999298714,53575.99938,27.799999237060547
uncore,1.001756226,0.008300000000000196,0.008293311883511675,0.008295684916534011,8.798134,0.0,8.806434,27.799999237060547
package-0,2.002063009,34.4822720000011,17.225098847320336,17.339073509882695,58579.702025,17.124895000000834,58614.184297,27.799999237060547
dram,2.002270958,0.901548000000048,0.45035470445811354,0.4452080290552043,1545.397655,0.45587000000000444,1546.299203,27.799999237060547
core,2.002478642,31.62949700000172,15.800038127303045,15.909617473693514,53560.296295,15.70308500000101,53591.925792,27.799999237060547
uncore,2.002684735,0.008300000000000196,0.004146139802874868,0.0,8.798134,0.008300000000000196,8.806434,27.799999237060547
package-0,2.622463486,45.24591700000019,17.254387978507356,17.34889259682959,58579.702025,34.4822720000011,58624.947942,27.799999237060547
dram,2.622638214,1.1784020000000055,0.4493798921712435,0.44623455260762773,1545.397655,0.901548000000048,1546.576057,27.799999237060547
core,2.62281084,41.49629299999651,15.82448067284736,15.903347247029417,53560.296295,31.62949700000172,53601.792588,27.799999237060547
uncore,2.622983119,0.008300000000000196,0.003165178865125307,0.0,8.798134,0.008300000000000196,8.806434,27.799999237060547
