zone,time_elapsed,power_j,watts,watts_since_last,start_power,prev_power,prev_power_reading,temp
package-0,0.000481597,0.0,0.0,0.0,47589.487362,0.0,47589.487362,27.799999237060547
dram,0.000661053,0.0,0.0,0.0,1257.294632,0.0,1257.294632,27.799999237060547
core,0.000814214,0.008728000000701286,28.65463093604018,0.0,43488.568051,0.0,43488.576779,27.799999237060547
uncore,0.000939189,0.0,0.0,0.0,7.021832,0.0,7.021832,27.799999237060547
package-0,1.001289796,16.09157299999788,16.074808277024413,16.079700938722596,47589.487362,0.0,47605.578935,27.799999237060547
dram,1.001494225,0.4563590000000204,0.4558835503835379,0.45602230687427514,1257.294632,0.0,1257.750991,27.799999237060547
core,1.001702126,14.656516999995802,14.641247364935209,14.636982135522908,43488.568051,0.008728000000701286,43503.224568,27.799999237060547
uncore,1.001908626,0.007445999999999842,0.007438242515553762,0.0074405064806120375,7.021832,0.0,7.029278,27.799999237060547
package-0,2.002219967,33.210424999997485,16.58850836143977,17.10224534352165,47589.487362,16.09157299999788,47622.697787,27.799999237060547
dram,2.002432057,0.902219999999943,0.45065620249841354,0.445428479147244,1257.294632,0.4563590000000204,1258.196852,27.799999237060547
core,2.002638097,30.347578000000794,15.1585248126905,15.675839415064496,43488.568051,14.656516999995802,43518.915629,27.799999237060547
uncore,2.002845366,0.007445999999999842,0.0037192548201140834,0.0,7.021832,0.007445999999999842,7.029278,27.799999237060547
package-0,2.713707883,45.283025999997335,16.687860780646467,16.96741128728032,47589.487362,33.210424999997485,47634.770388,27.799999237060547
dram,2.7138811499999997,1.2191129999998793,0.4492718313452692,0.4453765899377533,1257.294632,0.902219999999943,1258.513745,27.799999237060547
core,2.714056224,41.41346799999883,15.261837590707357,15.552531462753672,43488.568051,30.347578000000794,43529.981519,27.799999237060547
uncore,2.714233748,0.007445999999999842,0.0027440262356296214,0.0,7.021832,0.007445999999999842,7.029278,27.799999237060547
