zone,time_elapsed,power_j,watts,watts_since_last,start_power,prev_power,prev_power_reading,temp
package-0,0.000342266,0.0,0.0,0.0,48494.294738,0.0,48494.294738,27.799999237060547
dram,0.000454061,0.0,0.0,0.0,1281.159134,0.0,1281.159134,27.799999237060547
core,0.000535712,0.004944000000250526,22.047412640920275,0.0,44317.399059,0.0,44317.404003,27.799999237060547
uncore,0.000614219,0.0,0.0,0.0,7.170208,0.0,7.170208,27.799999237060547
package-0,1.000927924,16.70656100000633,16.694602656123752,16.69834447941517,48494.294738,0.0,48511.001299,27.799999237060547
dram,1.001039178,0.4557489999999689,0.4554227806621806,0.4555248562612964,1281.159134,0.0,1281.614883,27.799999237060547
core,1.001127931,15.260458999997354,15.249535757534234,15.248012124143347,44317.399059,0.004944000000250526,44332.659518,27.799999237060547
uncore,1.001214926,0.008606000000000336,0.008599839934655143,0.008601767448716591,7.170208,0.0,7.178814,27.799999237060547
package-0,2.001431102,33.9834950000004,16.980544169960737,17.26651799028295,48494.294738,16.70656100000633,48528.278233,27.799999237060547
dram,2.001528829,0.9014259999999013,0.4504158271228185,0.44540830788360986,1281.159134,0.4557489999999689,1282.06056,27.799999237060547
core,2.001621086,31.117107999998552,15.548295631023464,15.847089259252641,44317.399059,15.260458999997354,44348.516167,27.799999237060547
uncore,2.001712013,0.008606000000000336,0.004300162862197842,0.0,7.170208,0.008606000000000336,7.178814,27.799999237060547
package-0,2.6457609189999998,45.116828000005626,17.05332022168605,17.279371871023848,48494.294738,33.9834950000004,48539.411566,27.799999237060547
dram,2.645851848,1.189388999999892,0.44956687746635415,0.446929932132017,1281.159134,0.9014259999999013,1282.348523,27.799999237060547
core,2.6459370890000002,41.33497699999862,15.623851019333989,15.8585356407039,44317.399059,31.117107999998552,44358.734036,27.799999237060547
uncore,2.646025551,0.008606000000000336,0.0032529076252394685,0.0,7.170208,0.008606000000000336,7.178814,27.799999237060547
