zone,time_elapsed,power_j,watts,watts_since_last,start_power,prev_power,prev_power_reading,temp
package-0,0.000314813,0.0,0.0,0.0,54212.79963,0.0,54212.79963,27.799999237060547
dram,0.000482453,0.0007319999999708671,3.4306281985024607,0.0,1431.224546,0.0,1431.225278,27.799999237060547
core,0.000566789,0.007262999999511521,34.03914290305907,0.0,49557.718346,0.0,49557.725609,27.799999237060547
uncore,0.000646342,0.0,0.0,0.0,8.105142,0.0,8.105142,27.799999237060547
package-0,1.000887815,16.862810999999056,16.850139998023064,16.853733410646747,54212.79963,0.0,54229.662441,27.799999237060547
dram,1.000980362,0.4564810000001671,0.45613799244033587,0.45550366117325175,1431.224546,0.0007319999999708671,1431.681027,27.799999237060547
core,1.001061616,15.41829599999619,15.406710431072812,15.40273693185781,49557.718346,0.007262999999511521,49573.136642,27.799999237060547
uncore,1.001141681,0.007018999999999664,0.007013725804441789,0.007015221531530566,8.105142,0.0,8.112161,27.799999237060547
package-0,2.001348132,34.41617199999746,17.197391320679007,17.54473295649346,54212.79963,16.862810999999056,54247.215802,27.799999237060547
dram,2.001434645,0.9022190000000592,0.45082913927655455,0.4455189053857149,1431.224546,0.4564810000001671,1432.126765,27.799999237060547
core,2.001514504,31.5512499999968,15.765820583025867,16.125024132382933,49557.718346,15.41829599999619,49589.269596,27.799999237060547
uncore,2.001593369,0.007018999999999664,0.0035073188755521414,0.0,8.105142,0.007018999999999664,8.112161,27.799999237060547
package-0,2.6464205229999997,45.76269999999931,17.29314996906126,17.590239091356167,54212.79963,34.41617199999746,54258.56233,27.799999237060547
dram,2.646506916,1.1909150000001318,0.4500318315004836,0.4475582014796604,1431.224546,0.9022190000000592,1432.415461,27.799999237060547
core,2.64658537,41.977005000000645,15.862583342264694,16.162787696636336,49557.718346,31.5512499999968,49599.695351,27.799999237060547
uncore,2.646662692,0.007018999999999664,0.0026523920055599214,0.0,8.105142,0.007018999999999664,8.112161,27.799999237060547
