zone,time_elapsed,power_j,watts,watts_since_last,start_power,prev_power,prev_power_reading,temp
package-0,0.000683367,0.0,0.0,0.0,53350.917925,0.0,53350.917925,27.799999237060547
dram,0.000828523,0.0,0.0,0.0,1408.604426,0.0,1408.604426,27.799999237060547
core,0.000930701,0.0073850000044330955,13.594585000548745,0.0,48767.973237,0.0,48767.980622,27.799999237060547
uncore,0.001040065,0.0,0.0,0.0,7.95933,0.0,7.95933,27.799999237060547
package-0,1.001381281,17.123736000001372,17.104163807980882,17.113449738561165,53350.917925,0.0,53368.041661,27.799999237060547
dram,1.001588464,0.4557479999998577,0.4552270863762799,0.4554742312919747,1408.604426,0.0,1409.060174,27.799999237060547
core,1.001795852,15.68398100000195,15.666054427916412,15.667179038363182,48767.973237,0.0073850000044330955,48783.657218,27.799999237060547
uncore,1.002002702,0.006469000000000058,0.006461606022997579,0.006465114059148324,7.95933,0.0,7.965799,27.799999237060547
package-0,2.002309121,34.525118999998085,17.244386511895673,17.384634556142153,53350.917925,17.123736000001372,53385.443044,27.799999237060547
dram,2.002439444,0.9014259999999013,0.450238516364599,0.4452490448439956,1408.604426,0.4557479999998577,1409.505852,27.799999237060547
core,2.00331834,31.68790699999954,15.827273935276715,15.988522577403907,48767.973237,15.68398100000195,48799.661144,27.799999237060547
uncore,2.003521624,0.006469000000000058,0.00323109491224231,0.0,7.95933,0.006469000000000058,7.965799,27.799999237060547
package-0,2.6294329960000002,45.515935999996145,17.311335729214058,17.525064300761226,53350.917925,34.525118999998085,53396.433861,27.799999237060547
dram,2.6296059,1.1814539999998033,0.44934914317968094,0.44650990968303034,1408.604426,0.9014259999999013,1409.78588,27.799999237060547
core,2.629777294,41.75367700000061,15.880414289980438,16.0500594711679,48767.973237,31.68790699999954,48809.726914,27.799999237060547
uncore,2.629927392,0.006469000000000058,0.0024603916929731213,0.0,7.95933,0.006469000000000058,7.965799,27.799999237060547
