zone,time_elapsed,power_j,watts,watts_since_last,start_power,prev_power,prev_power_reading,temp
package-0,0.000718448,0.0,0.0,0.0,59213.381799,0.0,59213.381799,27.799999237060547
dram,0.000850011,0.0,0.0,0.0,1562.0148,0.0,1562.0148,27.799999237060547
core,0.001041447,0.0076289999997243285,12.52491356139051,0.0,54140.994577,0.0,54141.002206,27.799999237060547
uncore,0.001147526,0.0,0.0,0.0,8.903785,0.0,8.903785,27.799999237060547
package-0,1.001504211,16.914569000000483,16.89335538858489,16.90363858327974,59213.381799,0.0,59230.296368,27.799999237060547
dram,1.001720127,0.45580900000004476,0.4552373416263829,0.4555144502355745,1562.0148,0.0,1562.470609,27.799999237060547
core,1.001928484,15.476400999999896,15.456991084386564,15.458775876296507,54140.994577,0.0076289999997243285,54156.470978,27.799999237060547
uncore,1.002123406,0.0072630000000000194,0.00725389102065142,0.007258306553974717,8.903785,0.0,8.911048,27.799999237060547
package-0,2.002431809,34.19461500000034,17.07828038288623,17.263257706302827,59213.381799,16.914569000000483,59247.576414,27.799999237060547
dram,2.002626312,0.9016699999999673,0.45033327829064074,0.44542782722850455,1562.0148,0.45580900000004476,1562.91647,27.799999237060547
core,2.002833233,31.325786000001244,15.645462202814919,15.83398665382233,54140.994577,15.476400999999896,54172.320363,27.799999237060547
uncore,2.00302699,0.0072630000000000194,0.0036274586048388553,0.0,8.903785,0.0072630000000000194,8.911048,27.799999237060547
package-0,2.629965022,44.972540999995545,17.10120203101396,17.17433346918254,59213.381799,34.19461500000034,59258.35434,27.799999237060547
dram,2.630138516,1.1812099999999646,0.4491654329928877,0.4454394266556827,1562.0148,0.9016699999999673,1563.19601,27.799999237060547
core,2.630310089,41.21687400000519,15.673076808379697,15.761181110834604,54140.994577,31.325786000001244,54182.211451,27.799999237060547
uncore,2.630482345,0.0072630000000000194,0.0027618192699244417,0.0,8.903785,0.0072630000000000194,8.911048,27.799999237060547
