zone,time_elapsed,power_j,watts,watts_since_last,start_power,prev_power,prev_power_reading,temp
package-0,0.000696479,0.0,0.0,0.0,54167.878175,0.0,54167.878175,27.799999237060547
dram,0.000828357,0.0007319999999708671,1.302651037175146,0.0,1430.015687,0.0,1430.016419,27.799999237060547
core,0.000980659,0.008911999997508246,15.85959841601237,0.0,49516.652594,0.0,49516.661506,27.799999237060547
uncore,0.001088514,0.0,0.0,0.0,8.099039,0.0,8.099039,27.799999237060547
package-0,1.001427881,15.871419000002788,15.852520449454014,15.861422861671173,54167.878175,0.0,54183.749594,27.799999237060547
dram,1.001644951,0.45648099999993974,0.45593745507474737,0.4554619601298417,1430.015687,0.0007319999999708671,1430.472168,27.799999237060547
core,1.001851785,14.43001699999877,14.412834767855943,14.412022298544338,49516.652594,0.008911999997508246,49531.082611,27.799999237060547
uncore,1.002058405,0.006103000000001302,0.006095732984115755,0.006099156208073318,8.099039,0.0,8.105142,27.799999237060547
package-0,2.002361464,33.14896299999964,16.556454468132916,17.260533812966308,54167.878175,15.871419000002788,54201.027138,27.799999237060547
dram,2.002495373,0.9022189999998318,0.4506188562755882,0.44529915945944143,1430.015687,0.45648099999993974,1430.917906,27.799999237060547
core,2.003415399,30.287215000003926,15.127136740721657,15.841586180190923,49516.652594,14.43001699999877,49546.939809,27.799999237060547
uncore,2.003621297,0.006103000000001302,0.0030481810733879624,0.0,8.099039,0.006103000000001302,8.105142,27.799999237060547
package-0,2.685302023,44.90558600000077,16.724177203946976,17.215924875959438,54167.878175,33.14896299999964,54212.783761,27.799999237060547
dram,2.685498944,1.2081879999998364,0.44996518267636476,0.4480486716612421,1430.015687,0.9022189999998318,1431.223875,27.799999237060547
core,2.685688286,41.05262999999832,15.289221675183793,15.764439830928707,49516.652594,30.287215000003926,49557.705224,27.799999237060547
uncore,2.685877396,0.006103000000001302,0.0022729389050998782,0.0,8.099039,0.006103000000001302,8.105142,27.799999237060547
