zone,time_elapsed,power_j,watts,watts_since_last,start_power,prev_power,prev_power_reading,temp
package-0,0.000595809,0.016357000000425614,40.185832142832325,0.0,57940.928819,0.0,57940.945176,27.799999237060547
dram,0.000753724,0.0006100000000515138,1.4986463048578589,0.0,1528.767143,0.0,1528.767753,27.799999237060547
core,0.000907578,0.008362000000488479,20.543738362123257,0.0,52974.603703,0.0,52974.612065,27.799999237060547
uncore,0.001046845,0.0,0.0,0.0,8.70005,0.0,8.70005,27.799999237060547
package-0,1.001290562,17.15986800000246,17.14011189566883,17.13073849268927,57940.928819,0.016357000000425614,57958.088687,27.799999237060547
dram,1.001391184,0.45587000000000444,0.45534515824233057,0.4549208155890579,1528.767143,0.0006100000000515138,1529.223013,27.799999237060547
core,1.001477414,15.713887999998406,15.695796648082707,15.693824841134616,52974.603703,0.008362000000488479,52990.317591,27.799999237060547
uncore,1.001561438,0.007691000000001225,0.00768214537487066,0.007685269939586968,8.70005,0.0,8.707741,27.799999237060547
package-0,2.001771032,34.85281599999871,17.41193479931966,17.683932342241665,57940.928819,17.15986800000246,57975.781635,27.799999237060547
dram,2.001862388,0.9016699999999673,0.45046056681625296,0.4455728371649738,1528.767143,0.45587000000000444,1529.668813,27.799999237060547
core,2.001947548,31.963113999998313,15.968283795238026,16.240946008424004,52974.603703,15.713887999998406,53006.566817,27.799999237060547
uncore,2.002031082,0.007691000000001225,0.0038423061867251637,0.0,8.70005,0.007691000000001225,8.707741,27.799999237060547
package-0,2.63464797,46.06518900000083,17.48524082628024,17.717100724463286,57940.928819,34.85281599999871,57986.994008,27.799999237060547
dram,2.6348434899999997,1.184383999999909,0.4495637578039924,0.4467272373309321,1528.767143,0.9016699999999673,1529.951527,27.799999237060547
core,2.635009461,42.26624900000024,16.043254323530885,16.280378879006502,52974.603703,31.963113999998313,53016.869952,27.799999237060547
uncore,2.635130936,0.007691000000001225,0.002919319123925451,0.0,8.70005,0.007691000000001225,8.707741,27.799999237060547
