zone,time_elapsed,power_j,watts,watts_since_last,start_power,prev_power,prev_power_reading,temp
package-0,0.000557396,0.0,0.0,0.0,58850.730079,0.0,58850.730079,27.799999237060547
dram,0.000678831,0.0,0.0,0.0,1552.513054,0.0,1552.513054,27.799999237060547
core,0.000767034,0.007689999998547137,16.83483255700558,0.0,53808.646917,0.0,53808.654607,27.799999237060547
uncore,0.000888735,0.0,0.0,0.0,8.844581,0.0,8.844581,27.799999237060547
package-0,1.001150439,17.071184000000358,17.054018686787618,17.061804528887667,58850.730079,0.0,58867.801263,27.799999237060547
dram,1.00125115,0.45605299999988347,0.4555944323582596,0.455802429451329,1552.513054,0.0,1552.969107,27.799999237060547
core,1.00133672,15.62434999999823,15.608639498518343,15.60807969231003,53808.646917,0.007689999998547137,53824.271267,27.799999237060547
uncore,1.001420602,0.007264000000001047,0.007256695946856441,0.007260008918997961,8.844581,0.0,8.851845,27.799999237060547
package-0,2.001628383,34.548251000000164,17.261001287542115,17.468085748775902,58850.730079,17.071184000000358,58885.27833,27.799999237060547
dram,2.001719542,0.9013649999999416,0.45034008886714166,0.4450831596033817,1552.513054,0.45605299999988347,1553.414419,27.799999237060547
core,2.001804302,31.680095000003348,15.828012844543467,16.047494148793525,53808.646917,15.62434999999823,53840.327012,27.799999237060547
uncore,2.001886937,0.007264000000001047,0.0036292405468723557,0.0,8.844581,0.007264000000001047,8.851845,27.799999237060547
package-0,2.6330955830000002,45.68182800000068,17.350621496611556,17.634740571516986,58850.730079,34.548251000000164,58896.411907,27.799999237060547
dram,2.633286151,1.183774000000085,0.449614551579044,0.44731441207653555,1552.513054,0.9013649999999416,1553.696828,27.799999237060547
core,2.6334762290000002,41.901198999999906,15.914683714127776,16.189452625551116,53808.646917,31.680095000003348,53850.548116,27.799999237060547
uncore,2.633665052,0.007264000000001047,0.0027589726608883217,0.0,8.844581,0.007264000000001047,8.851845,27.799999237060547
