zone,time_elapsed,power_j,watts,watts_since_last,start_power,prev_power,prev_power_reading,temp
package-0,0.00060075,0.01959299999725772,47.27253424805648,0.0,61250.003416,0.0,61250.023009,27.799999237060547
dram,0.000737935,0.0006720000001223525,1.6213516574758366,0.0,1615.542372,0.0,1615.543044,27.799999237060547
core,0.000928046,0.010925000002316665,26.359028063176414,0.0,56007.025017,0.0,56007.035942,27.799999237060547
uncore,0.001064727,0.0,0.0,0.0,9.238928,0.0,9.238928,27.799999237060547
package-0,1.001321377,16.848711999999068,16.828965447299066,16.81635710023116,61250.003416,0.01959299999725772,61266.852128,27.799999237060547
dram,1.001422577,0.4558710000001156,0.4553367229155583,0.45485381235150735,1615.542372,0.0006720000001223525,1615.998243,27.799999237060547
core,1.001508411,15.403768999996828,15.38571590867821,15.381171259887726,56007.025017,0.010925000002316665,56022.428786,27.799999237060547
uncore,1.001592115,0.008179000000000158,0.008169414278875997,0.00817279768018626,9.238928,0.0,9.247107,27.799999237060547
package-0,2.001802021,34.342381000002206,17.156662821250602,17.48457413649743,61250.003416,16.848711999999068,61284.345797,27.799999237060547
dram,2.001894004,0.9016100000001188,0.4504235966128499,0.44550726271469326,1615.542372,0.4558710000001156,1616.443982,27.799999237060547
core,2.001979579,31.459148000001733,15.716266000304852,16.0470318956589,56007.025017,15.403768999996828,56038.484165,27.799999237060547
uncore,2.002062982,0.008179000000000158,0.0040860400801855405,0.0,9.238928,0.008179000000000158,9.247107,27.799999237060547
package-0,2.651803137,45.68994699999894,17.230564911196865,17.458153188658834,61250.003416,34.342381000002206,61295.693363,27.799999237060547
dram,2.651995225,1.1916480000002139,0.44939356605736674,0.44622149230375474,1615.542372,0.9016100000001188,1616.73402,27.799999237060547
core,2.652186065,41.878005999999004,15.793008049111798,16.02934224087248,56007.025017,31.459148000001733,56048.903023,27.799999237060547
uncore,2.652376769,0.008179000000000158,0.0030844594853367893,0.0,9.238928,0.008179000000000158,9.247107,27.799999237060547
