zone,time_elapsed,power_j,watts,watts_since_last,start_power,prev_power,prev_power_reading,temp
package-0,0.000645306,0.0,0.0,0.0,51031.970859,0.0,51031.970859,27.799999237060547
dram,0.000764269,0.0,0.0,0.0,1347.764066,0.0,1347.764066,27.799999237060547
core,0.000864255,0.007630000000062864,14.204651232179705,0.0,46642.887429,0.0,46642.895059,27.799999237060547
uncore,0.001053903,0.0,0.0,0.0,7.580913,0.0,7.580913,27.799999237060547
package-0,1.001396111,15.687887000000046,15.669664762517378,15.67807642799715,51031.970859,0.0,51047.658746,27.799999237060547
dram,1.001612066,0.4559320000000753,0.45540241298941225,0.45564687851020064,1347.764066,0.0,1348.219998,27.799999237060547
core,1.001820084,14.254846999996516,14.238289307598997,14.238307364924543,46642.887429,0.007630000000062864,46657.142276,27.799999237060547
uncore,1.002028998,0.006164000000000058,0.006156840216668934,0.00616014528292912,7.580913,0.0,7.587077,27.799999237060547
package-0,2.002344679,32.71903200000088,16.342075083788018,17.01461392438956,51031.970859,15.687887000000046,51064.689891,27.799999237060547
dram,2.002551921,0.9018530000000737,0.4504457662604531,0.4454881721562068,1347.764066,0.4559320000000753,1348.665919,27.799999237060547
core,2.002747192,29.858565999995335,14.91336685835176,15.588573438229131,46642.887429,14.254846999996516,46672.745995,27.799999237060547
uncore,2.002936148,0.006164000000000058,0.0030787142729793346,0.0,7.580913,0.006164000000000058,7.587077,27.799999237060547
package-0,2.68215291,44.26307000000088,16.503905429600227,16.980496435740957,51031.970859,32.71903200000088,51076.233929,27.799999237060547
dram,2.6823265259999998,1.2053809999999885,0.44943773738776743,0.44646908838537547,1347.764066,0.9018530000000737,1348.969447,27.799999237060547
core,2.682498076,40.445575999998255,15.080516587522434,15.572773198615895,46642.887429,29.858565999995335,46683.333005,27.799999237060547
uncore,2.6826696,0.006164000000000058,0.0022983058578642363,0.0,7.580913,0.006164000000000058,7.587077,27.799999237060547
