zone,time_elapsed,power_j,watts,watts_since_last,start_power,prev_power,prev_power_reading,temp
package-0,0.000648023,0.0,0.0,0.0,60842.190801,0.0,60842.190801,27.799999237060547
dram,0.000864162,0.0,0.0,0.0,1604.785686,0.0,1604.785686,27.799999237060547
core,0.001045296,0.011414000000513624,25.14556626104249,0.0,55633.492465,0.0,55633.503879,27.799999237060547
uncore,0.001216327,0.0,0.0,0.0,9.170386,0.0,9.170386,27.799999237060547
package-0,1.001468965,15.928853000004892,15.907792212568697,15.915006753149571,60842.190801,0.0,60858.119654,27.799999237060547
dram,1.00157085,0.4561149999999543,0.45551193453997074,0.45571851941943714,1604.785686,0.0,1605.241801,27.799999237060547
core,1.001655877,14.48873299999832,14.46957630830604,14.464734507399553,55633.492465,0.011414000000513624,55647.981198,27.799999237060547
uncore,1.001739661,0.007140999999998954,0.007131558323119784,0.0071347926447804825,9.170386,0.0,9.177527,27.799999237060547
package-0,2.001951025,33.23844000000099,16.603920276152234,17.300608399451388,60842.190801,15.928853000004892,60875.429241,27.799999237060547
dram,2.00204194,0.9014260000001286,0.4502980717161363,0.44508001415474835,1604.785686,0.4561149999999543,1605.687112,27.799999237060547
core,2.00213282,30.377912999996624,15.174973482745202,15.880938174228397,55633.492465,14.48873299999832,55663.870378,27.799999237060547
uncore,2.002246821,0.007140999999998954,0.003567212982678555,0.0,9.170386,0.007140999999998954,9.177527,27.799999237060547
package-0,2.764503048,46.39056700000219,16.782097853592337,17.24991264496335,60842.190801,33.23844000000099,60888.581368,27.799999237060547
dram,2.764694179,1.242001000000073,0.4493021677501759,0.4466873684429063,1604.785686,0.9014260000001286,1606.027687,27.799999237060547
core,2.7648838060000003,42.43140999999741,15.349846331600544,15.808984380725825,55633.492465,30.377912999996624,55675.923875,27.799999237060547
uncore,2.765074858,0.007140999999998954,0.0025833045061182296,0.0,9.170386,0.007140999999998954,9.177527,27.799999237060547
