zone,time_elapsed,power_j,watts,watts_since_last,start_power,prev_power,prev_power_reading,temp
package-0,0.000592854,0.0,0.0,0.0,61432.695087,0.0,61432.695087,27.799999237060547
dram,0.000748662,0.0007930000001579174,1.7976152698869232,0.0,1620.342287,0.0,1620.34308,27.799999237060547
core,0.000900389,0.010986000001139473,24.903658705035753,0.0,56174.412528,0.0,56174.423514,27.799999237060547
uncore,0.001013107,0.0,0.0,0.0,9.269019,0.0,9.269019,27.799999237060547
package-0,1.001252663,16.974993999996514,16.956066621070075,16.963541573809206,61432.695087,0.0,61449.670081,27.799999237060547
dram,1.00135219,0.45587000000000444,0.4553616979510496,0.45476997569385613,1620.342287,0.0007930000001579174,1620.798157,27.799999237060547
core,1.001437677,15.533346999996866,15.51602707960898,15.51188861375481,56174.412528,0.010986000001139473,56189.945875,27.799999237060547
uncore,1.001528443,0.008055999999999841,0.008047017436316377,0.008050564902622783,9.269019,0.0,9.277075,27.799999237060547
package-0,2.001755997,34.4000589999996,17.185753844225523,17.41557218957628,61432.695087,16.974993999996514,61467.095146,27.799999237060547
dram,2.001846496,0.9016090000000077,0.45043034192873455,0.44549617072924674,1620.342287,0.45587000000000444,1621.243896,27.799999237060547
core,2.001930487,31.520183000000543,15.747010961898571,15.978126706610944,56174.412528,15.533346999996866,56205.932711,27.799999237060547
uncore,2.0020127,0.008055999999999841,0.004024656846346679,0.0,9.269019,0.008055999999999841,9.277075,27.799999237060547
package-0,2.636803992,45.45624400000088,17.239857571096472,17.41039555465692,61432.695087,34.4000589999996,61478.151331,27.799999237060547
dram,2.636895038,1.1850560000000314,0.4494475314276615,0.4463496575700102,1620.342287,0.9016090000000077,1621.527343,27.799999237060547
core,2.636990771,41.67054800000187,15.8040843064279,15.983982691511395,56174.412528,31.520183000000543,56216.083076,27.799999237060547
uncore,2.637176655,0.008055999999999841,0.003055340265085425,0.0,9.269019,0.008055999999999841,9.277075,27.799999237060547
