zone,time_elapsed,power_j,watts,watts_since_last,start_power,prev_power,prev_power_reading,temp
package-0,0.000649208,0.0,0.0,0.0,46638.806751,0.0,46638.806751,27.799999237060547
dram,0.000904048,0.0,0.0,0.0,1232.345661,0.0,1232.345661,27.799999237060547
core,0.001036169,0.008971999995992519,18.601449627623772,0.0,42617.325164,0.0,42617.334136,27.799999237060547
uncore,0.001150106,0.0,0.0,0.0,6.865766,0.0,6.865766,27.799999237060547
package-0,1.001487385,16.383625000002212,16.363090613965845,16.370976897847772,46638.806751,0.0,46655.190376,27.799999237060547
dram,1.001706281,0.45623599999998987,0.45566417745475424,0.4558837873770489,1232.345661,0.0,1232.801897,27.799999237060547
core,1.001901435,14.94704400000046,14.92831015009859,14.92653985979457,42617.325164,0.008971999995992519,42632.272208,27.799999237060547
uncore,1.002107499,0.007140999999999842,0.0071320498408814735,0.007135487172558733,6.865766,0.0,6.872907,27.799999237060547
package-0,2.002427319,33.75888600000326,16.860789478651267,17.358636113436123,46638.806751,16.383625000002212,46672.565637,27.799999237060547
dram,2.002634196,0.9019749999999931,0.45048911240746786,0.44531251084898776,1232.345661,0.45623599999998987,1233.247636,27.799999237060547
core,2.002842302,30.89402500000142,15.429941961744913,15.931722711208753,42617.325164,14.94704400000046,42648.219189,27.799999237060547
uncore,2.003054395,0.007140999999999842,0.00356655423010802,0.0,6.865766,0.007140999999999842,6.872907,27.799999237060547
package-0,2.662723823,45.200934000000416,16.97683375839395,17.328715344465294,46638.806751,33.75888600000326,46684.007685,27.799999237060547
dram,2.662911277,1.1964689999999791,0.44937689362948363,0.44600430767761057,1232.345661,0.9019749999999931,1233.54213,27.799999237060547
core,2.663100502,41.39509700000053,15.547415019822262,15.903629096798465,42617.325164,30.89402500000142,42658.720261,27.799999237060547
uncore,2.663289209,0.007140999999999842,0.0026820589563190753,0.0,6.865766,0.007140999999999842,6.872907,27.799999237060547
