zone,time_elapsed,power_j,watts,watts_since_last,start_power,prev_power,prev_power_reading,temp
package-0,0.000593833,0.0,0.0,0.0,59347.94725,0.0,59347.94725,27.799999237060547
dram,0.000726673,0.0007319999999708671,1.807153067274154,0.0,1565.569051,0.0,1565.569783,27.799999237060547
core,0.000934639,0.008483999998134095,20.945200300535713,0.0,54264.233031,0.0,54264.241515,27.799999237060547
uncore,0.001041897,0.0,0.0,0.0,8.927101,0.0,8.927101,27.799999237060547
package-0,1.001373064,16.26180000000022,16.24315282806729,16.24972734631691,59347.94725,0.0,59364.20905,27.799999237060547
dram,1.001590357,0.4576400000000831,0.45711523080089317,0.45656879449708454,1565.569051,0.0007319999999708671,1566.026691,27.799999237060547
core,1.001799484,14.824119999997492,14.807121395021763,14.804636968986435,54264.233031,0.008483999998134095,54279.057151,27.799999237060547
uncore,1.002006303,0.008727999999999625,0.008717991728059827,0.008721520390033452,8.927101,0.0,8.935829,27.799999237060547
package-0,2.002312273,33.634862999999314,16.799694693136992,17.356339108531337,59347.94725,16.26180000000022,59381.582113,27.799999237060547
dram,2.002519868,0.9033180000001266,0.45118264970538335,0.445248975452008,1565.569051,0.4576400000000831,1566.472369,27.799999237060547
core,2.002726483,30.77012399999512,15.368835867412209,15.930653843249772,54264.233031,14.824119999997492,54295.003155,27.799999237060547
uncore,2.002932887,0.008727999999999625,0.004359397428843292,0.0,8.927101,0.008727999999999625,8.935829,27.799999237060547
package-0,2.671252651,45.3267890000061,16.969742098032253,17.478699385851076,59347.94725,33.634862999999314,59393.274039,27.799999237060547
dram,2.671416079,1.2019010000001344,0.4499756203195112,0.4463629430020921,1565.569051,0.9033180000001266,1566.770952,27.799999237060547
core,2.671502443,41.50148099999933,15.537598069350986,16.0427087038708,54264.233031,30.77012399999512,54305.734512,27.799999237060547
uncore,2.671657186,0.008727999999999625,0.003267646182296284,0.0,8.927101,0.008727999999999625,8.935829,27.799999237060547
