zone,time_elapsed,power_j,watts,watts_since_last,start_power,prev_power,prev_power_reading,temp
package-0,0.000692452,0.0,0.0,0.0,54988.362464,0.0,54988.362464,27.799999237060547
dram,0.00081233,0.0,0.0,0.0,1451.427802,0.0,1451.427802,27.799999237060547
core,0.000901215,0.006957999998121522,12.66322695371229,0.0,50268.796665,0.0,50268.803623,27.799999237060547
uncore,0.000987045,0.0,0.0,0.0,8.221902,0.0,8.221902,27.799999237060547
package-0,1.001272832,17.152544000004127,17.13384701499211,17.143256366575432,54988.362464,0.0,55005.515008,27.799999237060547
dram,1.001374713,0.45605399999999463,0.45555688220786605,0.45580705923274234,1451.427802,0.0,1451.883856,27.799999237060547
core,1.001459802,15.727072000001499,15.709928838644975,15.711601988240616,50268.796665,0.006957999998121522,50284.523737,27.799999237060547
uncore,1.001544267,0.007630000000000692,0.0076216829832571895,0.007625868563692414,8.221902,0.0,8.229532,27.799999237060547
package-0,2.00175433,34.78006200000527,17.37573279618425,17.61774832431637,54988.362464,17.152544000004127,55023.142526,27.799999237060547
dram,2.001846142,0.9014260000001286,0.45034242065275915,0.4451251620732585,1451.427802,0.45605399999999463,1452.329228,27.799999237060547
core,2.001931149,31.913614999997662,15.943687702459325,16.177571953955102,50268.796665,15.727072000001499,50300.71028,27.799999237060547
uncore,2.002014482,0.007630000000000692,0.0038118632806024826,0.0,8.221902,0.007630000000000692,8.229532,27.799999237060547
package-0,2.63535902,45.95184700000391,17.437458340215365,17.632461897419393,54988.362464,34.78006200000527,55034.314311,27.799999237060547
dram,2.635550491,1.184507000000167,0.44948773149846694,0.4467875944967313,1451.427802,0.9014260000001286,1452.612309,27.799999237060547
core,2.635740158,42.174269999995886,16.00397207437299,16.194422675522002,50268.796665,31.913614999997662,50310.970935,27.799999237060547
uncore,2.635929136,0.007630000000000692,0.00289537452402825,0.0,8.221902,0.007630000000000692,8.229532,27.799999237060547
