zone,time_elapsed,power_j,watts,watts_since_last,start_power,prev_power,prev_power_reading,temp
package-0,0.000504315,0.0,0.0,0.0,236991.698902,0.0,236991.698902,27.799999237060547
dram,0.00066263,0.0,0.0,0.0,5899.468051,0.0,5899.468051,27.799999237060547
core,0.000789793,0.007569000008516014,20.52137136799928,0.0,218053.617928,0.0,218053.625497,27.799999237060547
uncore,0.000902005,0.0,0.0,0.0,24.920163,0.0,24.920163,27.799999237060547
package-0,1.00115421,19.820139999996172,19.799938479164773,19.807236635111938,236991.698902,0.0,237011.519042,27.799999237060547
dram,1.001256092,0.45996000000013737,0.45949118941042333,0.4596605555102319,5899.468051,0.0,5899.928011,27.799999237060547
core,1.001340919,18.39045599999372,18.371711673264297,18.370919319707138,218053.617928,0.007569000008516014,218072.008384,27.799999237060547
uncore,1.001488181,0.007690000000000197,0.007682162028361575,0.007684993633952339,24.920163,0.0,24.927853,27.799999237060547
package-0,2.001699672,40.21492399999988,20.091580198554603,20.383355888074856,236991.698902,19.820139999996172,237031.913826,27.799999237060547
dram,2.001794972,0.905453999999736,0.4523694153219538,0.4452443697365065,5899.468051,0.45996000000013737,5900.373505,27.799999237060547
core,2.001879164,37.342556000017794,18.656530562966527,18.941480288626934,218053.617928,18.39045599999372,218090.960484,27.799999237060547
uncore,2.001961893,0.007690000000000197,0.00384196304155366,0.0,24.920163,0.007690000000000197,24.927853,27.799999237060547
package-0,2.834520867,57.23148200000287,20.191773435561036,20.432577044665265,236991.698902,40.21492399999988,237048.930384,27.799999237060547
dram,2.834630668,1.277646000000459,0.45076481791715245,0.4469083415941986,5899.468051,0.905453999999736,5900.745697,27.799999237060547
core,2.834821932,53.16075300000375,18.755584212197117,18.993648945330147,218053.617928,37.342556000017794,218106.778681,27.799999237060547
uncore,2.835018725,0.007690000000000197,0.0027131000682362296,0.0,24.920163,0.007690000000000197,24.927853,27.799999237060547
