zone,time_elapsed,power_j,watts,watts_since_last,start_power,prev_power,prev_power_reading,temp
package-0,0.000603696,0.0,0.0,0.0,232350.262908,0.0,232350.262908,27.799999237060547
dram,0.000830837,0.0,0.0,0.0,5793.88806,0.0,5793.88806,27.799999237060547
core,0.000995359,0.011292000010143965,27.9549927838488,0.0,213747.307358,0.0,213747.31865,27.799999237060547
uncore,0.001153524,0.0,0.0,0.0,24.258849,0.0,24.258849,27.799999237060547
package-0,1.001395017,19.664988999982597,19.640487844924838,19.648414638759313,232350.262908,0.0,232369.927897,27.799999237060547
dram,1.0014935,0.4584949999998571,0.45792374836639754,0.458108563895109,5793.88806,0.0,5794.346555,27.799999237060547
core,1.001642587,18.21974100000807,18.197040519506718,18.19310226316314,213747.307358,0.011292000010143965,213765.527099,27.799999237060547
uncore,1.001726456,0.008849999999998914,0.008838973539609775,0.008842540901149372,24.258849,0.0,24.267699,27.799999237060547
package-0,2.001945295,39.97273700000369,19.968108812658922,20.295947875038703,232350.262908,19.664988999982597,232390.235645,27.799999237060547
dram,2.002038659,0.9041120000001683,0.45164299844747635,0.44535806748380197,5793.88806,0.4584949999998571,5794.792172,27.799999237060547
core,2.002123467,37.10390899999766,18.535005303411662,18.873195067757607,213747.307358,18.21974100000807,213784.411267,27.799999237060547
uncore,2.002205815,0.008849999999998914,0.0044209572887639265,0.0,24.258849,0.008849999999998914,24.267699,27.799999237060547
package-0,2.9050832,58.280002999992575,20.062299536782724,20.271079332711903,232350.262908,39.97273700000369,232408.542911,27.799999237060547
dram,2.905190775,1.307064999999966,0.4499438605733697,0.446177612230855,5793.88806,0.9041120000001683,5795.195125,27.799999237060547
core,2.905350531,54.11418100001174,18.62825759308987,18.834957288734582,213747.307358,37.10390899999766,213801.421539,27.799999237060547
uncore,2.905460365,0.008849999999998914,0.003046522679494851,0.0,24.258849,0.008849999999998914,24.267699,27.799999237060547
