zone,time_elapsed,power_j,watts,watts_since_last,start_power,prev_power,prev_power_reading,temp
package-0,0.000363234,0.0,0.0,0.0,240485.880631,0.0,240485.880631,27.799999237060547
dram,0.000486189,0.0,0.0,0.0,5978.828688,0.0,5978.828688,27.799999237060547
core,0.000600996,0.007202000007964671,29.201401310311194,0.0,221295.810922,0.0,221295.818124,27.799999237060547
uncore,0.000757711,0.0,0.0,0.0,25.42065,0.0,25.42065,27.799999237060547
package-0,1.001100701,19.199657999997726,19.183108252930218,19.187836508239855,240485.880631,0.0,240505.080289,27.799999237060547
dram,1.001321913,0.4609360000004017,0.46053868176617496,0.4606521954073765,5978.828688,0.0,5979.289624,27.799999237060547
core,1.001518373,17.77699300000677,17.761669563632484,17.758849896889277,221295.810922,0.007202000007964671,221313.587915,27.799999237060547
uncore,1.001730826,0.008362000000001757,0.008354792111976952,0.008356851402350728,25.42065,0.0,25.429012,27.799999237060547
package-0,2.002052336,39.35182799998438,19.65783346194265,20.132504569523142,240485.880631,19.199657999997726,240525.232459,27.799999237060547
dram,2.002262729,0.9097880000008445,0.4544759900276445,0.44841398921577674,5978.828688,0.4609360000004017,5979.738476,27.799999237060547
core,2.002468137,36.49679400000605,18.231628232041253,18.701533342230586,221295.810922,17.77699300000677,221332.307716,27.799999237060547
uncore,2.002677657,0.008362000000001757,0.004177158006709733,0.0,25.42065,0.008362000000001757,25.429012,27.799999237060547
package-0,2.917044484,57.763340999983484,19.803361824331066,20.121747200386075,240485.880631,39.35182799998438,240543.643972,27.799999237060547
dram,2.917224858,1.3210410000001502,0.452900619231609,0.449454040055633,5978.828688,0.9097880000008445,5980.149729,27.799999237060547
core,2.917399887,53.59471199999098,18.374205079428194,18.68613316290976,221295.810922,36.49679400000605,221349.405634,27.799999237060547
uncore,2.9175762450000002,0.008362000000001757,0.0028667959419995896,0.0,25.42065,0.008362000000001757,25.429012,27.799999237060547
