zone,time_elapsed,power_j,watts,watts_since_last,start_power,prev_power,prev_power_reading,temp
package-0,0.000724894,0.0,0.0,0.0,226525.093373,0.0,226525.093373,27.799999237060547
dram,0.000891154,0.0,0.0,0.0,5661.229953,0.0,5661.229953,27.799999237060547
core,0.001040368,0.012267999991308898,23.670602746216133,0.0,208343.337062,0.0,208343.34933,27.799999237060547
uncore,0.001140264,0.0,0.0,0.0,23.445923,0.0,23.445923,27.799999237060547
package-0,1.001482841,19.398264999996172,19.37412960054977,19.38416352501997,226525.093373,0.0,226544.491638,27.799999237060547
dram,1.001689449,0.45818899999994755,0.4576189194006286,0.45785592172114936,5661.229953,0.0,5661.688142,27.799999237060547
core,1.001894551,17.960707999998704,17.93836121476197,17.935392468306905,208343.337062,0.012267999991308898,208361.29777,27.799999237060547
uncore,1.002087292,0.007386000000000337,0.007376810309050596,0.007380630783002102,23.445923,0.0,23.453309,27.799999237060547
package-0,2.002411327,39.524067999998806,19.740367525333887,20.106713886905546,226525.093373,19.398264999996172,226564.617441,27.799999237060547
dram,2.002608655,0.9050260000003618,0.4520168789303396,0.4464131797916519,5661.229953,0.45818899999994755,5662.134979,27.799999237060547
core,2.00279009,36.6506019999797,18.30520971435325,18.672166831512826,208343.337062,17.960707999998704,208379.987664,27.799999237060547
uncore,2.00297089,0.007386000000000337,0.003688951110551858,0.0,23.445923,0.007386000000000337,23.453309,27.799999237060547
package-0,2.881961683,57.18387399998028,19.843478203608797,20.078197525323453,226525.093373,39.524067999998806,226582.277247,27.799999237060547
dram,2.882138782,1.2976040000003195,0.45028388057323304,0.446338913808218,5661.229953,0.9050260000003618,5662.527557,27.799999237060547
core,2.88231055,53.05772499999148,18.411655872961028,18.653968023026962,208343.337062,36.6506019999797,208396.394787,27.799999237060547
uncore,2.882482343,0.007386000000000337,0.0025630290457745444,0.0,23.445923,0.007386000000000337,23.453309,27.799999237060547
