zone,time_elapsed,power_j,watts,watts_since_last,start_power,prev_power,prev_power_reading,temp
package-0,0.000452938,0.0,0.0,0.0,232009.598986,0.0,232009.598986,27.799999237060547
dram,0.000572587,0.0008539999998902204,2.3374718077093335,0.0,5786.132038,0.0,5786.132892,27.799999237060547
core,0.000671834,0.005982000002404675,16.373251008355435,0.0,213431.334717,0.0,213431.340699,27.799999237060547
uncore,0.000796088,0.0,0.0,0.0,24.209288,0.0,24.209288,27.799999237060547
package-0,1.001154094,19.05305099999532,19.035893149991722,19.04284422591867,232009.598986,0.0,232028.652037,27.799999237060547
dram,1.001383091,0.460692000000563,0.46027713288905053,0.4595916634649722,5786.132038,0.0008539999998902204,5786.59273,27.799999237060547
core,1.001593872,17.612931000010576,17.59707002172306,17.597516906921232,213431.334717,0.005982000002404675,213448.947648,27.799999237060547
uncore,1.001803999,0.008178999999998382,0.008171634562558497,0.008174618486235945,24.209288,0.0,24.217467,27.799999237060547
package-0,2.002141508,39.057334000011906,19.510000884699522,19.984056137596916,232009.598986,19.05305099999532,232048.65632,27.799999237060547
dram,2.002361183,0.9092380000001867,0.4541844608339284,0.44809246321298274,5786.132038,0.460692000000563,5787.041276,27.799999237060547
core,2.002575116,36.18630900001153,18.07586049278274,18.554597963672027,213431.334717,17.612931000010576,213467.521026,27.799999237060547
uncore,2.002786574,0.008178999999998382,0.004085591127030769,0.0,24.209288,0.008178999999998382,24.217467,27.799999237060547
package-0,2.856605682,56.13932099999511,19.65384020361288,19.99082890474349,232009.598986,39.057334000011906,232065.738307,27.799999237060547
dram,2.856786478,1.293453000000227,0.45282554402270675,0.4496418553441339,5786.132038,0.9092380000001867,5787.425491,27.799999237060547
core,2.8569589410000003,52.05119800000102,18.222627379100715,18.566474824729045,213431.334717,36.18630900001153,213483.385915,27.799999237060547
uncore,2.85713447,0.008178999999998382,0.002863389798129763,0.0,24.209288,0.008178999999998382,24.217467,27.799999237060547
