zone,time_elapsed,power_j,watts,watts_since_last,start_power,prev_power,prev_power_reading,temp
package-0,0.000707743,0.017760999995516613,33.11352114413566,0.0,241286.428081,0.0,241286.445842,27.799999237060547
dram,0.000927956,0.0007939999995869584,1.4803296988572345,0.0,5996.983304,0.0,5996.984098,27.799999237060547
core,0.001055891,0.012085000023944303,22.53121467939732,0.0,222038.678161,0.0,222038.690246,27.799999237060547
uncore,0.001207025,0.0,0.0,0.0,25.535029,0.0,25.535029,27.799999237060547
package-0,1.001548124,19.78705899999477,19.76112146097668,19.753965228990058,241286.428081,0.017760999995516613,241306.21514,27.799999237060547
dram,1.001746901,0.4600209999998697,0.4594179890806299,0.45887083042702603,5996.983304,0.0007939999995869584,5997.443325,27.799999237060547
core,1.001911674,18.349440000019968,18.325386940090205,18.323132822499925,222038.678161,0.012085000023944303,222057.027601,27.799999237060547
uncore,1.002114153,0.00897199999999998,0.008960239202194183,0.008965041451370965,25.535029,0.0,25.544001,27.799999237060547
package-0,2.002441411,39.97688699999708,19.966274007553075,20.17150944541455,241286.428081,19.78705899999477,241326.404968,27.799999237060547
dram,2.002662622,0.9063089999999647,0.4526518993215264,0.4458830757436892,5996.983304,0.4600209999998697,5997.889613,27.799999237060547
core,2.003514425,37.12246400001459,18.540645449953875,18.755990934387466,222038.678161,18.349440000019968,222075.800625,27.799999237060547
uncore,2.003727062,0.00897199999999998,0.0044810245078807385,0.0,25.535029,0.00897199999999998,25.544001,27.799999237060547
package-0,2.833998714,56.782692000007955,20.037687649710616,20.20963371854298,241286.428081,39.97688699999708,241343.210773,27.799999237060547
dram,2.834176282,1.2789279999997234,0.45131287171907886,0.4480888304106835,5996.983304,0.9063089999999647,5998.262232,27.799999237060547
core,2.8343481109999997,52.70946000001277,18.600310384457003,18.743968523504464,222038.678161,37.12246400001459,222091.387621,27.799999237060547
uncore,2.834520012,0.00897199999999998,0.0031660727461314806,0.0,25.535029,0.00897199999999998,25.544001,27.799999237060547
