zone,time_elapsed,power_j,watts,watts_since_last,start_power,prev_power,prev_power_reading,temp
package-0,0.000294154,0.0,0.0,0.0,235329.171237,0.0,235329.171237,27.799999237060547
dram,0.000421273,0.0,0.0,0.0,5861.803963,0.0,5861.803963,27.799999237060547
core,0.000502318,0.00604199999361299,28.934010121698066,0.0,216510.986685,0.0,216510.992727,27.799999237060547
uncore,0.000580993,0.0,0.0,0.0,24.677732,0.0,24.677732,27.799999237060547
package-0,1.000818851,19.615916999988258,19.602490470165623,19.606581914207265,235329.171237,0.0,235348.787154,27.799999237060547
dram,1.00091489,0.459288000000015,0.45897363060147084,0.4590694278640204,5861.803963,0.0,5862.263251,27.799999237060547
core,1.000995806,18.168104999989737,18.155669455752715,18.153419793763916,216510.986685,0.00604199999361299,216529.15479,27.799999237060547
uncore,1.001075032,0.007690000000000197,0.007684736416638984,0.007686340379618652,24.677732,0.0,24.685422,27.799999237060547
package-0,2.001289849,40.046223000012105,20.011339469359093,20.420267478212626,235329.171237,19.615916999988258,235369.21746,27.799999237060547
dram,2.001379734,0.9050879999995232,0.4522779393609296,0.44558095418475474,5861.803963,0.459288000000015,5862.709051,27.799999237060547
core,2.001460146,37.17959200000041,18.578866647275348,19.002145621231858,216510.986685,18.168104999989737,216548.166277,27.799999237060547
uncore,2.001538954,0.007690000000000197,0.0038427394393555875,0.0,24.677732,0.007690000000000197,24.685422,27.799999237060547
package-0,2.835518693,57.01676100000623,20.108942650538985,20.34307987660406,235329.171237,40.046223000012105,235386.187998,27.799999237060547
dram,2.83560996,1.2774009999993723,0.45051986468901173,0.4463024742113445,5861.803963,0.9050879999995232,5863.081364,27.799999237060547
core,2.835690731,52.96061799998279,18.678402831382165,18.917177077858,216510.986685,37.17959200000041,216563.947303,27.799999237060547
uncore,2.835769992,0.007690000000000197,0.0027121458018745026,0.0,24.677732,0.007690000000000197,24.685422,27.799999237060547
