zone,time_elapsed,power_j,watts,watts_since_last,start_power,prev_power,prev_power_reading,temp
package-0,0.000603531,0.0,0.0,0.0,230291.830495,0.0,230291.830495,27.799999237060547
dram,0.000823635,0.0,0.0,0.0,5747.147213,0.0,5747.147213,27.799999237060547
core,0.000955452,0.00994899999932386,23.141945326773524,0.0,211837.44152,0.0,211837.451469,27.799999237060547
uncore,0.001065382,0.0,0.0,0.0,23.97113,0.0,23.97113,27.799999237060547
package-0,1.001358008,19.70282999999472,19.679762130656126,19.688216421355968,230291.830495,0.0,230311.533325,27.799999237060547
dram,1.001460292,0.4591659999996409,0.4586284132015657,0.4588254368191619,5747.147213,0.0,5747.606379,27.799999237060547
core,1.001545115,18.258620000007795,18.2372429967822,18.23513597033449,211837.44152,0.00994899999932386,211855.70014,27.799999237060547
uncore,1.001628976,0.008850000000002467,0.00883963851164538,0.008843435959661408,23.97113,0.0,23.97998,27.799999237060547
package-0,2.001861851,39.97542199998861,19.970239137623995,20.260888743350847,230291.830495,19.70282999999472,230331.805917,27.799999237060547
dram,2.001958912,0.9067359999999098,0.4529716973268222,0.44731162028366767,5747.147213,0.4591659999996409,5748.053949,27.799999237060547
core,2.002043309,37.10708300000988,18.537323288546407,18.837581885252867,211837.44152,18.258620000007795,211874.548603,27.799999237060547
uncore,2.002126243,0.008850000000002467,0.004421131973743066,0.0,23.97113,0.008850000000002467,23.97998,27.799999237060547
package-0,2.912424429,58.40158400000655,20.053488427606602,20.23650522789464,230291.830495,39.97542199998861,230350.232079,27.799999237060547
dram,2.912532406,1.3137779999997292,0.45111502317190166,0.4470332758911495,5747.147213,0.9067359999999098,5748.460991,27.799999237060547
core,2.912722651,54.2167190000182,18.61652154930493,18.790632490976996,211837.44152,37.10708300000988,211891.658239,27.799999237060547
uncore,2.912916409,0.008850000000002467,0.0030388451892734277,0.0,23.97113,0.008850000000002467,23.97998,27.799999237060547
