zone,time_elapsed,power_j,watts,watts_since_last,start_power,prev_power,prev_power_reading,temp
package-0,0.000574148,0.01904300000751391,40.10150147938154,0.0,226582.295924,0.0,226582.314967,27.799999237060547
dram,0.000788876,0.0007939999995869584,1.6720365565037978,0.0,5662.528411,0.0,5662.529205,27.799999237060547
core,0.000945601,0.008971999981440604,18.893591891339952,0.0,208396.413769,0.0,208396.422741,27.799999237060547
uncore,0.001071058,0.0,0.0,0.0,23.453309,0.0,23.453309,27.799999237060547
package-0,1.001313735,19.05537099999492,19.032723334419423,19.022725552785456,226582.295924,0.01904300000751391,226601.351295,27.799999237060547
dram,1.001412776,0.46252300000014657,0.4619732827458889,0.4613990705969414,5662.528411,0.0007939999995869584,5662.990934,27.799999237060547
core,1.001497654,17.609756999998353,17.588827473756023,17.58820832300884,208396.413769,0.008971999981440604,208414.023526,27.799999237060547
uncore,1.001580029,0.006835999999999842,0.006827875285877292,0.0068311153221842155,23.453309,0.0,23.460145,27.799999237060547
package-0,2.001797741,39.30593000000226,19.636451902501786,20.24060165626315,226582.295924,19.05537099999492,226621.601854,27.799999237060547
dram,2.001891426,0.9134500000000116,0.4563412439379873,0.45070527599004706,5662.528411,0.46252300000014657,5663.441861,27.799999237060547
core,2.001975179,36.41604399998323,18.192722993324885,18.797039815044908,208396.413769,17.609756999998353,208432.829813,27.799999237060547
uncore,2.002056934,0.006835999999999842,0.0034151280787782247,0.0,23.453309,0.006835999999999842,23.460145,27.799999237060547
package-0,2.8730275819999997,56.961645999981556,19.827337113540604,20.265916540800255,226582.295924,39.30593000000226,226639.25757,27.799999237060547
dram,2.873223311,1.3068199999997887,0.454880827824416,0.45152536377790786,5662.528411,0.9134500000000116,5663.835231,27.799999237060547
core,2.873417993,52.82811199998832,18.3885273556875,18.838409065394565,208396.413769,36.41604399998323,208449.241881,27.799999237060547
uncore,2.873610794,0.006835999999999842,0.0023794901662112142,0.0,23.453309,0.006835999999999842,23.460145,27.799999237060547
