zone,time_elapsed,power_j,watts,watts_since_last,start_power,prev_power,prev_power_reading,temp
package-0,0.000697604,0.017639000026974827,32.00677919327969,0.0,226809.817253,0.0,226809.834892,27.799999237060547
dram,0.000890319,0.0007929999992484227,1.4389350778048757,0.0,5667.752763,0.0,5667.753556,27.799999237060547
core,0.001049793,0.009460999979637563,17.167420876058447,0.0,208607.41036,0.0,208607.419821,27.799999237060547
uncore,0.001168962,0.0,0.0,0.0,23.483094,0.0,23.483094,27.799999237060547
package-0,1.001530819,19.18012699999963,19.155402049871345,19.148324864893038,226809.817253,0.017639000026974827,226828.99738,27.799999237060547
dram,1.001754002,0.4628279999997176,0.46223137208281345,0.46169350655157426,5667.752763,0.0007929999992484227,5668.215591,27.799999237060547
core,1.001966871,17.744277999998303,17.72140399146789,17.72170906702041,208607.41036,0.009460999979637563,208625.154638,27.799999237060547
uncore,1.002183426,0.007873000000000019,0.007862850977923158,0.007867181008098655,23.483094,0.0,23.490967,27.799999237060547
package-0,2.002514996,39.33534900000086,19.645037346660537,20.134808083208373,226809.817253,19.18012699999963,226849.152602,27.799999237060547
dram,2.002732677,0.9121679999998378,0.4555590552005797,0.44888489266507303,5667.752763,0.4628279999997176,5668.664931,27.799999237060547
core,2.002926566,36.46639799998957,18.21221290315656,18.70315757924166,208607.41036,17.744277999998303,208643.876758,27.799999237060547
uncore,2.00312164,0.007873000000000019,0.00393196915655319,0.0,23.483094,0.007873000000000019,23.490967,27.799999237060547
package-0,2.863516234,56.67362200000207,19.79334592704645,20.13826130827216,226809.817253,39.33534900000086,226866.490875,27.799999237060547
dram,2.863716665,1.301937999999609,0.4547037634114566,0.45271464523139565,5667.752763,0.9121679999998378,5669.054701,27.799999237060547
core,2.863904694,52.566637999989325,18.358975718114078,18.70029617401158,208607.41036,36.46639799998957,208659.976998,27.799999237060547
uncore,2.864098292,0.007873000000000019,0.002749656841830779,0.0,23.483094,0.007873000000000019,23.490967,27.799999237060547
