zone,time_elapsed,power_j,watts,watts_since_last,start_power,prev_power,prev_power_reading,temp
package-0,0.00036959,0.0,0.0,0.0,229776.658718,0.0,229776.658718,27.799999237060547
dram,0.000495431,0.0,0.0,0.0,5735.481838,0.0,5735.481838,27.799999237060547
core,0.000576712,0.005982000002404675,24.63035933645711,0.0,211359.442377,0.0,211359.448359,27.799999237060547
uncore,0.000655439,0.0,0.0,0.0,23.898925,0.0,23.898925,27.799999237060547
package-0,1.000907432,19.409983999998076,19.39521097811942,19.399919069785724,229776.658718,0.0,229796.068702,27.799999237060547
dram,1.001006206,0.45825000000058935,0.457901223964715,0.45801237722512406,5735.481838,0.0,5735.940088,27.799999237060547
core,1.001087851,17.96553099999437,17.9518573574749,17.950236184106583,211359.442377,0.005982000002404675,211377.407908,27.799999237060547
uncore,1.001198225,0.006835999999999842,0.006830797091148268,0.006832455233402835,23.898925,0.0,23.905761,27.799999237060547
package-0,2.001406408,39.549887000001036,19.76226087146365,20.129398755074206,229776.658718,19.409983999998076,229816.208605,27.799999237060547
dram,2.00149801,0.9042330000002039,0.4518265358024854,0.44575039139836875,5735.481838,0.45825000000058935,5736.386071,27.799999237060547
core,2.001579016,36.68453800000134,18.330505214973908,18.70924384303689,211359.442377,17.96553099999437,211396.126915,27.799999237060547
uncore,2.001658472,0.006835999999999842,0.003415807871140538,0.0,23.898925,0.006835999999999842,23.905761,27.799999237060547
package-0,2.884376861,57.28238499999861,19.860419233753824,20.082899978012353,229776.658718,39.549887000001036,229833.941103,27.799999237060547
dram,2.884468263,1.2982750000001033,0.4501259118436571,0.4462713642000695,5735.481838,0.9042330000002039,5736.780113,27.799999237060547
core,2.884549594,53.15355099999579,18.428908060002332,18.651942936382614,211359.442377,36.68453800000134,211412.595928,27.799999237060547
uncore,2.884628754,0.006835999999999842,0.002370114754857733,0.0,23.898925,0.006835999999999842,23.905761,27.799999237060547
