zone,time_elapsed,power_j,watts,watts_since_last,start_power,prev_power,prev_power_reading,temp
package-0,0.000570837,0.0,0.0,0.0,232924.259974,0.0,232924.259974,27.799999237060547
dram,0.000694037,0.0007940000004964531,2.125774074917347,0.0,5806.935817,0.0,5806.936611,27.799999237060547
core,0.000783165,0.009888000000501052,26.47311592028361,0.0,214279.788783,0.0,214279.798671,27.799999237060547
uncore,0.000868383,0.0,0.0,0.0,24.341795,0.0,24.341795,27.799999237060547
package-0,1.001122478,19.723399000009522,19.704223440883556,19.71157877439325,232924.259974,0.0,232943.983373,27.799999237060547
dram,1.001223045,0.4586170000002312,0.4581711216098142,0.4575486268477079,5806.935817,0.0007940000004964531,5807.394434,27.799999237060547
core,1.001308305,18.27613700000802,18.25836850353144,18.255302043839215,214279.788783,0.009888000000501052,214298.06492,27.799999237060547
uncore,1.001391922,0.006530999999998954,0.0065246504059633835,0.006527085974150782,24.341795,0.0,24.348326,27.799999237060547
package-0,2.001614524,39.96620600001188,19.9681747426479,20.232245059952486,232924.259974,19.723399000009522,232964.22618,27.799999237060547
dram,2.001709502,0.9050880000004327,0.45220592971664536,0.4462380481207508,5806.935817,0.4586170000002312,5807.840905,27.799999237060547
core,2.001794208,37.071988000010606,18.522146796754683,18.786044027508687,214279.788783,18.27613700000802,214316.860771,27.799999237060547
uncore,2.001877541,0.006530999999998954,0.0032630605277912494,0.0,24.341795,0.006530999999998954,24.348326,27.799999237060547
package-0,2.849644971,57.152014000021154,20.056802583238177,20.265983689343827,232924.259974,39.96620600001188,232981.411988,27.799999237060547
dram,2.8497546910000002,1.2845430000006672,0.4507947062142791,0.44746390980514655,5806.935817,0.9050880000004327,5808.22036,27.799999237060547
core,2.849949617,53.04167299999972,18.614328517718995,18.83189755951908,214279.788783,37.071988000010606,214332.830456,27.799999237060547
uncore,2.850150504,0.006530999999998954,0.0022919748317366223,0.0,24.341795,0.006530999999998954,24.348326,27.799999237060547
