zone,time_elapsed,power_j,watts,watts_since_last,start_power,prev_power,prev_power_reading,temp
package-0,0.000559355,0.018493000010494143,40.430783649492334,0.0,236706.138171,0.0,236706.156664,27.799999237060547
dram,0.00073064,0.0,0.0,0.0,5893.009572,0.0,5893.009572,27.799999237060547
core,0.00085859,0.007996000000275671,17.481454922891547,0.0,217788.66304,0.0,217788.671036,27.799999237060547
uncore,0.001009523,0.0,0.0,0.0,24.877194,0.0,24.877194,27.799999237060547
package-0,1.001355641,18.768567999999505,18.747683155954505,18.737771835215323,236706.138171,0.018493000010494143,236724.906739,27.799999237060547
dram,1.001578778,0.458983000000444,0.458472263732535,0.45868183088632947,5893.009572,0.0,5893.468555,27.799999237060547
core,1.001778058,17.33149899999262,17.312213263665747,17.312135903494514,217788.66304,0.007996000000275671,217805.994539,27.799999237060547
uncore,1.001991988,0.010436999999999585,0.0104253861615172,0.010430151593753581,24.877194,0.0,24.887631,27.799999237060547
package-0,2.002315309,38.94503000000259,19.452101041193867,20.156609775192106,236706.138171,18.768567999999505,236745.083201,27.799999237060547
dram,2.002517928,0.9059420000003229,0.45249612906875053,0.44651922366301233,5893.009572,0.458983000000444,5893.915514,27.799999237060547
core,2.002730012,36.07498099998338,18.018580945265136,18.725039727088593,217788.66304,17.33149899999262,217824.738021,27.799999237060547
uncore,2.002940774,0.010436999999999585,0.00521302919953891,0.0,24.877194,0.010436999999999585,24.887631,27.799999237060547
package-0,2.8791044120000002,56.63858800000162,19.67389731425343,20.180367239232755,236706.138171,38.94503000000259,236762.776759,27.799999237060547
dram,2.879301271,1.2976040000003195,0.45073383274614937,0.44670964390840695,5893.009572,0.9059420000003229,5894.307176,27.799999237060547
core,2.879490143,52.506457999988925,18.238566664601755,18.740902205375345,217788.66304,36.07498099998338,217841.169498,27.799999237060547
uncore,2.879679022,0.010436999999999585,0.0036253810965211387,0.0,24.877194,0.010436999999999585,24.887631,27.799999237060547
