zone,time_elapsed,power_j,watts,watts_since_last,start_power,prev_power,prev_power_reading,temp
package-0,0.000705349,0.0,0.0,0.0,228805.69398,0.0,228805.69398,27.799999237060547
dram,0.000831615,0.0,0.0,0.0,5713.45571,0.0,5713.45571,27.799999237060547
core,0.000919341,0.0073850000044330955,12.299580139522533,0.0,210458.598248,0.0,210458.605633,27.799999237060547
uncore,0.001003805,0.0,0.0,0.0,23.764587,0.0,23.764587,27.799999237060547
package-0,1.00124744,19.448008999985177,19.426469959696774,19.438128210653137,228805.69398,0.0,228825.141989,27.799999237060547
dram,1.00134873,0.4586779999999635,0.45817000538100733,0.45844496325624107,5713.45571,0.0,5713.914388,27.799999237060547
core,1.001433779,17.995865000004414,17.975934236847113,17.979340741514253,210458.598248,0.0073850000044330955,210476.594113,27.799999237060547
uncore,1.001516806,0.009337999999999624,0.009327657987189302,0.009333255719452312,23.764587,0.0,23.773925,27.799999237060547
package-0,2.001737516,39.63869199997862,19.803308844813987,20.180372908015855,228805.69398,19.448008999985177,228845.332672,27.799999237060547
dram,2.001831809,0.9041719999995621,0.45172018705446026,0.44526651467305167,5713.45571,0.4586779999999635,5714.359882,27.799999237060547
core,2.001915531,36.75942700001178,18.36484124753713,18.75398064755647,210458.598248,17.995865000004414,210495.357675,27.799999237060547
uncore,2.001997945,0.009337999999999624,0.004665222000588852,0.0,23.764587,0.009337999999999624,23.773925,27.799999237060547
package-0,2.880263416,57.39285799997742,19.927228711105442,20.209573227216488,228805.69398,39.63869199997862,228863.086838,27.799999237060547
dram,2.880454592,1.2966889999997875,0.4502201000371951,0.4468022352856464,5713.45571,0.9041719999995621,5714.752399,27.799999237060547
core,2.880638152,53.24467600000207,18.486948956282426,18.765164572316355,210458.598248,36.75942700001178,210511.842924,27.799999237060547
uncore,2.8808219790000003,0.009337999999999624,0.003242223304237059,0.0,23.764587,0.009337999999999624,23.773925,27.799999237060547
