zone,time_elapsed,power_j,watts,watts_since_last,start_power,prev_power,prev_power_reading,temp
package-0,0.00053532,0.0,0.0,0.0,223962.579303,0.0,223962.579303,27.799999237060547
dram,0.000654352,0.0,0.0,0.0,5602.80841,0.0,5602.80841,27.799999237060547
core,0.000742655,0.008972000010544434,21.09663965835397,0.0,205966.798163,0.0,205966.807135,27.799999237060547
uncore,0.000839697,0.0,0.0,0.0,23.087953,0.0,23.087953,27.799999237060547
package-0,1.001081988,19.309886999981245,19.291644704998333,19.2998448082314,223962.579303,0.0,223981.88919,27.799999237060547
dram,1.001182456,0.4586779999999635,0.45824468108006616,0.4584394624866451,5602.80841,0.0,5603.267088,27.799999237060547
core,1.001267392,17.882826999993995,17.865932866679668,17.86455962299761,205966.798163,0.008972000010544434,205984.68099,27.799999237060547
uncore,1.00135067,0.007018999999999664,0.007012369061740668,0.007015349738147162,23.087953,0.0,23.094972,27.799999237060547
package-0,2.001615062,39.50331699999515,19.737257407502764,20.183062485574688,223962.579303,19.309886999981245,224002.08262,27.799999237060547
dram,2.001710313,0.9041730000008101,0.45175688011040127,0.445266278290612,5602.80841,0.4586779999999635,5603.712583,27.799999237060547
core,2.00179426,36.62930000000051,18.301296641918444,18.73684836815785,205966.798163,17.882826999993995,206003.427463,27.799999237060547
uncore,2.001876843,0.007018999999999664,0.0035069411954260013,0.0,23.087953,0.007018999999999664,23.094972,27.799999237060547
package-0,2.857000678,56.764380999986315,19.869549366134727,20.179087504217723,223962.579303,39.50331699999515,224019.343684,27.799999237060547
dram,2.8571078720000003,1.2866790000007313,0.450383347065646,0.44716953977406404,5602.80841,0.9041730000008101,5604.095089,27.799999237060547
core,2.857286942,52.66679600000498,18.43524908830589,18.748672453378163,205966.798163,36.62930000000051,206019.464959,27.799999237060547
uncore,2.857442971,0.007018999999999664,0.0024568992833891136,0.0,23.087953,0.007018999999999664,23.094972,27.799999237060547
