zone,time_elapsed,power_j,watts,watts_since_last,start_power,prev_power,prev_power_reading,temp
package-0,0.000712657,0.0,0.0,0.0,222027.00363,0.0,222027.00363,27.799999237060547
dram,0.000862679,0.0008539999998902204,1.4888553768603638,0.0,5558.731314,0.0,5558.732168,27.799999237060547
core,0.000998923,0.008239999995566905,14.365536651412416,0.0,204171.454004,0.0,204171.462244,27.799999237060547
uncore,0.00108529,0.0,0.0,0.0,22.809511,0.0,22.809511,27.799999237060547
package-0,1.001434833,19.48713300001691,19.46388243871363,19.475039896093275,222027.00363,0.0,222046.490763,27.799999237060547
dram,1.001651359,0.4586779999999635,0.4581307403821707,0.4575398887759783,5558.731314,0.0008539999998902204,5559.189992,27.799999237060547
core,1.001845296,18.045974000007845,18.02444291974251,18.026540347677226,204171.454004,0.008239999995566905,204189.499978,27.799999237060547
uncore,1.002052888,0.007874000000001047,0.007864605343552511,0.007869113642408339,22.809511,0.0,22.817385,27.799999237060547
package-0,2.00236699,39.651144000003114,19.804045012974477,20.144280684269994,222027.00363,19.48713300001691,222066.654774,27.799999237060547
dram,2.002581132,0.9047210000007908,0.45186931827736254,0.44560655066477867,5558.731314,0.4586779999999635,5559.636035,27.799999237060547
core,2.002787331,36.77779900000314,18.36893247958073,18.713496066273187,204171.454004,18.045974000007845,204208.231803,27.799999237060547
uncore,2.002992204,0.007874000000001047,0.003932725129750847,0.0,22.809511,0.007874000000001047,22.817385,27.799999237060547
package-0,2.8838759659999997,57.4099489999935,19.908626494621654,20.14616568413814,222027.00363,39.651144000003114,222084.413579,27.799999237060547
dram,2.884059192,1.2989460000007966,0.4504485929904171,0.4472216552202568,5558.731314,0.9047210000007908,5560.03026,27.799999237060547
core,2.884231513,53.278733000013744,18.47600309493511,18.71919593167568,204171.454004,36.77779900000314,204224.732737,27.799999237060547
uncore,2.884404386,0.007874000000001047,0.0027305463207899644,0.0,22.809511,0.007874000000001047,22.817385,27.799999237060547
