zone,time_elapsed,power_j,watts,watts_since_last,start_power,prev_power,prev_power_reading,temp
package-0,0.000405539,0.0,0.0,0.0,242837.905188,0.0,242837.905188,27.799999237060547
dram,0.000527268,0.0,0.0,0.0,6032.061889,0.0,6032.061889,27.799999237060547
core,0.000616845,0.006104000000050291,20.100303941524352,0.0,223478.521765,0.0,223478.527869,27.799999237060547
uncore,0.000703023,0.0,0.0,0.0,25.761896,0.0,25.761896,27.799999237060547
package-0,1.000952131,19.53522900000098,19.519158954510367,19.525083395691993,242837.905188,0.0,242857.440417,27.799999237060547
dram,1.001059534,0.4588610000000699,0.458483532341827,0.45862269093602837,6032.061889,0.0,6032.52075,27.799999237060547
core,1.001151236,18.09016399999382,18.075282692054582,18.074668059051593,223478.521765,0.006104000000050291,223496.611929,27.799999237060547
uncore,1.001240957,0.006470000000000198,0.006464677656744111,0.0064666398110882,25.761896,0.0,25.768366,27.799999237060547
package-0,2.00147359,39.71748900000239,19.84525866439843,20.171452075465016,242837.905188,19.53522900000098,242877.622677,27.799999237060547
dram,2.001573086,0.9060030000000552,0.45269387210558515,0.44690254827391246,6032.061889,0.4588610000000699,6032.967892,27.799999237060547
core,2.001662347,36.85574099997757,18.415356353786247,18.755527731958384,223478.521765,18.09016399999382,223515.377506,27.799999237060547
uncore,2.00175253,0.006470000000000198,0.0032328031502357577,0.0,25.761896,0.006470000000000198,25.768366,27.799999237060547
package-0,2.8669083,57.17630699998699,19.944475883281005,20.17392566449744,242837.905188,39.71748900000239,242895.081495,27.799999237060547
dram,2.867005895,1.2928430000001754,0.45097484233072327,0.4469994133659848,6032.061889,0.9060030000000552,6033.354732,27.799999237060547
core,2.8670930329999997,53.062729999976,18.509560940789925,18.727418507460488,223478.521765,36.85574099997757,223531.584495,27.799999237060547
uncore,2.8671788019999997,0.006470000000000198,0.002256892159279567,0.0,25.761896,0.006470000000000198,25.768366,27.799999237060547
