zone,time_elapsed,power_j,watts,watts_since_last,start_power,prev_power,prev_power_reading,temp
package-0,0.000399023,0.0,0.0,0.0,230006.146778,0.0,230006.146778,27.799999237060547
dram,0.000520397,0.0,0.0,0.0,5740.648145,0.0,5740.648145,27.799999237060547
core,0.000608008,0.007689999998547137,31.58824374518736,0.0,211572.455077,0.0,211572.462767,27.799999237060547
uncore,0.000693566,0.0,0.0,0.0,23.929321,0.0,23.929321,27.799999237060547
package-0,1.00103438,18.918225000001257,18.903122917040374,18.907722232993883,230006.146778,0.0,230025.065003,27.799999237060547
dram,1.001235555,0.4584949999998571,0.45812899158589926,0.45824045888096016,5740.648145,0.0,5741.10664,27.799999237060547
core,1.001424063,17.495744000014383,17.481777458367343,17.47834521620686,211572.455077,0.007689999998547137,211589.950821,27.799999237060547
uncore,1.001617274,0.007750999999998953,0.00774481251438496,0.007746696903536461,23.929321,0.0,23.937072,27.799999237060547
package-0,2.001931965,39.14522400000715,19.555778552050086,20.20835349994057,230006.146778,18.918225000001257,230045.292002,27.799999237060547
dram,2.002142007,0.9047220000002199,0.45197194639041854,0.4458156623838606,5740.648145,0.4584949999998571,5741.552867,27.799999237060547
core,2.00234847,36.28866400002153,18.128726945949868,18.775596451858082,211572.455077,17.495744000014383,211608.743741,27.799999237060547
uncore,2.002553507,0.007750999999998953,0.0038721668716697613,0.0,23.929321,0.007750999999998953,23.937072,27.799999237060547
package-0,2.872622642,56.719398000015644,19.746163541594754,20.18385242513557,230006.146778,39.14522400000715,230062.866176,27.799999237060547
dram,2.872798995,1.2936369999997623,0.4503638731399489,0.4466669651676699,5740.648145,0.9047220000002199,5741.941782,27.799999237060547
core,2.872976334,52.60740900001838,18.314624947423457,18.741998391685218,211572.455077,36.28866400002153,211625.062486,27.799999237060547
uncore,2.8731507670000003,0.007750999999998953,0.0026984156921206755,0.0,23.929321,0.007750999999998953,23.937072,27.799999237060547
