zone,time_elapsed,power_j,watts,watts_since_last,start_power,prev_power,prev_power_reading,temp
package-0,0.000647528,0.0,0.0,0.0,224533.644064,0.0,224533.644064,27.799999237060547
dram,0.000806992,0.0,0.0,0.0,5615.723233,0.0,5615.723233,27.799999237060547
core,0.000929107,0.005858999997144565,12.081981777312444,0.0,206496.702812,0.0,206496.708671,27.799999237060547
uncore,0.001035965,0.0,0.0,0.0,23.166322,0.0,23.166322,27.799999237060547
package-0,1.001289918,19.48102900001686,19.45883543930375,19.46826556617515,224533.644064,0.0,224553.125093,27.799999237060547
dram,1.001428496,0.46111999999993714,0.46059467381126307,0.46081788687166836,5615.723233,0.0,5616.184353,27.799999237060547
core,1.001515234,18.032302000006894,18.0117588865382,18.014632570867025,206496.702812,0.005858999997144565,206514.735114,27.799999237060547
uncore,1.001599005,0.00799599999999856,0.007986890639735206,0.007990761240947473,23.166322,0.0,23.174318,27.799999237060547
package-0,2.001823007,39.64577299999655,19.806037009163653,20.153439713956296,224533.644064,19.48102900001686,224573.289837,27.799999237060547
dram,2.001918507,0.9100930000004155,0.4546597096187423,0.4487213072832888,5615.723233,0.46111999999993714,5616.633326,27.799999237060547
core,2.002003048,36.77004699999816,18.36939619542073,18.727240684691573,206496.702812,18.032302000006894,206533.472859,27.799999237060547
uncore,2.002085665,0.00799599999999856,0.00399460169247445,0.0,23.166322,0.00799599999999856,23.174318,27.799999237060547
package-0,2.895951571,57.67966200000956,19.91826179131932,20.169504760545223,224533.644064,39.64577299999655,224591.323726,27.799999237060547
dram,2.896058484,1.312741000000642,0.45332302575224476,0.4503305278646623,5615.723233,0.9100930000004155,5617.035974,27.799999237060547
core,2.896249606,53.52098100000876,18.48216293095173,18.73461919703227,206496.702812,36.77004699999816,206550.223793,27.799999237060547
uncore,2.896444416,0.00799599999999856,0.0027612232069483037,0.0,23.166322,0.00799599999999856,23.174318,27.799999237060547
