zone,time_elapsed,power_j,watts,watts_since_last,start_power,prev_power,prev_power_reading,temp
package-0,0.000409179,0.0,0.0,0.0,224819.266807,0.0,224819.266807,27.799999237060547
dram,0.000527991,0.0,0.0,0.0,5622.204784,0.0,5622.204784,27.799999237060547
core,0.000617576,0.006530999991809949,22.298702201907048,0.0,206761.665329,0.0,206761.67186,27.799999237060547
uncore,0.000701925,0.0,0.0,0.0,23.208192,0.0,23.208192,27.799999237060547
package-0,1.001045253,19.56519599998137,19.549480837018837,19.555203701549157,224819.266807,0.0,224838.832003,27.799999237060547
dram,1.001249024,0.4586170000002312,0.45824862950742357,0.4583827760277194,5622.204784,0.0,5622.663401,27.799999237060547
core,1.001456306,18.13972399997874,18.125153805090058,18.123932051311286,206761.665329,0.006530999991809949,206779.805053,27.799999237060547
uncore,1.001662378,0.008606000000000336,0.008599087485939363,0.008601604760601369,23.208192,0.0,23.216798,27.799999237060547
package-0,2.001982794,39.746541000000434,19.85554151676321,20.161547751274107,224819.266807,19.56519599998137,224859.013348,27.799999237060547
dram,2.002193688,0.9049050000003263,0.45204886624556573,0.4458502058616031,5622.204784,0.4586170000002312,5623.109689,27.799999237060547
core,2.002400472,36.89010399999097,18.428597133258094,18.731986481794173,206761.665329,18.13972399997874,206798.555433,27.799999237060547
uncore,2.00253228,0.008606000000000336,0.004299161285337231,0.0,23.208192,0.008606000000000336,23.216798,27.799999237060547
package-0,2.843205431,56.695899999991525,19.942472506274775,20.14934361945198,224819.266807,39.746541000000434,224875.962707,27.799999237060547
dram,2.843399795,1.2816740000007485,0.4508218143997355,0.44790177883245036,5622.204784,0.9049050000003263,5623.486458,27.799999237060547
core,2.843591562,52.637682999979006,18.51501688872115,18.72067140977967,206761.665329,36.89010399999097,206814.303012,27.799999237060547
uncore,2.843780335,0.008606000000000336,0.003027113396013346,0.0,23.208192,0.008606000000000336,23.216798,27.799999237060547
