zone,time_elapsed,power_j,watts,watts_since_last,start_power,prev_power,prev_power_reading,temp
package-0,0.000381208,0.0,0.0,0.0,230407.676451,0.0,230407.676451,27.799999237060547
dram,0.000497847,0.0,0.0,0.0,5749.77599,0.0,5749.77599,27.799999237060547
core,0.000583165,0.0063479999953415245,25.27663740823491,0.0,211944.972189,0.0,211944.978537,27.799999237060547
uncore,0.000665809,0.0,0.0,0.0,23.987975,0.0,23.987975,27.799999237060547
package-0,1.001006304,19.00983900000574,18.99521154740155,18.999979549617834,230407.676451,0.0,230426.68629,27.799999237060547
dram,1.001220262,0.46099799999956304,0.4606432770376474,0.46075890345014364,5749.77599,0.0,5750.236988,27.799999237060547
core,1.001415934,17.56782700002077,17.5543091287331,17.5523707413527,211944.972189,0.0063479999953415245,211962.540016,27.799999237060547
uncore,1.00162681,0.006714000000002329,0.006708833795449805,0.006710517784823947,23.987975,0.0,23.994689,27.799999237060547
package-0,2.001985099,39.12471599999117,19.54525842998032,20.09519012402953,230407.676451,19.00983900000574,230446.801167,27.799999237060547
dram,2.002204075,0.9108260000002701,0.4550149208688072,0.4493877433668977,5749.77599,0.46099799999956304,5750.686816,27.799999237060547
core,2.002415322,36.24868700001389,18.108500906764395,18.662576628259366,211944.972189,17.56782700002077,211981.220876,27.799999237060547
uncore,2.002614227,0.006714000000002329,0.0033540656269291005,0.0,23.987975,0.006714000000002329,23.994689,27.799999237060547
package-0,2.937677807,57.88016199998674,19.70423477605013,20.044334705578542,230407.676451,39.12471599999117,230465.556613,27.799999237060547
dram,2.93787346,1.330380000000332,0.4529033602458493,0.4483860742670436,5749.77599,0.9108260000002701,5751.10637,27.799999237060547
core,2.938065515,53.67570500000147,18.272904852793587,18.62461610947431,211944.972189,36.24868700001389,211998.647894,27.799999237060547
uncore,2.93825791,0.006714000000002329,0.002285657602106863,0.0,23.987975,0.006714000000002329,23.994689,27.799999237060547
