zone,time_elapsed,power_j,watts,watts_since_last,start_power,prev_power,prev_power_reading,temp
package-0,0.000760969,0.0,0.0,0.0,229491.061244,0.0,229491.061244,27.799999237060547
dram,0.000920223,0.0,0.0,0.0,5728.988873,0.0,5728.988873,27.799999237060547
core,0.001061413,0.010436999989906326,17.767677008429008,0.0,211094.524049,0.0,211094.534486,27.799999237060547
uncore,0.001159983,0.0,0.0,0.0,23.861999,0.0,23.861999,27.799999237060547
package-0,1.001543719,18.348401999974158,18.325179947116393,18.335937119904425,229491.061244,0.0,229509.409646,27.799999237060547
dram,1.001761723,0.4581289999996443,0.4575491840650642,0.45781777273083524,5728.988873,0.0,5729.447002,27.799999237060547
core,1.001968861,16.911882999993395,16.89047903026618,16.8899641010678,211094.524049,0.010436999989906326,211111.435932,27.799999237060547
uncore,1.002177428,0.00714100000000073,0.007131962227694589,0.007136148803227404,23.861999,0.0,23.86914,27.799999237060547
package-0,2.002517115,38.52877099998295,19.24237487857812,20.159795867846274,229491.061244,18.348401999974158,229529.590015,27.799999237060547
dram,2.00273411,0.9042949999993652,0.4516308965790599,0.44571115043357007,5728.988873,0.4581289999996443,5729.893168,27.799999237060547
core,2.002941743,35.663727000006475,17.81148961387054,18.732727195711675,211094.524049,16.911882999993395,211130.187776,27.799999237060547
uncore,2.00314862,0.00714100000000073,0.0035664205071062657,0.0,23.861999,0.00714100000000073,23.86914,27.799999237060547
package-0,2.901882251,56.68662199997925,19.53580830964566,20.18907116893812,229491.061244,38.52877099998295,229547.747866,27.799999237060547
dram,2.902077497,1.3055389999999534,0.4499255511251828,0.44612898696673586,5728.988873,0.9042949999993652,5730.294412,27.799999237060547
core,2.902268791,52.54063699999824,18.106984976085144,18.76483825655727,211094.524049,35.663727000006475,211147.064686,27.799999237060547
uncore,2.902456071,0.00714100000000073,0.002460989951725206,0.0,23.861999,0.00714100000000073,23.86914,27.799999237060547
