zone,time_elapsed,power_j,watts,watts_since_last,start_power,prev_power,prev_power_reading,temp
package-0,0.000663523,0.0,0.0,0.0,239223.344068,0.0,239223.344068,27.799999237060547
dram,0.000885921,0.0,0.0,0.0,5950.197352,0.0,5950.197352,27.799999237060547
core,0.001043806,0.011780000000726432,24.51209894882305,0.0,220124.266192,0.0,220124.277972,27.799999237060547
uncore,0.001195575,0.0,0.0,0.0,25.241146,0.0,25.241146,27.799999237060547
package-0,1.001452283,19.56763800000772,19.542161977798333,19.551545806958114,239223.344068,0.0,239242.911706,27.799999237060547
dram,1.001587539,0.4581900000002861,0.45759346103037457,0.4578131899870694,5950.197352,0.0,5950.655542,27.799999237060547
core,1.002480553,18.140516999992542,18.116899013295253,18.113828142032094,220124.266192,0.011780000000726432,220142.406709,27.799999237060547
uncore,1.002569701,0.009215999999998559,0.009204001258981295,0.009208420871074307,25.241146,0.0,25.250362,27.799999237060547
package-0,2.002794377,40.04445299998042,19.9954819829645,20.448771309613445,239223.344068,19.56763800000772,239263.388521,27.799999237060547
dram,2.002889879,0.9047829999999522,0.4517872219405883,0.4459813757891324,5950.197352,0.4581900000002861,5951.102135,27.799999237060547
core,2.002974258,37.16988800000399,18.560119320727182,19.003309633140848,220124.266192,18.140516999992542,220161.43608,27.799999237060547
uncore,2.00305728,0.009215999999998559,0.0046018449035890715,0.0,25.241146,0.009215999999998559,25.250362,27.799999237060547
package-0,2.847347016,57.30954600000405,20.128231887577613,20.443021850945403,239223.344068,40.04445299998042,239280.653614,27.799999237060547
dram,2.8474561080000003,1.2817349999995713,0.4501703660052348,0.44633631413043884,5950.197352,0.9047829999999522,5951.479087,27.799999237060547
core,2.847636984,53.21196099999361,18.68908000423755,18.99488458433442,220124.266192,37.16988800000399,220177.478153,27.799999237060547
uncore,2.847832363,0.009215999999998559,0.0032368392008527373,0.0,25.241146,0.009215999999998559,25.250362,27.799999237060547
