zone,time_elapsed,power_j,watts,watts_since_last,start_power,prev_power,prev_power_reading,temp
package-0,0.000589544,0.0,0.0,0.0,222827.372187,0.0,222827.372187,27.799999237060547
dram,0.000721428,0.0,0.0,0.0,5576.95905,0.0,5576.95905,27.799999237060547
core,0.000839185,0.0073250000132247806,16.232794928774663,0.0,204913.877823,0.0,204913.885148,27.799999237060547
uncore,0.000936081,0.0,0.0,0.0,22.927248,0.0,22.927248,27.799999237060547
package-0,1.001181665,19.026256999990437,19.006682568806617,19.01525431747624,222827.372187,0.0,222846.398444,27.799999237060547
dram,1.001282585,0.4585559999995894,0.4580842323331522,0.4582908219310403,5576.95905,0.0,5577.417606,27.799999237060547
core,1.001367243,17.597001000016462,17.57889700378028,17.579504077036166,204913.877823,0.0073250000132247806,204931.474824,27.799999237060547
uncore,1.001449711,0.008667000000002645,0.00865808329110555,0.008661987965877875,22.927248,0.0,22.935915,27.799999237060547
package-0,2.001671441,39.23647199998959,19.603030164732374,20.19968076548155,222827.372187,19.026256999990437,222866.608659,27.799999237060547
dram,2.001765052,0.9039279999997234,0.45161368868091617,0.4451398573388325,5576.95905,0.4585559999995894,5577.862978,27.799999237060547
core,2.001849122,36.36386000001221,18.167837426528394,18.75707709050766,204913.877823,17.597001000016462,204950.241683,27.799999237060547
uncore,2.001931267,0.008667000000002645,0.004330141161464069,0.0,22.927248,0.008667000000002645,22.935915,27.799999237060547
package-0,2.862083107,56.593178000010084,19.77425227919469,20.172561480061038,222827.372187,39.23647199998959,222883.965365,27.799999237060547
dram,2.862190634,1.2886319999997795,0.45026158918013603,0.4471162380475518,5576.95905,0.9039279999997234,5578.247682,27.799999237060547
core,2.862379868,52.49168700000155,18.34114813800296,18.74431598349878,204913.877823,36.36386000001221,204966.36951,27.799999237060547
uncore,2.8625723020000002,0.008667000000002645,0.003028341057358577,0.0,22.927248,0.008667000000002645,22.935915,27.799999237060547
