zone,time_elapsed,power_j,watts,watts_since_last,start_power,prev_power,prev_power_reading,temp
package-0,0.000490841,0.0,0.0,0.0,224019.378047,0.0,224019.378047,27.799999237060547
dram,0.000620745,0.0,0.0,0.0,5604.095821,0.0,5604.095821,27.799999237060547
core,0.00074746,0.008606000017607585,23.242059370707832,0.0,206019.479119,0.0,206019.487725,27.799999237060547
uncore,0.000885939,0.0,0.0,0.0,23.094972,0.0,23.094972,27.799999237060547
package-0,1.001140861,19.490732999984175,19.47141922137282,19.478624561034174,224019.378047,0.0,224038.86878,27.799999237060547
dram,1.001240576,0.457763000000341,0.4573093929842024,0.4574786189388859,5604.095821,0.0,5604.553584,27.799999237060547
core,1.001325362,18.064833999989787,18.046933174785984,18.045010734084585,206019.479119,0.008606000017607585,206037.543953,27.799999237060547
uncore,1.00140836,0.006958000000000908,0.006951105170977395,0.006953677406375815,23.094972,0.0,23.10193,27.799999237060547
package-0,2.001628135,39.67213900000206,19.821106903179743,20.17096026653426,224019.378047,19.490732999984175,224059.050186,27.799999237060547
dram,2.001722522,0.9037459999999555,0.45153214651015583,0.44575216278459495,5604.095821,0.457763000000341,5604.999567,27.799999237060547
core,2.001807139,36.799648999993224,18.38594528085111,18.725118010390577,206019.479119,18.064833999989787,206056.278768,27.799999237060547
uncore,2.001890075,0.006958000000000908,0.003476375746524166,0.0,23.094972,0.006958000000000908,23.10193,27.799999237060547
package-0,2.871452611,57.20621299999766,19.923488828806402,20.15908541684682,224019.378047,39.67213900000206,224076.58426,27.799999237060547
dram,2.871548922,1.2922330000001239,0.4500523350447705,0.4466470608222556,5604.095821,0.9037459999999555,5605.388054,27.799999237060547
core,2.871633175,53.0796370000171,18.486305933360473,18.717251260477454,206019.479119,36.799648999993224,206072.558756,27.799999237060547
uncore,2.871797845,0.006958000000000908,0.002423296841391314,0.0,23.094972,0.006958000000000908,23.10193,27.799999237060547
