zone,time_elapsed,power_j,watts,watts_since_last,start_power,prev_power,prev_power_reading,temp
package-0,0.00069156,0.0,0.0,0.0,250545.297811,0.0,250545.297811,27.799999237060547
dram,0.00083281,0.0,0.0,0.0,6208.577856,0.0,6208.577856,27.799999237060547
core,0.000920982,0.008605000009993091,16.803883757338816,0.0,230624.399224,0.0,230624.407829,27.799999237060547
uncore,0.001006916,0.0,0.0,0.0,27.020743,0.0,27.020743,27.799999237060547
package-0,1.001248802,19.32331500001601,19.301790511817806,19.311668692665855,250545.297811,0.0,250564.621126,27.799999237060547
dram,1.00134933,0.4588610000000699,0.4583498688520702,0.45858444102263796,6208.577856,0.0,6209.036717,27.799999237060547
core,1.001434174,17.87275700000464,17.852848306950904,17.85338514116418,230624.399224,0.008605000009993091,230642.271981,27.799999237060547
uncore,1.0015171,0.008849999999998914,0.008840141871590101,0.008844666038406467,27.020743,0.0,27.029593,27.799999237060547
package-0,2.001741212,39.55336499999976,19.76065560051443,20.219799633219086,250545.297811,19.32331500001601,250584.851176,27.799999237060547
dram,2.001868526,0.9044160000003103,0.4518415334725907,0.44532924167715987,6208.577856,0.4588610000000699,6209.482272,27.799999237060547
core,2.002731616,36.694974000012735,18.332618311592135,18.812679968336184,230624.399224,17.87275700000464,230661.094198,27.799999237060547
uncore,2.002816237,0.008849999999998914,0.00442141400774706,0.0,27.020743,0.008849999999998914,27.029593,27.799999237060547
package-0,2.521478444,50.048517000017455,19.850021894456436,20.194208478821146,250545.297811,39.55336499999976,250595.346328,27.799999237060547
dram,2.521684599,1.1372040000005654,0.45103283077232414,0.4479181819724995,6208.577856,0.9044160000003103,6209.71506,27.799999237060547
core,2.521879745,46.41961899999296,18.410744387927917,18.711640242256163,230624.399224,36.694974000012735,230670.818843,27.799999237060547
uncore,2.522073239,0.008849999999998914,0.0035100479354034935,0.0,27.020743,0.008849999999998914,27.029593,27.799999237060547
