zone,time_elapsed,power_j,watts,watts_since_last,start_power,prev_power,prev_power_reading,temp
package-0,0.000494889,0.0,0.0,0.0,250494.266997,0.0,250494.266997,27.799999237060547
dram,0.00061758,0.0008539999998902204,2.490928818617856,0.0,6207.411294,0.0,6207.412148,27.799999237060547
core,0.000706039,0.009216000005835667,26.88103045652153,0.0,230577.097587,0.0,230577.106803,27.799999237060547
uncore,0.00091566,0.0,0.0,0.0,27.011344,0.0,27.011344,27.799999237060547
package-0,1.001164975,19.42927100000088,19.409364212602238,19.41601405625949,250494.266997,0.0,250513.696268,27.799999237060547
dram,1.001266221,0.45824999999967986,0.457780487513832,0.457083910419098,6207.411294,0.0008539999998902204,6207.869544,27.799999237060547
core,1.001349952,17.981887000001734,17.963463169198434,17.96040792083408,230577.097587,0.009216000005835667,230595.079474,27.799999237060547
uncore,1.001431974,0.009398999999998381,0.009389369999224816,0.009392586891949948,27.011344,0.0,27.020743,27.799999237060547
package-0,2.001651246,39.33894899999723,19.65426595038914,19.89929096809682,250494.266997,19.42927100000088,250533.605946,27.799999237060547
dram,2.001745224,0.9041109999998298,0.45170596811496366,0.44562839089267176,6207.411294,0.45824999999967986,6208.315405,27.799999237060547
core,2.001829435,36.44515800001682,18.208489198232858,18.453638569754442,230577.097587,17.981887000001734,230613.542745,27.799999237060547
uncore,2.001911504,0.009398999999998381,0.004695866319857419,0.0,27.011344,0.009398999999998381,27.020743,27.799999237060547
package-0,2.586722144,51.014334000006784,19.722719981531757,19.95692018200008,250494.266997,39.33894899999723,250545.281331,27.799999237060547
dram,2.586912698,1.16595099999995,0.4507698774462662,0.44756725199665987,6207.411294,0.9041109999998298,6208.577245,27.799999237060547
core,2.587099752,47.2835699999996,18.280364315586745,18.526268999532878,230577.097587,36.44515800001682,230624.381157,27.799999237060547
uncore,2.5872835419999998,0.009398999999998381,0.0036337599762913775,0.0,27.011344,0.009398999999998381,27.020743,27.799999237060547
