zone,time_elapsed,power_j,watts,watts_since_last,start_power,prev_power,prev_power_reading,temp
package-0,0.000343718,0.0,0.0,0.0,245772.275728,0.0,245772.275728,27.799999237060547
dram,0.000461135,0.0,0.0,0.0,6099.524729,0.0,6099.524729,27.799999237060547
core,0.000550026,0.006653000018559396,30.270629429619063,0.0,226198.015841,0.0,226198.022494,27.799999237060547
uncore,0.000636356,0.0,0.0,0.0,26.232171,0.0,26.232171,27.799999237060547
package-0,1.000898051,18.714551999990363,18.700614805787904,18.704722743007803,245772.275728,0.0,245790.99028,27.799999237060547
dram,1.001005894,0.4612409999999727,0.4608975023094515,0.4609987470024179,6099.524729,0.0,6099.98597,27.799999237060547
core,1.001095521,17.2658250000095,17.25296670898063,17.25010713769051,226198.015841,0.006653000018559396,226215.281666,27.799999237060547
uncore,1.001185178,0.009154999999999802,0.00914818204288688,0.009150191610909035,26.232171,0.0,26.241326,27.799999237060547
package-0,2.001403617,38.5562369999825,19.265814599421294,19.83113487590043,245772.275728,18.714551999990363,245810.831965,27.799999237060547
dram,2.001503494,0.9100320000006832,0.4547255945013948,0.4485523710364238,6099.524729,0.4612409999999727,6100.434761,27.799999237060547
core,2.001594757,35.683685000025434,17.830455275885782,18.40806694521721,226198.015841,17.2658250000095,226233.699526,27.799999237060547
uncore,2.001683971,0.009154999999999802,0.004574578495763945,0.0,26.232171,0.009154999999999802,26.241326,27.799999237060547
package-0,2.552211827,49.48229499999434,19.38913004452674,19.83719555152259,245772.275728,38.5562369999825,245821.758023,27.799999237060547
dram,2.552307965,1.157162000000426,0.45342206744039415,0.44868571415576997,6099.524729,0.9100320000006832,6100.681891,27.799999237060547
core,2.552393159,45.81592300001648,17.952499760923477,18.395947246497578,226198.015841,35.683685000025434,226243.831764,27.799999237060547
uncore,2.552476703,0.009154999999999802,0.0035872929005750197,0.0,26.232171,0.009154999999999802,26.241326,27.799999237060547
