zone,time_elapsed,power_j,watts,watts_since_last,start_power,prev_power,prev_power_reading,temp
package-0,0.000718754,0.0,0.0,0.0,255410.185747,0.0,255410.185747,27.799999237060547
dram,0.000863446,0.0,0.0,0.0,6319.944025,0.0,6319.944025,27.799999237060547
core,0.000962883,0.00842299999203533,14.404766573750813,0.0,235134.968365,0.0,235134.976788,27.799999237060547
uncore,0.001087007,0.0,0.0,0.0,27.800099,0.0,27.800099,27.799999237060547
package-0,1.001435916,19.14790099998936,19.12508928199701,19.136265633804836,255410.185747,0.0,255429.333648,27.799999237060547
dram,1.001609046,0.4629510000004302,0.46239946656309455,0.4626696843402699,6319.944025,0.0,6320.406976,27.799999237060547
core,1.001754683,17.70765699999174,17.686561106619965,17.688478927223024,235134.968365,0.00842299999203533,235152.676022,27.799999237060547
uncore,1.001912338,0.007324000000000552,0.0073152746038030216,0.007319549516266825,27.800099,0.0,27.807423,27.799999237060547
package-0,2.002212549,38.92061599998851,19.440835709013065,19.756702745611513,255410.185747,19.14790099998936,255449.106363,27.799999237060547
dram,2.002425731,0.9110090000003765,0.45504871501635097,0.44769515561178735,6319.944025,0.4629510000004302,6320.855034,27.799999237060547
core,2.00263571,36.04660000000149,18.00526560187912,18.324091836650716,235134.968365,17.70765699999174,235171.014965,27.799999237060547
uncore,2.002852697,0.007324000000000552,0.003658335745067972,0.0,27.800099,0.007324000000000552,27.807423,27.799999237060547
package-0,2.524903432,49.240231000003405,19.503397359631364,19.74301732731718,255410.185747,38.92061599998851,255459.425978,27.799999237060547
dram,2.525080395,1.145505000000412,0.4537192198072958,0.44862706517448475,6319.944025,0.9110090000003765,6321.08953,27.799999237060547
core,2.52525539,45.62579900000128,18.071769154528027,18.326487164350834,235134.968365,36.04660000000149,235180.594164,27.799999237060547
uncore,2.525427539,0.007324000000000552,0.0029009385082279775,0.0,27.800099,0.007324000000000552,27.807423,27.799999237060547
