zone,time_elapsed,power_j,watts,watts_since_last,start_power,prev_power,prev_power_reading,temp
package-0,0.000461225,0.015625,45.51081336925653,0.0,245920.688312,0.0,245920.703937,27.799999237060547
dram,0.000681885,0.0007320000004256144,2.132090585962614,0.0,6102.956056,0.0,6102.956788,27.799999237060547
core,0.000868894,0.010436999989906326,30.399766955235783,0.0,226335.529954,0.0,226335.540391,27.799999237060547
uncore,0.001071161,0.0,0.0,0.0,26.256524,0.0,26.256524,27.799999237060547
package-0,1.001329757,19.09357899997849,19.071048882391906,19.061979051248652,245920.688312,0.015625,245939.781891,27.799999237060547
dram,1.001431054,0.4604479999998148,0.45990467873026575,0.45933105622972265,6102.956056,0.0007320000004256144,6103.416504,27.799999237060547
core,1.001558936,17.65321399999084,17.63238349004813,17.62800379853356,226335.529954,0.010436999989906326,226353.183168,27.799999237060547
uncore,1.001645811,0.008300999999999448,0.00829120495287463,0.008294049147229464,26.256524,0.0,26.264825,27.799999237060547
package-0,2.001864055,39.293416999978945,19.629547574133035,20.18838914432832,245920.688312,19.09357899997849,245959.981729,27.799999237060547
dram,2.001986965,0.9056979999995747,0.45245344732422527,0.4449976413923287,6102.956056,0.4604479999998148,6103.861754,27.799999237060547
core,2.002848035,36.42684800000279,18.197515013574684,18.76299348764212,226335.529954,17.65321399999084,226371.956802,27.799999237060547
uncore,2.002932305,0.008300999999999448,0.0041468746383892955,0.0,26.256524,0.008300999999999448,26.264825,27.799999237060547
package-0,2.535930871,50.06658299997798,19.74381556746387,20.172109652308794,245920.688312,39.293416999978945,245970.754895,27.799999237060547
dram,2.536038563,1.1445279999998093,0.4513459555209602,0.44719490521784144,6102.956056,0.9056979999995747,6104.100584,27.799999237060547
core,2.536225448,46.41540900000837,18.303970829904067,18.702983668951696,226335.529954,36.42684800000279,226381.945363,27.799999237060547
uncore,2.536419548,0.008300999999999448,0.003273509059437485,0.0,26.256524,0.008300999999999448,26.264825,27.799999237060547
