zone,time_elapsed,power_j,watts,watts_since_last,start_power,prev_power,prev_power_reading,temp
package-0,0.000395667,0.0,0.0,0.0,678.946443,0.0,678.946443,27.799999237060547
dram,0.000509732,0.0,0.0,0.0,6489.717944,0.0,6489.717944,27.799999237060547
core,0.00059485,0.005493000004207715,19.90751144947455,0.0,242007.226529,0.0,242007.232022,27.799999237060547
uncore,0.000678689,0.0,0.0,0.0,28.982835,0.0,28.982835,27.799999237060547
package-0,1.001011576,19.080151,19.06527238516953,19.07053033699665,678.946443,0.0,698.026594,27.799999237060547
dram,1.001229704,0.4584949999998571,0.45813746768752395,0.45826381598649585,6489.717944,0.0,6490.176439,27.799999237060547
core,1.001435334,17.634720000001835,17.62096852568052,17.620337927160808,242007.226529,0.005493000004207715,242024.861249,27.799999237060547
uncore,1.001629298,0.008056999999997316,0.008050717188100855,0.00805293747020822,28.982835,0.0,28.990892,27.799999237060547
package-0,2.001948373,39.26216699999998,19.61406436654211,20.16276062409225,678.946443,19.080151,718.20861,27.799999237060547
dram,2.002162446,0.9043549999996685,0.4517854855081661,0.4454346112823406,6489.717944,0.4584949999998571,6490.622299,27.799999237060547
core,2.002373714,36.3868079999811,18.17763126025721,18.73419689814413,242007.226529,17.634720000001835,242043.613337,27.799999237060547
uncore,2.002572312,0.008056999999997316,0.00402500749897929,0.0,28.982835,0.008056999999997316,28.990892,27.799999237060547
package-0,2.5235960950000003,49.76738899999998,19.72244607402006,20.13833854818377,678.946443,39.26216699999998,728.713832,27.799999237060547
dram,2.523852744,1.1380580000004556,0.4510039201396745,0.44800482405246095,6489.717944,0.9043549999996685,6490.856002,27.799999237060547
core,2.524042274,46.156924999988405,18.29164604666843,18.72915430073849,242007.226529,36.3868079999811,242053.383454,27.799999237060547
uncore,2.524229933,0.008056999999997316,0.0031929291693065663,0.0,28.982835,0.008056999999997316,28.990892,27.799999237060547
