zone,time_elapsed,power_j,watts,watts_since_last,start_power,prev_power,prev_power_reading,temp
package-0,0.000643053,0.0,0.0,0.0,256306.327679,0.0,256306.327679,27.799999237060547
dram,0.000799805,0.0008550000002287561,1.7653216503357334,0.0,6340.540469,0.0,6340.541324,27.799999237060547
core,0.000947225,0.009154999977909029,18.902362181873613,0.0,235965.713431,0.0,235965.722586,27.799999237060547
uncore,0.001058755,0.0,0.0,0.0,27.939869,0.0,27.939869,27.799999237060547
package-0,1.00139885,18.63593899999978,18.614035064535834,18.62304418073251,256306.327679,0.0,256324.963618,27.799999237060547
dram,1.001573949,0.458678000000873,0.45813888827107224,0.45750621720577633,6340.540469,0.0008550000002287561,6340.999147,27.799999237060547
core,1.001714631,17.19532899998012,17.17511829974672,17.174282320831878,235965.713431,0.009154999977909029,235982.90876,27.799999237060547
uncore,1.001850535,0.00799599999999856,0.007986601822210487,0.007990467304551281,27.939869,0.0,27.947865,27.799999237060547
package-0,2.002161769,38.79732499999227,19.379733713306603,20.14573842219094,256306.327679,18.63593899999978,256345.125004,27.799999237060547
dram,2.002371295,0.904844000000594,0.4519805365988043,0.4458197233500202,6340.540469,0.458678000000873,6341.445313,27.799999237060547
core,2.002578204,35.92062299998361,17.94278622446,18.7107609964331,235965.713431,17.19532899998012,236001.634054,27.799999237060547
uncore,2.002785521,0.00799599999999856,0.003994098839845339,0.0,27.939869,0.00799599999999856,27.947865,27.799999237060547
package-0,2.54771691,49.75091099998099,19.529156290743497,20.077461900254058,256306.327679,38.79732499999227,256356.07859,27.799999237060547
dram,2.547894934,1.1491670000004888,0.45109248245088324,0.4478337709548921,6340.540469,0.904844000000594,6341.689636,27.799999237060547
core,2.54806744,46.08264499998768,18.089220044552604,18.626558419757277,235965.713431,35.92062299998361,236011.796076,27.799999237060547
uncore,2.5482399300000003,0.00799599999999856,0.0031387391820989277,0.0,27.939869,0.00799599999999856,27.947865,27.799999237060547
