zone,time_elapsed,power_j,watts,watts_since_last,start_power,prev_power,prev_power_reading,temp
package-0,0.000763464,0.0,0.0,0.0,252499.11831,0.0,252499.11831,27.799999237060547
dram,0.000949587,0.0,0.0,0.0,6253.2581,0.0,6253.2581,27.799999237060547
core,0.001077104,0.01171799999428913,19.852537550553205,0.0,232435.930292,0.0,232435.94201,27.799999237060547
uncore,0.001184955,0.0,0.0,0.0,27.341055,0.0,27.341055,27.799999237060547
package-0,1.001438264,19.2725330000103,19.247456124591622,19.258808883917485,252499.11831,0.0,252518.390843,27.799999237060547
dram,1.001539148,0.4581900000002861,0.4575938161178621,0.45786371944585313,6253.2581,0.0,6253.71629,27.799999237060547
core,1.001623813,17.826430999994045,17.803235751640013,17.802027008523076,232435.930292,0.01171799999428913,232453.756723,27.799999237060547
uncore,1.001705881,0.008423000000000513,0.008412040230381678,0.008417001918178589,27.341055,0.0,27.349478,27.799999237060547
package-0,2.001930753,39.43959600001108,19.701846957677756,20.15659360481266,252499.11831,19.2725330000103,252538.557906,27.799999237060547
dram,2.002025265,0.9038669999999911,0.451522102409217,0.4454456342009641,6253.2581,0.4581900000002861,6254.161967,27.799999237060547
core,2.00210914,36.568998000002466,18.267854518374634,18.732837108215904,232435.930292,17.826430999994045,232472.49929,27.799999237060547
uncore,2.002191101,0.008423000000000513,0.004207666248013373,0.0,27.341055,0.008423000000000513,27.349478,27.799999237060547
package-0,2.537889292,50.24376700000721,19.798496919628082,20.15950389626184,252499.11831,39.43959600001108,252549.362077,27.799999237060547
dram,2.537995678,1.1434300000000803,0.45056723817719874,0.4470006289148611,6253.2581,0.9038669999999911,6254.40153,27.799999237060547
core,2.538103042,46.6007099999988,18.362954620566672,18.718172560409784,232435.930292,36.568998000002466,232482.531002,27.799999237060547
uncore,2.538185876,0.008423000000000513,0.0033190731808388006,0.0,27.341055,0.008423000000000513,27.349478,27.799999237060547
