zone,time_elapsed,power_j,watts,watts_since_last,start_power,prev_power,prev_power_reading,temp
package-0,0.000421668,0.0,0.0,0.0,248788.963562,0.0,248788.963562,27.799999237060547
dram,0.000582599,0.0008549999993192614,3.483738476442029,0.0,6168.426591,0.0,6168.427446,27.799999237060547
core,0.000709676,0.00842299999203533,34.31991717273365,0.0,228995.495923,0.0,228995.504346,27.799999237060547
uncore,0.000847513,0.0,0.0,0.0,26.732536,0.0,26.732536,27.799999237060547
package-0,1.001102602,19.613475000020117,19.594534511476102,19.599340053969897,248788.963562,0.0,248808.577037,27.799999237060547
dram,1.001206446,0.45965499999965687,0.459211116890637,0.4584693541944394,6168.426591,0.0008549999993192614,6168.886246,27.799999237060547
core,1.001295581,18.16718999997829,18.14964617084698,18.145680425991433,228995.495923,0.00842299999203533,229013.663113,27.799999237060547
uncore,1.001383084,0.008179000000001935,0.008171101641562067,0.008173105597110828,26.732536,0.0,26.740715,27.799999237060547
package-0,2.001610663,39.80653900001198,19.888496006956085,20.18258901428497,248788.963562,19.613475000020117,248828.770101,27.799999237060547
dram,2.001704801,0.906674999999268,0.4530010036061393,0.4467881120547855,6168.426591,0.45965499999965687,6169.333266,27.799999237060547
core,2.001788389,36.91506599998684,18.44383262601749,18.738150693678868,228995.495923,18.16718999997829,229032.410989,27.799999237060547
uncore,2.001871172,0.008179000000001935,0.004086464508780413,0.0,26.732536,0.008179000000001935,26.740715,27.799999237060547
package-0,2.52411077,50.348931000015,19.94899267487628,20.18077623976539,248788.963562,39.80653900001198,248839.312493,27.799999237060547
dram,2.524298332,1.1404999999995198,0.451883003150157,0.4475995584556969,6168.426591,0.906674999999268,6169.567091,27.799999237060547
core,2.524481884,46.71667699998943,18.50983980706706,18.76273604512323,228995.495923,36.91506599998684,229042.2126,27.799999237060547
uncore,2.5246679370000003,0.008179000000001935,0.003240641019524388,0.0,26.732536,0.008179000000001935,26.740715,27.799999237060547
