zone,time_elapsed,power_j,watts,watts_since_last,start_power,prev_power,prev_power_reading,temp
package-0,0.000605813,0.018798999983118847,44.37693122654176,0.0,246821.792878,0.0,246821.811677,27.799999237060547
dram,0.000758604,0.0007940000004964531,1.874316902364267,0.0,6123.585214,0.0,6123.586008,27.799999237060547
core,0.000885598,0.01135200000135228,26.797538368853953,0.0,227171.015242,0.0,227171.026594,27.799999237060547
uncore,0.001035491,0.0,0.0,0.0,26.410698,0.0,26.410698,27.799999237060547
package-0,1.001372989,18.483960999990813,18.46293291948616,18.451963052508752,246821.792878,0.018798999983118847,246840.276839,27.799999237060547
dram,1.001575862,0.45916699999997945,0.4586446335742396,0.458045353745314,6123.585214,0.0007940000004964531,6124.044381,27.799999237060547
core,1.001766232,17.048356999992393,17.028962119021365,17.024826902959777,227171.015242,0.01135200000135228,227188.063599,27.799999237060547
uncore,1.001980543,0.0075080000000014024,0.007499458604116124,0.007502633261392663,26.410698,0.0,26.418206,27.799999237060547
package-0,2.002304558,38.671593000006396,19.31550943975413,20.16823695276288,246821.792878,18.483960999990813,246860.464471,27.799999237060547
dram,2.00253852,0.9047220000002199,0.45188638418268917,0.4451269378937647,6123.585214,0.45916699999997945,6124.489936,27.799999237060547
core,2.00336438,35.81759600000805,17.89000814234213,18.751206658366954,227171.015242,17.048356999992393,227206.832838,27.799999237060547
uncore,2.003557906,0.0075080000000014024,0.003750061314352298,0.0,26.410698,0.0075080000000014024,26.418206,27.799999237060547
package-0,2.544029062,49.601373999990756,19.498712699391277,20.175789881681386,246821.792878,38.671593000006396,246871.394252,27.799999237060547
dram,2.5442183480000002,1.1472750000002634,0.45100334543562104,0.44773983698112035,6123.585214,0.9047220000002199,6124.732489,27.799999237060547
core,2.544402326,45.94824699999299,18.062638089293603,18.70063873563743,227171.015242,35.81759600000805,227216.963489,27.799999237060547
uncore,2.5445874550000003,0.0075080000000014024,0.002951457250903661,0.0,26.410698,0.0075080000000014024,26.418206,27.799999237060547
