zone,time_elapsed,power_j,watts,watts_since_last,start_power,prev_power,prev_power_reading,temp
package-0,0.000481872,0.0,0.0,0.0,246219.733933,0.0,246219.733933,27.799999237060547
dram,0.000687275,0.0,0.0,0.0,6109.829024,0.0,6109.829024,27.799999237060547
core,0.000831915,0.010192999994615093,28.766806256886458,0.0,226612.695138,0.0,226612.705331,27.799999237060547
uncore,0.000957502,0.0,0.0,0.0,26.306268,0.0,26.306268,27.799999237060547
package-0,1.001279408,19.25086599998758,19.231027291464734,19.23783684793909,246219.733933,0.0,246238.984799,27.799999237060547
dram,1.001501019,0.4585560000004989,0.4580834415802481,0.4582456453470117,6109.829024,0.0,6110.28758,27.799999237060547
core,1.001699953,17.811355999991065,17.793000758201902,17.789115019434583,226612.695138,0.010192999994615093,226630.506494,27.799999237060547
uncore,1.001911336,0.00811700000000215,0.008108635140100257,0.008111506344434775,26.306268,0.0,26.314385,27.799999237060547
package-0,2.002192616,39.213888999976916,19.587294007576766,19.9435809203548,246219.733933,19.25086599998758,246258.947822,27.799999237060547
dram,2.002411274,0.9050270000007004,0.4520599814473727,0.4460361798461337,6109.829024,0.4585560000004989,6110.734051,27.799999237060547
core,2.003261764,36.35305599999265,18.158311101104452,18.523642153353816,226612.695138,17.811355999991065,226649.048194,27.799999237060547
uncore,2.003460564,0.00811700000000215,0.004054432485888771,0.0,26.306268,0.00811700000000215,26.314385,27.799999237060547
package-0,2.550191184,50.203484999976354,19.68799794614645,20.055934645309726,246219.733933,39.213888999976916,246269.937418,27.799999237060547
dram,2.55038536,1.1506930000005013,0.45126033423109246,0.4483387051326473,6109.829024,0.9050270000007004,6110.979717,27.799999237060547
core,2.550575836,46.539248999994015,18.25101661224339,18.589729876562277,226612.695138,36.35305599999265,226659.234387,27.799999237060547
uncore,2.550764924,0.00811700000000215,0.0031831949381400182,0.0,26.306268,0.00811700000000215,26.314385,27.799999237060547
