zone,time_elapsed,power_j,watts,watts_since_last,start_power,prev_power,prev_power_reading,temp
package-0,0.000718696,0.0,0.0,0.0,256754.53277,0.0,256754.53277,27.799999237060547
dram,0.000904628,0.0,0.0,0.0,6350.881324,0.0,6350.881324,27.799999237060547
core,0.001056486,0.011169000004883856,20.467289728575878,0.0,236381.025783,0.0,236381.036952,27.799999237060547
uncore,0.001196511,0.0,0.0,0.0,28.011097,0.0,28.011097,27.799999237060547
package-0,1.001550226,19.13880600000266,19.113671502862722,19.124093815506296,256754.53277,0.0,256773.671576,27.799999237060547
dram,1.001747353,0.4584340000001248,0.4578319505273494,0.4580815973691871,6350.881324,0.0,6351.339758,27.799999237060547
core,1.001899399,17.69825800001854,17.67501533717514,17.673492764356542,236381.025783,0.011169000004883856,236398.724041,27.799999237060547
uncore,1.00202472,0.008179000000001935,0.008168258731601619,0.008172712723930702,28.011097,0.0,28.019276,27.799999237060547
package-0,2.00233472,39.287802000006195,19.623033787381463,20.132652172041706,256754.53277,19.13880600000266,256793.820572,27.799999237060547
dram,2.002531762,0.9045999999998457,0.45181953330093255,0.4458040931163005,6350.881324,0.4584340000001248,6351.785924,27.799999237060547
core,2.002736545,36.409880000021076,18.185601358783202,18.696444095810445,236381.025783,17.69825800001854,236417.435663,27.799999237060547
uncore,2.00294456,0.008179000000001935,0.004085155828951837,0.0,28.011097,0.008179000000001935,28.019276,27.799999237060547
package-0,2.567130984,50.64897900001961,19.731316453842616,20.115156796927867,256754.53277,39.287802000006195,256805.181749,27.799999237060547
dram,2.567307354,1.1576510000004419,0.45098595618496545,0.4480310924321816,6350.881324,0.9045999999998457,6352.038975,27.799999237060547
core,2.567487562,46.95465300002252,18.292118333193965,18.669699651963,236381.025783,36.409880000021076,236427.980436,27.799999237060547
uncore,2.567659911,0.008179000000001935,0.0031862920134274465,0.0,28.011097,0.008179000000001935,28.019276,27.799999237060547
