zone,time_elapsed,power_j,watts,watts_since_last,start_power,prev_power,prev_power_reading,temp
package-0,0.000324898,0.0,0.0,0.0,259961.894676,0.0,259961.894676,27.799999237060547
dram,0.000448539,0.0,0.0,0.0,6424.412264,0.0,6424.412264,27.799999237060547
core,0.000529521,0.005919999995967373,29.525153715168912,0.0,239354.495649,0.0,239354.501569,27.799999237060547
uncore,0.000607559,0.0,0.0,0.0,28.521777,0.0,28.521777,27.799999237060547
package-0,1.000852635,19.180187999998452,19.1663344009964,19.170175379057618,259961.894676,0.0,259981.074864,27.799999237060547
dram,1.000949738,0.45764000000053784,0.4573094526124045,0.4574010984919933,6424.412264,0.0,6424.869904,27.799999237060547
core,1.001030143,17.74800099999993,17.735181850941434,17.732819113115546,239354.495649,0.005919999995967373,239372.24365,27.799999237060547
uncore,1.001108687,0.008240000000000691,0.008234048355742726,0.008235698478214122,28.521777,0.0,28.530017,27.799999237060547
package-0,2.001322987,39.308370999991894,19.642317238716288,20.118412915247823,259961.894676,19.180187999998452,260001.203047,27.799999237060547
dram,2.00141218,0.9036840000007942,0.4515691533381363,0.44582749324054144,6424.412264,0.45764000000053784,6425.315948,27.799999237060547
core,2.001491916,36.433439000014914,18.20571925852279,18.67636821399559,239354.495649,17.74800099999993,239390.929088,27.799999237060547
uncore,2.001570971,0.008240000000000691,0.004117512120944141,0.0,28.521777,0.008240000000000691,28.530017,27.799999237060547
package-0,2.527149209,49.87383500000578,19.736322117441155,20.094107728378763,259961.894676,39.308370999991894,260011.768511,27.799999237060547
dram,2.527237861,1.1392789999999877,0.4508411539965473,0.4480703649404291,6424.412264,0.9036840000007942,6425.551543,27.799999237060547
core,2.527316397,46.25964699999895,18.30609766084749,18.688141108888058,239354.495649,36.433439000014914,239400.755296,27.799999237060547
uncore,2.52739301,0.008240000000000691,0.0032607737954723133,0.0,28.521777,0.008240000000000691,28.530017,27.799999237060547
