zone,time_elapsed,power_j,watts,watts_since_last,start_power,prev_power,prev_power_reading,temp
package-0,0.000365179,0.0,0.0,0.0,246720.916061,0.0,246720.916061,27.799999237060547
dram,0.000588502,0.0,0.0,0.0,6121.293899,0.0,6121.293899,27.799999237060547
core,0.00077436,0.009705000004032627,41.995716064963005,0.0,227077.435098,0.0,227077.444803,27.799999237060547
uncore,0.000912789,0.0,0.0,0.0,26.392754,0.0,26.392754,27.799999237060547
package-0,1.001259201,19.24207700000261,19.222499153729526,19.22693788215664,246720.916061,0.0,246740.158138,27.799999237060547
dram,1.001476988,0.4578849999998056,0.45741912502483556,0.4575247491300633,6121.293899,0.0,6121.751784,27.799999237060547
core,1.001686088,17.803177000023425,17.785063162183626,17.7794726033068,227077.435098,0.009705000004032627,227095.238275,27.799999237060547
uncore,1.001879136,0.008117999999999626,0.00810974034299665,0.008111612988936654,26.392754,0.0,26.400872,27.799999237060547
package-0,2.002198891,39.48647100001108,19.723653807196623,20.224834178602492,246720.916061,19.24207700000261,246760.402532,27.799999237060547
dram,2.002400127,0.9038069999996878,0.4514552940552677,0.4454911570375792,6121.293899,0.4578849999998056,6122.197706,27.799999237060547
core,2.003288668,36.62814100002288,18.295906278518363,18.806775609978306,227077.435098,17.803177000023425,227114.063239,27.799999237060547
uncore,2.003505154,0.008117999999999626,0.004054974211465235,0.0,26.392754,0.008117999999999626,26.400872,27.799999237060547
package-0,2.540798455,50.39385300001595,19.835329732720165,20.250411678669504,246720.916061,39.48647100001108,246771.309914,27.799999237060547
dram,2.540977517,1.1444069999997737,0.4504456167187973,0.44669280400076244,6121.293899,0.9038069999996878,6122.438306,27.799999237060547
core,2.541149665,46.7623930000118,18.4059647958648,18.81503508862747,227077.435098,36.62814100002288,227124.197491,27.799999237060547
uncore,2.541321716,0.008117999999999626,0.003195294608057929,0.0,26.392754,0.008117999999999626,26.400872,27.799999237060547
