zone,time_elapsed,power_j,watts,watts_since_last,start_power,prev_power,prev_power_reading,temp
package-0,0.000358818,0.0,0.0,0.0,1180.113433,0.0,1180.113433,27.799999237060547
dram,0.000514088,0.0008550000002287561,3.5364335387446535,0.0,6501.234699,0.0,6501.235554,27.799999237060547
core,0.000615209,0.006652999989455566,27.518002677992488,0.0,242472.003476,0.0,242472.010129,27.799999237060547
uncore,0.000740404,0.0,0.0,0.0,29.063707,0.0,29.063707,27.799999237060547
package-0,1.000993357,19.319042999999965,19.302719905846942,19.30738388870586,1180.113433,0.0,1199.432476,27.799999237060547
dram,1.001126279,0.4583730000003925,0.45798571033825913,0.45724188625679363,6501.234699,0.0008550000002287561,6501.693072,27.799999237060547
core,1.001952349,17.88368199998513,17.8685716746399,17.8662401492892,242472.003476,0.006652999989455566,242489.887158,27.799999237060547
uncore,1.002039251,0.009337999999999624,0.009330110113673427,0.009332364483723567,29.063707,0.0,29.073045,27.799999237060547
package-0,2.002265869,39.614340000000084,19.785845261159086,20.268746603986116,1180.113433,19.319042999999965,1219.727773,27.799999237060547
dram,2.002361138,0.9046000000007552,0.4518130460651222,0.4456432438936081,6501.234699,0.4583730000003925,6502.139299,27.799999237060547
core,2.002445695,36.73489100000006,18.34767079324167,18.826547766218102,242472.003476,17.88368199998513,242508.738367,27.799999237060547
uncore,2.002529104,0.009337999999999624,0.004663973274543908,0.0,29.063707,0.009337999999999624,29.073045,27.799999237060547
package-0,2.523698646,50.172540000000026,19.8816088219032,20.249330201074212,1180.113433,39.614340000000084,1230.285973,27.799999237060547
dram,2.523807247,1.1381810000002588,0.4510210049267535,0.4479796554040545,6501.234699,0.9046000000007552,6502.37288,27.799999237060547
core,2.523980565,46.53265699997428,18.439251509237597,18.790911231681257,242472.003476,36.73489100000006,242518.536133,27.799999237060547
uncore,2.5241046799999998,0.009337999999999624,0.0037003201986370335,0.0,29.063707,0.009337999999999624,29.073045,27.799999237060547
