zone,time_elapsed,power_j,watts,watts_since_last,start_power,prev_power,prev_power_reading,temp
package-0,0.000377033,0.0,0.0,0.0,1381.326297,0.0,1381.326297,27.799999237060547
dram,0.000491923,0.0,0.0,0.0,6505.815132,0.0,6505.815132,27.799999237060547
core,0.000648101,0.004759999981615692,18.333923851108867,0.0,242658.607369,0.0,242658.612129,27.799999237060547
uncore,0.000740111,0.0,0.0,0.0,29.096849,0.0,29.096849,27.799999237060547
package-0,1.001080765,18.849866999999904,18.833961380602677,18.838848345990815,1381.326297,0.0,1400.176164,27.799999237060547
dram,1.001282672,0.4586170000002312,0.458230016503154,0.45834891630257496,6505.815132,0.0,6506.273749,27.799999237060547
core,1.001487995,17.406692999997176,17.392005138601533,17.39176073308039,242658.607369,0.004759999981615692,242676.014062,27.799999237060547
uncore,1.001693127,0.009643000000000512,0.009634863184613568,0.00963736320263692,29.096849,0.0,29.106492,27.799999237060547
package-0,2.002022104,39.02815999999984,19.496510290828116,20.158984200798823,1381.326297,18.849866999999904,1420.354457,27.799999237060547
dram,2.002232218,0.904660000000149,0.4519227398807307,0.44561617723933733,6505.815132,0.4586170000002312,6506.719792,27.799999237060547
core,2.00242574,36.15206799999578,18.05975905081455,18.727437373568826,242658.607369,17.406692999997176,242694.759437,27.799999237060547
uncore,2.002631925,0.009643000000000512,0.004817158911269869,0.0,29.096849,0.009643000000000512,29.106492,27.799999237060547
package-0,2.536125253,49.77434799999992,19.627654436711133,20.119156606604534,1381.326297,39.02815999999984,1431.100645,27.799999237060547
dram,2.5363022170000002,1.1434290000006513,0.4508914769697635,0.44702650873150834,6505.815132,0.904660000000149,6506.958561,27.799999237060547
core,2.5364670929999997,46.13128999999026,18.19107743690622,18.683232624439555,242658.607369,36.15206799999578,242704.738659,27.799999237060547
uncore,2.536632004,0.009643000000000512,0.0038025504971600198,0.0,29.096849,0.009643000000000512,29.106492,27.799999237060547
