zone,time_elapsed,power_j,watts,watts_since_last,start_power,prev_power,prev_power_reading,temp
package-0,0.000689233,0.0,0.0,0.0,253351.280252,0.0,253351.280252,27.799999237060547
dram,0.000911028,0.0,0.0,0.0,6272.816827,0.0,6272.816827,27.799999237060547
core,0.001039133,0.01061999998637475,21.52695427321141,0.0,233225.96843,0.0,233225.97905,27.799999237060547
uncore,0.001159573,0.0,0.0,0.0,27.47283,0.0,27.47283,27.799999237060547
package-0,1.001406233,19.42701300000772,19.40222822503073,19.41179252407827,253351.280252,0.0,253370.707265,27.799999237060547
dram,1.001508013,0.4596540000002278,0.45906757835335527,0.45929387502152547,6272.816827,0.0,6273.276481,27.799999237060547
core,1.001593067,17.98298599998816,17.960043499181477,17.958285195912232,233225.96843,0.01061999998637475,233243.951416,27.799999237060547
uncore,1.001677296,0.006835000000002367,0.006826279980256268,0.006829644984644227,27.47283,0.0,27.479665,27.799999237060547
package-0,2.001899,39.57674200000474,19.770774931230477,20.139607055026843,253351.280252,19.42701300000772,253390.856994,27.799999237060547
dram,2.001993665,0.9066140000004452,0.45290391370540917,0.44673547566423877,6272.816827,0.4596540000002278,6273.723441,27.799999237060547
core,2.002077694,36.706265999993775,18.336813162934625,18.713874612478005,233225.96843,17.98298599998816,233262.674696,27.799999237060547
uncore,2.002160237,0.006835000000002367,0.0034144611159501437,0.0,27.47283,0.006835000000002367,27.479665,27.799999237060547
package-0,2.542727093,50.442436000012094,19.83980934716557,20.095385825235454,253351.280252,39.57674200000474,253401.722688,27.799999237060547
dram,2.542926998,1.1495330000007016,0.452129543432116,0.4492627005032739,6272.816827,0.9066140000004452,6273.96636,27.799999237060547
core,2.543120764,46.788881999993464,18.402808667818395,18.647134609860068,233225.96843,36.706265999993775,233272.757312,27.799999237060547
uncore,2.543314604,0.006835000000002367,0.002688313801654843,0.0,27.47283,0.006835000000002367,27.479665,27.799999237060547
