zone,time_elapsed,power_j,watts,watts_since_last,start_power,prev_power,prev_power_reading,temp
package-0,0.000315689,0.0,0.0,0.0,251149.294189,0.0,251149.294189,27.799999237060547
dram,0.000441647,0.0,0.0,0.0,6222.317017,0.0,6222.317017,27.799999237060547
core,0.000522552,0.0067140000173822045,33.206225882369665,0.0,231184.612206,0.0,231184.61892,27.799999237060547
uncore,0.000601064,0.0,0.0,0.0,27.117789,0.0,27.117789,27.799999237060547
package-0,1.000855389,19.107495000003837,19.093950820552983,19.09780948862825,251149.294189,0.0,251168.401684,27.799999237060547
dram,1.000951446,0.4584949999998571,0.4581699998594768,0.45826259075216935,6222.317017,0.0,6222.775512,27.799999237060547
core,1.001032025,17.659195000014734,17.6466774352561,17.643533029290946,231184.612206,0.0067140000173822045,231202.271401,27.799999237060547
uncore,1.001110706,0.0073850000000028615,0.007379765207831278,0.007381256573587796,27.117789,0.0,27.125174,27.799999237060547
package-0,2.001323324,39.26705100000254,19.621631779222582,20.149421586469305,251149.294189,19.107495000003837,251188.56124,27.799999237060547
dram,2.001447108,0.9039279999997234,0.45169020640033647,0.4452090763072196,6222.317017,0.4584949999998571,6223.220945,27.799999237060547
core,2.002270031,36.41024600001401,18.194094585894437,18.741624656237306,231184.612206,17.659195000014734,231221.022452,27.799999237060547
uncore,2.002362161,0.0073850000000028615,0.0036902631340867834,0.0,27.117789,0.0073850000000028615,27.125174,27.799999237060547
package-0,2.523026166,49.77898699999787,19.731048125040132,20.150792410765366,251149.294189,39.26705100000254,251199.073176,27.799999237060547
dram,2.523120642,1.137997999999243,0.4510717203663755,0.4486990768950897,6222.317017,0.9039279999997234,6223.455015,27.799999237060547
core,2.523201411,46.15259199999855,18.29364293506721,18.675531494828917,231184.612206,36.41024600001401,231230.764798,27.799999237060547
uncore,2.52328014,0.0073850000000028615,0.0029272148588215356,0.0,27.117789,0.0073850000000028615,27.125174,27.799999237060547
