zone,time_elapsed,power_j,watts,watts_since_last,start_power,prev_power,prev_power_reading,temp
package-0,0.000590866,0.0,0.0,0.0,253250.684013,0.0,253250.684013,27.799999237060547
dram,0.000748216,0.0,0.0,0.0,6270.480651,0.0,6270.480651,27.799999237060547
core,0.000874701,0.009888000000501052,22.1003366021203,0.0,233132.710307,0.0,233132.720195,27.799999237060547
uncore,0.001013681,0.0,0.0,0.0,27.458669,0.0,27.458669,27.799999237060547
package-0,1.00126855,19.263378000003286,19.241590477723093,19.250193542446066,253250.684013,0.0,253269.947391,27.799999237060547
dram,1.001369914,0.46417100000053324,0.46364600713560955,0.4638533068706575,6270.480651,0.0,6270.944822,27.799999237060547
core,1.001454604,17.817520000011427,17.797367791298193,17.795443900483484,233132.710307,0.009888000000501052,233150.527827,27.799999237060547
uncore,1.001538146,0.007446999999999093,0.007438577194901226,0.007441903040606582,27.458669,0.0,27.466116,27.799999237060547
package-0,2.001761143,39.19972800000687,19.58380686466277,19.926236956518462,253250.684013,19.263378000003286,253289.883741,27.799999237060547
dram,2.001854541,0.9172950000001947,0.45827175428159855,0.4528941453514361,6270.480651,0.46417100000053324,6271.397946,27.799999237060547
core,2.001938521,36.32754399999976,18.148891379129196,18.50063448397249,233132.710307,17.817520000011427,233169.037851,27.799999237060547
uncore,2.002021029,0.007446999999999093,0.0037204495327391126,0.0,27.458669,0.007446999999999093,27.466116,27.799999237060547
package-0,2.529810662,49.77434699999867,19.676136513713157,20.026129558132705,253250.684013,39.19972800000687,253300.45836,27.799999237060547
dram,2.529917866,1.157285000000229,0.45748259932526375,0.4544911578053718,6270.480651,0.9172950000001947,6271.637936,27.799999237060547
core,2.5301035069999998,46.126041999988956,18.23393683555655,18.556317766440568,233132.710307,36.32754399999976,233178.836349,27.799999237060547
uncore,2.530289455,0.007446999999999093,0.0029438495419660243,0.0,27.458669,0.007446999999999093,27.466116,27.799999237060547
