zone,time_elapsed,power_j,watts,watts_since_last,start_power,prev_power,prev_power_reading,temp
package-0,0.000409455,0.0,0.0,0.0,252399.389866,0.0,252399.389866,27.799999237060547
dram,0.000559622,0.0,0.0,0.0,6250.976062,0.0,6250.976062,27.799999237060547
core,0.000668456,0.00756800000090152,28.683398652628885,0.0,232343.477953,0.0,232343.485521,27.799999237060547
uncore,0.000756755,0.0,0.0,0.0,27.326223,0.0,27.326223,27.799999237060547
package-0,1.001004593,19.2717399999965,19.255086025776684,19.260163351391366,252399.389866,0.0,252418.661606,27.799999237060547
dram,1.001104389,0.4588000000003376,0.45840352083592084,0.45852439611713663,6250.976062,0.0,6251.434862,27.799999237060547
core,1.001188586,17.823440000007395,17.808037596785447,17.80516989995024,232343.477953,0.00756800000090152,232361.301393,27.799999237060547
uncore,1.001271169,0.008790000000001186,0.008782403984623632,0.008784719794828267,27.326223,0.0,27.335013,27.799999237060547
package-0,2.001491037,39.39375899999868,19.683369671599966,20.11180618459803,252399.389866,19.2717399999965,252438.783625,27.799999237060547
dram,2.00158504,0.9042950000002747,0.45183737802694823,0.445268891566262,6250.976062,0.4588000000003376,6251.880357,27.799999237060547
core,2.001668851,36.52047499999753,18.247713045292283,18.68754542704719,232343.477953,17.823440000007395,232379.998428,27.799999237060547
uncore,2.001750901,0.008790000000001186,0.0043919855277937,0.0,27.326223,0.008790000000001186,27.335013,27.799999237060547
package-0,2.516630812,49.772821999998996,19.77898518198615,20.150506850705202,252399.389866,39.39375899999868,252449.162688,27.799999237060547
dram,2.516751472,1.13531200000034,0.4511562399443263,0.44850962376185005,6250.976062,0.9042950000002747,6252.111374,27.799999237060547
core,2.516879378,46.15936600000714,18.343051075625873,18.713494573536014,232343.477953,36.52047499999753,232389.637319,27.799999237060547
uncore,2.51707836,0.008790000000001186,0.0034930163242438863,0.0,27.326223,0.008790000000001186,27.335013,27.799999237060547
