zone,time_elapsed,power_j,watts,watts_since_last,start_power,prev_power,prev_power_reading,temp
package-0,0.000366112,0.0,0.0,0.0,255758.239544,0.0,255758.239544,27.799999237060547
dram,0.000482123,0.0,0.0,0.0,6327.942174,0.0,6327.942174,27.799999237060547
core,0.000565233,0.0065919999906327575,26.108585061361346,0.0,235457.623423,0.0,235457.630015,27.799999237060547
uncore,0.000645644,0.0,0.0,0.0,27.85204,0.0,27.85204,27.799999237060547
package-0,1.000892652,19.35798299999442,19.343475122843632,19.348356612129184,255758.239544,0.0,255777.597527,27.799999237060547
dram,1.000989704,0.4603870000000825,0.460041962087929,0.46015805756170375,6327.942174,0.0,6328.402561,27.799999237060547
core,1.001070291,17.926955999981146,17.913520608735304,17.911452515020713,235457.623423,0.0065919999906327575,235475.550379,27.799999237060547
uncore,1.001149463,0.007934999999999803,0.007929053099168682,0.007931054062672001,27.85204,0.0,27.859975,27.799999237060547
package-0,2.001405626,39.4990439999965,19.73716663237222,20.130955743361852,255758.239544,19.35798299999442,255797.738588,27.799999237060547
dram,2.001495892,0.9091770000004544,0.4543041079002022,0.4485648312206551,6327.942174,0.4603870000000825,6328.851351,27.799999237060547
core,2.001575885,36.625820999994176,18.301453881374616,18.68948332793001,235457.623423,17.926955999981146,235494.249244,27.799999237060547
uncore,2.001654618,0.007934999999999803,0.003965017918607943,0.0,27.85204,0.007934999999999803,27.859975,27.799999237060547
package-0,2.515677718,49.81798799999524,19.80414513856636,20.064782356828033,255758.239544,39.4990439999965,255808.057532,27.799999237060547
dram,2.515766604,1.1408050000000003,0.45350422009825764,0.4503915718254523,6327.942174,0.9091770000004544,6329.082979,27.799999237060547
core,2.5158443569999998,46.211550999985775,18.370478211245043,18.639076457937186,235457.623423,36.625820999994176,235503.834974,27.799999237060547
uncore,2.515920489,0.007934999999999803,0.003154400608762746,0.0,27.85204,0.007934999999999803,27.859975,27.799999237060547
