zone,time_elapsed,power_j,watts,watts_since_last,start_power,prev_power,prev_power_reading,temp
package-0,0.000447816,0.0,0.0,0.0,259811.119183,0.0,259811.119183,27.799999237060547
dram,0.000583249,0.0,0.0,0.0,6420.979106,0.0,6420.979106,27.799999237060547
core,0.000668915,0.004760999989230186,14.784566382206927,0.0,239214.662694,0.0,239214.667455,27.799999237060547
uncore,0.000793294,0.0,0.0,0.0,28.495349,0.0,28.495349,27.799999237060547
package-0,1.001130492,19.681406999996398,19.663713335109193,19.670041885835264,259811.119183,0.0,259830.80059,27.799999237060547
dram,1.001345113,0.4588000000003376,0.458387536935565,0.45853506394281224,6420.979106,0.0,6421.437906,27.799999237060547
core,1.001537316,18.23731900000712,18.220923576101338,18.2220295300198,239214.662694,0.004760999989230186,239232.900013,27.799999237060547
uncore,1.001736266,0.00946000000000069,0.009451495421550939,0.009454537281813705,28.495349,0.0,28.504809,27.799999237060547
package-0,2.002059018,39.87880400000722,19.9210426774274,20.17836081513127,259811.119183,19.681406999996398,259850.997987,27.799999237060547
dram,2.002268746,0.9046610000004875,0.45191401401131787,0.44544077295670564,6420.979106,0.4588000000003376,6421.883767,27.799999237060547
core,2.00246131,36.99953900001128,18.482735727586785,18.74453647926777,239214.662694,18.23731900000712,239251.662233,27.799999237060547
uncore,2.002655537,0.00946000000000069,0.004725644824464716,0.0,28.495349,0.00946000000000069,28.504809,27.799999237060547
package-0,2.536822005,50.66564200000721,19.97346630077806,20.169694882906693,259811.119183,39.87880400000722,259861.784825,27.799999237060547
dram,2.5370239359999998,1.1441009999998641,0.45102878136194374,0.4477152380290322,6420.979106,0.9046610000004875,6422.123207,27.799999237060547
core,2.537216204,47.01458899999852,18.534144085971867,18.726572396544523,239214.662694,36.99953900001128,239261.677283,27.799999237060547
uncore,2.537408314,0.00946000000000069,0.003729331826197867,0.0,28.495349,0.00946000000000069,28.504809,27.799999237060547
