zone,time_elapsed,power_j,watts,watts_since_last,start_power,prev_power,prev_power_reading,temp
package-0,0.000591161,0.0,0.0,0.0,249389.643909,0.0,249389.643909,27.799999237060547
dram,0.000758076,0.0,0.0,0.0,6182.175274,0.0,6182.175274,27.799999237060547
core,0.000919551,0.009094999986700714,20.788999057582245,0.0,229552.566701,0.0,229552.575796,27.799999237060547
uncore,0.001059101,0.0,0.0,0.0,26.828483,0.0,26.828483,27.799999237060547
package-0,1.001398107,19.47510899999179,19.452464017032746,19.46096811565185,249389.643909,0.0,249409.119018,27.799999237060547
dram,1.001619369,0.4587389999996958,0.458205594161626,0.4584059094305381,6182.175274,0.0,6182.634013,27.799999237060547
core,1.001830109,18.037247000000207,18.016273913228613,18.015061751722975,229552.566701,0.009094999986700714,229570.603948,27.799999237060547
uncore,1.002029086,0.008850000000002467,0.00883970952618855,0.008843574011505635,26.828483,0.0,26.837333,27.799999237060547
package-0,2.002335282,39.61055499999202,19.784148968644576,20.115897652284307,249389.643909,19.47510899999179,249429.254464,27.799999237060547
dram,2.002539447,0.9047829999999522,0.4519088827788402,0.4456109615064179,6182.175274,0.4587389999996958,6183.080057,27.799999237060547
core,2.002748565,36.74093400000129,18.350869143421757,18.68552866484199,229552.566701,18.037247000000207,229589.307635,27.799999237060547
uncore,2.002959756,0.008850000000002467,0.004420279351616976,0.0,26.828483,0.008850000000002467,26.837333,27.799999237060547
package-0,2.51862367,49.996941999997944,19.852764891820918,20.118872693286153,249389.643909,39.61055499999202,249439.640851,27.799999237060547
dram,2.51879997,1.135494999999537,0.4508818813524621,0.446898941547473,6182.175274,0.9047829999999522,6183.310769,27.799999237060547
core,2.5189719779999997,46.39270399999805,18.421595568941775,18.695888367601025,229552.566701,36.74093400000129,229598.959405,27.799999237060547
uncore,2.519144335,0.008850000000002467,0.0035141543115311197,0.0,26.828483,0.008850000000002467,26.837333,27.799999237060547
