zone,time_elapsed,power_j,watts,watts_since_last,start_power,prev_power,prev_power_reading,temp
package-0,0.00054075,0.0,0.0,0.0,248233.09145,0.0,248233.09145,27.799999237060547
dram,0.000728853,0.0,0.0,0.0,6155.845508,0.0,6155.845508,27.799999237060547
core,0.000817929,0.011778999993111938,32.819909815914095,0.0,228479.74291,0.0,228479.754689,27.799999237060547
uncore,0.000954848,0.0,0.0,0.0,26.638969,0.0,26.638969,27.799999237060547
package-0,1.001209241,19.856211000005715,19.835167414686623,19.842281222530467,248233.09145,0.0,248252.947661,27.799999237060547
dram,1.001311963,0.45812799999930576,0.4576424765701355,0.45780660831510334,6155.845508,0.0,6156.303636,27.799999237060547
core,1.001396414,18.4112679999962,18.391755763296533,18.38658116036398,228479.74291,0.011778999993111938,228498.154178,27.799999237060547
uncore,1.001479447,0.008606000000000336,0.008596879372945352,0.008599962611248175,26.638969,0.0,26.647575,27.799999237060547
package-0,2.001699391,40.29011899998295,20.12900586297803,20.4229990142078,248233.09145,19.856211000005715,248273.381569,27.799999237060547
dram,2.00182941,0.9040500000000975,0.45166478040025027,0.4456839370344569,6155.845508,0.45812799999930576,6156.749558,27.799999237060547
core,2.002652854,37.43862500000978,18.70439504354285,19.017198925173304,228479.74291,18.4112679999962,228517.181535,27.799999237060547
uncore,2.002736906,0.008606000000000336,0.004299570930948826,0.0,26.638969,0.008606000000000336,26.647575,27.799999237060547
package-0,2.506701278,50.58611299999757,20.181501203122167,20.389584428647918,248233.09145,40.29011899998295,248283.677563,27.799999237060547
dram,2.506898929,1.1303680000000895,0.450964144091753,0.44818693257941156,6155.845508,0.9040500000000975,6156.975876,27.799999237060547
core,2.507091346,46.99383699998725,18.74835051972891,18.922583075212927,228479.74291,37.43862500000978,228526.736747,27.799999237060547
uncore,2.5072862540000003,0.008606000000000336,0.0034333928632564533,0.0,26.638969,0.008606000000000336,26.647575,27.799999237060547
