zone,time_elapsed,power_j,watts,watts_since_last,start_power,prev_power,prev_power_reading,temp
package-0,0.000819326,0.02056899998569861,33.00153702175706,0.0,253551.788283,0.0,253551.808852,27.799999237060547
dram,0.001038886,0.0008539999998902204,1.3701838996817135,0.0,6277.429669,0.0,6277.430523,27.799999237060547
core,0.001199536,0.011780000000726432,18.90019477906415,0.0,233411.877622,0.0,233411.889402,27.799999237060547
uncore,0.001313169,0.0,0.0,0.0,27.504812,0.0,27.504812,27.799999237060547
package-0,1.001665498,19.43989199999487,19.41239038888138,19.403927341938257,253551.788283,0.02056899998569861,253571.228175,27.799999237060547
dram,1.001869607,0.4588610000000699,0.4582118494401207,0.4576438916072617,6277.429669,0.0008539999998902204,6277.88853,27.799999237060547
core,1.002075371,17.98512299999129,17.95967945027537,17.95909371626327,233411.877622,0.011780000000726432,233429.862745,27.799999237060547
uncore,1.002282175,0.007018999999999664,0.007009070222179622,0.007013435330005777,27.504812,0.0,27.511831,27.799999237060547
package-0,2.002615637,39.37648599999375,19.664754601014106,19.917230886392975,253551.788283,19.43989199999487,253591.164769,27.799999237060547
dram,2.002823595,0.9047829999999522,0.4518517894707829,0.44548890504166777,6277.429669,0.4588610000000699,6278.334452,27.799999237060547
core,2.003028599,36.487395000003744,18.22193246765231,18.484301949827174,233411.877622,17.98512299999129,233448.365017,27.799999237060547
uncore,2.003235954,0.007018999999999664,0.003505313108552483,0.0,27.504812,0.007018999999999664,27.511831,27.799999237060547
package-0,2.551668519,50.31218800001079,19.718958491229262,19.91663183592553,253551.788283,39.37648599999375,253602.100471,27.799999237060547
dram,2.551858391,1.1506319999998595,0.4509695473127202,0.4477521443269924,6277.429669,0.9047829999999522,6278.580301,27.799999237060547
core,2.55204343,46.634645999991335,18.2776119521338,18.48066656472214,233411.877622,36.487395000003744,233458.512268,27.799999237060547
uncore,2.552233246,0.007018999999999664,0.002750970990367223,0.0,27.504812,0.007018999999999664,27.511831,27.799999237060547
