zone,time_elapsed,power_j,watts,watts_since_last,start_power,prev_power,prev_power_reading,temp
package-0,0.000344608,0.0,0.0,0.0,261017.74439,0.0,261017.74439,27.799999237060547
dram,0.000462031,0.0,0.0,0.0,6448.389681,0.0,6448.389681,27.799999237060547
core,0.000546612,0.007324000005610287,36.02805901837946,0.0,240333.992714,0.0,240334.000038,27.799999237060547
uncore,0.000628464,0.0,0.0,0.0,28.697497,0.0,28.697497,27.799999237060547
package-0,1.000971429,19.298229000007268,19.28409067608719,19.288008785639988,261017.74439,0.0,261037.042619,27.799999237060547
dram,1.00119104,0.46014199999990524,0.45980488944715814,0.4598983118418164,6448.389681,0.0,6448.849823,27.799999237060547
core,1.001384871,17.856216999993194,17.84313512704345,17.839440344374548,240333.992714,0.007324000005610287,240351.848931,27.799999237060547
uncore,1.00158979,0.0073850000000028615,0.007379589580106311,0.007381088952875046,28.697497,0.0,28.704882,27.799999237060547
package-0,2.001907128,39.473715000000084,19.720128461463226,20.15606591267088,261017.74439,19.298229000007268,261057.218105,27.799999237060547
dram,2.002115575,0.9082000000007611,0.45371510304302176,0.4476267179249092,6448.389681,0.46014199999990524,6449.297881,27.799999237060547
core,2.00230561,36.600674999994226,18.284826061498144,18.72641536097055,240333.992714,17.856216999993194,240370.593389,27.799999237060547
uncore,2.002474427,0.0073850000000028615,0.003689370222386265,0.0,28.697497,0.0073850000000028615,28.704882,27.799999237060547
package-0,2.542222198,50.35814699999173,19.810072664860485,20.143265417206376,261017.74439,39.473715000000084,261068.102537,27.799999237060547
dram,2.542358386,1.1508760000006077,0.45273582422045355,0.4491081462392008,6448.389681,0.9082000000007611,6449.540557,27.799999237060547
core,2.5424706329999998,46.71197800000664,18.37572932339325,18.712474848774967,240333.992714,36.600674999994226,240380.704692,27.799999237060547
uncore,2.542556514,0.0073850000000028615,0.002905138400546696,0.0,28.697497,0.0073850000000028615,28.704882,27.799999237060547
