zone,time_elapsed,power_j,watts,watts_since_last,start_power,prev_power,prev_power_reading,temp
package-0,0.000361232,0.0,0.0,0.0,124894.877289,0.0,124894.877289,27.799999237060547
dram,0.00048754,0.0,0.0,0.0,39648.539551,0.0,39648.539551,27.799999237060547
core,0.000569979,0.0076289999997243285,32.45789068265947,0.0,259644.854594,0.0,259644.862223,27.799999237060547
uncore,0.000649937,0.0,0.0,0.0,56.434669,0.0,56.434669,27.799999237060547
package-0,1.000893789,18.514174000010826,18.50027239582525,18.504618511085596,124894.877289,0.0,124913.391463,27.799999237060547
dram,1.000993301,0.4721669999998994,0.47181246737297877,0.47192330635527047,39648.539551,0.0,39649.011718,27.799999237060547
core,1.001074155,17.078386999986833,17.065563474821637,17.061947483297892,259644.854594,0.0076289999997243285,259661.932981,27.799999237060547
uncore,1.001153449,0.008118000000003178,0.008111904495943505,0.008113810158258416,56.434669,0.0,56.442787,27.799999237060547
package-0,2.001367305,37.83999100000074,18.908169376010058,19.316169075756967,124894.877289,18.514174000010826,124932.71728,27.799999237060547
dram,2.00145898,0.9407940000019153,0.4701029738609048,0.46839304985183416,39648.539551,0.4721669999998994,39649.480345,27.799999237060547
core,2.001539363,34.95266899999115,17.46541075010921,17.865358717824087,259644.854594,17.078386999986833,259679.807263,27.799999237060547
uncore,2.001618388,0.008118000000003178,0.00405646288326302,0.0,56.434669,0.008118000000003178,56.442787,27.799999237060547
package-0,2.863231011,54.51042000000598,19.03893107771795,19.34256436305037,124894.877289,37.83999100000074,124949.387709,27.799999237060547
dram,2.863324372,1.3456999999980326,0.47001453210679317,0.4698091672330514,39648.539551,0.9407940000019153,39649.885251,27.799999237060547
core,2.863404852,50.37688500000513,17.595205493282126,17.896593466776892,259644.854594,34.95266899999115,259695.231479,27.799999237060547
uncore,2.863483777,0.008118000000003178,0.002835385280263074,0.0,56.434669,0.008118000000003178,56.442787,27.799999237060547
