zone,time_elapsed,power_j,watts,watts_since_last,start_power,prev_power,prev_power_reading,temp
package-0,0.000340906,0.0,0.0,0.0,120673.522434,0.0,120673.522434,27.799999237060547
dram,0.000499673,0.0007320000004256144,2.9172412160974903,0.0,39544.064355,0.0,39544.065087,27.799999237060547
core,0.000585895,0.00720199997886084,28.702146399521926,0.0,255745.016311,0.0,255745.023513,27.799999237060547
uncore,0.000669306,0.0,0.0,0.0,55.796488,0.0,55.796488,27.799999237060547
package-0,1.00101609,18.807753000000957,18.79301745139637,18.797730520030942,120673.522434,0.0,120692.330187,27.799999237060547
dram,1.001213211,0.4855329999991227,0.48515259330616917,0.48454265396916707,39544.064355,0.0007320000004256144,39544.549888,27.799999237060547
core,1.001413702,17.357071999984328,17.343473034808156,17.340624412584287,255745.016311,0.00720199997886084,255762.373383,27.799999237060547
uncore,1.001553673,0.007141000000004283,0.007135405150232202,0.0071371946262594275,55.796488,0.0,55.803629,27.799999237060547
package-0,2.001864793,37.946924999996554,18.957806925024812,19.12258266234886,120673.522434,18.807753000000957,120711.469359,27.799999237060547
dram,2.001998085,0.9629490000006626,0.48107722089892496,0.47700218820121854,39544.064355,0.4855329999991227,39545.027304,27.799999237060547
core,2.002821943,35.06161699999939,17.516343302262737,17.689199159824735,255745.016311,17.357071999984328,255780.077928,27.799999237060547
uncore,2.002908242,0.007141000000004283,0.0035675538729869594,0.0,55.796488,0.007141000000004283,55.803629,27.799999237060547
package-0,2.9049078809999997,55.20444899999711,19.00469184307962,19.108605387888606,120673.522434,37.946924999996554,120728.726883,27.799999237060547
dram,2.9050004659999997,1.3944049999990966,0.48003807318923974,0.4777349546902948,39544.064355,0.9629490000006626,39545.45876,27.799999237060547
core,2.905081326,50.996145999990404,17.555940824888328,17.643702926485037,255745.016311,35.06161699999939,255796.012457,27.799999237060547
uncore,2.9052012400000002,0.007141000000004283,0.0024583617246414333,0.0,55.796488,0.007141000000004283,55.803629,27.799999237060547
