zone,time_elapsed,power_j,watts,watts_since_last,start_power,prev_power,prev_power_reading,temp
package-0,0.000736925,0.0,0.0,0.0,122867.910799,0.0,122867.910799,27.799999237060547
dram,0.000871345,0.0,0.0,0.0,39598.384956,0.0,39598.384956,27.799999237060547
core,0.000987276,0.007750999997369945,12.994916704729782,0.0,257772.038405,0.0,257772.046156,27.799999237060547
uncore,0.00107429,0.0,0.0,0.0,56.127175,0.0,56.127175,27.799999237060547
package-0,1.001327636,18.442029999991064,18.420296923188022,18.431277561287363,122867.910799,0.0,122886.352829,27.799999237060547
dram,1.00142983,0.48119900000165217,0.48063192930365484,0.4809184418010743,39598.384956,0.0,39598.866155,27.799999237060547
core,1.001515713,17.00612100001308,16.986080075352657,16.988459272645237,257772.038405,0.007750999997369945,257789.044526,27.799999237060547
uncore,1.001599345,0.008240000000000691,0.008230289542265987,0.00823519575150318,56.127175,0.0,56.135415,27.799999237060547
package-0,2.001823682,37.621790999997756,18.79490194999218,19.169753257790685,122867.910799,18.442029999991064,122905.53259,27.799999237060547
dram,2.001921959,0.95293899999524,0.47606439228890524,0.47149385238450586,39598.384956,0.48119900000165217,39599.337895,27.799999237060547
core,2.002007019,34.73330900000292,17.35188888412768,17.71793819089584,257772.038405,17.00612100001308,257806.771714,27.799999237060547
uncore,2.002130251,0.008240000000000691,0.004116497060651839,0.0,56.127175,0.008240000000000691,56.135415,27.799999237060547
package-0,2.894947537,54.68479600000137,18.89079518532864,19.10572435618415,122867.910799,37.621790999997756,122922.595595,27.799999237060547
dram,2.895146794,1.3748740000010002,0.47494852389413267,0.47244748544203713,39598.384956,0.95293899999524,39599.75983,27.799999237060547
core,2.895341747,50.51110100001097,17.448997406457032,17.666650446465756,257772.038405,34.73330900000292,257822.549506,27.799999237060547
uncore,2.8955395189999997,0.008240000000000691,0.002846497814988962,0.0,56.127175,0.008240000000000691,56.135415,27.799999237060547
