zone,time_elapsed,power_j,watts,watts_since_last,start_power,prev_power,prev_power_reading,temp
package-0,0.000330838,0.0,0.0,0.0,116578.614216,0.0,116578.614216,27.799999237060547
dram,0.000464914,0.0008549999984097667,3.5578895614839383,0.0,39442.947792,0.0,39442.948647,27.799999237060547
core,0.000555139,0.006286999996518716,26.161931815517043,0.0,251977.238908,0.0,251977.245195,27.799999237060547
uncore,0.000641432,0.0,0.0,0.0,55.163494,0.0,55.163494,27.799999237060547
package-0,1.000988888,18.541578999997,18.527749720855606,18.532199890696717,116578.614216,0.0,116597.155795,27.799999237060547
dram,1.001213132,0.4797969999999623,0.47943914230919044,0.4786997310250802,39442.947792,0.0008549999984097667,39443.427589,27.799999237060547
core,1.001425,16.951067999994848,16.938425007123705,16.936209618182986,251977.238908,0.006286999996518716,251994.189976,27.799999237060547
uncore,1.001638069,0.007812000000001262,0.007806173401918509,0.0078080483623411785,55.163494,0.0,55.171306,27.799999237060547
package-0,2.001958767,37.86233000000357,18.91465592892855,19.301464417018614,116578.614216,18.541578999997,116616.476546,27.799999237060547
dram,2.002156551,0.9470189999992726,0.47309657232247837,0.4667556042636176,39442.947792,0.4797969999999623,39443.894811,27.799999237060547
core,2.002313307,34.68497000000207,17.327361349795066,17.716199459737265,251977.238908,16.951067999994848,252011.923878,27.799999237060547
uncore,2.002535176,0.007812000000001262,0.0039025937420333035,0.0,55.163494,0.007812000000001262,55.171306,27.799999237060547
package-0,2.907616786,55.33286599999701,19.031645204119734,19.29021982006631,116578.614216,37.86233000000357,116633.947082,27.799999237060547
dram,2.90779434,1.3710300000020652,0.47156343797997,0.46817483998104437,39442.947792,0.9470189999992726,39444.318822,27.799999237060547
core,2.907966793,50.71355499999481,17.44284103772188,17.698079100411896,251977.238908,34.68497000000207,252027.952463,27.799999237060547
uncore,2.908103059,0.007812000000001262,0.0026869241209124322,0.0,55.163494,0.007812000000001262,55.171306,27.799999237060547
