zone,time_elapsed,power_j,watts,watts_since_last,start_power,prev_power,prev_power_reading,temp
package-0,0.000350718,0.0,0.0,0.0,113102.29969,0.0,113102.29969,27.799999237060547
dram,0.000463963,0.0,0.0,0.0,39355.815935,0.0,39355.815935,27.799999237060547
core,0.000545631,0.006713999988278374,29.112321303413236,0.0,248790.59106,0.0,248790.597774,27.799999237060547
uncore,0.000625365,0.0,0.0,0.0,54.636273,0.0,54.636273,27.799999237060547
package-0,1.000873585,18.21894799999427,18.205731749293918,18.20992834933392,113102.29969,0.0,113120.518638,27.799999237060547
dram,1.000972923,0.4833980000039446,0.4830473371030953,0.48315868426025027,39355.815935,0.0,39356.299333,27.799999237060547
core,1.001054313,16.640643999999156,16.628572670583246,16.625695043870223,248790.59106,0.006713999988278374,248807.231704,27.799999237060547
uncore,1.001134557,0.008240000000000691,0.008234022601867114,0.008235920624976332,54.636273,0.0,54.644513,27.799999237060547
package-0,2.001351337,37.34939200000372,18.66319727755321,19.12076323406709,113102.29969,18.21894799999427,113139.649082,27.799999237060547
dram,2.001442939,0.9550149999995483,0.4772134804232495,0.471378343026043,39355.815935,0.4833980000039446,39356.77095,27.799999237060547
core,2.001523642,34.17721999998321,17.078087891175315,17.527701794676215,248790.59106,16.640643999999156,248824.76828,27.799999237060547
uncore,2.001602681,0.008240000000000691,0.004117463158892547,0.0,54.636273,0.008240000000000691,54.644513,27.799999237060547
package-0,2.920078944,54.95658600000024,18.82118088562767,19.165321135055805,113102.29969,37.34939200000372,113157.256276,27.799999237060547
dram,2.920168267,1.3894619999991846,0.47585407935803237,0.472892856815019,39355.815935,0.9550149999995483,39357.205397,27.799999237060547
core,2.9202466019999997,50.32268599999952,17.234192383359293,17.574239300452906,248790.59106,34.17721999998321,248840.913746,27.799999237060547
uncore,2.920323902,0.008240000000000691,0.002821982619109279,0.0,54.636273,0.008240000000000691,54.644513,27.799999237060547
