zone,time_elapsed,power_j,watts,watts_since_last,start_power,prev_power,prev_power_reading,temp
package-0,0.000391085,0.0,0.0,0.0,112441.711599,0.0,112441.711599,27.799999237060547
dram,0.000611633,0.000794000006862916,3.202646042525476,0.0,39339.175841,0.0,39339.176635,27.799999237060547
core,0.000793424,0.009215999976731837,37.1732816099219,0.0,248185.212483,0.0,248185.221699,27.799999237060547
uncore,0.000925932,0.0,0.0,0.0,54.542035,0.0,54.542035,27.799999237060547
package-0,1.001289262,18.649304999999003,18.630018031641516,18.634633152029185,112441.711599,0.0,112460.360904,27.799999237060547
dram,1.001504905,0.48266500000318047,0.4821658315579044,0.48149190071872994,39339.175841,0.000794000006862916,39339.658506,27.799999237060547
core,1.001711912,17.06434799998533,17.0467001820148,17.041714325526396,248185.212483,0.009215999976731837,248202.276831,27.799999237060547
uncore,1.001918971,0.007752000000003534,0.007743982940992094,0.007745901318821469,54.542035,0.0,54.549787,27.799999237060547
package-0,2.00224919,37.97683099999267,18.96906460708777,19.308121434492612,112441.711599,18.649304999999003,112479.68843,27.799999237060547
dram,2.002460481,0.9540380000034929,0.47653287499650915,0.4708997481079627,39339.175841,0.48266500000318047,39340.129879,27.799999237060547
core,2.002653643,34.80587999999989,17.385204848363188,17.723719750284122,248185.212483,17.06434799998533,248220.018363,27.799999237060547
uncore,2.002859081,0.007752000000003534,0.003872050009497628,0.0,54.542035,0.007752000000003534,54.549787,27.799999237060547
package-0,2.890229825,55.10227600000508,19.06651413010602,19.286228246534503,112441.711599,37.97683099999267,112496.813875,27.799999237060547
dram,2.8904213050000003,1.3733490000013262,0.47520683381735174,0.47221708120489614,39339.175841,0.9540380000034929,39340.54919,27.799999237060547
core,2.8906131779999997,50.51891399998567,17.48057716560109,17.695607919622717,248185.212483,34.80587999999989,248235.731397,27.799999237060547
uncore,2.890802919,0.007752000000003534,0.0026823504992177756,0.0,54.542035,0.007752000000003534,54.549787,27.799999237060547
