zone,time_elapsed,power_j,watts,watts_since_last,start_power,prev_power,prev_power_reading,temp
package-0,0.000398579,0.0,0.0,0.0,105201.238801,0.0,105201.238801,27.799999237060547
dram,0.000511954,0.0,0.0,0.0,39157.552832,0.0,39157.552832,27.799999237060547
core,0.000598146,0.004761000018334016,16.93125086535376,0.0,241546.472215,0.0,241546.476976,27.799999237060547
uncore,0.000683259,0.0,0.0,0.0,53.449936,0.0,53.449936,27.799999237060547
package-0,1.001036109,18.444166999994195,18.429655176204314,18.434834899436567,105201.238801,0.0,105219.682968,27.799999237060547
dram,1.001238179,0.49059899999701884,0.490212997948813,0.49035077413778405,39157.552832,0.0,39158.043431,27.799999237060547
core,1.001427247,16.846576000010828,16.833321156765532,16.833293633256172,241546.472215,0.004761000018334016,241563.318791,27.799999237060547
uncore,1.001597936,0.008117999999996073,0.008111612778197103,0.00811389257718176,53.449936,0.0,53.458054,27.799999237060547
package-0,2.00194214,37.651393000007374,18.80964365415242,19.189582004512058,105201.238801,18.444166999994195,105238.890194,27.799999237060547
dram,2.002158057,0.9722269999983837,0.48569898651323895,0.48118557056021427,39157.552832,0.49059899999701884,39158.525059,27.799999237060547
core,2.002339489,34.46121600002516,17.215915300905923,17.598458973721733,241546.472215,16.846576000010828,241580.933431,27.799999237060547
uncore,2.00250779,0.008117999999996073,0.004055538853085875,0.0,53.449936,0.008117999999996073,53.458054,27.799999237060547
package-0,2.91226766,55.13273300000583,18.932714790641395,19.203333991614233,105201.238801,37.651393000007374,105256.371534,27.799999237060547
dram,2.912458148,1.4088709999996354,0.4838097327733782,0.4796554822147034,39157.552832,0.9722269999983837,39158.961703,27.799999237060547
core,2.912647617,50.49456099999952,17.339955229346856,17.612704691820703,241546.472215,34.46121600002516,241596.966776,27.799999237060547
uncore,2.9128406350000002,0.008117999999996073,0.0027877409717805253,0.0,53.449936,0.008117999999996073,53.458054,27.799999237060547
