zone,time_elapsed,power_j,watts,watts_since_last,start_power,prev_power,prev_power_reading,temp
package-0,0.000728624,0.017884000000776723,31.406569671300016,0.0,113764.048423,0.0,113764.066307,27.799999237060547
dram,0.000863866,0.0,0.0,0.0,39372.427892,0.0,39372.427892,27.799999237060547
core,0.00098188,0.010008999990532175,17.5770719933481,0.0,249397.133026,0.0,249397.143035,27.799999237060547
uncore,0.001068577,0.0,0.0,0.0,54.732403,0.0,54.732403,27.799999237060547
package-0,1.001410916,17.562028000000282,17.541526779115358,17.533636267120983,113764.048423,0.017884000000776723,113781.610451,27.799999237060547
dram,1.001632599,0.4909659999975702,0.49039286559572676,0.49067194520752677,39372.427892,0.0,39372.918858,27.799999237060547
core,1.001832668,15.971027999999933,15.952384049951153,15.951459449875685,249397.133026,0.010008999990532175,249413.104054,27.799999237060547
uncore,1.00204818,0.009033999999999764,0.009023454063649225,0.00902858925674409,54.732403,0.0,54.741437,27.799999237060547
package-0,2.002382525,36.67452800000319,18.317499619404753,19.093611587459183,113764.048423,17.562028000000282,113800.722951,27.799999237060547
dram,2.002583062,0.9697240000023157,0.48433940311293244,0.4782848552768084,39372.427892,0.4909659999975702,39373.397616,27.799999237060547
core,2.002795033,33.495885999989696,16.729891630953855,17.507538614892365,249397.133026,15.971027999999933,249430.628912,27.799999237060547
uncore,2.002988368,0.009033999999999764,0.004512131459788217,0.0,54.732403,0.009033999999999764,54.741437,27.799999237060547
package-0,2.938465789,54.606306000001496,18.584782805281012,19.1564749484473,113764.048423,36.67452800000319,113818.654729,27.799999237060547
dram,2.9386614509999998,1.418271000002278,0.4826962383075376,0.47918167226369196,39372.427892,0.9697240000023157,39373.846163,27.799999237060547
core,2.938832793,49.93871499999659,16.996208676883217,17.56583434282226,249397.133026,33.495885999989696,249447.071741,27.799999237060547
uncore,2.938998443,0.009033999999999764,0.003074643574368493,0.0,54.732403,0.009033999999999764,54.741437,27.799999237060547
