zone,time_elapsed,power_j,watts,watts_since_last,start_power,prev_power,prev_power_reading,temp
package-0,0.000602638,0.0,0.0,0.0,122430.738944,0.0,122430.738944,27.799999237060547
dram,0.000753009,0.0,0.0,0.0,39587.562351,0.0,39587.562351,27.799999237060547
core,0.000879897,0.008606000017607585,20.772587757563638,0.0,257368.32551,0.0,257368.334116,27.799999237060547
uncore,0.001072118,0.0,0.0,0.0,56.060708,0.0,56.060708,27.799999237060547
package-0,1.00143222,18.72218100000464,18.700176913234728,18.707918419743958,122430.738944,0.0,122449.461125,27.799999237060547
dram,1.001660475,0.5000599999984843,0.4994722819527007,0.49967905368217996,39587.562351,0.0,39588.062411,27.799999237060547
core,1.001873747,17.26295599999139,17.242666933149827,17.24120561515449,257368.32551,0.008606000017607585,257385.588466,27.799999237060547
uncore,1.002089241,0.008484000000002823,0.008474028796746325,0.008477536878482331,56.060708,0.0,56.069192,27.799999237060547
package-0,2.002404342,37.792262000002665,18.875450565599948,19.05075260172788,122430.738944,18.72218100000464,122468.531206,27.799999237060547
dram,2.002606715,0.9860820000030799,0.4925014026597495,0.4855293945046954,39587.562351,0.5000599999984843,39588.548433,27.799999237060547
core,2.002804569,34.876863999990746,17.419346910617083,17.596055499586917,257368.32551,17.26295599999139,257403.202374,27.799999237060547
uncore,2.003003512,0.008484000000002823,0.0042373574410177394,0.0,56.060708,0.008484000000002823,56.069192,27.799999237060547
package-0,2.903061248,54.85838000000513,18.898263468383362,18.948978554748347,122430.738944,37.792262000002665,122485.597324,27.799999237060547
dram,2.903259342,1.4248619999998482,0.49085331141900773,0.4871894598519736,39587.562351,0.9860820000030799,39588.987213,27.799999237060547
core,2.903449456,50.642997999995714,17.446098828157908,17.505570690261244,257368.32551,34.876863999990746,257418.968508,27.799999237060547
uncore,2.903640442,0.008484000000002823,0.0029226686472659746,0.0,56.060708,0.008484000000002823,56.069192,27.799999237060547
