zone,time_elapsed,power_j,watts,watts_since_last,start_power,prev_power,prev_power_reading,temp
package-0,0.000694552,0.0,0.0,0.0,108630.865519,0.0,108630.865519,27.799999237060547
dram,0.000822306,0.0,0.0,0.0,39244.228697,0.0,39244.228697,27.799999237060547
core,0.000912407,0.009338000003481284,15.660559311527877,0.0,244691.519523,0.0,244691.528861,27.799999237060547
uncore,0.00102581,0.0,0.0,0.0,53.966048,0.0,53.966048,27.799999237060547
package-0,1.001383255,18.389114000005065,18.368165933325574,18.379112454589528,108630.865519,0.0,108649.254633,27.799999237060547
dram,1.001605813,0.49377300000196556,0.4932105156033931,0.4935044447532198,39244.228697,0.0,39244.72247,27.799999237060547
core,1.001821247,16.79286400001729,16.773734310853804,16.774397708268925,244691.519523,0.009338000003481284,244708.312387,27.799999237060547
uncore,1.002014092,0.007812000000001262,0.007803100914547762,0.007807751177965238,53.966048,0.0,53.97386,27.799999237060547
package-0,2.002353549,37.60006300000532,18.780131002724705,19.192162578930407,108630.865519,18.389114000005065,108668.465582,27.799999237060547
dram,2.002570056,0.9703950000039185,0.4846839013131454,0.47615591050355344,39244.228697,0.49377300000196556,39245.199092,27.799999237060547
core,2.002781431,34.41867400001502,17.191120309034197,17.608573689164928,244691.519523,16.79286400001729,244725.938197,27.799999237060547
uncore,2.002992126,0.007812000000001262,0.0039018653610577284,0.0,53.966048,0.007812000000001262,53.97386,27.799999237060547
package-0,2.920539237,55.21189500000037,18.905965025034483,19.1803369899901,108630.865519,37.60006300000532,108686.077414,27.799999237060547
dram,2.920716443,1.4086870000028284,0.4823704593597819,0.4773261668631745,39244.228697,0.9703950000039185,39245.637384,27.799999237060547
core,2.92088979,50.573967000003904,17.317819851669928,17.59407902096171,244691.519523,34.41867400001502,244742.09349,27.799999237060547
uncore,2.921061953,0.007812000000001262,0.002675028610693262,0.0,53.966048,0.007812000000001262,53.97386,27.799999237060547
