zone,time_elapsed,power_j,watts,watts_since_last,start_power,prev_power,prev_power_reading,temp
package-0,0.00071779,0.018066999997245148,34.54585781884247,0.0,110619.014055,0.0,110619.032122,27.799999237060547
dram,0.000938218,0.0007330000007641502,1.401567156222442,0.0,39293.755059,0.0,39293.755792,27.799999237060547
core,0.001095627,0.011658000003080815,22.291227686937727,0.0,246514.203211,0.0,246514.214869,27.799999237060547
uncore,0.001220713,0.0,0.0,0.0,54.262373,0.0,54.262373,27.799999237060547
package-0,1.001476191,18.43134999999893,18.406899893986946,18.39846623678108,110619.014055,0.018066999997245148,110637.445405,27.799999237060547
dram,1.00157963,0.48144399999728194,0.4808053404938399,0.4803241824439669,39293.755059,0.0007330000007641502,39294.236503,27.799999237060547
core,1.00166511,16.820636000018567,16.798322586546984,16.795452185688593,246514.203211,0.011658000003080815,246531.023847,27.799999237060547
uncore,1.001748311,0.009765000000001578,0.009752046239956489,0.009757142319605899,54.262373,0.0,54.272138,27.799999237060547
package-0,2.00198124,37.85152699999162,18.90835982017922,19.410228617288787,110619.014055,18.43134999999893,110656.865582,27.799999237060547
dram,2.002081042,0.9517799999957788,0.47545238292696484,0.4700950607667169,39293.755059,0.48144399999728194,39294.706839,27.799999237060547
core,2.00216556,34.66464500001166,17.316384110451928,17.83486804157114,246514.203211,16.820636000018567,246548.867856,27.799999237060547
uncore,2.002248719,0.009765000000001578,0.004878010169685382,0.0,54.262373,0.009765000000001578,54.272138,27.799999237060547
package-0,2.920272871,55.715494999996736,19.080402208112243,19.455486759267938,110619.014055,37.85152699999162,110674.72955,27.799999237060547
dram,2.92046822,1.3824429999949643,0.47343326070592706,0.46903119699880585,39293.755059,0.9517799999957788,39295.137502,27.799999237060547
core,2.92065816,51.07537000000593,17.491338855166234,17.87277288826785,246514.203211,34.66464500001166,246565.278581,27.799999237060547
uncore,2.9208484070000003,0.009765000000001578,0.0033441348329088178,0.0,54.262373,0.009765000000001578,54.272138,27.799999237060547
