zone,time_elapsed,power_j,watts,watts_since_last,start_power,prev_power,prev_power_reading,temp
package-0,0.000367867,0.0,0.0,0.0,114149.841991,0.0,114149.841991,27.799999237060547
dram,0.000483247,0.0,0.0,0.0,39382.052196,0.0,39382.052196,27.799999237060547
core,0.000569663,0.005921000003581867,25.01785180094674,0.0,249750.567179,0.0,249750.5731,27.799999237060547
uncore,0.000654015,0.0,0.0,0.0,54.80003,0.0,54.80003,27.799999237060547
package-0,1.001009093,18.80170999999973,18.78755517411822,18.791999347089117,114149.841991,0.0,114168.643701,27.799999237060547
dram,1.001212466,0.49621500000648666,0.495841425638789,0.49595871631558286,39382.052196,0.0,39382.548411,27.799999237060547
core,1.001416267,17.199479999981122,17.186531409419295,17.18467892025357,249750.567179,0.005921000003581867,249767.766659,27.799999237060547
uncore,1.001606479,0.008850000000002467,0.008843337297032823,0.008845429177547545,54.80003,0.0,54.80888,27.799999237060547
package-0,2.001917415,37.970301000008476,18.969000558494745,19.150410423820016,114149.841991,18.80170999999973,114187.812292,27.799999237060547
dram,2.002133015,0.9811380000028294,0.49015169171321377,0.484463071588089,39382.052196,0.49621500000648666,39383.033334,27.799999237060547
core,2.002343862,34.79239200000302,17.381397721321147,17.576225886942545,249750.567179,17.199479999981122,249785.359571,27.799999237060547
uncore,2.002555484,0.008850000000002467,0.004421235821719923,0.0,54.80003,0.008850000000002467,54.80888,27.799999237060547
package-0,2.9024629539999998,55.2098810000025,19.02312873431179,19.143442784030153,114149.841991,37.970301000008476,114205.051872,27.799999237060547
dram,2.902640903,1.417782000004081,0.4885112775966036,0.4848650275132528,39382.052196,0.9811380000028294,39383.469978,27.799999237060547
core,2.902813487,50.58654099999694,17.43010968754741,17.538384792665223,249750.567179,34.79239200000302,249801.15372,27.799999237060547
uncore,2.902985686,0.008850000000002467,0.0030493579455224446,0.0,54.80003,0.008850000000002467,54.80888,27.799999237060547
