zone,time_elapsed,power_j,watts,watts_since_last,start_power,prev_power,prev_power_reading,temp
package-0,0.000326633,0.0,0.0,0.0,118854.309867,0.0,118854.309867,27.799999237060547
dram,0.00044602,0.0,0.0,0.0,39498.628985,0.0,39498.628985,27.799999237060547
core,0.000533513,0.007141000009141862,33.79971037203755,0.0,254064.638655,0.0,254064.645796,27.799999237060547
uncore,0.000620649,0.0,0.0,0.0,55.514628,0.0,55.514628,27.799999237060547
package-0,1.000967343,18.75935199999367,18.745761229373567,18.74971968774876,118854.309867,0.0,118873.069219,27.799999237060547
dram,1.001183514,0.46911499999987427,0.4687751356826287,0.4688741248268528,39498.628985,0.0,39499.0981,27.799999237060547
core,1.001390212,17.19044700000086,17.177992869280665,17.174482935698677,254064.638655,0.007141000009141862,254081.829102,27.799999237060547
uncore,1.001595767,0.007446000000001618,0.007440605523793839,0.007442176723111477,55.514628,0.0,55.522074,27.799999237060547
package-0,2.00191307,38.07412199999089,19.020938966253286,19.296049300998234,118854.309867,18.75935199999367,118892.383989,27.799999237060547
dram,2.002112294,0.9227269999973942,0.46097278223431204,0.45317233989728134,39498.628985,0.46911499999987427,39499.551712,27.799999237060547
core,2.00231245,34.943880000006175,17.457143429974703,17.736225615429063,254064.638655,17.19044700000086,254099.582535,27.799999237060547
uncore,2.002504618,0.007446000000001618,0.003719847079934939,0.0,55.514628,0.007446000000001618,55.522074,27.799999237060547
package-0,2.897144207,55.2504079999926,19.071898047940962,19.185836684647043,118854.309867,38.07412199999089,118909.560275,27.799999237060547
dram,2.897321515,1.3251919999966049,0.45744325938526303,0.44955165285851434,39498.628985,0.9227269999973942,39499.954177,27.799999237060547
core,2.89749415,50.81908400001703,17.542248537571023,17.73253375494757,254064.638655,34.943880000006175,254115.457739,27.799999237060547
uncore,2.897670617,0.007446000000001618,0.0025702860486572026,0.0,55.514628,0.007446000000001618,55.522074,27.799999237060547
