zone,time_elapsed,power_j,watts,watts_since_last,start_power,prev_power,prev_power_reading,temp
package-0,0.000592438,0.0,0.0,0.0,108961.864184,0.0,108961.864184,27.799999237060547
dram,0.000753497,0.0,0.0,0.0,39252.410377,0.0,39252.410377,27.799999237060547
core,0.000946189,0.011170000012498349,24.314481837056725,0.0,244994.88752,0.0,244994.89869,27.799999237060547
uncore,0.001041007,0.0,0.0,0.0,54.016524,0.0,54.016524,27.799999237060547
package-0,1.001395271,18.987622000000556,18.966053026890204,18.974760072733815,108961.864184,0.0,108980.851806,27.799999237060547
dram,1.001620093,0.48467900000105146,0.4841284293019837,0.4843506857947896,39252.410377,0.0,39252.895056,27.799999237060547
core,1.001832926,17.39894300000742,17.37917868545999,17.37599478618508,244994.88752,0.011170000012498349,245012.286463,27.799999237060547
uncore,1.002044791,0.008056000000003394,0.008046848793634473,0.008050542987742411,54.016524,0.0,54.02458,27.799999237060547
package-0,2.002363839,38.359459999992396,19.15915835185401,19.352288183003353,108961.864184,18.987622000000556,109000.223644,27.799999237060547
dram,2.002579999,0.9537940000009257,0.4763854934628799,0.46864157500031794,39252.410377,0.48467900000105146,39253.364171,27.799999237060547
core,2.002792396,35.18979100001161,17.5760237015329,17.77289369837983,244994.88752,17.39894300000742,245030.077311,27.799999237060547
uncore,2.002991904,0.008056000000003394,0.004023679678562512,0.0,54.016524,0.008056000000003394,54.02458,27.799999237060547
package-0,2.912429736,55.95847499999218,19.214937790957293,19.33764936318829,108961.864184,38.359459999992396,109017.822659,27.799999237060547
dram,2.912557046,1.380856000003405,0.47415627638779034,0.46925212646218906,39252.410377,0.9537940000009257,39253.791233,27.799999237060547
core,2.912644152,51.345389000023715,17.630903191841746,17.751634928253882,244994.88752,35.18979100001161,245046.232909,27.799999237060547
uncore,2.912796004,0.008056000000003394,0.0027662572799569468,0.0,54.016524,0.008056000000003394,54.02458,27.799999237060547
