zone,time_elapsed,power_j,watts,watts_since_last,start_power,prev_power,prev_power_reading,temp
package-0,0.000677214,0.0,0.0,0.0,113488.859614,0.0,113488.859614,27.799999237060547
dram,0.000831393,0.0,0.0,0.0,39365.39959,0.0,39365.39959,27.799999237060547
core,0.000954174,0.009642999997595325,18.248085394142606,0.0,249145.060124,0.0,249145.069767,27.799999237060547
uncore,0.001067026,0.0,0.0,0.0,54.691571,0.0,54.691571,27.799999237060547
package-0,1.001398396,18.49507000000449,18.473603709441328,18.48335970111561,113488.859614,0.0,113507.354684,27.799999237060547
dram,1.00162232,0.4895620000024792,0.4889937901962587,0.4892520299756199,39365.39959,0.0,39365.889152,27.799999237060547
core,1.001814969,16.900956999976188,16.88134091559495,16.880619131802067,249145.060124,0.009642999997595325,249161.961081,27.799999237060547
uncore,1.002028609,0.008117999999996073,0.008108577848752978,0.008112860024511804,54.691571,0.0,54.699689,27.799999237060547
package-0,2.002348781,37.72341399999277,18.84160629394105,19.20967885789697,113488.859614,18.49507000000449,113526.583028,27.799999237060547
dram,2.002564431,0.9772919999959413,0.4881252555281792,0.4872565556993472,39365.39959,0.4895620000024792,39366.376882,27.799999237060547
core,2.002763253,34.53909599999315,17.251144039630926,17.621017485514113,249145.060124,16.900956999976188,249179.59922,27.799999237060547
uncore,2.00297342,0.008117999999996073,0.004054674369985939,0.0,54.691571,0.008117999999996073,54.699689,27.799999237060547
package-0,2.907877929,55.114300000001094,18.954772432000073,19.20498074121638,113488.859614,37.72341399999277,113543.973914,27.799999237060547
dram,2.908055287,1.4188199999989592,0.4879570315136014,0.48758509122316646,39365.39959,0.9772919999959413,39366.81841,27.799999237060547
core,2.908227602,50.498282999993535,17.367243391852867,17.62393698517324,249145.060124,34.53909599999315,249195.558407,27.799999237060547
uncore,2.908399853,0.008117999999996073,0.0027919222888233924,0.0,54.691571,0.008117999999996073,54.699689,27.799999237060547
