zone,time_elapsed,power_j,watts,watts_since_last,start_power,prev_power,prev_power_reading,temp
package-0,0.000792176,0.0,0.0,0.0,122376.713448,0.0,122376.713448,27.799999237060547
dram,0.000918521,0.0,0.0,0.0,39586.239967,0.0,39586.239967,27.799999237060547
core,0.001035701,0.009764999995240942,16.623879816483505,0.0,257318.413895,0.0,257318.42366,27.799999237060547
uncore,0.001135141,0.0,0.0,0.0,56.051736,0.0,56.051736,27.799999237060547
package-0,1.001487764,18.559523000003537,18.53661872756153,18.54750023214056,122376.713448,0.0,122395.272971,27.799999237060547
dram,1.00169696,0.4674059999961173,0.4668291751302554,0.46710321668451416,39586.239967,0.0,39586.707373,27.799999237060547
core,1.001896721,17.11769300000742,17.09656808725774,17.09684556826215,257318.413895,0.009764999995240942,257335.531588,27.799999237060547
uncore,1.002104941,0.00897199999999998,0.008960927671667533,0.008966187982456932,56.051736,0.0,56.060708,27.799999237060547
package-0,2.002422079,37.63332600001013,18.79591014427816,19.05526969226174,122376.713448,18.559523000003537,122414.346774,27.799999237060547
dram,2.002637531,0.9269389999972191,0.46295834051898826,0.4590864888093938,39586.239967,0.4674059999961173,39587.166906,27.799999237060547
core,2.002836607,34.75699100000202,17.35932879600774,17.622158547613918,257318.413895,17.11769300000742,257353.170886,27.799999237060547
uncore,2.003048698,0.00897199999999998,0.004481052400588189,0.0,56.051736,0.00897199999999998,56.060708,27.799999237060547
package-0,2.860257305,54.00901700000395,18.883875387652818,19.08918443612759,122376.713448,37.63332600001013,122430.722465,27.799999237060547
dram,2.860435215,1.321773999996367,0.4621490427527867,0.4602601585988043,39586.239967,0.9269389999972191,39587.561741,27.799999237060547
core,2.860606703,49.89531900000293,17.445549627818117,17.646787255983327,257318.413895,34.75699100000202,257368.309214,27.799999237060547
uncore,2.860782381,0.00897199999999998,0.0031369971050946607,0.0,56.051736,0.00897199999999998,56.060708,27.799999237060547
