zone,time_elapsed,power_j,watts,watts_since_last,start_power,prev_power,prev_power_reading,temp
package-0,0.00068006,0.019896999991033226,33.89868046278373,0.0,112278.348614,0.0,112278.368511,27.799999237060547
dram,0.000802962,0.0008549999984097667,1.4566704405103743,0.0,39335.178964,0.0,39335.179819,27.799999237060547
core,0.000891263,0.0063479999953415245,10.815139142424078,0.0,248035.4,0.0,248035.406348,27.799999237060547
uncore,0.000977167,0.0,0.0,0.0,54.51756,0.0,54.51756,27.799999237060547
package-0,1.001228956,18.63917300000321,18.618777693017837,18.609813635561228,112278.348614,0.019896999991033226,112296.987787,27.799999237060547
dram,1.001330424,0.46996999999828404,0.46945575065772155,0.46887659453773906,39335.178964,0.0008549999984097667,39335.648934,27.799999237060547
core,1.001415303,17.04689299999154,17.028239993450875,17.031884950742263,248035.4,0.0063479999953415245,248052.446893,27.799999237060547
uncore,1.001498467,0.00726299999999469,0.007255052699187157,0.0072593089245196205,54.51756,0.0,54.524823,27.799999237060547
package-0,2.001719736,38.13033400000131,19.049792702876562,19.48105615668857,112278.348614,18.63917300000321,112316.478948,27.799999237060547
dram,2.001814351,0.9243750000023283,0.4618147884507193,0.45416942187075043,39335.178964,0.46996999999828404,39336.103339,27.799999237060547
core,2.001898136,34.94961800001329,17.4607171797906,17.89344365290554,248035.4,17.04689299999154,248070.349618,27.799999237060547
uncore,2.001980744,0.00726299999999469,0.0036285715305007966,0.0,54.51756,0.00726299999999469,54.524823,27.799999237060547
package-0,2.85142793,54.64201100000355,19.163991543746658,19.43301556828519,112278.348614,38.13033400000131,112332.990625,27.799999237060547
dram,2.851638738,1.3105439999999362,0.4596326832426622,0.45449218688941295,39335.178964,0.9243750000023283,39336.489508,27.799999237060547
core,2.851825779,50.13646900001913,17.583812351811513,17.87379391665069,248035.4,34.94961800001329,248085.536469,27.799999237060547
uncore,2.852019258,0.00726299999999469,0.002547272108673328,0.0,54.51756,0.00726299999999469,54.524823,27.799999237060547
