zone,time_elapsed,power_j,watts,watts_since_last,start_power,prev_power,prev_power_reading,temp
package-0,0.000715448,0.0,0.0,0.0,123854.432748,0.0,123854.432748,27.799999237060547
dram,0.000849186,0.0007929999992484227,1.3730175206877602,0.0,39622.962041,0.0,39622.962834,27.799999237060547
core,0.000965434,0.007689999998547137,13.31463397490674,0.0,258683.076966,0.0,258683.084656,27.799999237060547
uncore,0.001052539,0.0,0.0,0.0,56.272622,0.0,56.272622,27.799999237060547
package-0,1.001301439,18.865735999992467,18.843856868878433,18.85473397989419,123854.432748,0.0,123873.298484,27.799999237060547
dram,1.00140513,0.4903550000017276,0.48978632134866773,0.4892764998256834,39622.962041,0.0007929999992484227,39623.452396,27.799999237060547
core,1.001491135,17.40571700001601,17.385531094500465,17.387880910687866,258683.076966,0.007689999998547137,258700.482683,27.799999237060547
uncore,1.001575283,0.008361000000000729,0.008351303510277535,0.00835612407626037,56.272622,0.0,56.280983,27.799999237060547
package-0,2.001806864,38.335106999991694,19.151448769029965,19.45923752422154,123854.432748,18.865735999992467,123892.767855,27.799999237060547
dram,2.00190216,0.9711890000035055,0.4851864996390021,0.4805837340999104,39622.962041,0.4903550000017276,39623.93323,27.799999237060547
core,2.001986959,35.420501999993576,17.69537070618708,18.00540861142153,258683.076966,17.40571700001601,258718.497468,27.799999237060547
uncore,2.002070401,0.008361000000000729,0.004176987510636352,0.0,56.272622,0.008361000000000729,56.280983,27.799999237060547
package-0,2.803658993,53.91087300000072,19.22973815589229,19.42517819278106,123854.432748,38.335106999991694,123908.343621,27.799999237060547
dram,2.803857211,1.3574179999995977,0.4841841961655288,0.48168206611086595,39622.962041,0.9711890000035055,39624.319459,27.799999237060547
core,2.804053285,49.85296099999687,17.782301286900644,17.999313024791732,258683.076966,35.420501999993576,258732.929927,27.799999237060547
uncore,2.804250397,0.008361000000000729,0.0029823267881680803,0.0,56.272622,0.008361000000000729,56.280983,27.799999237060547
