zone,time_elapsed,power_j,watts,watts_since_last,start_power,prev_power,prev_power_reading,temp
package-0,0.000592068,0.0,0.0,0.0,114866.846687,0.0,114866.846687,27.799999237060547
dram,0.000750026,0.0,0.0,0.0,39400.049098,0.0,39400.049098,27.799999237060547
core,0.000892254,0.008361999993212521,19.563071119583476,0.0,250407.905462,0.0,250407.913824,27.799999237060547
uncore,0.001006397,0.0,0.0,0.0,54.904949,0.0,54.904949,27.799999237060547
package-0,1.001267205,18.203504999997676,18.183246880998336,18.19101375838919,114866.846687,0.0,114885.050192,27.799999237060547
dram,1.001369516,0.4966419999982463,0.49608930244159244,0.4963012043539514,39400.049098,0.0,39400.54574,27.799999237060547
core,1.001455048,16.602008999994723,16.583533136475577,16.582260442641104,250407.905462,0.008361999993212521,250424.507471,27.799999237060547
uncore,1.001538542,0.008240000000000691,0.008230829958266716,0.008234345713595192,54.904949,0.0,54.913189,27.799999237060547
package-0,2.001764319,37.484096000000136,18.72668091373228,19.270433785599277,114866.846687,18.203504999997676,114904.330783,27.799999237060547
dram,2.001862284,0.9828469999993104,0.4910205692570537,0.4859488621871916,39400.049098,0.4966419999982463,39401.031945,27.799999237060547
core,2.001947659,34.2993509999942,17.135614040818627,17.68801885751591,250407.905462,16.602008999994723,250442.204813,27.799999237060547
uncore,2.00203104,0.008240000000000691,0.004116621906239019,0.0,54.904949,0.008240000000000691,54.913189,27.799999237060547
package-0,2.927729723,55.31882800000312,18.8956485294699,19.26090662040829,114866.846687,37.484096000000136,114922.165515,27.799999237060547
dram,2.9278270859999997,1.4340179999999236,0.48982780533474773,0.4872494019448448,39400.049098,0.9828469999993104,39401.483116,27.799999237060547
core,2.92793676,50.65697499999078,17.303265990485464,17.665679999880616,250407.905462,34.2993509999942,250458.562437,27.799999237060547
uncore,2.928154776,0.008240000000000691,0.0028145958530219808,0.0,54.904949,0.008240000000000691,54.913189,27.799999237060547
