zone,time_elapsed,power_j,watts,watts_since_last,start_power,prev_power,prev_power_reading,temp
package-0,0.000311805,0.0,0.0,0.0,115803.416311,0.0,115803.416311,27.799999237060547
dram,0.000495335,0.0008540000053471886,4.780216427080366,0.0,39423.63522,0.0,39423.636074,27.799999237060547
core,0.000637162,0.009033000009367242,50.56170346631315,0.0,251266.290228,0.0,251266.299261,27.799999237060547
uncore,0.000827837,0.0,0.0,0.0,55.041546,0.0,55.041546,27.799999237060547
package-0,1.001191535,18.697706000006292,18.68012717840582,18.683461896807323,115803.416311,0.0,115822.114017,27.799999237060547
dram,1.001415952,0.47997900000336813,0.4795277432977043,0.4787599976846261,39423.63522,0.0008540000053471886,39424.115199,27.799999237060547
core,1.001610597,17.10933100001421,17.093245503892245,17.08727081851824,251266.290228,0.009033000009367242,251283.399559,27.799999237060547
uncore,1.001818188,0.008667000000002645,0.008658851639620291,0.008660397390975341,55.041546,0.0,55.050213,27.799999237060547
package-0,2.002135292,37.984766000008676,18.973985444237897,19.267826932229937,115803.416311,18.697706000006292,115841.401077,27.799999237060547
dram,2.002346034,0.9497040000060224,0.4743920200125666,0.4692565899515909,39423.63522,0.47997900000336813,39424.584924,27.799999237060547
core,2.002539952,34.81088500001351,17.388582182950525,17.683901999758753,251266.290228,17.10933100001421,251301.101113,27.799999237060547
uncore,2.002746078,0.008667000000002645,0.004329302221980845,0.0,55.041546,0.008667000000002645,55.050213,27.799999237060547
package-0,2.903218459,55.40305600001011,19.084645035444414,19.330499163998613,115803.416311,37.984766000008676,115858.819367,27.799999237060547
dram,2.903396747,1.3735920000035549,0.4731601040850386,0.47042313737919567,39423.63522,0.9497040000060224,39425.008812,27.799999237060547
core,2.903569796,50.80199400000856,17.499721000638726,17.74663983409333,251266.290228,34.81088500001351,251317.092222,27.799999237060547
uncore,2.903742276,0.008667000000002645,0.0029855143463966504,0.0,55.041546,0.008667000000002645,55.050213,27.799999237060547
