zone,time_elapsed,power_j,watts,watts_since_last,start_power,prev_power,prev_power_reading,temp
package-0,0.000667363,0.0,0.0,0.0,116079.437638,0.0,116079.437638,27.799999237060547
dram,0.000800208,0.0,0.0,0.0,39430.522165,0.0,39430.522165,27.799999237060547
core,0.000914932,0.009033999987877905,16.95809280187321,0.0,251519.440092,0.0,251519.449126,27.799999237060547
uncore,0.001000668,0.0,0.0,0.0,55.0872,0.0,55.0872,27.799999237060547
package-0,1.001248107,18.742077999995672,18.721138836792914,18.73110621706681,116079.437638,0.0,116098.179716,27.799999237060547
dram,1.001350418,0.4854720000002999,0.48492961737664536,0.48518780027591263,39430.522165,0.0,39431.007637,27.799999237060547
core,1.001435271,17.160662000009324,17.14148963810337,17.141587280988432,251519.440092,0.009033999987877905,251536.600754,27.799999237060547
uncore,1.001518392,0.010131999999998698,0.010120680251912581,0.010126068635043582,55.0872,0.0,55.097332,27.799999237060547
package-0,2.001740584,38.06063199999335,19.01477367576741,19.30858524775445,116079.437638,18.742077999995672,116117.49827,27.799999237060547
dram,2.00183389,0.9532449999969685,0.4762332357618873,0.4675316199667225,39430.522165,0.4854720000002999,39431.47541,27.799999237060547
core,2.001917953,34.884737999993376,17.428123574207415,17.714930029618777,251519.440092,17.160662000009324,251554.32483,27.799999237060547
uncore,2.002000394,0.010131999999998698,0.00506186252721406,0.0,55.0872,0.010131999999998698,55.097332,27.799999237060547
package-0,2.896492843,55.381998999990174,19.1212394493527,19.359419296156798,116079.437638,38.06063199999335,116134.819637,27.799999237060547
dram,2.896690459,1.3729820000007749,0.4740370166427298,0.4691237462485578,39430.522165,0.9532449999969685,39431.895147,27.799999237060547
core,2.896880579,50.7833180000016,17.53349465610344,17.769225513997142,251519.440092,34.884737999993376,251570.22341,27.799999237060547
uncore,2.8970756079999997,0.010131999999998698,0.003498183554205962,0.0,55.0872,0.010131999999998698,55.097332,27.799999237060547
