zone,time_elapsed,power_j,watts,watts_since_last,start_power,prev_power,prev_power_reading,temp
package-0,0.000316435,0.0,0.0,0.0,3097.356023,0.0,3097.356023,27.799999237060547
dram,0.000439052,0.0006099999999946704,2.6461223462631995,0.0,396.380882,0.0,396.381492,27.799999237060547
core,0.000520994,0.0056150000000343425,24.357339302440256,0.0,1721.379077,0.0,1721.384692,27.799999237060547
uncore,0.00060003,0.0,0.0,0.0,3.864308,0.0,3.864308,27.799999237060547
package-0,1.00084299,16.068866999999955,16.057553923361667,16.06125385324474,3097.356023,0.0,3113.42489,27.799999237060547
dram,1.000956293,0.4649029999999925,0.46457569109461855,0.46407302613709767,396.380882,0.0006099999999946704,396.845785,27.799999237060547
core,1.001041019,14.482322999999951,14.472126909012365,14.46984919019482,1721.379077,0.0056150000000343425,1735.8614,27.799999237060547
uncore,1.001121535,0.007751999999999981,0.007746542305309995,0.00774832723865057,3.864308,0.0,3.87206,27.799999237060547
package-0,2.001324417,32.76389300000028,16.371959154686902,16.68642378143967,3097.356023,16.068866999999955,3130.119916,27.799999237060547
dram,2.001412629,0.9141210000000228,0.4567818505096996,0.4489865375622132,396.380882,0.4649029999999925,397.295003,27.799999237060547
core,2.00149255,29.61662299999989,14.799283530066306,15.126501955458858,1721.379077,14.482322999999951,1750.9957,27.799999237060547
uncore,2.001570903,0.007751999999999981,0.0038736369749202723,0.0,3.864308,0.007751999999999981,3.87206,27.799999237060547
package-0,2.67870922,44.03986500000019,16.441453553851236,16.646768517535946,3097.356023,32.76389300000028,3141.395888,27.799999237060547
dram,2.678794758,1.2185640000000149,0.454927902444645,0.44945057931893617,396.380882,0.9141210000000228,397.599446,27.799999237060547
core,2.6788737620000003,39.81929500000001,14.865783291787977,15.062250867982721,1721.379077,29.61662299999989,1761.198372,27.799999237060547
uncore,2.678951599,0.007751999999999981,0.0028940630937323245,0.0,3.864308,0.007751999999999981,3.87206,27.799999237060547
