zone,time_elapsed,power_j,watts,watts_since_last,start_power,prev_power,prev_power_reading,temp
package-0,0.000489201,0.016540999997232575,58.88467630420453,0.0,16763.706718,0.0,16763.723259,27.799999237060547
dram,0.000622345,0.0,0.0,0.0,763.573484,0.0,763.573484,27.799999237060547
core,0.000811413,0.00860599999941769,30.636692118038802,0.0,14130.923541,0.0,14130.932147,27.799999237060547
uncore,0.000991638,0.0,0.0,0.0,6.314742,0.0,6.314742,27.799999237060547
package-0,1.001243982,16.742511000000377,16.724115860655274,16.712282440137283,16763.706718,0.016540999997232575,16780.449229,27.799999237060547
dram,1.001346925,0.46154699999999593,0.4610398943824865,0.46116929681187546,763.573484,0.0,764.035031,27.799999237060547
core,1.001437092,15.162985999999364,15.14632629821641,15.141978537873685,14130.923541,0.00860599999941769,14146.086527,27.799999237060547
uncore,1.001525146,0.007445999999999842,0.007437819016420758,0.007439906627193291,6.314742,0.0,6.322188,27.799999237060547
package-0,2.001734184,34.09524999999849,17.03377482916876,17.343611334850358,16763.706718,16.742511000000377,16797.801968,27.799999237060547
dram,2.001825804,0.9102149999999938,0.4547377525060653,0.4484319974146705,763.573484,0.46154699999999593,764.483699,27.799999237060547
core,2.001911042,30.935589999999138,15.455228346103738,15.764307497192922,14130.923541,15.162985999999364,14161.859131,27.799999237060547
uncore,2.001995068,0.007445999999999842,0.0037199752862346956,0.0,6.314742,0.007445999999999842,6.322188,27.799999237060547
package-0,2.655267252,45.44550099999833,17.116060925194926,17.36809317138425,16763.706718,34.09524999999849,16809.152219,27.799999237060547
dram,2.655359199,1.204403999999954,0.45361260826563315,0.4501664290944528,763.573484,0.9102149999999938,764.777888,27.799999237060547
core,2.655445034,41.249283999999534,15.53564692937781,15.781959212457597,14130.923541,30.935589999999138,14172.172825,27.799999237060547
uncore,2.655529196,0.007445999999999842,0.00280437418104387,0.0,6.314742,0.007445999999999842,6.322188,27.799999237060547
