zone,time_elapsed,power_j,watts,watts_since_last,start_power,prev_power,prev_power_reading,temp
package-0,0.000323862,0.0,0.0,0.0,2307.903271,0.0,2307.903271,27.799999237060547
dram,0.000448536,0.0,0.0,0.0,374.611345,0.0,374.611345,27.799999237060547
core,0.000529885,0.004272000000014486,20.378957009628895,0.0,1007.385238,0.0,1007.38951,27.799999237060547
uncore,0.000608644,0.0,0.0,0.0,3.718618,0.0,3.718618,27.799999237060547
package-0,1.000854344,15.848958000000039,15.837670840420829,15.840989190387813,2307.903271,0.0,2323.752229,27.799999237060547
dram,1.00095084,0.4617300000000455,0.46140116953734195,0.46149784350986783,374.611345,0.0,375.073075,27.799999237060547
core,1.001031306,14.263269000000037,14.253111121272351,14.251827618116728,1007.385238,0.004272000000014486,1021.648507,27.799999237060547
uncore,1.001110355,0.00781199999999993,0.007806436524430572,0.007808072149305222,3.718618,0.0,3.72643,27.799999237060547
package-0,2.001313383,32.351541,16.165988896600364,16.49437757497649,2307.903271,15.848958000000039,2340.254812,27.799999237060547
dram,2.001400644,0.910459000000003,0.4549542194855547,0.44850588267551467,374.611345,0.4617300000000455,375.521804,27.799999237060547
core,2.001481022,29.202440000000138,14.59239053847978,14.93174293570536,1007.385238,14.263269000000037,1036.587678,27.799999237060547
uncore,2.001559763,0.00781199999999993,0.0039036380140358984,0.0,3.718618,0.00781199999999993,3.72643,27.799999237060547
package-0,2.6614877630000002,43.28046799999993,16.262498311079067,16.5550587357002,2307.903271,32.351541,2351.183739,27.799999237060547
dram,2.661573664,1.20696700000002,0.45351401465965036,0.44914815110443224,374.611345,0.910459000000003,375.818312,27.799999237060547
core,2.6616525490000003,39.09548099999995,14.690002745194992,14.985906194605214,1007.385238,29.202440000000138,1046.480719,27.799999237060547
uncore,2.661729523,0.00781199999999993,0.002935334174439813,0.0,3.718618,0.00781199999999993,3.72643,27.799999237060547
