zone,time_elapsed,power_j,watts,watts_since_last,start_power,prev_power,prev_power_reading,temp
package-0,0.000309211,0.0,0.0,0.0,6698.902955,0.0,6698.902955,27.799999237060547
dram,0.000419942,0.0,0.0,0.0,494.271683,0.0,494.271683,27.799999237060547
core,0.000501111,0.0046389999997700215,24.15001223258779,0.0,4983.721128,0.0,4983.725767,27.799999237060547
uncore,0.000579865,0.0,0.0,0.0,4.511829,0.0,4.511829,27.799999237060547
package-0,1.000820917,16.20387700000083,16.19274686686365,16.195855808061616,6698.902955,0.0,6715.106832,27.799999237060547
dram,1.000915953,0.4618520000000217,0.46153476269627813,0.4616233754838328,494.271683,0.0,494.733535,27.799999237060547
core,1.000997458,14.618615000000318,14.60857375300547,14.606741835825453,4983.721128,0.0046389999997700215,4998.339743,27.799999237060547
uncore,1.001076981,0.00915500000000069,0.009148711605632425,0.009150468120858218,4.511829,0.0,4.520984,27.799999237060547
package-0,2.001282681,33.09488600000077,16.537587433038457,16.88249100669248,6698.902955,16.20387700000083,6731.997841,27.799999237060547
dram,2.001369885,0.9105819999999767,0.4550198311591189,0.4485037092474691,494.271683,0.4618520000000217,495.182265,27.799999237060547
core,2.00144973,29.950057000000015,14.966109454553619,15.323710483170256,4983.721128,14.618615000000318,5013.671185,27.799999237060547
uncore,2.001528144,0.00915500000000069,0.004574773665921526,0.0,4.511829,0.00915500000000069,4.520984,27.799999237060547
package-0,2.662611394,44.29816600000049,16.637783924293544,16.940987828853505,6698.902955,33.09488600000077,6743.201121,27.799999237060547
dram,2.662698942,1.2085539999999924,0.45391631592243137,0.4505769761480144,494.271683,0.9105819999999767,495.480237,27.799999237060547
core,2.66277908,40.12196700000004,15.06926082591386,15.381406472586416,4983.721128,29.950057000000015,5023.843095,27.799999237060547
uncore,2.662857765,0.00915500000000069,0.00343849250614387,0.0,4.511829,0.00915500000000069,4.520984,27.799999237060547
