zone,time_elapsed,power_j,watts,watts_since_last,start_power,prev_power,prev_power_reading,temp
package-0,0.000741936,0.0,0.0,0.0,5489.422287,0.0,5489.422287,27.799999237060547
dram,0.000865164,0.0,0.0,0.0,461.632912,0.0,461.632912,27.799999237060547
core,0.000953762,0.008911999999781983,14.773017361912375,0.0,3887.366085,0.0,3887.374997,27.799999237060547
uncore,0.00103952,0.0,0.0,0.0,4.299976,0.0,4.299976,27.799999237060547
package-0,1.001382087,16.19771199999923,16.179188398664035,16.188943404504666,5489.422287,0.0,5505.619999,27.799999237060547
dram,1.001583,0.4620350000000144,0.4615066196866154,0.4617848783767055,461.632912,0.0,462.094947,27.799999237060547
core,1.001789327,14.620323999999982,14.603604289637964,14.603502144495152,3887.366085,0.008911999999781983,3901.986409,27.799999237060547
uncore,1.00199726,0.007446999999999981,0.007438483657744779,0.007442968583053687,4.299976,0.0,4.307423,27.799999237060547
package-0,2.002304504,33.12381599999935,16.544365512915366,16.90960433520282,5489.422287,16.19771199999923,5522.546103,27.799999237060547
dram,2.00254809,0.9111300000000142,0.4550824624126371,0.4486572195773966,461.632912,0.4620350000000144,462.544042,27.799999237060547
core,2.00338451,29.988632000000052,14.978433917164638,15.353326883819895,3887.366085,14.620323999999982,3917.354717,27.799999237060547
uncore,2.003596259,0.007446999999999981,0.003719556043140767,0.0,4.299976,0.007446999999999981,4.307423,27.799999237060547
package-0,2.668517504,44.41120199999932,16.643770458974643,16.9425029315779,5489.422287,33.12381599999935,5533.833489,27.799999237060547
dram,2.668692827,1.2106899999999996,0.45372441072358977,0.44964318383222135,461.632912,0.9111300000000142,462.843602,27.799999237060547
core,2.6688676080000002,40.218341999999666,15.072432682379183,15.354918460676872,3887.366085,29.988632000000052,3927.584427,27.799999237060547
uncore,2.669041417,0.007446999999999981,0.0027908760183519856,0.0,4.299976,0.007446999999999981,4.307423,27.799999237060547
