zone,time_elapsed,power_j,watts,watts_since_last,start_power,prev_power,prev_power_reading,temp
package-0,0.000676968,0.0,0.0,0.0,14307.121637,0.0,14307.121637,27.799999237060547
dram,0.000856316,0.0007319999999708671,1.340472754654786,0.0,698.223798,0.0,698.22453,27.799999237060547
core,0.001009495,0.008727999998882296,15.9831232262218,0.0,11901.297474,0.0,11901.306202,27.799999237060547
uncore,0.001122758,0.0,0.0,0.0,5.885605,0.0,5.885605,27.799999237060547
package-0,1.001372142,16.70405899999969,16.683597102029157,16.692701419495474,14307.121637,0.0,14323.825696,27.799999237060547
dram,1.001472221,0.46148600000003626,0.4609206955164476,0.4604407198178271,698.223798,0.0007319999999708671,698.685284,27.799999237060547
core,1.00155746,15.119589999998425,15.101069022077056,15.100587680946127,11901.297474,0.008727999998882296,11916.417064,27.799999237060547
uncore,1.001640779,0.007018999999999664,0.007010401966320834,0.007014227575670998,5.885605,0.0,5.892624,27.799999237060547
package-0,2.001848477,34.20877499999915,17.089514111354397,17.495720103124,14307.121637,16.70405899999969,14341.330412,27.799999237060547
dram,2.001939881,0.9107639999999719,0.4549860154335688,0.449047110303901,698.223798,0.46148600000003626,699.134562,27.799999237060547
core,2.002024427,31.03983799999878,15.506423410810436,15.912066381444546,11901.297474,15.119589999998425,11932.337312,27.799999237060547
uncore,2.002107342,0.007018999999999664,0.003506448259184778,0.0,5.885605,0.007018999999999664,5.892624,27.799999237060547
package-0,2.670259995,45.890142000000196,17.186370259001144,17.47643448066226,14307.121637,34.20877499999915,14353.011779,27.799999237060547
dram,2.670363213,1.2108729999999923,0.45348545041824606,0.4489915671305384,698.223798,0.9107639999999719,699.434671,27.799999237060547
core,2.670552452,41.67842099999871,15.609033746648757,15.91633057728341,11901.297474,31.03983799999878,11942.975895,27.799999237060547
uncore,2.670741658,0.007018999999999664,0.0026286938237829543,0.0,5.885605,0.007018999999999664,5.892624,27.799999237060547
