zone,time_elapsed,power_j,watts,watts_since_last,start_power,prev_power,prev_power_reading,temp
package-0,0.000636379,0.01886000000013155,41.4242382313905,0.0,9481.649066,0.0,9481.667926,27.799999237060547
dram,0.00085556,0.0006710000000111904,1.4737891756910235,0.0,569.370307,0.0,569.370978,27.799999237060547
core,0.001010503,0.01049799999964307,23.0578819159766,0.0,7505.990061,0.0,7506.000559,27.799999237060547
uncore,0.001138538,0.0,0.0,0.0,5.011461,0.0,5.011461,27.799999237060547
package-0,1.001474474,16.08846000000085,16.068504700766518,16.056969587723014,9481.649066,0.01886000000013155,9497.737526,27.799999237060547
dram,1.001688551,0.46258399999999256,0.46201023457179036,0.4615499448133911,569.370307,0.0006710000000111904,569.832891,27.799999237060547
core,1.001876942,14.507164999999986,14.48917105784413,14.485272884349513,7505.990061,0.01049799999964307,7520.497226,27.799999237060547
uncore,1.002079116,0.008179000000000158,0.008168855188598844,0.008172571455293424,5.011461,0.0,5.01964,27.799999237060547
package-0,2.002384582,33.09494699999959,16.52941761546167,16.990468250608323,9481.649066,16.08846000000085,9514.744013,27.799999237060547
dram,2.002579483,0.9115580000000136,0.4552816737466122,0.4485511024322391,569.370307,0.46258399999999256,570.281865,27.799999237060547
core,2.002786543,29.937118999999257,14.952226457856728,15.415420218493912,7505.990061,14.507164999999986,7535.92718,27.799999237060547
uncore,2.002991357,0.008179000000000158,0.00408503771517946,0.0,5.011461,0.008179000000000158,5.01964,27.799999237060547
package-0,2.670845424,44.578927000000476,16.69199657611893,17.178932973478766,9481.649066,33.09494699999959,9526.227993,27.799999237060547
dram,2.671018271,1.2119109999999864,0.4537842344783316,0.44929928956532517,569.370307,0.9115580000000136,570.582218,27.799999237060547
core,2.671189542,40.35756299999957,15.11136199883164,15.587985091395195,7505.990061,29.937118999999257,7546.347624,27.799999237060547
uncore,2.671361009,0.008179000000000158,0.003062519651854293,0.0,5.011461,0.008179000000000158,5.01964,27.799999237060547
