zone,time_elapsed,power_j,watts,watts_since_last,start_power,prev_power,prev_power_reading,temp
package-0,0.000553628,0.0,0.0,0.0,11289.380278,0.0,11289.380278,27.799999237060547
dram,0.00070861,0.0007329999999683423,1.8996527237037844,0.0,617.626531,0.0,617.627264,27.799999237060547
core,0.000836498,0.009826999999859254,25.467786243350577,0.0,9146.015831,0.0,9146.025658,27.799999237060547
uncore,0.000960682,0.0,0.0,0.0,5.336717,0.0,5.336717,27.799999237060547
package-0,1.001299666,16.747149999999237,16.72934746489447,16.735798275387026,11289.380278,0.0,11306.127428,27.799999237060547
dram,1.001442,0.4613640000000032,0.4608735613996398,0.460318770381273,617.626531,0.0007329999999683423,618.087895,27.799999237060547
core,1.001600326,15.166525999999067,15.150403697903943,15.146425331161334,9146.015831,0.009826999999859254,9161.182357,27.799999237060547
uncore,1.001802321,0.008544999999999803,0.008535916504451591,0.008539207940645742,5.336717,0.0,5.345262,27.799999237060547
package-0,2.00210943,33.88931799999955,16.92850074603768,17.12769766462835,11289.380278,16.747149999999237,11323.269596,27.799999237060547
dram,2.002316495,0.9105200000000195,0.4548258687083277,0.4487768508775524,617.626531,0.4613640000000032,618.537051,27.799999237060547
core,2.002521428,30.735273000000234,15.352982078606088,15.555604847245972,9146.015831,15.166525999999067,9176.751104,27.799999237060547
uncore,2.002726117,0.008544999999999803,0.004268425787585651,0.0,5.336717,0.008544999999999803,5.345262,27.799999237060547
package-0,2.646677716,44.93463899999915,16.979141999566362,17.136428244511023,11289.380278,33.88931799999955,11334.314917,27.799999237060547
dram,2.6468675900000003,1.2006810000000314,0.45369304502885305,0.45017461745620113,617.626531,0.9105200000000195,618.827212,27.799999237060547
core,2.647056891,40.75868499999888,15.401203074772438,15.550972262657973,9146.015831,30.735273000000234,9186.774516,27.799999237060547
uncore,2.647245447,0.008544999999999803,0.0032288401913342164,0.0,5.336717,0.008544999999999803,5.345262,27.799999237060547
