zone,time_elapsed,power_j,watts,watts_since_last,start_power,prev_power,prev_power_reading,temp
package-0,0.000715233,0.0,0.0,0.0,17853.83851,0.0,17853.83851,27.799999237060547
dram,0.000860298,0.0007329999999683423,1.2942092522160327,0.0,792.502548,0.0,792.503281,27.799999237060547
core,0.000949921,0.00787300000047253,13.900831437583147,0.0,15120.634936,0.0,15120.642809,27.799999237060547
uncore,0.001035613,0.0,0.0,0.0,6.504438,0.0,6.504438,27.799999237060547
package-0,1.001378403,16.364276999996946,16.345665073843275,16.354917456899464,17853.83851,0.0,17870.202787,27.799999237060547
dram,1.001565335,0.4616079999999556,0.4610829896980679,0.460611402688291,792.502548,0.0007329999999683423,792.964156,27.799999237060547
core,1.001698808,14.781028999999762,14.764217782478614,14.764706498058699,15120.634936,0.00787300000047253,15135.415965,27.799999237060547
uncore,1.001900577,0.007934999999999803,0.007925975120133164,0.00793046157923862,6.504438,0.0,6.512373,27.799999237060547
package-0,2.002197759,33.44809499999974,16.70729368485575,17.069020473566788,17853.83851,16.364276999996946,17887.286605,27.799999237060547
dram,2.002404898,0.9108259999999291,0.45495677639642423,0.4488288999035823,792.502548,0.4616079999999556,793.413374,27.799999237060547
core,2.002611537,30.284834000000046,15.127247630548448,15.49037603673539,15120.634936,14.781028999999762,15150.91977,27.799999237060547
uncore,2.002818007,0.007934999999999803,0.003963525438125194,0.0,6.504438,0.007934999999999803,6.512373,27.799999237060547
package-0,2.673971406,44.87805899999876,16.784402687610093,17.014195759303618,17853.83851,33.44809499999974,17898.716569,27.799999237060547
dram,2.674144009,1.2130709999998999,0.4536887870453744,0.4499100432224167,792.502548,0.9108259999999291,793.715619,27.799999237060547
core,2.674315614,40.652421999999206,15.20401363781498,15.432784546286229,15120.634936,30.284834000000046,15161.287358,27.799999237060547
uncore,2.674486832,0.007934999999999803,0.002967691524408096,0.0,6.504438,0.007934999999999803,6.512373,27.799999237060547
