zone,time_elapsed,power_j,watts,watts_since_last,start_power,prev_power,prev_power_reading,temp
package-0,0.000359388,0.0,0.0,0.0,3272.509749,0.0,3272.509749,27.799999237060547
dram,0.0004719,0.0,0.0,0.0,401.214304,0.0,401.214304,27.799999237060547
core,0.000557679,0.004699999999957072,19.74333662370911,0.0,1879.776071,0.0,1879.780771,27.799999237060547
uncore,0.000640938,0.0,0.0,0.0,3.897817,0.0,3.897817,27.799999237060547
package-0,1.001013332,15.55373200000031,15.542155239164556,15.545853252750842,3272.509749,0.0,3288.063481,27.799999237060547
dram,1.001217816,0.46191299999998137,0.46156919464651863,0.4616790178419859,401.214304,0.0,401.676217,27.799999237060547
core,1.001425325,13.989160999999967,13.978748761240174,13.977377167409927,1879.776071,0.004699999999957072,1893.765232,27.799999237060547
uncore,1.001630638,0.00958199999999998,0.009574868044638515,0.009577146235247932,3.897817,0.0,3.907399,27.799999237060547
package-0,2.001937675,32.18265700000029,16.0773641436325,16.61244075744786,3272.509749,15.55373200000031,3304.692406,27.799999237060547
dram,2.002144791,0.9106429999999932,0.45492636347116056,0.448285174242459,401.214304,0.46191299999998137,402.124947,27.799999237060547
core,2.002352012,29.04680099999996,14.510796820928235,15.04271337124783,1879.776071,13.989160999999967,1908.822872,27.799999237060547
uncore,2.002557101,0.00958199999999998,0.004786842280433368,0.0,3.897817,0.00958199999999998,3.907399,27.799999237060547
package-0,2.683348722,43.6054180000001,16.251653408658544,16.763659864496763,3272.509749,32.18265700000029,3316.115167,27.799999237060547
dram,2.683539314,1.2174049999999852,0.4537244458467906,0.450193593943943,401.214304,0.9106429999999932,402.431709,27.799999237060547
core,2.683730522,39.38973099999998,14.680475166464209,15.178936206605638,1879.776071,29.04680099999996,1919.165802,27.799999237060547
uncore,2.683918774,0.00958199999999998,0.0035711925284551906,0.0,3.897817,0.00958199999999998,3.907399,27.799999237060547
