zone,time_elapsed,power_j,watts,watts_since_last,start_power,prev_power,prev_power_reading,temp
package-0,0.000290056,0.0,0.0,0.0,6564.209574,0.0,6564.209574,27.799999237060547
dram,0.000413423,0.0,0.0,0.0,490.646876,0.0,490.646876,27.799999237060547
core,0.000495014,0.0055540000003020396,27.22148703770053,0.0,4861.590276,0.0,4861.59583,27.799999237060547
uncore,0.000574096,0.0,0.0,0.0,4.488941,0.0,4.488941,27.799999237060547
package-0,1.00086003,16.730547999999544,16.718419672603314,16.72182895411178,6564.209574,0.0,6580.940122,27.799999237060547
dram,1.000956926,0.4619739999999979,0.46163910529597824,0.4617332444368833,490.646876,0.0,491.10885,27.799999237060547
core,1.001037925,15.15914100000009,15.148151818707666,15.145689779871836,4861.590276,0.0055540000003020396,4876.749417,27.799999237060547
uncore,1.001117187,0.007019000000000553,0.007013911778742399,0.007015342081378506,4.488941,0.0,4.49596,27.799999237060547
package-0,2.001322111,33.96548999999959,16.972410338107025,17.226460173351573,6564.209574,16.730547999999544,6598.175064,27.799999237060547
dram,2.001409516,0.9105199999999627,0.4549829565553967,0.44832525719642846,490.646876,0.4619739999999979,491.557396,27.799999237060547
core,2.001489613,30.810163000000102,15.395706907804675,15.64331966740873,4861.590276,15.15914100000009,4892.400439,27.799999237060547
uncore,2.001568135,0.007019000000000553,0.003507364332538233,0.0,4.488941,0.007019000000000553,4.49596,27.799999237060547
package-0,2.644317286,45.03900899999917,17.03297177188623,17.221455870780623,6564.209574,33.96548999999959,6609.248583,27.799999237060547
dram,2.644404379,1.1994599999999878,0.45361496123297973,0.44935737765961975,490.646876,0.9105199999999627,491.846336,27.799999237060547
core,2.644484598,40.87043999999969,15.456491301231281,15.645669312828991,4861.590276,30.810163000000102,4902.460716,27.799999237060547
uncore,2.644563245,0.007019000000000553,0.0026544640195542727,0.0,4.488941,0.007019000000000553,4.49596,27.799999237060547
