zone,time_elapsed,power_j,watts,watts_since_last,start_power,prev_power,prev_power_reading,temp
package-0,0.000477747,0.0,0.0,0.0,15811.710193,0.0,15811.710193,27.799999237060547
dram,0.000637221,0.0,0.0,0.0,738.190615,0.0,738.190615,27.799999237060547
core,0.000793394,0.009825999999520718,31.15557175997818,0.0,13267.019869,0.0,13267.029695,27.799999237060547
uncore,0.000920754,0.0,0.0,0.0,6.151839,0.0,6.151839,27.799999237060547
package-0,1.0011706,16.54030199999943,16.523138474247336,16.52834585739987,15811.710193,0.0,15828.250495,27.799999237060547
dram,1.001270568,0.4617289999999912,0.46124987346518015,0.46139523960272927,738.190615,0.0,738.652344,27.799999237060547
core,1.00135617,14.954428999999436,14.938911101520356,14.933800307004239,13267.019869,0.009825999999520718,13281.974298,27.799999237060547
uncore,1.001439959,0.00836199999999998,0.008353322927335951,0.008355955535732188,6.151839,0.0,6.160201,27.799999237060547
package-0,2.001648504,34.029514999998355,17.001547340219695,17.4802065333451,15811.710193,16.54030199999943,15845.739708,27.799999237060547
dram,2.00174089,0.9103979999999865,0.4548455861166945,0.4484379477286835,738.190615,0.4617289999999912,739.101013,27.799999237060547
core,2.001825187,30.878888000001098,15.427456904554353,15.91625833888765,13267.019869,14.954428999999436,13297.898757,27.799999237060547
uncore,2.001908933,0.00836199999999998,0.0041777538956674415,0.0,6.151839,0.00836199999999998,6.160201,27.799999237060547
package-0,2.668311244,45.771671999998944,17.154512004100628,17.61377666567516,15811.710193,34.029514999998355,15857.481865,27.799999237060547
dram,2.668414609,1.2102630000000545,0.45358778157853297,0.44981132000309776,738.190615,0.9103979999999865,739.400878,27.799999237060547
core,2.668601611,41.56996199999958,15.579776332815987,16.037103723972535,13267.019869,30.878888000001098,13308.589831,27.799999237060547
uncore,2.6687896049999997,0.00836199999999998,0.003133947769666191,0.0,6.151839,0.00836199999999998,6.160201,27.799999237060547
