zone,time_elapsed,power_j,watts,watts_since_last,start_power,prev_power,prev_power_reading,temp
package-0,0.000752374,0.01947100000006685,35.91494479318491,0.0,3403.651381,0.0,3403.670852,27.799999237060547
dram,0.000883466,0.0006720000000086657,1.239527651443101,0.0,404.853577,0.0,404.854249,27.799999237060547
core,0.001085621,0.01086499999996704,20.04087489987317,0.0,1998.327647,0.0,1998.338512,27.799999237060547
uncore,0.00126165,0.0,0.0,0.0,3.92278,0.0,3.92278,27.799999237060547
package-0,1.001669334,16.210773999999674,16.188538136311312,16.177852506935405,3403.651381,0.01947100000006685,3419.862155,27.799999237060547
dram,1.001884154,0.46252400000003036,0.46188956881145193,0.4614683287709249,404.853577,0.0006720000000086657,405.316101,27.799999237060547
core,1.002079665,14.638756999999941,14.618677427906773,14.61574026892003,1998.327647,0.01086499999996704,2012.966404,27.799999237060547
uncore,1.002275351,0.008789000000000158,0.008776944375391671,0.008781698772696755,3.92278,0.0,3.931569,27.799999237060547
package-0,2.002561494,32.89121299999988,16.426235656274333,16.664025451515254,3403.651381,16.210773999999674,3436.542594,27.799999237060547
dram,2.002806559,0.9125960000000077,0.45576053868774963,0.44962912924617293,404.853577,0.46252400000003036,405.766173,27.799999237060547
core,2.003611795,29.75822500000004,14.861586788010424,15.10459044665245,1998.327647,14.638756999999941,2028.085872,27.799999237060547
uncore,2.003768822,0.008789000000000158,0.004389323835001106,0.0,3.92278,0.008789000000000158,3.931569,27.799999237060547
package-0,2.68258724,44.209969999999885,16.481457525864737,16.64405483301969,3403.651381,32.89121299999988,3447.861351,27.799999237060547
dram,2.682761155,1.2187470000000076,0.4543483498241516,0.4501902489101768,404.853577,0.9125960000000077,406.072324,27.799999237060547
core,2.68293255,39.99605299999985,14.910511106923034,15.054565673865163,1998.327647,29.75822500000004,2038.3237,27.799999237060547
uncore,2.68310726,0.008789000000000158,0.003276535365095886,0.0,3.92278,0.008789000000000158,3.931569,27.799999237060547
