zone,time_elapsed,power_j,watts,watts_since_last,start_power,prev_power,prev_power_reading,temp
package-0,0.000671254,0.0,0.0,0.0,14808.984366,0.0,14808.984366,27.799999237060547
dram,0.000833037,0.0,0.0,0.0,711.511911,0.0,711.511911,27.799999237060547
core,0.000948347,0.008544999998775893,16.157364598213693,0.0,12356.980084,0.0,12356.988629,27.799999237060547
uncore,0.001034925,0.0,0.0,0.0,5.972885,0.0,5.972885,27.799999237060547
package-0,1.001283981,16.20241199999873,16.183953197971345,16.19250702725765,14808.984366,0.0,14825.186778,27.799999237060547
dram,1.001381074,0.46258399999999256,0.462056995349263,0.4623012098876031,711.511911,0.0,711.974495,27.799999237060547
core,1.001466214,14.613121999998839,14.596473816629596,14.595648827016928,12356.980084,0.008544999998775893,12371.593206,27.799999237060547
uncore,1.001549739,0.010925000000000296,0.010912553556091253,0.010918321251972143,5.972885,0.0,5.98381,27.799999237060547
package-0,2.001761189,33.702368000000206,16.83716078338696,17.490770127382895,14808.984366,16.20241199999873,14842.686734,27.799999237060547
dram,2.001852379,0.9118629999999257,0.4555520829699634,0.4490431697118912,711.511911,0.46258399999999256,712.423774,27.799999237060547
core,2.001936385,30.550885999999082,15.262731083373938,15.929398134970127,12356.980084,14.613121999998839,12387.53097,27.799999237060547
uncore,2.002019094,0.010925000000000296,0.005457954217297324,0.0,5.972885,0.010925000000000296,5.98381,27.799999237060547
package-0,2.690154589,45.81384799999978,17.0316238649176,17.597178470006376,14808.984366,33.702368000000206,14854.798214,27.799999237060547
dram,2.690348462,1.223201999999901,0.45473404405614104,0.4523549514735668,711.511911,0.9118629999999257,712.735113,27.799999237060547
core,2.690538392,41.5700229999984,15.453951735116194,16.010076421250375,12356.980084,30.550885999999082,12398.550107,27.799999237060547
uncore,2.690728381,0.010925000000000296,0.004061446458813734,0.0,5.972885,0.010925000000000296,5.98381,27.799999237060547
