zone,time_elapsed,power_j,watts,watts_since_last,start_power,prev_power,prev_power_reading,temp
package-0,0.000565766,0.0,0.0,0.0,18762.759157,0.0,18762.759157,27.799999237060547
dram,0.000725196,0.0,0.0,0.0,816.630233,0.0,816.630233,27.799999237060547
core,0.000853117,0.011962999999013846,31.468329121985075,0.0,15945.726817,0.0,15945.73878,27.799999237060547
uncore,0.001004366,0.0,0.0,0.0,6.662031,0.0,6.662031,27.799999237060547
package-0,1.001342791,16.888628000000608,16.86993440881227,16.87634301798775,18762.759157,0.0,18779.647785,27.799999237060547
dram,1.001565495,0.46172999999998865,0.4612189228503592,0.46139413229393245,816.630233,0.0,817.091963,27.799999237060547
core,1.001754005,15.308554999999615,15.291610351277752,15.285465083262425,15945.726817,0.011962999999013846,15961.035372,27.799999237060547
uncore,1.001908851,0.008117000000000374,0.008108015499916901,0.008111095600957517,6.662031,0.0,6.670148,27.799999237060547
package-0,2.002226343,34.41305899999861,17.18910572001345,17.50833726634943,18762.759157,16.888628000000608,18797.172216,27.799999237060547
dram,2.002419663,0.9108250000000453,0.4549513374394488,0.44868256918772903,816.630233,0.46172999999998865,817.541058,27.799999237060547
core,2.002625788,31.271770999999717,15.620052195042224,15.94855602350907,15945.726817,15.308554999999615,15976.998588,27.799999237060547
uncore,2.002819818,0.008117000000000374,0.004054390257180021,0.0,6.662031,0.008117000000000374,6.670148,27.799999237060547
package-0,2.695283933,46.66272200000094,17.31380303393361,17.673998098557806,18762.759157,34.41305899999861,18809.421879,27.799999237060547
dram,2.695456264,1.222470000000044,0.4535870152386985,0.44964609535984595,816.630233,0.9108250000000453,817.852703,27.799999237060547
core,2.695628636,42.41059700000005,15.736088499284755,16.07126576005681,15945.726817,31.271770999999717,15988.137414,27.799999237060547
uncore,2.695800365,0.008117000000000374,0.0030117432760661225,0.0,6.662031,0.008117000000000374,6.670148,27.799999237060547
