zone,time_elapsed,power_j,watts,watts_since_last,start_power,prev_power,prev_power_reading,temp
package-0,0.000556546,0.017334000000118976,46.38442827624872,0.0,17080.623937,0.0,17080.641271,27.799999237060547
dram,0.000677632,0.0007319999999708671,1.9587747488536806,0.0,772.006446,0.0,772.007178,27.799999237060547
core,0.000779451,0.010863999999855878,29.071214306162588,0.0,14418.558791,0.0,14418.569655,27.799999237060547
uncore,0.000953343,0.0,0.0,0.0,6.370467,0.0,6.370467,27.799999237060547
package-0,1.001207384,17.107378000000608,17.088992772947847,17.078052662401635,17080.623937,0.017334000000118976,17097.731315,27.799999237060547
dram,1.001304008,0.46191299999998137,0.46141658404520314,0.46085740943083603,772.006446,0.0007319999999708671,772.468359,27.799999237060547
core,1.001389593,15.527487000001202,15.510799675149093,15.505735663211157,14418.558791,0.010863999999855878,14434.086278,27.799999237060547
uncore,1.001473036,0.008728000000000513,0.00871862005517691,0.00872187594352864,6.370467,0.0,6.379195,27.799999237060547
package-0,2.001685019,34.59445399999822,17.283504925456842,17.4781266922655,17080.623937,17.107378000000608,17115.218391,27.799999237060547
dram,2.001776971,0.9118630000000394,0.455569804681506,0.44971973045619223,772.006446,0.46191299999998137,772.918309,27.799999237060547
core,2.00186126,31.435833000001367,15.705447309311205,15.90020463412156,14418.558791,15.527487000001202,14449.994624,27.799999237060547
uncore,2.001943794,0.008728000000000513,0.004360537992286392,0.0,6.370467,0.008728000000000513,6.379195,27.799999237060547
package-0,2.640432196,45.69672100000025,17.30733865662437,17.382027453427057,17080.623937,34.59445399999822,17126.320658,27.799999237060547
dram,2.640617461,1.1993380000000116,0.45424154021376384,0.4500791002569607,772.006446,0.9118630000000394,773.205784,27.799999237060547
core,2.640810569,41.53193699999974,15.729953550159093,15.806749819707491,14418.558791,31.435833000001367,14460.090728,27.799999237060547
uncore,2.641007145,0.008728000000000513,0.003305673765849098,0.0,6.370467,0.008728000000000513,6.379195,27.799999237060547
