zone,time_elapsed,power_j,watts,watts_since_last,start_power,prev_power,prev_power_reading,temp
package-0,0.000583178,0.019226000000344357,49.496564384264786,0.0,4328.3569,0.0,4328.376126,27.799999237060547
dram,0.000706584,0.0006720000000086657,1.7300369950098362,0.0,430.207333,0.0,430.208005,27.799999237060547
core,0.000809371,0.00885100000004968,22.786543813572244,0.0,2835.244816,0.0,2835.253667,27.799999237060547
uncore,0.001002741,0.0,0.0,0.0,4.094349,0.0,4.094349,27.799999237060547
package-0,1.00134541,16.567950999999994,16.549562053421706,16.53677365869845,4328.3569,0.019226000000344357,4344.924851,27.799999237060547
dram,1.001561133,0.4620350000000144,0.461522182396178,0.4610298077645468,430.207333,0.0006720000000086657,430.669368,27.799999237060547
core,1.001767427,14.993981000000076,14.977339019612467,14.974307873034181,2835.244816,0.00885100000004968,2850.238797,27.799999237060547
uncore,1.001943588,0.007874000000000159,0.007865260562917236,0.00786831346756907,4.094349,0.0,4.102223,27.799999237060547
package-0,2.002292554,33.44370100000015,16.70476848772559,16.86000238685078,4328.3569,16.567950999999994,4361.800601,27.799999237060547
dram,2.00252299,0.9116189999999733,0.4553438730962044,0.4491644705028908,430.207333,0.4620350000000144,431.118952,27.799999237060547
core,2.003347736,30.31144600000016,15.140240847093937,15.303171501148238,2835.244816,14.993981000000076,2865.556262,27.799999237060547
uncore,2.003560343,0.007874000000000159,0.003932978203349964,0.0,4.094349,0.007874000000000159,4.102223,27.799999237060547
package-0,2.648354776,44.345100999999886,16.745743042145502,16.87270998918609,4328.3569,33.44370100000015,4372.702001,27.799999237060547
dram,2.6485442580000003,1.2023899999999799,0.45405047056821557,0.4500426327137667,430.207333,0.9116189999999733,431.409723,27.799999237060547
core,2.648732384,40.18715300000031,15.175605028690624,15.285187237343962,2835.244816,30.31144600000016,2875.431969,27.799999237060547
uncore,2.648921551,0.007874000000000159,0.0029734058044846193,0.0,4.094349,0.007874000000000159,4.102223,27.799999237060547
