zone,time_elapsed,power_j,watts,watts_since_last,start_power,prev_power,prev_power_reading,temp
package-0,0.000635409,0.0,0.0,0.0,18901.244825,0.0,18901.244825,27.799999237060547
dram,0.000755507,0.0,0.0,0.0,820.245947,0.0,820.245947,27.799999237060547
core,0.000856002,0.00482200000078592,8.841801073752428,0.0,16071.66607,0.0,16071.670892,27.799999237060547
uncore,0.001043517,0.0,0.0,0.0,6.68559,0.0,6.68559,27.799999237060547
package-0,1.001386201,16.528887999997096,16.509872589143825,16.518871022684426,18901.244825,0.0,18917.773713,27.799999237060547
dram,1.001530191,0.4617289999999912,0.46119781080941336,0.4614491790636037,820.245947,0.0,820.707676,27.799999237060547
core,1.002389783,14.959374000000025,14.942164212946123,14.945489115181749,16071.66607,0.00482200000078592,16086.625444,27.799999237060547
uncore,1.00259606,0.00817899999999927,0.008169590592338639,0.008174043292842664,6.68559,0.0,6.693769,27.799999237060547
package-0,2.002906087,33.87772099999711,16.916007684089674,17.321981226869294,18901.244825,16.528887999997096,18935.122546,27.799999237060547
dram,2.003113324,0.9114349999999831,0.4551026753998388,0.44900996450944786,820.245947,0.4617289999999912,821.157382,27.799999237060547
core,2.003320878,30.719952999999805,15.339253812348081,15.73618545769542,16071.66607,14.959374000000025,16102.386023,27.799999237060547
uncore,2.003508336,0.00817899999999927,0.004083982710884504,0.0,6.68559,0.00817899999999927,6.693769,27.799999237060547
package-0,2.666236443,45.414067999998224,17.034176722513397,17.390935484523396,18901.244825,33.87772099999711,18946.658893,27.799999237060547
dram,2.6664098210000002,1.2097740000000385,0.45376917369092296,0.44974325941458665,820.245947,0.9114349999999831,821.455721,27.799999237060547
core,2.666582934,41.21907199999987,15.46069285812557,15.827323950407981,16071.66607,30.719952999999805,16112.885142,27.799999237060547
uncore,2.666755318,0.00817899999999927,0.0030678276038479993,0.0,6.68559,0.00817899999999927,6.693769,27.799999237060547
