zone,time_elapsed,power_j,watts,watts_since_last,start_power,prev_power,prev_power_reading,temp
package-0,0.000614023,0.0,0.0,0.0,17218.125049,0.0,17218.125049,27.799999237060547
dram,0.000819075,0.0006710000000111904,1.5244629732962034,0.0,775.615446,0.0,775.616117,27.799999237060547
core,0.000951218,0.01299999999901047,29.535050150538943,0.0,14543.531677,0.0,14543.544677,27.799999237060547
uncore,0.001089376,0.0,0.0,0.0,6.397871,0.0,6.397871,27.799999237060547
package-0,1.001335391,17.011065000002418,16.990788974017118,16.998261926117927,17218.125049,0.0,17235.136114,27.799999237060547
dram,1.001443317,0.46197299999994357,0.4614223597812092,0.4609548092985235,775.615446,0.0006710000000111904,776.077419,27.799999237060547
core,1.001534049,15.434285999999702,15.415889386736483,15.409679444852507,14543.531677,0.01299999999901047,14558.965963,27.799999237060547
uncore,1.001621671,0.007751999999999981,0.0077427601462084624,0.007746165595819375,6.397871,0.0,6.405623,27.799999237060547
package-0,2.001830077,34.61362000000008,17.291912593648753,17.59323595088066,17218.125049,17.011065000002418,17252.738669,27.799999237060547
dram,2.001920785,0.9110689999999977,0.4551423836854654,0.4488582420335402,775.615446,0.46197299999994357,776.526515,27.799999237060547
core,2.002004633,31.457926999999472,15.715424276957242,16.015157850961906,14543.531677,15.434285999999702,14574.989604,27.799999237060547
uncore,2.002086848,0.007751999999999981,0.0038726636054236593,0.0,6.397871,0.007751999999999981,6.405623,27.799999237060547
package-0,2.655658382,46.03864000000249,17.337447091292066,17.47687552983603,17218.125049,34.61362000000008,17264.163689,27.799999237060547
dram,2.655847947,1.2053190000000313,0.4539046850781968,0.45011480283218386,775.615446,0.9110689999999977,776.820765,27.799999237060547
core,2.656036095,41.869276999999784,15.767328807673485,15.926262540242861,14543.531677,31.457926999999472,14585.400954,27.799999237060547
uncore,2.6562170419999998,0.007751999999999981,0.00291928453689528,0.0,6.397871,0.007751999999999981,6.405623,27.799999237060547
