zone,time_elapsed,power_j,watts,watts_since_last,start_power,prev_power,prev_power_reading,temp
package-0,0.000513948,0.0,0.0,0.0,72212.58076,0.0,72212.58076,27.799999237060547
dram,0.000632153,0.0007320000004256144,1.7760610276541786,0.0,38307.969192,0.0,38307.969924,27.799999237060547
core,0.000720556,0.007813000003807247,18.95678252425645,0.0,211329.8108,0.0,211329.818613,27.799999237060547
uncore,0.000843579,0.0,0.0,0.0,45.244207,0.0,45.244207,27.799999237060547
package-0,0.605421245,9.619482000009157,15.895468808823374,15.906301692181925,72212.58076,0.0,72222.200242,27.799999237060547
dram,0.605621453,0.2808830000067246,0.4641379822251735,0.4632438966528978,38307.969192,0.0007320000004256144,38308.250075,27.799999237060547
core,0.605812496,8.752357999997912,14.462611769790733,14.4595489581076,211329.8108,0.007813000003807247,211338.563158,27.799999237060547
uncore,0.606005493,0.007018999999999664,0.011598368349669944,0.01160627272625629,45.244207,0.0,45.251226,27.799999237060547
package-0,0.000445919,0.0,0.0,0.0,72222.233567,0.0,72222.233567,27.799999237060547
dram,0.000627524,0.0,0.0,0.0,38308.250624,0.0,38308.250624,27.799999237060547
core,0.000760111,0.00994899999932386,40.70069504679561,0.0,211338.576525,0.0,211338.586474,27.799999237060547
uncore,0.00088597,0.0,0.0,0.0,45.251226,0.0,45.251226,27.799999237060547
package-0,0.631588597,9.757665999990422,15.4527773856892,15.45876167948459,72222.233567,0.0,72231.991233,27.799999237060547
dram,0.631687031,0.29125899999780813,0.46125379660966037,0.4614324232839634,38308.250624,0.0,38308.541883,27.799999237060547
core,0.631772438,8.850013999996008,14.015369679829725,14.005035432267903,211338.576525,0.00994899999932386,211347.426539,27.799999237060547
uncore,0.631858218,0.007018999999999664,0.011115675046702128,0.011119979739868495,45.251226,0.0,45.258245,27.799999237060547
