zone,time_elapsed,power_j,watts,watts_since_last,start_power,prev_power,prev_power_reading,temp
package-0,0.000467236,0.0,0.0,0.0,72280.284627,0.0,72280.284627,27.799999237060547
dram,0.000625943,0.0,0.0,0.0,38309.957468,0.0,38309.957468,27.799999237060547
core,0.000749916,0.012023999996017665,42.42332293455385,0.0,211391.288487,0.0,211391.300511,27.799999237060547
uncore,0.000871238,0.0,0.0,0.0,45.293707,0.0,45.293707,27.799999237060547
package-0,0.602237873,9.762486999999965,16.21494413063587,16.222581067947278,72280.284627,0.0,72290.047114,27.799999237060547
dram,0.602346926,0.2785020000010263,0.4625762236904397,0.46279408849426573,38309.957468,0.0,38310.23597,27.799999237060547
core,0.602539626,8.88761199999135,14.761825755530245,14.748797704480921,211391.288487,0.012023999996017665,211400.176099,27.799999237060547
uncore,0.602723779,0.00903300000000229,0.01500330708067232,0.015010373359452918,45.293707,0.0,45.30274,27.799999237060547
