zone,time_elapsed,power_j,watts,watts_since_last,start_power,prev_power,prev_power_reading,temp
package-0,0.000443338,0.0,0.0,0.0,70983.342146,0.0,70983.342146,27.799999237060547
dram,0.00066935,0.0,0.0,0.0,38271.488938,0.0,38271.488938,27.799999237060547
core,0.000820973,0.006775000016205013,19.855283604386077,0.0,210214.872981,0.0,210214.879756,27.799999237060547
uncore,0.000949109,0.0,0.0,0.0,44.227669,0.0,44.227669,27.799999237060547
package-0,0.620386119,9.620154000003822,15.512097706662273,15.520637183402417,70983.342146,0.0,70992.9623,27.799999237060547
dram,0.620543713,0.28662099999928614,0.46216442655371287,0.4624188500653043,38271.488938,0.0,38271.775559,27.799999237060547
core,0.620719018,8.725258000020403,14.069115173426471,14.065929862731227,210214.872981,0.006775000016205013,210223.598239,27.799999237060547
uncore,0.620895152,0.006835999999999842,0.01102276532399572,0.011028833403882549,44.227669,0.0,44.234505,27.799999237060547
