zone,time_elapsed,power_j,watts,watts_since_last,start_power,prev_power,prev_power_reading,temp
package-0,0.000531731,0.0,0.0,0.0,70292.209333,0.0,70292.209333,27.799999237060547
dram,0.000682021,0.0,0.0,0.0,38251.076698,0.0,38251.076698,27.799999237060547
core,0.000825686,0.007141000009141862,18.126941923577622,0.0,209587.727919,0.0,209587.73506,27.799999237060547
uncore,0.00095128,0.0,0.0,0.0,43.661692,0.0,43.661692,27.799999237060547
package-0,0.612469617,9.671544999990147,15.796508209646554,15.80667866401339,70292.209333,0.0,70301.880878,27.799999237060547
dram,0.612651647,0.2832020000059856,0.46255305828463117,0.4628508693393965,38251.076698,0.0,38251.3599,27.799999237060547
core,0.612824804,8.789955000014743,14.356609654434543,14.354182156421551,209587.727919,0.007141000009141862,209596.517874,27.799999237060547
uncore,0.612998201,0.006470000000000198,0.010567433446933294,0.010574237203701575,43.661692,0.0,43.668162,27.799999237060547
package-0,0.00076638,0.020690999997896142,35.471157287686744,0.0,70301.897541,0.0,70301.918232,27.799999237060547
dram,0.000864295,0.0007320000004256144,1.2548879779770836,0.0,38251.360572,0.0,38251.361304,27.799999237060547
core,0.000955058,0.009155000007012859,15.694671366804199,0.0,209596.536429,0.0,209596.545584,27.799999237060547
uncore,0.001084859,0.0,0.0,0.0,43.668162,0.0,43.668162,27.799999237060547
package-0,0.613738821,9.583532000004197,15.62039073897467,15.601499397063401,70301.897541,0.020690999997896142,70311.481073,27.799999237060547
dram,0.613918756,0.2843620000057854,0.46348731880946814,0.4627341680228498,38251.360572,0.0007320000004256144,38251.644934,27.799999237060547
core,0.614092327,8.68405999999959,14.154323312181205,14.152857412026123,209596.536429,0.009155000007012859,209605.220489,27.799999237060547
uncore,0.614270556,0.008727999999997849,0.014225941998177458,0.014239480373818416,43.668162,0.0,43.67689,27.799999237060547
