zone,time_elapsed,power_j,watts,watts_since_last,start_power,prev_power,prev_power_reading,temp
package-0,0.000454075,0.0,0.0,0.0,73336.909119,0.0,73336.909119,27.799999237060547
dram,0.000622841,0.0,0.0,0.0,38341.392629,0.0,38341.392629,27.799999237060547
core,0.000763764,0.007263000006787479,22.05212598764704,0.0,212349.392724,0.0,212349.399987,27.799999237060547
uncore,0.000890568,0.0,0.0,0.0,46.157657,0.0,46.157657,27.799999237060547
package-0,0.616312618,9.450170999989496,15.33880476613958,15.347009059512493,73336.909119,0.0,73346.35929,27.799999237060547
dram,0.616412991,0.28478899999754503,0.46224802392584474,0.46249526733608154,38341.392629,0.0,38341.677418,27.799999237060547
core,0.616641372,8.558388999983435,13.891331488453318,13.886966510004983,212349.392724,0.007263000006787479,212357.951113,27.799999237060547
uncore,0.616814325,0.008606000000000336,0.013968610072510762,0.013976081487447842,46.157657,0.0,46.166263,27.799999237060547
