zone,time_elapsed,power_j,watts,watts_since_last,start_power,prev_power,prev_power_reading,temp
package-0,0.000540904,0.0,0.0,0.0,70369.2872,0.0,70369.2872,27.799999237060547
dram,0.000763678,0.0,0.0,0.0,38253.353609,0.0,38253.353609,27.799999237060547
core,0.000951484,0.011108000006061047,32.74242899438488,0.0,209657.681414,0.0,209657.692522,27.799999237060547
uncore,0.001138644,0.0,0.0,0.0,43.720774,0.0,43.720774,27.799999237060547
package-0,0.608352033,9.78043099999195,16.08040642030034,16.0893807771483,70369.2872,0.0,70379.067631,27.799999237060547
dram,0.60846164,0.28137100000458304,0.4626135632431483,0.4628717444787923,38253.353609,0.0,38253.63498,27.799999237060547
core,0.60865304,8.899147000018274,14.631451370027369,14.621343766287868,209657.681414,0.011108000006061047,209666.580561,27.799999237060547
uncore,0.608852377,0.008544999999998026,0.01404918381015599,0.01405702455656746,43.720774,0.0,43.729319,27.799999237060547
package-0,0.000381064,0.0,0.0,0.0,70379.082158,0.0,70379.082158,27.799999237060547
dram,0.000561826,0.0,0.0,0.0,38253.63559,0.0,38253.63559,27.799999237060547
core,0.000693205,0.00793399999383837,33.65900632469601,0.0,209666.593379,0.0,209666.601313,27.799999237060547
uncore,0.000819681,0.0,0.0,0.0,43.729319,0.0,43.729319,27.799999237060547
package-0,0.606265734,9.722081999992952,16.04154284329367,16.047784398869364,70379.082158,0.0,70388.80424,27.799999237060547
dram,0.606445802,0.28070000000298023,0.4631581050400115,0.4633383138317207,38253.63559,0.0,38253.91629,27.799999237060547
core,0.606617618,8.845558000000892,14.595268547411578,14.587851095114143,209666.593379,0.00793399999383837,209675.438937,27.799999237060547
uncore,0.606790939,0.007751000000006059,0.012789235739685857,0.012794211864889007,43.729319,0.0,43.73707,27.799999237060547
