zone,time_elapsed,power_j,watts,watts_since_last,start_power,prev_power,prev_power_reading,temp
package-0,0.000631355,0.0,0.0,0.0,72388.088245,0.0,72388.088245,27.799999237060547
dram,0.000766716,0.0007929999992484227,1.615186417052993,0.0,38313.148378,0.0,38313.149171,27.799999237060547
core,0.00088209,0.00842299999203533,17.15600906792812,0.0,211489.104399,0.0,211489.112822,27.799999237060547
uncore,0.000968044,0.0,0.0,0.0,45.383611,0.0,45.383611,27.799999237060547
package-0,0.606740906,9.515111999993678,15.687820330195628,15.700529393168166,72388.088245,0.0,72397.603357,27.799999237060547
dram,0.606924047,0.28106600000319304,0.4634010518194411,0.46246796408452967,38313.148378,0.0007929999992484227,38313.429444,27.799999237060547
core,0.607099962,8.628762000007555,14.226471315127762,14.22409802941967,211489.104399,0.00842299999203533,211497.733161,27.799999237060547
uncore,0.607276767,0.007446999999999093,0.012278068613278565,0.012288015358199332,45.383611,0.0,45.391058,27.799999237060547
