zone,time_elapsed,power_j,watts,watts_since_last,start_power,prev_power,prev_power_reading,temp
package-0,0.000303956,0.0,0.0,0.0,70553.644943,0.0,70553.644943,27.799999237060547
dram,0.000469686,0.0,0.0,0.0,38258.797015,0.0,38258.797015,27.799999237060547
core,0.000596746,0.007996000000275671,37.82868280997507,0.0,209824.984147,0.0,209824.992143,27.799999237060547
uncore,0.000710145,0.0,0.0,0.0,43.870859,0.0,43.870859,27.799999237060547
package-0,0.609935105,9.745091999997385,15.980728980673264,15.986270251279757,70553.644943,0.0,70563.390035,27.799999237060547
dram,0.610046681,0.2824090000067372,0.46311534984090785,0.4632759337215676,38258.797015,0.0,38259.079424,27.799999237060547
core,0.61024189,8.874733999982709,14.553450991466073,14.54538037353049,209824.984147,0.007996000000275671,209833.858881,27.799999237060547
uncore,0.610427298,0.009337999999999624,0.015313149144365285,0.015318458933633919,43.870859,0.0,43.880197,27.799999237060547
package-0,0.000470757,0.0,0.0,0.0,70563.427023,0.0,70563.427023,27.799999237060547
dram,0.000602228,0.0,0.0,0.0,38259.080035,0.0,38259.080035,27.799999237060547
core,0.000718622,0.0058590000262483954,16.027684004454585,0.0,209833.874811,0.0,209833.88067,27.799999237060547
uncore,0.000805921,0.0,0.0,0.0,43.880197,0.0,43.880197,27.799999237060547
package-0,0.61386069,9.710850999996183,15.824767972230463,15.834200518176468,70563.427023,0.0,70573.137874,27.799999237060547
dram,0.614041924,0.28320199999870965,0.4615049638031676,0.4617800494652779,38259.080035,0.0,38259.363237,27.799999237060547
core,0.614214294,8.83457200002158,14.39678685568963,14.395814739553966,209833.874811,0.0058590000262483954,209842.709383,27.799999237060547
uncore,0.614388103,0.007201999999999487,0.01173635337789041,0.011743348974455857,43.880197,0.0,43.887399,27.799999237060547
