zone,time_elapsed,power_j,watts,watts_since_last,start_power,prev_power,prev_power_reading,temp
package-0,0.000387542,0.0,0.0,0.0,71108.30844,0.0,71108.30844,27.799999237060547
dram,0.000502565,0.0,0.0,0.0,38275.175452,0.0,38275.175452,27.799999237060547
core,0.000588407,0.007019000011496246,26.90024417364338,0.0,210328.286936,0.0,210328.293955,27.799999237060547
uncore,0.000671493,0.0,0.0,0.0,44.332833,0.0,44.332833,27.799999237060547
package-0,0.617630225,9.712866000001668,15.731405968676999,15.738057019661365,71108.30844,0.0,71118.021306,27.799999237060547
dram,0.617810011,0.2852169999969192,0.4619506143829135,0.46214592159796075,38275.175452,0.0,38275.460669,27.799999237060547
core,0.617984635,8.828164000005927,14.298501785377127,14.293173918860742,210328.286936,0.007019000011496246,210337.1151,27.799999237060547
uncore,0.618159989,0.007812000000001262,0.01265267568061821,0.01265802508112367,44.332833,0.0,44.340645,27.799999237060547
