zone,time_elapsed,power_j,watts,watts_since_last,start_power,prev_power,prev_power_reading,temp
package-0,0.000326681,0.0,0.0,0.0,71543.490065,0.0,71543.490065,27.799999237060547
dram,0.000458143,0.0,0.0,0.0,38288.1153,0.0,38288.1153,27.799999237060547
core,0.000624617,0.00878900001407601,38.101389901228615,0.0,210722.921729,0.0,210722.930518,27.799999237060547
uncore,0.000763343,0.0,0.0,0.0,44.701484,0.0,44.701484,27.799999237060547
package-0,0.61097441,9.672826999987592,15.83556667710154,15.841549091360104,71543.490065,0.0,71553.162892,27.799999237060547
dram,0.611085717,0.28192000000126427,0.4615365247030897,0.46171088554173434,38288.1153,0.0,38288.39722,27.799999237060547
core,0.611272709,8.802651000005426,14.410985211047326,14.402035369358702,210722.921729,0.00878900001407601,210731.72438,27.799999237060547
uncore,0.611464196,0.006591999999997711,0.010791886956682985,0.01079596395245604,44.701484,0.0,44.708076,27.799999237060547
package-0,0.000357416,0.0,0.0,0.0,71553.180226,0.0,71553.180226,27.799999237060547
dram,0.000447024,0.0006709999943268485,2.8451492296762573,0.0,38288.398136,0.0,38288.398807,27.799999237060547
core,0.00053331,0.005920999974478036,25.106003962339027,0.0,210731.738906,0.0,210731.744827,27.799999237060547
uncore,0.00061853,0.0,0.0,0.0,44.708076,0.0,44.708076,27.799999237060547
package-0,0.601736699,9.736241999999038,16.184153078653132,16.190500193401558,71553.180226,0.0,71562.916468,27.799999237060547
dram,0.601835868,0.27850199999375036,0.46294237557061085,0.4620081196856096,38288.398136,0.0006709999943268485,38288.676638,27.799999237060547
core,0.601922385,8.856605999986641,14.721970474965163,14.717898055989913,210731.738906,0.005920999974478036,210740.595512,27.799999237060547
uncore,0.602012766,0.006592000000004816,0.010957609424105312,0.010961906788573209,44.708076,0.0,44.714668,27.799999237060547
