zone,time_elapsed,power_j,watts,watts_since_last,start_power,prev_power,prev_power_reading,temp
package-0,0.000534698,0.0,0.0,0.0,70388.820292,0.0,70388.820292,27.799999237060547
dram,0.000688527,0.0,0.0,0.0,38253.916901,0.0,38253.916901,27.799999237060547
core,0.000811688,0.006958000012673438,18.95200173415293,0.0,209675.456698,0.0,209675.463656,27.799999237060547
uncore,0.000920758,0.0,0.0,0.0,43.73707,0.0,43.73707,27.799999237060547
package-0,0.611806792,9.607701999993878,15.709255179404023,15.718691045861426,70388.820292,0.0,70398.427994,27.799999237060547
dram,0.611986418,0.2832020000059856,0.4630547955603163,0.46333293243972073,38253.916901,0.0,38254.200103,27.799999237060547
core,0.612159019,8.731911000009859,14.277276512436297,14.27446860827958,209675.456698,0.006958000012673438,209684.188609,27.799999237060547
uncore,0.612336421,0.007323999999997,0.011975244958053573,0.011982437966947276,43.73707,0.0,43.744394,27.799999237060547
