zone,time_elapsed,power_j,watts,watts_since_last,start_power,prev_power,prev_power_reading,temp
package-0,0.000572487,0.0,0.0,0.0,164581.642451,0.0,164581.642451,27.799999237060547
dram,0.000711861,0.0,0.0,0.0,11572.6323,0.0,11572.6323,27.799999237060547
core,0.000801004,0.00634800000989344,14.718839581096075,0.0,126828.474085,0.0,126828.480433,27.799999237060547
uncore,0.000887104,0.0,0.0,0.0,20.933234,0.0,20.933234,27.799999237060547
package-0,0.603234444,9.608069000008982,15.933367969490813,15.944771862370533,164581.642451,0.0,164591.25052,27.799999237060547
dram,0.603416505,0.27886900000157766,0.46245737747146876,0.4627883692871489,11572.6323,0.0,11572.911169,27.799999237060547
core,0.603591614,8.736550000001444,14.48810015141938,14.48793500568596,126828.474085,0.00634800000989344,126837.210635,27.799999237060547
uncore,0.603766364,0.006409000000001441,0.010628249580263644,0.01063585647291461,20.933234,0.0,20.939643,27.799999237060547
