zone,time_elapsed,power_j,watts,watts_since_last,start_power,prev_power,prev_power_reading,temp
package-0,0.000580093,0.0,0.0,0.0,164264.659803,0.0,164264.659803,27.799999237060547
dram,0.000734158,0.0,0.0,0.0,11563.216003,0.0,11563.216003,27.799999237060547
core,0.00086273,0.007872999995015562,18.39872869298582,0.0,126540.953703,0.0,126540.961576,27.799999237060547
uncore,0.00098874,0.0,0.0,0.0,20.707039,0.0,20.707039,27.799999237060547
package-0,0.624954249,9.57956500002183,15.333674319829875,15.344184173870646,164264.659803,0.0,164274.239368,27.799999237060547
dram,0.625137088,0.2889400000003661,0.46249614235794234,0.4628131418486851,11563.216003,0.0,11563.504943,27.799999237060547
core,0.625311345,8.686561999988044,13.904275681257257,13.901195138123164,126540.953703,0.007872999995015562,126549.640265,27.799999237060547
uncore,0.625467649,0.0061029999999995255,0.009768858437069032,0.009775554110537573,20.707039,0.0,20.713142,27.799999237060547
package-0,0.000341945,0.0,0.0,0.0,164274.271229,0.0,164274.271229,27.799999237060547
dram,0.000510396,0.0,0.0,0.0,11563.505553,0.0,11563.505553,27.799999237060547
core,0.000646037,0.006286000003456138,25.52400134586174,0.0,126549.652106,0.0,126549.658392,27.799999237060547
uncore,0.000781845,0.0,0.0,0.0,20.713142,0.0,20.713142,27.799999237060547
package-0,0.606099011,9.668126999982633,15.956666738393647,15.963155236514314,164274.271229,0.0,164283.939356,27.799999237060547
dram,0.606282015,0.2794789999989007,0.4612634136239612,0.46145097828527176,11563.505553,0.0,11563.785032,27.799999237060547
core,0.606456971,8.809548000004725,14.539633328379962,14.535166728155325,126549.652106,0.006286000003456138,126558.461654,27.799999237060547
uncore,0.606631225,0.007262999999998243,0.011987148133359564,0.011992022496496342,20.713142,0.0,20.720405,27.799999237060547
