zone,time_elapsed,power_j,watts,watts_since_last,start_power,prev_power,prev_power_reading,temp
package-0,0.00038627,0.0,0.0,0.0,40900.550384,0.0,40900.550384,27.799999237060547
dram,0.000569722,0.0,0.0,0.0,38461.277149,0.0,38461.277149,27.799999237060547
core,0.000700187,0.007996000000275671,28.520168496826155,0.0,179745.687127,0.0,179745.695123,27.799999237060547
uncore,0.000839967,0.0,0.0,0.0,43.093456,0.0,43.093456,27.799999237060547
package-0,1.001193453,16.359637999994447,16.344200379721386,16.348779647364836,40900.550384,0.0,40916.910022,27.799999237060547
dram,1.001415469,0.4558699999979581,0.4554398225115216,0.4555674262360423,38461.277149,0.0,38461.733019,27.799999237060547
core,1.001616458,14.921226999984356,14.907146722875902,14.903332668429023,179745.687127,0.007996000000275671,179760.608354,27.799999237060547
uncore,1.001828214,0.008422999999993408,0.008415051714367532,0.008417409417597931,43.093456,0.0,43.101879,27.799999237060547
package-0,1.386530801,22.81109899999865,16.45401529290658,16.73921451238917,40900.550384,16.359637999994447,40923.361483,27.799999237060547
dram,1.386704339,0.6278059999967809,0.452846639476956,0.44611190959389896,38461.277149,0.4558699999979581,38461.904955,27.799999237060547
core,1.386876931,20.82935399998678,15.02455051627138,15.329458741115301,179745.687127,14.921226999984356,179766.516481,27.799999237060547
uncore,1.387049172,0.008422999999993408,0.0060756463689913345,0.0,43.093456,0.008422999999993408,43.101879,27.799999237060547
