zone,time_elapsed,power_j,watts,watts_since_last,start_power,prev_power,prev_power_reading,temp
package-0,0.000403195,0.0,0.0,0.0,38804.577051,0.0,38804.577051,27.799999237060547
dram,0.000522373,0.0,0.0,0.0,38403.716505,0.0,38403.716505,27.799999237060547
core,0.000613869,0.006530999991809949,24.2259455827245,0.0,177831.957651,0.0,177831.964182,27.799999237060547
uncore,0.000701782,0.0,0.0,0.0,42.431532,0.0,42.431532,27.799999237060547
package-0,1.001035429,16.27589799999987,16.26280306087283,16.267184954127554,38804.577051,0.0,38820.852949,27.799999237060547
dram,1.001246677,0.4555040000050212,0.45513751963311244,0.4552601531065541,38403.716505,0.0,38404.172009,27.799999237060547
core,1.001375137,14.853478000004543,14.841527483342734,14.838998920571896,177831.957651,0.006530999991809949,177846.811129,27.799999237060547
uncore,1.00149585,0.007263000000001796,0.0072571564795472126,0.0072591118672443505,42.431532,0.0,42.438795,27.799999237060547
package-0,1.39834215,22.994997000001604,16.44654902732075,16.909337927892047,38804.577051,16.27589799999987,38827.572048,27.799999237060547
dram,1.398516096,0.6336040000023786,0.45316810652095013,0.44820787503088005,38403.716505,0.4555040000050212,38404.350109,27.799999237060547
core,1.398689007,20.991523999982746,15.013619206989777,15.44705533145898,177831.957651,14.853478000004543,177852.949175,27.799999237060547
uncore,1.398862173,0.007263000000001796,0.005194664108260236,0.0,42.431532,0.007263000000001796,42.438795,27.799999237060547
