zone,time_elapsed,power_j,watts,watts_since_last,start_power,prev_power,prev_power_reading,temp
package-0,0.000764257,0.015381000004708767,27.062501877728316,0.0,40556.321285,0.0,40556.336666,27.799999237060547
dram,0.000885077,0.0,0.0,0.0,38451.797254,0.0,38451.797254,27.799999237060547
core,0.000975331,0.00909399997908622,16.000675602024486,0.0,179431.491948,0.0,179431.501042,27.799999237060547
uncore,0.001106226,0.0,0.0,0.0,42.980419,0.0,42.980419,27.799999237060547
package-0,1.001458334,16.412433000004967,16.3923414316671,16.386281018919746,40556.321285,0.015381000004708767,40572.733718,27.799999237060547
dram,1.001679907,0.45574800000031246,0.4551900880754412,0.45544862587589763,38451.797254,0.0,38452.253002,27.799999237060547
core,1.001887602,14.973654999979772,14.955324737019998,14.954731001083248,179431.491948,0.00909399997908622,179446.465603,27.799999237060547
uncore,1.002100248,0.008179000000005487,0.008168987533393408,0.008173627335805999,42.980419,0.0,42.988598,27.799999237060547
package-0,1.387583056,23.00592200000392,16.58196495626447,17.07358971298424,40556.321285,16.412433000004967,40579.327207,27.799999237060547
dram,1.387756379,0.6284159999995609,0.4529430331002095,0.44711723770968576,38451.797254,0.45574800000031246,38452.42567,27.799999237060547
core,1.387928922,20.99756599997636,15.134403375722087,15.598689082743698,179431.491948,14.973654999979772,179452.489514,27.799999237060547
uncore,1.388101016,0.008179000000005487,0.005895173050545638,0.0,42.980419,0.008179000000005487,42.988598,27.799999237060547
