zone,time_elapsed,power_j,watts,watts_since_last,start_power,prev_power,prev_power_reading,temp
package-0,0.00040076,0.015623999999661464,57.766965162576675,0.0,38896.213902,0.0,38896.229526,27.799999237060547
dram,0.000518452,0.0006710000016028062,2.4809033357346437,0.0,38406.243232,0.0,38406.243903,27.799999237060547
core,0.000606442,0.007813000003807247,28.88717991838991,0.0,177915.612161,0.0,177915.619974,27.799999237060547
uncore,0.000691721,0.0,0.0,0.0,42.460645,0.0,42.460645,27.799999237060547
package-0,1.001025694,16.07936499999778,16.066669390978404,16.05539673737196,38896.213902,0.015623999999661464,38912.293267,27.799999237060547
dram,1.00123641,0.45538200000009965,0.45502244899628436,0.4544748017179724,38406.243232,0.0006710000016028062,38406.698614,27.799999237060547
core,1.001438601,14.645348999998532,14.63378563136698,14.629932575326475,177915.612161,0.007813000003807247,177930.25751,27.799999237060547
uncore,1.00164958,0.005737000000003434,0.0057324702994248225,0.005734019932366244,42.460645,0.0,42.466382,27.799999237060547
package-0,1.404379893,22.910706999995455,16.31581385762803,16.93389444423981,38896.213902,16.07936499999778,38919.124609,27.799999237060547
dram,1.40455354,0.6362289999960922,0.4530892012526337,0.4482931770200667,38406.243232,0.45538200000009965,38406.879461,27.799999237060547
core,1.404726593,20.88849700000719,14.875701078007172,15.475847824914855,177915.612161,14.645348999998532,177936.500658,27.799999237060547
uncore,1.404898897,0.005737000000003434,0.004085592998124702,0.0,42.460645,0.005737000000003434,42.466382,27.799999237060547
