zone,time_elapsed,power_j,watts,watts_since_last,start_power,prev_power,prev_power_reading,temp
package-0,0.000654551,0.0,0.0,0.0,45654.474676,0.0,45654.474676,27.799999237060547
dram,0.000846117,0.0007320000004256144,1.3225051724507257,0.0,38592.355549,0.0,38592.356281,27.799999237060547
core,0.001007073,0.00878900001407601,15.879095590883404,0.0,184084.486201,0.0,184084.49499,27.799999237060547
uncore,0.001170195,0.0,0.0,0.0,44.585762,0.0,44.585762,27.799999237060547
package-0,1.001499268,16.28511499999877,16.264466576572215,16.27346243604183,45654.474676,0.0,45670.759791,27.799999237060547
dram,1.001722947,0.4565409999995609,0.45596213691633586,0.4554828528687871,38592.355549,0.0007320000004256144,38592.81209,27.799999237060547
core,1.001931568,14.847129000001587,14.828303845480988,14.827722653664521,184084.486201,0.00878900001407601,184099.33333,27.799999237060547
uncore,1.00214271,0.007628999999994335,0.007619326944426654,0.00762354118619858,44.585762,0.0,44.593391,27.799999237060547
package-0,1.3870829310000001,22.736025999998674,16.392426276568326,16.724595031780723,45654.474676,16.28511499999877,45677.210702,27.799999237060547
dram,1.387300208,0.6285379999972065,0.45316902905444034,0.44591844030120004,38592.355549,0.4565409999995609,38592.984087,27.799999237060547
core,1.387473357,20.739693000010448,14.953092000394056,15.277027787083028,184084.486201,14.847129000001587,184105.225894,27.799999237060547
uncore,1.387645575,0.007628999999994335,0.0055004256268819446,0.0,44.585762,0.007628999999994335,44.593391,27.799999237060547
