zone,time_elapsed,power_j,watts,watts_since_last,start_power,prev_power,prev_power_reading,temp
package-0,0.000373356,0.0,0.0,0.0,43984.224253,0.0,43984.224253,27.799999237060547
dram,0.000490023,0.0,0.0,0.0,38546.022781,0.0,38546.022781,27.799999237060547
core,0.000576632,0.006163999991258606,24.35574237305935,0.0,182560.970692,0.0,182560.976856,27.799999237060547
uncore,0.000661259,0.0,0.0,0.0,44.061593,0.0,44.061593,27.799999237060547
package-0,1.001016754,16.409992000000784,16.39737695679448,16.401524696474702,43984.224253,0.0,44000.634245,27.799999237060547
dram,1.001190267,0.4567250000036438,0.4563738965047241,0.45648933692696586,38546.022781,0.0,38546.479506,27.799999237060547
core,1.001360656,14.986410999990767,14.974890322694137,14.972517422907414,182560.970692,0.006163999991258606,182575.957103,27.799999237060547
uncore,1.001547947,0.00726299999999469,0.007257416629886569,0.0072592524036820365,44.061593,0.0,44.068856,27.799999237060547
package-0,1.393232026,23.07788199999777,16.56625793804237,16.99708273705099,43984.224253,16.409992000000784,44007.302135,27.799999237060547
dram,1.393390284,0.6327499999970314,0.4542141133336301,0.4487043860469146,38546.022781,0.4567250000036438,38546.655531,27.799999237060547
core,1.393506529,21.078192999993917,15.130798489470221,15.528528915470755,182560.970692,14.986410999990767,182582.048885,27.799999237060547
uncore,1.393593535,0.00726299999999469,0.00521368171498257,0.0,44.061593,0.00726299999999469,44.068856,27.799999237060547
