zone,time_elapsed,power_j,watts,watts_since_last,start_power,prev_power,prev_power_reading,temp
package-0,0.000343307,0.014404000001377426,66.70062515108788,0.0,41452.337729,0.0,41452.352133,27.799999237060547
dram,0.00050577,0.0,0.0,0.0,38476.413035,0.0,38476.413035,27.799999237060547
core,0.000634337,0.007752000004984438,35.89719844864292,0.0,180249.534775,0.0,180249.542527,27.799999237060547
uncore,0.000774376,0.0,0.0,0.0,43.265758,0.0,43.265758,27.799999237060547
package-0,1.001105709,16.506915999998455,16.4924341255323,16.481598841177185,41452.337729,0.014404000001377426,41468.844645,27.799999237060547
dram,1.001305461,0.45501599999988684,0.4546168046206839,0.454714914157197,38476.413035,0.0,38476.868051,27.799999237060547
core,1.001501085,15.068625999992946,15.055405968455293,15.050908161556054,180249.534775,0.007752000004984438,180264.603401,27.799999237060547
uncore,1.001690194,0.008118000000003178,0.008110877903003574,0.00811262828808325,43.265758,0.0,43.273876,27.799999237060547
package-0,1.373933785,22.814211999997497,16.607171291944244,16.915148014488516,41452.337729,16.506915999998455,41475.151941,27.799999237060547
dram,1.3741069320000001,0.6216420000055223,0.4525124591793767,0.4468639894430063,38476.413035,0.45501599999988684,38477.034677,27.799999237060547
core,1.374279679,20.837043999985326,15.16792948735522,15.469964352287533,180249.534775,15.068625999992946,180270.371819,27.799999237060547
uncore,1.374457706,0.008118000000003178,0.005909343550768747,0.0,43.265758,0.008118000000003178,43.273876,27.799999237060547
