zone,time_elapsed,power_j,watts,watts_since_last,start_power,prev_power,prev_power_reading,temp
package-0,0.000684107,0.0,0.0,0.0,45814.363794,0.0,45814.363794,27.799999237060547
dram,0.000842509,0.0,0.0,0.0,38596.798164,0.0,38596.798164,27.799999237060547
core,0.00095845,0.007263000006787479,13.813289527133005,0.0,184230.280566,0.0,184230.287829,27.799999237060547
uncore,0.001046906,0.0,0.0,0.0,44.635811,0.0,44.635811,27.799999237060547
package-0,1.001385295,16.326983999999356,16.308263467124966,16.316832988177584,45814.363794,0.0,45830.690778,27.799999237060547
dram,1.001609292,0.4559319999971194,0.4554092280023387,0.45564853238779884,38596.798164,0.0,38597.254096,27.799999237060547
core,1.00182609,14.891135999991093,14.874061811578532,14.8746192167518,184230.280566,0.007263000006787479,184245.171702,27.799999237060547
uncore,1.002025752,0.007446000000001618,0.007437462410463786,0.00744137058197653,44.635811,0.0,44.643257,27.799999237060547
package-0,1.376870099,22.59265400000004,16.41081329282581,16.684195936162027,45814.363794,16.326983999999356,45836.956448,27.799999237060547
dram,1.377043783,0.6234729999996489,0.45287724922057443,0.4461273688819264,38596.798164,0.4559319999971194,38597.421637,27.799999237060547
core,1.377216286,20.626656000007642,14.982755034953843,15.272515066392216,184230.280566,14.891135999991093,184250.907222,27.799999237060547
uncore,1.377388587,0.007446000000001618,0.005408612718913295,0.0,44.635811,0.007446000000001618,44.643257,27.799999237060547
