zone,time_elapsed,power_j,watts,watts_since_last,start_power,prev_power,prev_power_reading,temp
package-0,0.000297014,0.0,0.0,0.0,39608.913371,0.0,39608.913371,27.799999237060547
dram,0.00042476,0.0,0.0,0.0,38425.971697,0.0,38425.971697,27.799999237060547
core,0.000559012,0.0054330000129994005,25.926120401606248,0.0,178565.8619,0.0,178565.867333,27.799999237060547
uncore,0.000659501,0.0,0.0,0.0,42.687451,0.0,42.687451,27.799999237060547
package-0,1.000905501,16.535785000000033,16.523165333337705,16.526625960419395,39608.913371,0.0,39625.449156,27.799999237060547
dram,1.00100088,0.4561150000008638,0.4557669052923453,0.45586236153596293,38425.971697,0.0,38426.427812,27.799999237060547
core,1.001083508,15.093468000006396,15.081949070911794,15.079677857604391,178565.8619,0.0054330000129994005,178580.955368,27.799999237060547
uncore,1.001163534,0.007384999999999309,0.007379363966493716,0.007380909507331256,42.687451,0.0,42.694836,27.799999237060547
package-0,1.378535335,22.8472929999989,16.574878622436287,16.711912117761443,39608.913371,16.535785000000033,39631.760664,27.799999237060547
dram,1.378622922,0.6245710000002873,0.4531035040387023,0.44604583685871796,38425.971697,0.4561150000008638,38426.596268,27.799999237060547
core,1.378704227,20.876900000002934,15.14543029289314,15.313647280968162,178565.8619,15.093468000006396,178586.7388,27.799999237060547
uncore,1.378784126,0.007384999999999309,0.005357548424957233,0.0,42.687451,0.007384999999999309,42.694836,27.799999237060547
