zone,time_elapsed,power_j,watts,watts_since_last,start_power,prev_power,prev_power_reading,temp
package-0,0.00036159,0.0,0.0,0.0,39240.872687,0.0,39240.872687,27.799999237060547
dram,0.000484896,0.0,0.0,0.0,38415.809492,0.0,38415.809492,27.799999237060547
core,0.000575831,0.007750999997369945,28.88553486265282,0.0,178229.992399,0.0,178230.00015,27.799999237060547
uncore,0.000665279,0.0,0.0,0.0,42.574598,0.0,42.574598,27.799999237060547
package-0,1.000952571,15.346456999999646,15.334667125196445,15.338779894646034,39240.872687,0.0,39256.219144,27.799999237060547
dram,1.001060603,0.45501599999988684,0.4546664351672058,0.4547883770528068,38415.809492,0.0,38416.264508,27.799999237060547
core,1.001153469,13.924952000001213,13.914254192636255,13.910238883711827,178229.992399,0.007750999997369945,178243.917351,27.799999237060547
uncore,1.001245185,0.005797999999998638,0.005793545701908274,0.005795099535295923,42.574598,0.0,42.580396,27.799999237060547
package-0,1.434086869,22.60742499999469,15.765427078408642,16.760516160513227,39240.872687,15.346456999999646,39263.480112,27.799999237060547
dram,1.434181473,0.6491679999962798,0.4527013034691096,0.4481616960077126,38415.809492,0.45501599999988684,38416.45866,27.799999237060547
core,1.43427415,20.572212999977637,14.34615945392781,15.343894287005561,178229.992399,13.924952000001213,178250.564612,27.799999237060547
uncore,1.434365708,0.005797999999998638,0.004043271013864396,0.0,42.574598,0.005797999999998638,42.580396,27.799999237060547
