zone,time_elapsed,power_j,watts,watts_since_last,start_power,prev_power,prev_power_reading,temp
package-0,0.001598595,0.0,0.0,0.0,38346.336464,0.0,38346.336464,27.799999237060547
dram,0.002095328,0.000548999996681232,0.49451395464454173,0.0,38391.000412,0.0,38391.000961,27.799999237060547
core,0.002504173,0.002685999992536381,2.4194252941965146,0.0,177413.973736,0.0,177413.976422,27.799999237060547
uncore,0.002904495,0.0,0.0,0.0,42.290724,0.0,42.290724,27.799999237060547
package-0,1.003295666,15.009970999999496,14.964281710901293,14.980862554859177,38346.336464,0.0,38361.346435,27.799999237060547
dram,1.003517231,0.45709099999658065,0.45569964735219304,0.4556566400107796,38391.000412,0.000548999996681232,38391.457503,27.799999237060547
core,1.003718386,13.57259699999122,13.531282975590639,13.543595225644257,177413.973736,0.002685999992536381,177427.546333,27.799999237060547
uncore,1.003934351,0.010437000000003138,0.010405230510886996,0.010416759798211302,42.290724,0.0,42.301161,27.799999237060547
package-0,1.630025823,24.952268000000913,15.309910830103133,15.863049801299725,38346.336464,15.009970999999496,38371.288732,27.799999237060547
dram,1.6302165880000001,0.7372419999956037,0.452348030252768,0.44698415918049805,38391.000412,0.45709099999658065,38391.737654,27.799999237060547
core,1.630407177,22.608645999978762,13.871939586775442,14.41712064060916,177413.973736,13.57259699999122,177436.582382,27.799999237060547
uncore,1.630598078,0.010437000000003138,0.006403808236342628,0.0,42.290724,0.010437000000003138,42.301161,27.799999237060547
