zone,time_elapsed,power_j,watts,watts_since_last,start_power,prev_power,prev_power_reading,temp
package-0,0.000499357,0.0,0.0,0.0,47432.152377,0.0,47432.152377,27.799999237060547
dram,0.000650797,0.0,0.0,0.0,38641.677139,0.0,38641.677139,27.799999237060547
core,0.00083942,0.008605999988503754,22.506112918926615,0.0,185705.875055,0.0,185705.883661,27.799999237060547
uncore,0.000937357,0.0,0.0,0.0,45.154425,0.0,45.154425,27.799999237060547
package-0,1.001265437,16.025471000000834,16.00881506060903,16.014932565805097,47432.152377,0.0,47448.177848,27.799999237060547
dram,1.001520946,0.45580899999913527,0.4553352587232486,0.45550925759828376,38641.677139,0.0,38642.132948,27.799999237060547
core,1.002436142,14.601524999976391,14.58634902696271,14.58332261953797,185705.875055,0.008605999988503754,185720.47658,27.799999237060547
uncore,1.002636277,0.007689999999996644,0.0076820074627462305,0.007684943015464633,45.154425,0.0,45.162115,27.799999237060547
package-0,1.393616097,22.61645800000406,16.230682891280683,16.796686383142163,47432.152377,16.025471000000834,47454.768835,27.799999237060547
dram,1.393789023,0.6312850000031176,0.45304117245374526,0.4471887654813615,38641.677139,0.45580899999913527,38642.308424,27.799999237060547
core,1.393962685,20.621650999994017,14.799111252323595,15.34188557938996,185705.875055,14.601524999976391,185726.496706,27.799999237060547
uncore,1.394134642,0.007689999999996644,0.005518722314248835,0.0,45.154425,0.007689999999996644,45.162115,27.799999237060547
