zone,time_elapsed,power_j,watts,watts_since_last,start_power,prev_power,prev_power_reading,temp
package-0,0.000406706,0.0,0.0,0.0,38850.328155,0.0,38850.328155,27.799999237060547
dram,0.000519906,0.0,0.0,0.0,38404.97993,0.0,38404.97993,27.799999237060547
core,0.000607462,0.006958000012673438,27.292268155647662,0.0,177873.717798,0.0,177873.724756,27.799999237060547
uncore,0.000693273,0.0,0.0,0.0,42.446729,0.0,42.446729,27.799999237060547
package-0,1.00102872,16.50062899999466,16.4875751272634,16.491776280454417,38850.328155,0.0,38866.828784,27.799999237060547
dram,1.001237311,0.45574800000031246,0.45538745153943067,0.4555034875502095,38404.97993,0.0,38405.435678,27.799999237060547
core,1.001426518,15.064536999998381,15.052619239241904,15.049500488321579,177873.717798,0.006958000012673438,177888.782335,27.799999237060547
uncore,1.001615104,0.007691000000001225,0.007684915544967652,0.007686873716937467,42.446729,0.0,42.45442,27.799999237060547
package-0,1.379394008,22.84466799999791,16.563502148811867,16.76430027841714,38850.328155,16.50062899999466,38873.172823,27.799999237060547
dram,1.379570541,0.6247539999967557,0.4529772208300869,0.4466030761779822,38404.97993,0.45574800000031246,38405.604684,27.799999237060547
core,1.379745937,20.874214000010397,15.134826579399736,15.35223376602275,177873.717798,15.064536999998381,177894.592012,27.799999237060547
uncore,1.37992143,0.007691000000001225,0.005576351340564197,0.0,42.446729,0.007691000000001225,42.45442,27.799999237060547
