zone,time_elapsed,power_j,watts,watts_since_last,start_power,prev_power,prev_power_reading,temp
package-0,0.000394713,0.0,0.0,0.0,44463.002263,0.0,44463.002263,27.799999237060547
dram,0.000509929,0.0,0.0,0.0,38559.277996,0.0,38559.277996,27.799999237060547
core,0.000595557,0.005555000010645017,23.036123837909525,0.0,182997.77719,0.0,182997.782745,27.799999237060547
uncore,0.000677975,0.0,0.0,0.0,44.213998,0.0,44.213998,27.799999237060547
package-0,1.000922752,16.278400999995938,16.26566051475624,16.26958073965039,44463.002263,0.0,44479.280664,27.799999237060547
dram,1.001018043,0.45709200000419514,0.4567342514833645,0.4568443300738435,38559.277996,0.0,38559.735088,27.799999237060547
core,1.001100495,14.836204999999609,14.824593266708627,14.8226141865148,182997.77719,0.005555000010645017,183012.613395,27.799999237060547
uncore,1.001181698,0.006225000000000591,0.00622012792929677,0.00622162705688099,44.213998,0.0,44.220223,27.799999237060547
package-0,1.394239053,22.85534899999766,16.393984473223373,16.72047607723751,44463.002263,16.278400999995938,44485.857612,27.799999237060547
dram,1.394327649,0.632872000001953,0.45395472812823395,0.44688285277891054,38559.277996,0.45709200000419514,38559.910868,27.799999237060547
core,1.394409449,20.857064000010723,14.960628401396846,15.306739368181054,182997.77719,14.836204999999609,183018.634254,27.799999237060547
uncore,1.394490252,0.006225000000000591,0.004465149639405448,0.0,44.213998,0.006225000000000591,44.220223,27.799999237060547
