zone,time_elapsed,power_j,watts,watts_since_last,start_power,prev_power,prev_power_reading,temp
package-0,0.000571818,0.019347999994351994,49.042122271612435,0.0,38529.903316,0.0,38529.922664,27.799999237060547
dram,0.000786724,0.0006720000019413419,1.7033443390196186,0.0,38396.164095,0.0,38396.164767,27.799999237060547
core,0.000970115,0.01220699999248609,30.941553978490436,0.0,177581.202068,0.0,177581.214275,27.799999237060547
uncore,0.001128996,0.0,0.0,0.0,42.350477,0.0,42.350477,27.799999237060547
package-0,1.001369495,16.328631999997015,16.30857294453243,16.295669750118588,38529.903316,0.019347999994351994,38546.231948,27.799999237060547
dram,1.001468065,0.45788500000344357,0.4573225070394602,0.45683133934538345,38396.164095,0.0006720000019413419,38396.62198,27.799999237060547
core,1.001554291,14.892417999973986,14.874123274569962,14.86778967536164,177581.202068,0.01220699999248609,177596.094486,27.799999237060547
uncore,1.001639488,0.006592000000004816,0.006583901998064257,0.006586497297664488,42.350477,0.0,42.357069,27.799999237060547
package-0,1.395687124,23.06225799999811,16.526513446818008,17.080004727779343,38529.903316,16.328631999997015,38552.965574,27.799999237060547
dram,1.395883094,0.6343980000019656,0.45461234011291496,0.44772948103871235,38396.164095,0.45788500000344357,38396.798493,27.799999237060547
core,1.396074891,21.05200899997726,15.085960352220777,15.623951107653724,177581.202068,14.892417999973986,177602.254077,27.799999237060547
uncore,1.396268199,0.006592000000004816,0.004723855601715705,0.0,42.350477,0.006592000000004816,42.357069,27.799999237060547
