zone,time_elapsed,power_j,watts,watts_since_last,start_power,prev_power,prev_power_reading,temp
package-0,0.000330963,0.0,0.0,0.0,46885.216826,0.0,46885.216826,27.799999237060547
dram,0.000469398,0.0,0.0,0.0,38626.498833,0.0,38626.498833,27.799999237060547
core,0.000555156,0.0063479999953415245,27.857500177034346,0.0,185207.051503,0.0,185207.057851,27.799999237060547
uncore,0.00063837,0.0,0.0,0.0,44.981757,0.0,44.981757,27.799999237060547
package-0,1.00088207,16.347247999998217,16.33513180802278,16.338852248092827,46885.216826,0.0,46901.564074,27.799999237060547
dram,1.000979612,0.45556500000384403,0.4552273460453712,0.45533102724483215,38626.498833,0.0,38626.954398,27.799999237060547
core,1.001062084,14.919273000006797,14.908215189187382,14.905265899318557,185207.051503,0.0063479999953415245,185221.970776,27.799999237060547
uncore,1.001142455,0.00665300000000002,0.006648068954406744,0.006649583098425727,44.981757,0.0,44.98841,27.799999237060547
package-0,1.386830929,22.832582999995793,16.465135866955787,16.80220009000948,46885.216826,16.347247999998217,46908.049409,27.799999237060547
dram,1.386919355,0.6283550000007381,0.45312220906828904,0.44766417671587305,38626.498833,0.45556500000384403,38627.127188,27.799999237060547
core,1.387001215,20.851874999993015,15.036798725563681,15.370179930288277,185207.051503,14.919273000006797,185227.903378,27.799999237060547
uncore,1.387080875,0.00665300000000002,0.00479764155123743,0.0,44.981757,0.00665300000000002,44.98841,27.799999237060547
