zone,time_elapsed,power_j,watts,watts_since_last,start_power,prev_power,prev_power_reading,temp
package-0,0.000547429,0.0,0.0,0.0,46019.405139,0.0,46019.405139,27.799999237060547
dram,0.000740108,0.0,0.0,0.0,38602.427544,0.0,38602.427544,27.799999237060547
core,0.000898402,0.011595999996643513,31.075808240726335,0.0,184417.497006,0.0,184417.508602,27.799999237060547
uncore,0.001050746,0.0,0.0,0.0,44.702461,0.0,44.702461,27.799999237060547
package-0,1.001395079,16.1031079999957,16.084475566570152,16.09047281140629,46019.405139,0.0,46035.508247,27.799999237060547
dram,1.001620346,0.45556500000384403,0.4550378791192556,0.45520754418290654,38602.427544,0.0,38602.883109,27.799999237060547
core,1.001833567,14.672569999995176,14.655592800084037,14.649470371544044,184417.497006,0.011595999996643513,184432.169576,27.799999237060547
uncore,1.002049373,0.007080000000001974,0.007071807939894512,0.007074444728608831,44.702461,0.0,44.709541,27.799999237060547
package-0,1.383892863,22.45294499999727,16.226574528480388,16.59845098913629,46019.405139,16.1031079999957,46041.858084,27.799999237060547
dram,1.384061873,0.6269519999987097,0.4530934963658503,0.44800499911874503,38602.427544,0.45556500000384403,38603.054496,27.799999237060547
core,1.384176482,20.463998000021093,14.789177486430232,15.138771879580215,184417.497006,14.672569999995176,184437.961004,27.799999237060547
uncore,1.384407809,0.007080000000001974,0.005116662765694529,0.0,44.702461,0.007080000000001974,44.709541,27.799999237060547
