zone,time_elapsed,power_j,watts,watts_since_last,start_power,prev_power,prev_power_reading,temp
package-0,0.000489062,0.017090000001189765,53.81795737765709,0.0,42974.672943,0.0,42974.690033,27.799999237060547
dram,0.000672294,0.0006709999943268485,2.1130397362537425,0.0,38518.144801,0.0,38518.145472,27.799999237060547
core,0.000826707,0.010436999989906326,32.867057961865534,0.0,181639.687894,0.0,181639.698331,27.799999237060547
uncore,0.000953003,0.0,0.0,0.0,43.741404,0.0,43.741404,27.799999237060547
package-0,1.001198215,16.584796000002825,16.567368304829294,16.555547986338073,42974.672943,0.017090000001189765,42991.257739,27.799999237060547
dram,1.00130008,0.4564810000010766,0.45600131898959323,0.4554755092686796,38518.144801,0.0006709999943268485,38518.601282,27.799999237060547
core,1.001386713,15.14760500000557,15.13168753906429,15.12605976962023,181639.687894,0.010436999989906326,181654.835499,27.799999237060547
uncore,1.001471774,0.0074459999999945126,0.007438175567408065,0.007440535841604763,43.741404,0.0,43.74885,27.799999237060547
package-0,1.382011922,23.145204000000376,16.748960506041154,17.226285969530558,42974.672943,16.584796000002825,42997.818147,27.799999237060547
dram,1.382204738,0.6261579999991227,0.45311744119977737,0.4455370038600448,38518.144801,0.4564810000010766,38518.770959,27.799999237060547
core,1.382396777,21.161628000001656,15.313551421519405,15.791591014660266,181639.687894,15.14760500000557,181660.849522,27.799999237060547
uncore,1.382587126,0.0074459999999945126,0.005388276548691837,0.0,43.741404,0.0074459999999945126,43.74885,27.799999237060547
