zone,time_elapsed,power_j,watts,watts_since_last,start_power,prev_power,prev_power_reading,temp
package-0,0.000349239,0.0,0.0,0.0,46453.752049,0.0,46453.752049,27.799999237060547
dram,0.000460036,0.0,0.0,0.0,38614.52517,0.0,38614.52517,27.799999237060547
core,0.000542843,0.0059809999947901815,25.673935417196866,0.0,184813.509847,0.0,184813.515828,27.799999237060547
uncore,0.00062299,0.0,0.0,0.0,44.848701,0.0,44.848701,27.799999237060547
package-0,1.000866726,16.515033999996376,16.50281600814222,16.506658554459158,46453.752049,0.0,46470.267083,27.799999237060547
dram,1.000963886,0.45538200000009965,0.45504510371720175,0.455151057263946,38614.52517,0.0,38614.980552,27.799999237060547
core,1.001045978,15.083824000001187,15.072664832011487,15.07019641248709,184813.509847,0.0059809999947901815,184828.593671,27.799999237060547
uncore,1.001126835,0.007324000000004105,0.007318581629546017,0.007320285701679643,44.848701,0.0,44.856025,27.799999237060547
package-0,1.375063633,22.771242999995593,16.5614294128505,16.718175240063793,46453.752049,16.515033999996376,46476.523292,27.799999237060547
dram,1.37515258,0.6232279999967432,0.4532711073374454,0.44852702991348026,38614.52517,0.45538200000009965,38615.148398,27.799999237060547
core,1.375234527,20.791877999989083,15.121845560098986,15.253366224107394,184813.509847,15.083824000001187,184834.301725,27.799999237060547
uncore,1.3753149900000001,0.007324000000004105,0.005326714445048456,0.0,44.848701,0.007324000000004105,44.856025,27.799999237060547
