zone,time_elapsed,power_j,watts,watts_since_last,start_power,prev_power,prev_power_reading,temp
package-0,0.000356672,0.0,0.0,0.0,43411.869639,0.0,43411.869639,27.799999237060547
dram,0.000548505,0.0,0.0,0.0,38530.182368,0.0,38530.182368,27.799999237060547
core,0.000683944,0.008973000018158928,35.97950222203971,0.0,182038.78465,0.0,182038.793623,27.799999237060547
uncore,0.000817241,0.0,0.0,0.0,43.87507,0.0,43.87507,27.799999237060547
package-0,1.001065676,15.592367000004742,15.577813100981075,15.581695424024431,43411.869639,0.0,43427.462006,27.799999237060547
dram,1.001167174,0.45611400000052527,0.45568826367073734,0.4558018308983814,38530.182368,0.0,38530.638482,27.799999237060547
core,1.001253413,14.149073000007775,14.13586627009175,14.130422370446967,182038.78465,0.008973000018158928,182052.933723,27.799999237060547
uncore,1.001337953,0.008057000000000869,0.008049479604641162,0.008051485706521672,43.87507,0.0,43.883127,27.799999237060547
package-0,1.433482461,22.922793000005186,15.992226899658993,16.951444795441006,43411.869639,15.592367000004742,43434.792432,27.799999237060547
dram,1.4335743779999999,0.6490459999986342,0.45281091620431596,0.4461508986301438,38530.182368,0.45611400000052527,38530.831414,27.799999237060547
core,1.433671502,20.86908800000674,14.55944703095225,15.539883125075006,182038.78465,14.149073000007775,182059.653738,27.799999237060547
uncore,1.433860999,0.008057000000000869,0.005621015385452255,0.0,43.87507,0.008057000000000869,43.883127,27.799999237060547
