zone,time_elapsed,power_j,watts,watts_since_last,start_power,prev_power,prev_power_reading,temp
package-0,0.000609587,0.0,0.0,0.0,40461.588983,0.0,40461.588983,27.799999237060547
dram,0.000832903,0.0006720000019413419,1.5123486007204854,0.0,38449.210773,0.0,38449.211445,27.799999237060547
core,0.000970797,0.011719000001903623,26.373829171907275,0.0,179344.949139,0.0,179344.960858,27.799999237060547
uncore,0.001117205,0.0,0.0,0.0,42.950756,0.0,42.950756,27.799999237060547
package-0,1.001455023,16.50331500000175,16.483248441698063,16.49056698368558,40461.588983,0.0,40478.092298,27.799999237060547
dram,1.001665029,0.455749000000651,0.45519484988715203,0.45472547492504434,38449.210773,0.0006720000019413419,38449.666522,27.799999237060547
core,1.00187371,15.069786000007298,15.051462485041172,15.046435368190451,179344.949139,0.011719000001903623,179360.018925,27.799999237060547
uncore,1.002091757,0.008423000000000513,0.008412758383659073,0.008416493638010144,42.950756,0.0,42.959179,27.799999237060547
package-0,1.384848762,23.00903599999583,16.617371526737237,16.967604488494942,40461.588983,16.50331500000175,40484.598019,27.799999237060547
dram,1.385018771,0.6275620000014897,0.4532319785187401,0.4481063712997626,38449.210773,0.455749000000651,38449.838335,27.799999237060547
core,1.385133499,21.014472999988357,15.176876826976072,15.504368819945997,179344.949139,15.069786000007298,179365.963612,27.799999237060547
uncore,1.385218648,0.008423000000000513,0.006083180554358802,0.0,42.950756,0.008423000000000513,42.959179,27.799999237060547
