zone,time_elapsed,power_j,watts,watts_since_last,start_power,prev_power,prev_power_reading,temp
package-0,0.000684215,0.01757799999904819,32.77099269196085,0.0,45631.756473,0.0,45631.774051,27.799999237060547
dram,0.000842589,0.0006720000019413419,1.2528221159295623,0.0,38591.729024,0.0,38591.729696,27.799999237060547
core,0.000971155,0.009155000007012859,17.06783697468229,0.0,184063.750048,0.0,184063.759203,27.799999237060547
uncore,0.001112918,0.0,0.0,0.0,44.578255,0.0,44.578255,27.799999237060547
package-0,1.0014616,16.32472599999892,16.3047463268974,16.29592009475866,45631.756473,0.01757799999904819,45648.081199,27.799999237060547
dram,1.001728264,0.45532100000127684,0.4547637370655141,0.4543359620671353,38591.729024,0.0006720000019413419,38592.184345,27.799999237060547
core,1.002583534,14.902793000015663,14.8845536168591,14.883383334008135,184063.750048,0.009155000007012859,184078.652841,27.799999237060547
uncore,1.002796583,0.007507000000003927,0.007497812255843738,0.007501831230784086,44.578255,0.0,44.585762,27.799999237060547
package-0,1.382081603,22.70239500000025,16.42742572875227,16.750020157274868,45631.756473,16.32472599999892,45654.458868,27.799999237060547
dram,1.382295329,0.6258529999977327,0.4528664783860661,0.4478774984089698,38591.729024,0.45532100000127684,38592.354877,27.799999237060547
core,1.382471159,20.717537000018638,14.991184866199339,15.271579508033822,184063.750048,14.902793000015663,184084.467585,27.799999237060547
uncore,1.3826466800000001,0.007507000000003927,0.005432056174945702,0.0,44.578255,0.007507000000003927,44.585762,27.799999237060547
