zone,time_elapsed,power_j,watts,watts_since_last,start_power,prev_power,prev_power_reading,temp
package-0,0.000387141,0.0,0.0,0.0,39355.759783,0.0,39355.759783,27.799999237060547
dram,0.000510175,0.0,0.0,0.0,38418.98264,0.0,38418.98264,27.799999237060547
core,0.000671166,0.008972999989055097,31.412457821100215,0.0,178334.840824,0.0,178334.849797,27.799999237060547
uncore,0.000758882,0.0,0.0,0.0,42.608289,0.0,42.608289,27.799999237060547
package-0,1.001002778,16.126728999995976,16.112902743732217,16.117502777293655,39355.759783,0.0,39371.886512,27.799999237060547
dram,1.001101156,0.4559319999971194,0.45554110655116337,0.4556711578778596,38418.98264,0.0,38419.438572,27.799999237060547
core,1.001187112,14.685265999985859,14.672675582485985,14.667896582616534,178334.840824,0.008972999989055097,178349.52609,27.799999237060547
uncore,1.001271739,0.006591999999997711,0.0065863483466902925,0.006588228667320533,42.608289,0.0,42.614881,27.799999237060547
package-0,1.4116575089999999,23.1094379999995,16.371712386159263,17.00243761273082,39355.759783,16.126728999995976,39378.869221,27.799999237060547
dram,1.411761603,0.6389759999947273,0.45267787531537573,0.445700112999476,38418.98264,0.4559319999971194,38419.621616,27.799999237060547
core,1.411946745,21.092719999986002,14.942983264308182,15.601729485131058,178334.840824,14.685265999985859,178355.933544,27.799999237060547
uncore,1.4121133000000001,0.006591999999997711,0.00467005420250924,0.0,42.608289,0.006591999999997711,42.614881,27.799999237060547
