zone,time_elapsed,power_j,watts,watts_since_last,start_power,prev_power,prev_power_reading,temp
package-0,0.000563848,0.0,0.0,0.0,45677.22767,0.0,45677.22767,27.799999237060547
dram,0.000722249,0.0007330000007641502,1.75023042097256,0.0,38592.984758,0.0,38592.985491,27.799999237060547
core,0.000852096,0.008544000011170283,20.401048732265565,0.0,184105.241702,0.0,184105.250246,27.799999237060547
uncore,0.000991687,0.0,0.0,0.0,44.593391,0.0,44.593391,27.799999237060547
package-0,1.001334541,16.022907999999006,16.005358076851664,16.012056613220167,45677.22767,0.0,45693.250578,27.799999237060547
dram,1.001559595,0.4555049999980838,0.4550060844614535,0.454464009283764,38592.984758,0.0007330000007641502,38593.440263,27.799999237060547
core,1.00176154,14.585717000009026,14.569741235035584,14.567300725728728,184105.241702,0.008544000011170283,184119.827419,27.799999237060547
uncore,1.001978771,0.007996000000005665,0.007987241965229064,0.007990584772714611,44.593391,0.0,44.601387,27.799999237060547
package-0,1.400301427,22.73657500000263,16.238964889647903,16.82504626334973,45677.22767,16.022907999999006,45699.964245,27.799999237060547
dram,1.400476151,0.6336660000015399,0.4525782764460982,0.4464873023015861,38592.984758,0.4555049999980838,38593.618424,27.799999237060547
core,1.4006499749999999,20.725654999987455,14.802721335984549,15.387230391927439,184105.241702,14.585717000009026,184125.967357,27.799999237060547
uncore,1.40082283,0.007996000000005665,0.00571092010374041,0.0,44.593391,0.007996000000005665,44.601387,27.799999237060547
