zone,time_elapsed,power_j,watts,watts_since_last,start_power,prev_power,prev_power_reading,temp
package-0,0.00031408,0.018310000014025718,82.2108477641241,0.0,165534.107176,0.0,165534.125486,27.799999237060547
dram,0.000439375,0.0006709999997838167,3.0127514358109586,0.0,11599.632292,0.0,11599.632963,27.799999237060547
core,0.000526012,0.007750999997369945,34.80154452842109,0.0,127695.552493,0.0,127695.560244,27.799999237060547
uncore,0.000610856,0.0,0.0,0.0,21.32337,0.0,21.32337,27.799999237060547
package-0,1.000947751,16.465351000020746,16.453661397558882,16.43902309663766,165534.107176,0.018310000014025718,165550.572527,27.799999237060547
dram,1.001169797,0.45562599999902886,0.45530252758648987,0.45473321024221436,11599.632292,0.0006709999997838167,11600.087918,27.799999237060547
core,1.001384554,15.024069999999483,15.013403637304938,15.008998571075052,127695.552493,0.007750999997369945,127710.576563,27.799999237060547
uncore,1.00159882,0.006896999999998599,0.006892103463740164,0.0068936377247093,21.32337,0.0,21.330267,27.799999237060547
package-0,1.378017012,22.912539000011748,16.629270099537024,17.095241625857557,165534.107176,16.465351000020746,165557.019715,27.799999237060547
dram,1.378153465,0.6241439999994327,0.45298598976703025,0.44683913798033936,11599.632292,0.45562599999902886,11600.256436,27.799999237060547
core,1.378266628,20.93024400000286,15.190576684892203,15.660699147373435,127695.552493,15.024069999999483,127716.482737,27.799999237060547
uncore,1.3783507529999999,0.006896999999998599,0.005005646728039383,0.0,21.32337,0.006896999999998599,21.330267,27.799999237060547
