zone,time_elapsed,power_j,watts,watts_since_last,start_power,prev_power,prev_power_reading,temp
package-0,0.000420794,0.0,0.0,0.0,165978.262594,0.0,165978.262594,27.799999237060547
dram,0.000540864,0.0,0.0,0.0,11611.655515,0.0,11611.655515,27.799999237060547
core,0.000631509,0.008239999995566905,29.973445838881467,0.0,128101.568299,0.0,128101.576539,27.799999237060547
uncore,0.000718061,0.0,0.0,0.0,21.449713,0.0,21.449713,27.799999237060547
package-0,1.001071989,16.906634000013582,16.892671548164834,16.89731295216709,165978.262594,0.0,165995.169228,27.799999237060547
dram,1.001232558,0.4561759999996866,0.45579926413171046,0.4559244988243246,11611.655515,0.0,11612.111691,27.799999237060547
core,1.001405311,15.46474299998954,15.451971343047628,15.447981445437206,128101.568299,0.008239999995566905,128117.033042,27.799999237060547
uncore,1.001562428,0.006775000000001086,0.006769404822908164,0.0067712647739850765,21.449713,0.0,21.456488,27.799999237060547
package-0,1.3822989030000001,23.505799000005936,17.007071252828936,17.307350499728276,165978.262594,16.906634000013582,166001.768393,27.799999237060547
dram,1.382473942,0.6266469999991386,0.45339578456168006,0.4470870704146834,11611.655515,0.4561759999996866,11612.282162,27.799999237060547
core,1.38265131,21.52094099999522,15.570973656958177,15.883333949366797,128101.568299,15.46474299998954,128123.08924,27.799999237060547
uncore,1.382825072,0.006775000000001086,0.004901892836653007,0.0,21.449713,0.006775000000001086,21.456488,27.799999237060547
