zone,time_elapsed,power_j,watts,watts_since_last,start_power,prev_power,prev_power_reading,temp
package-0,0.000427885,0.0,0.0,0.0,165326.1143,0.0,165326.1143,27.799999237060547
dram,0.000630123,0.0006709999997838167,2.0778368194660692,0.0,11594.000226,0.0,11594.000897,27.799999237060547
core,0.000764162,0.010131999995792285,31.37502630830108,0.0,127505.422852,0.0,127505.432984,27.799999237060547
uncore,0.000891095,0.0,0.0,0.0,21.266791,0.0,21.266791,27.799999237060547
package-0,1.001144151,16.820880000013858,16.803862996818786,16.809285761541265,165326.1143,0.0,165342.93518,27.799999237060547
dram,1.001245468,0.45586999999977706,0.45540881477959083,0.45488524199455704,11594.000226,0.0006709999997838167,11594.456096,27.799999237060547
core,1.001331334,15.381918999992195,15.366357735375304,15.361191587376627,127505.422852,0.010131999995792285,127520.804771,27.799999237060547
uncore,1.001415324,0.0067139999999987765,0.0067072077180580225,0.006709372197107078,21.266791,0.0,21.273505,27.799999237060547
package-0,1.371724744,23.236513000010746,16.941013862205487,17.311466315497462,165326.1143,16.820880000013858,165349.350813,27.799999237060547
dram,1.371828404,0.6218859999989945,0.45339760516948546,0.4479652111991871,11594.000226,0.45586999999977706,11594.622112,27.799999237060547
core,1.3720194989999999,21.260565999997198,15.500412791029387,15.862503282425319,127505.422852,15.381918999992195,127526.683418,27.799999237060547
uncore,1.372221738,0.0067139999999987765,0.004894967117948132,0.0,21.266791,0.0067139999999987765,21.273505,27.799999237060547
