zone,time_elapsed,power_j,watts,watts_since_last,start_power,prev_power,prev_power_reading,temp
package-0,0.000370365,0.0,0.0,0.0,165349.366072,0.0,165349.366072,27.799999237060547
dram,0.000482239,0.0,0.0,0.0,11594.622722,0.0,11594.622722,27.799999237060547
core,0.00056782,0.005859999990207143,23.929013276139763,0.0,127526.695808,0.0,127526.701668,27.799999237060547
uncore,0.000650355,0.0,0.0,0.0,21.273505,0.0,21.273505,27.799999237060547
package-0,1.000980885,16.903825999994297,16.891169075400377,16.895303485161975,165349.366072,0.0,165366.269898,27.799999237060547
dram,1.001198362,0.45544300000074145,0.45510198207333025,0.4552133762621402,11594.622722,0.0,11595.078165,27.799999237060547
core,1.001393365,15.483603000000585,15.47200948291083,15.469939482967046,127526.695808,0.005859999990207143,127542.179411,27.799999237060547
uncore,1.001607242,0.005065999999999349,0.005062206777092723,0.0050634458409503525,21.273505,0.0,21.278571,27.799999237060547
package-0,1.368358832,23.217957999993814,16.969671945940195,17.183472146613518,165349.366072,16.903825999994297,165372.58403,27.799999237060547
dram,1.368493973,0.6196270000000368,0.4528764725498475,0.4468153644725357,11594.622722,0.45544300000074145,11595.242349,27.799999237060547
core,1.36862905,21.258123999999953,15.537257430916762,15.714958249769179,127526.695808,15.483603000000585,127547.953932,27.799999237060547
uncore,1.368754336,0.005065999999999349,0.0037026666203007555,0.0,21.273505,0.005065999999999349,21.278571,27.799999237060547
