zone,time_elapsed,power_j,watts,watts_since_last,start_power,prev_power,prev_power_reading,temp
package-0,0.000389505,0.0,0.0,0.0,166699.728948,0.0,166699.728948,27.799999237060547
dram,0.000508321,0.0,0.0,0.0,11631.226998,0.0,11631.226998,27.799999237060547
core,0.000598837,0.007689999998547137,29.979571781570698,0.0,128760.938071,0.0,128760.945761,27.799999237060547
uncore,0.000689417,0.0,0.0,0.0,21.659917,0.0,21.659917,27.799999237060547
package-0,1.000928073,15.983417999988887,15.970811711268398,15.974906170608532,166699.728948,0.0,166715.712366,27.799999237060547
dram,1.00103254,0.45501599999988684,0.4546571241281274,0.4547736852110642,11631.226998,0.0,11631.682014,27.799999237060547
core,1.001125007,14.55696899999748,14.545487766502283,14.541530908792454,128760.938071,0.007689999998547137,128775.49504,27.799999237060547
uncore,1.001216013,0.007262999999998243,0.007257271596037528,0.007259132152908869,21.659917,0.0,21.66718,27.799999237060547
package-0,1.4025227789999999,22.79535199998645,16.254419245931814,16.961135236207628,166699.728948,15.983417999988887,166722.5243,27.799999237060547
dram,1.402615833,0.6348249999991822,0.4526673550727141,0.4477090890305744,11631.226998,0.45501599999988684,11631.861823,27.799999237060547
core,1.402703447,20.78620200000296,14.821777783421606,15.510259396373787,128760.938071,14.55696899999748,128781.724273,27.799999237060547
uncore,1.4027896069999999,0.007262999999998243,0.00517894380324745,0.0,21.659917,0.007262999999998243,21.66718,27.799999237060547
