zone,time_elapsed,power_j,watts,watts_since_last,start_power,prev_power,prev_power_reading,temp
package-0,0.000427054,0.0,0.0,0.0,167023.523163,0.0,167023.523163,27.799999237060547
dram,0.000638016,0.0,0.0,0.0,11640.039415,0.0,11640.039415,27.799999237060547
core,0.000840011,0.010985999993863516,36.680032966834105,0.0,129056.782284,0.0,129056.79327,27.799999237060547
uncore,0.001051459,0.0,0.0,0.0,21.759465,0.0,21.759465,27.799999237060547
package-0,1.001397891,16.633562999981223,16.614109290201686,16.619081033054535,167023.523163,0.0,167040.156726,27.799999237060547
dram,1.001628417,0.45556500000020606,0.4550321959764542,0.4551683635571922,11640.039415,0.0,11640.49498,27.799999237060547
core,1.001844078,15.196372000005795,15.17859915058139,15.17216488449859,129056.782284,0.010985999993863516,129071.978656,27.799999237060547
uncore,1.002059491,0.007569000000000159,0.007560147709644719,0.007562410070490274,21.759465,0.0,21.767034,27.799999237060547
package-0,1.378334161,23.065004000003682,16.73620002082565,17.060444788649892,167023.523163,16.633562999981223,167046.588167,27.799999237060547
dram,1.378508622,0.6240830000006099,0.452840932418892,0.4470214427669557,11640.039415,0.45556500000020606,11640.663498,27.799999237060547
core,1.3786853350000001,21.087226000003284,15.301104314586453,15.62644972170367,129056.782284,15.196372000005795,129077.86951,27.799999237060547
uncore,1.378861686,0.007569000000000159,0.00549214290002342,0.0,21.759465,0.007569000000000159,21.767034,27.799999237060547
