zone,time_elapsed,power_j,watts,watts_since_last,start_power,prev_power,prev_power_reading,temp
package-0,0.000692247,0.0,0.0,0.0,188969.700928,0.0,188969.700928,27.799999237060547
dram,0.000810793,0.0007320000004256144,1.3126536592473301,0.0,11376.604054,0.0,11376.604786,27.799999237060547
core,0.000899482,0.006897000013850629,12.367994946374205,0.0,152531.521078,0.0,152531.527975,27.799999237060547
uncore,0.00098481,0.0,0.0,0.0,42.570935,0.0,42.570935,27.799999237060547
package-0,1.001232218,16.36281200000667,16.34501020807378,16.354120144940275,188969.700928,0.0,188986.06374,27.799999237060547
dram,1.001367164,0.45586999999977706,0.45537403983789054,0.45489623265941004,11376.604054,0.0007320000004256144,11377.059924,27.799999237060547
core,1.002176367,14.927269000007072,14.91102899573004,14.912446362825198,152531.521078,0.006897000013850629,152546.448347,27.799999237060547
uncore,1.002262732,0.007446999999999093,0.007438898095233327,0.007443044185761333,42.570935,0.0,42.578382,27.799999237060547
package-0,2.00247061,33.14877999998862,16.554825614689236,16.76460218508115,188969.700928,16.36281200000667,189002.849708,27.799999237060547
dram,2.002561435,0.901730999999927,0.45033329903433117,0.4452934912572821,11376.604054,0.45586999999977706,11377.505785,27.799999237060547
core,2.002710027,30.267989000014495,15.116130355408073,15.321193751418988,152531.521078,14.927269000007072,152561.789067,27.799999237060547
uncore,2.002809432,0.007446999999999093,0.00371910478613747,0.0,42.570935,0.007446999999999093,42.578382,27.799999237060547
package-0,2.757385241,45.84650099999271,16.627556111230422,16.82047374871219,188969.700928,33.14877999998862,189015.547429,27.799999237060547
dram,2.7574893019999998,1.2383390000013605,0.4491193604338718,0.44589938837282683,11376.604054,0.901730999999927,11377.842393,27.799999237060547
core,2.757683279,41.8820340000093,15.189727791608908,15.384944986483138,152531.521078,30.267989000014495,152573.403112,27.799999237060547
uncore,2.757882065,0.007446999999999093,0.002700869371914283,0.0,42.570935,0.007446999999999093,42.578382,27.799999237060547
