zone,time_elapsed,power_j,watts,watts_since_last,start_power,prev_power,prev_power_reading,temp
package-0,0.000339916,0.0,0.0,0.0,187510.83717,0.0,187510.83717,27.799999237060547
dram,0.000447496,0.0,0.0,0.0,11336.768157,0.0,11336.768157,27.799999237060547
core,0.00055351,0.0065919999906327575,32.77531107525473,0.0,151199.63136,0.0,151199.637952,27.799999237060547
uncore,0.000664277,0.0,0.0,0.0,42.322279,0.0,42.322279,27.799999237060547
package-0,1.000900654,16.04896999997436,16.0366381780215,16.039861748440646,187510.83717,0.0,187526.88614,27.799999237060547
dram,1.000995143,0.456054000000222,0.4557035739773121,0.4557951762535912,11336.768157,0.0,11337.224211,27.799999237060547
core,1.001076763,14.606041999999434,14.594818905347237,14.591164392717232,151199.63136,0.0065919999906327575,151214.237402,27.799999237060547
uncore,1.00115637,0.007323999999997,0.007318372332677362,0.007319843419591341,42.322279,0.0,42.329603,27.799999237060547
package-0,2.001361987,32.40287099999841,16.191248258037717,16.345901544650722,187510.83717,16.04896999997436,187543.240041,27.799999237060547
dram,2.001451289,0.9014869999991788,0.4504600786263991,0.44521511795324215,11336.768157,0.456054000000222,11337.669644,27.799999237060547
core,2.001531842,29.54209999999148,14.76176216495327,14.928752077727735,151199.63136,14.606041999999434,151229.17346,27.799999237060547
uncore,2.001610308,0.007323999999997,0.0036596973842788648,0.0,42.322279,0.007323999999997,42.329603,27.799999237060547
package-0,2.759530784,44.81757299997844,16.241634172269592,16.374632927683635,187510.83717,32.40287099999841,187555.654743,27.799999237060547
dram,2.759618202,1.239315999999235,0.4491210868521979,0.4455866816083265,11336.768157,0.9014869999991788,11338.007473,27.799999237060547
core,2.759698719,40.87947300000815,14.8144890760065,14.95366713110013,151199.63136,29.54209999999148,151240.510833,27.799999237060547
uncore,2.759777303,0.007323999999997,0.0026541760455817405,0.0,42.322279,0.007323999999997,42.329603,27.799999237060547
