zone,time_elapsed,power_j,watts,watts_since_last,start_power,prev_power,prev_power_reading,temp
package-0,0.000416018,0.0,0.0,0.0,194671.495963,0.0,194671.495963,27.799999237060547
dram,0.000548245,0.0006719999983033631,2.4922210744861206,0.0,11532.660234,0.0,11532.660906,27.799999237060547
core,0.000637113,0.006225999997695908,23.09013161188073,0.0,157735.998904,0.0,157736.00513,27.799999237060547
uncore,0.000723612,0.0,0.0,0.0,43.559763,0.0,43.559763,27.799999237060547
package-0,1.00104482,16.097127000015462,16.083810602033235,16.088145004747457,194671.495963,0.0,194687.59309,27.799999237060547
dram,1.00125932,0.4561149999990448,0.4557376774578457,0.45518886851064083,11532.660234,0.0006719999983033631,11533.116349,27.799999237060547
core,1.001466808,14.659508999990067,14.64738187593447,14.645106651593894,157735.998904,0.006225999997695908,157750.658413,27.799999237060547
uncore,1.001673829,0.007752000000003534,0.007745587134082915,0.007747674481088417,43.559763,0.0,43.567515,27.799999237060547
package-0,2.001979659,32.495644000009634,16.2333761458399,16.382923176695204,194671.495963,16.097127000015462,194703.991607,27.799999237060547
dram,2.002174301,0.9017919999987498,0.45049511070728804,0.44525319287212073,11532.660234,0.4561149999990448,11533.562026,27.799999237060547
core,2.002384022,29.6340799999889,14.80386624667566,14.960331248065659,157735.998904,14.659508999990067,157765.632984,27.799999237060547
uncore,2.002590731,0.007752000000003534,0.0038725538685299163,0.0,43.559763,0.007752000000003534,43.567515,27.799999237060547
package-0,2.760146954,44.95655000000261,16.288915630084052,16.435555786008376,194671.495963,32.495644000009634,194716.452513,27.799999237060547
dram,2.760297368,1.241024999999354,0.4496553120693951,0.4474380029805258,11532.660234,0.9017919999987498,11533.901259,27.799999237060547
core,2.760467562,41.01368899998488,14.860315566902292,15.009357950577781,157735.998904,29.6340799999889,157777.012593,27.799999237060547
uncore,2.760644692,0.007752000000003534,0.0028087492026070016,0.0,43.559763,0.007752000000003534,43.567515,27.799999237060547
