zone,time_elapsed,power_j,watts,watts_since_last,start_power,prev_power,prev_power_reading,temp
package-0,0.00040197,0.0,0.0,0.0,198507.652158,0.0,198507.652158,27.799999237060547
dram,0.000516507,0.0,0.0,0.0,11637.221856,0.0,11637.221856,27.799999237060547
core,0.000600652,0.006469999992987141,22.326897503277056,0.0,161238.991462,0.0,161238.997932,27.799999237060547
uncore,0.000723301,0.0,0.0,0.0,44.235543,0.0,44.235543,27.799999237060547
package-0,1.000960583,16.131366999994498,16.11799779777715,16.122666032448766,198507.652158,0.0,198523.783525,27.799999237060547
dram,1.00105316,0.4559320000007574,0.45555413697740843,0.4556860785277001,11637.221856,0.0,11637.677788,27.799999237060547
core,1.001134474,14.689477000007173,14.677302793786446,14.675087251651824,161238.991462,0.006469999992987141,161253.680939,27.799999237060547
uncore,1.001213682,0.008057000000000869,0.008050322595521435,0.00805265419995082,44.235543,0.0,44.2436,27.799999237060547
package-0,2.001417461,32.51389399997424,16.246271745409068,16.374589892392514,198507.652158,16.131366999994498,198540.166052,27.799999237060547
dram,2.001504299,0.901121000000785,0.4502646358359634,0.4449733120912174,11637.221856,0.4559320000007574,11638.122977,27.799999237060547
core,2.001584658,29.65574699998251,14.81813665798373,14.959019049302741,161238.991462,14.689477000007173,161268.647209,27.799999237060547
uncore,2.001663145,0.008057000000000869,0.004025854653179305,0.0,44.235543,0.008057000000000869,44.2436,27.799999237060547
package-0,2.755488749,44.85712400000193,16.279833346808463,16.3689069056776,198507.652158,32.51389399997424,198552.509282,27.799999237060547
dram,2.755577371,1.2373630000001867,0.44907166650963026,0.44590548792793366,11637.221856,0.901121000000785,11638.459219,27.799999237060547
core,2.755658229,40.92744699999457,14.85364992348192,14.947903261019178,161238.991462,29.65574699998251,161279.918909,27.799999237060547
uncore,2.7557368110000002,0.008057000000000869,0.0029240977926994227,0.0,44.235543,0.008057000000000869,44.2436,27.799999237060547
