zone,time_elapsed,power_j,watts,watts_since_last,start_power,prev_power,prev_power_reading,temp
package-0,0.000499002,0.0,0.0,0.0,204124.732078,0.0,204124.732078,27.799999237060547
dram,0.000681297,0.0,0.0,0.0,11790.818448,0.0,11790.818448,27.799999237060547
core,0.000808874,0.008361000014701858,24.562424029230073,0.0,166366.812503,0.0,166366.820864,27.799999237060547
uncore,0.000935849,0.0,0.0,0.0,45.236212,0.0,45.236212,27.799999237060547
package-0,1.001184467,16.447405999992043,16.430279832087948,16.435868743312465,204124.732078,0.0,204141.179484,27.799999237060547
dram,1.001286312,0.45574800000031246,0.4552734439049644,0.4554283093659832,11790.818448,0.0,11791.274196,27.799999237060547
core,1.00137119,15.002891000011005,14.9872689602612,14.984011882950995,166366.812503,0.008361000014701858,166381.815394,27.799999237060547
uncore,1.00151507,0.006530999999995402,0.006524199474576279,0.006526418741201504,45.236212,0.0,45.242743,27.799999237060547
package-0,2.00173626,33.24075900000753,16.606850272740694,16.783501068105007,204124.732078,16.447405999992043,204157.972837,27.799999237060547
dram,2.001826912,0.9014869999991788,0.45037658832655303,0.44547750425838917,11790.818448,0.45574800000031246,11791.719935,27.799999237060547
core,2.00191143,30.37534900000901,15.175311515157615,15.36343964556262,166366.812503,15.002891000011005,166397.187852,27.799999237060547
uncore,2.001993755,0.006530999999995402,0.0032628418361677165,0.0,45.236212,0.006530999999995402,45.242743,27.799999237060547
package-0,2.760903227,46.015079000004334,16.667338091986082,16.82682164008203,204124.732078,33.24075900000753,204170.747157,27.799999237060547
dram,2.7610056099999998,1.2400479999996605,0.44916361582870584,0.4459654651908942,11790.818448,0.9014869999991788,11792.058496,27.799999237060547
core,2.761164585,42.04884200001834,15.230708742035276,15.37677031951229,166366.812503,30.37534900000901,166408.861345,27.799999237060547
uncore,2.761271396,0.006530999999995402,0.0023656242137207717,0.0,45.236212,0.006530999999995402,45.242743,27.799999237060547
