zone,time_elapsed,power_j,watts,watts_since_last,start_power,prev_power,prev_power_reading,temp
package-0,0.000361336,0.0,0.0,0.0,186144.264375,0.0,186144.264375,27.799999237060547
dram,0.000467283,0.0,0.0,0.0,11299.406437,0.0,11299.406437,27.799999237060547
core,0.000549086,0.006713999988278374,27.720090617853216,0.0,149952.163728,0.0,149952.170442,27.799999237060547
uncore,0.00062839,0.0,0.0,0.0,42.066115,0.0,42.066115,27.799999237060547
package-0,1.00087112,15.949666000000434,15.937751001103011,15.94160928602498,186144.264375,0.0,186160.214041,27.799999237060547
dram,1.000968108,0.45544300000074145,0.45510276699254887,0.4552129403880117,11299.406437,0.0,11299.86188,27.799999237060547
core,1.001049839,14.525170999986585,14.514320152298007,14.51112323793621,149952.163728,0.006713999988278374,149966.688899,27.799999237060547
uncore,1.001173603,0.009032999999995184,0.009026252010097442,0.009028437127183913,42.066115,0.0,42.075148,27.799999237060547
package-0,2.001348678,32.375892999989446,16.177885117326785,16.418079560843104,186144.264375,15.949666000000434,186176.640268,27.799999237060547
dram,2.001435128,0.9011810000010883,0.450310442029816,0.44551691312324326,11299.406437,0.45544300000074145,11300.307618,27.799999237060547
core,2.00151578,29.517807999975048,14.749730817897794,14.985200624149131,149952.163728,14.525170999986585,149981.681536,27.799999237060547
uncore,2.001593991,0.009032999999995184,0.004513692835122186,0.0,42.066115,0.009032999999995184,42.075148,27.799999237060547
package-0,2.764659262,44.88495599999442,16.235979620103247,16.388295100229925,186144.264375,32.375892999989446,186189.149331,27.799999237060547
dram,2.764744896,1.241573999999673,0.44910749518941867,0.44595354056711967,11299.406437,0.9011810000010883,11300.648011,27.799999237060547
core,2.764823069,40.94270599997253,14.809971969394727,14.967915655545983,149952.163728,29.517807999975048,149993.106434,27.799999237060547
uncore,2.764899348,0.009032999999995184,0.0032674556684055274,0.0,42.066115,0.009032999999995184,42.075148,27.799999237060547
