zone,time_elapsed,power_j,watts,watts_since_last,start_power,prev_power,prev_power_reading,temp
package-0,0.000421111,0.0,0.0,0.0,192710.089851,0.0,192710.089851,27.799999237060547
dram,0.00057565,0.0,0.0,0.0,11479.130586,0.0,11479.130586,27.799999237060547
core,0.000698303,0.008301000023493543,31.323346377470827,0.0,155945.058604,0.0,155945.066905,27.799999237060547
uncore,0.000821114,0.0,0.0,0.0,43.22163,0.0,43.22163,27.799999237060547
package-0,1.001168346,15.811910999997053,15.797296526048394,15.80148020589094,192710.089851,0.0,192725.901762,27.799999237060547
dram,1.00137267,0.4562980000009702,0.45587625747827065,0.45599698954821455,11479.130586,0.0,11479.586884,27.799999237060547
core,1.001563693,14.373071000009077,14.35978640261336,14.355293855182369,155945.058604,0.008301000023493543,155959.431675,27.799999237060547
uncore,1.001692381,0.00903300000000229,0.00902465106968145,0.009027041114756822,43.22163,0.0,43.230663,27.799999237060547
package-0,2.002003385,32.606606000015745,16.288679300639306,16.780088922636782,192710.089851,15.811910999997053,192742.696457,27.799999237060547
dram,2.002212253,0.9030739999998332,0.4511319813762806,0.44638744606392367,11479.130586,0.4562980000009702,11480.03366,27.799999237060547
core,2.002418193,29.754684000014095,14.863997355868902,15.368235857417051,155945.058604,14.373071000009077,155974.813288,27.799999237060547
uncore,2.002627457,0.00903300000000229,0.004512448800179972,0.0,43.22163,0.00903300000000229,43.230663,27.799999237060547
package-0,2.786211479,45.659734999993816,16.388801944160594,16.644368919991148,192710.089851,32.606606000015745,192755.749586,27.799999237060547
dram,2.786385993,1.2531100000014703,0.4497829784661247,0.4463395956107581,11479.130586,0.9030739999998332,11480.383696,27.799999237060547
core,2.786561009,41.67414899999858,14.958242183238854,15.19880580273108,155945.058604,29.754684000014095,155986.732753,27.799999237060547
uncore,2.786733614,0.00903300000000229,0.003242245009999734,0.0,43.22163,0.00903300000000229,43.230663,27.799999237060547
