zone,time_elapsed,power_j,watts,watts_since_last,start_power,prev_power,prev_power_reading,temp
package-0,0.000536374,0.0,0.0,0.0,195444.447658,0.0,195444.447658,27.799999237060547
dram,0.000677069,0.0,0.0,0.0,11553.765405,0.0,11553.765405,27.799999237060547
core,0.000766161,0.009216000005835667,26.08496295243419,0.0,158441.799588,0.0,158441.808804,27.799999237060547
uncore,0.000852657,0.0,0.0,0.0,43.694773,0.0,43.694773,27.799999237060547
package-0,1.001156537,16.55360800001654,16.53751534383545,16.54335454467323,195444.447658,0.0,195461.001266,27.799999237060547
dram,1.001256637,0.45580899999913527,0.4553658834579424,0.4555266677591448,11553.765405,0.0,11554.221214,27.799999237060547
core,1.001341631,15.123801000008825,15.109098336417658,15.105222888593199,158441.799588,0.009216000005835667,158456.923389,27.799999237060547
uncore,1.001425446,0.007384999999999309,0.007377820642731867,0.0073804256638358426,43.694773,0.0,43.702158,27.799999237060547
package-0,2.001634314,33.40335700000287,16.688942200249777,16.84043260322331,195444.447658,16.55360800001654,195477.851015,27.799999237060547
dram,2.00172607,0.9010589999998047,0.4501859370005928,0.44500381676917167,11553.765405,0.45580899999913527,11554.666464,27.799999237060547
core,2.00181134,30.530744000017876,15.25373099317165,15.39842434528645,158441.799588,15.123801000008825,158472.330332,27.799999237060547
uncore,2.001894248,0.007384999999999309,0.003689684187994113,0.0,43.694773,0.007384999999999309,43.702158,27.799999237060547
package-0,2.754468857,46.060307000007015,16.722697447024377,16.812441216335134,195444.447658,33.40335700000287,195490.507965,27.799999237060547
dram,2.75457289,1.2368740000001708,0.44906061268958836,0.4460687564593279,11553.765405,0.9010589999998047,11555.002279,27.799999237060547
core,2.754762396,42.107130999997025,15.28745373049867,15.37711106819826,158441.799588,30.530744000017876,158483.906719,27.799999237060547
uncore,2.7549610319999998,0.007384999999999309,0.0026812048961428908,0.0,43.694773,0.007384999999999309,43.702158,27.799999237060547
