zone,time_elapsed,power_j,watts,watts_since_last,start_power,prev_power,prev_power_reading,temp
package-0,0.000565259,0.0,0.0,0.0,200659.846661,0.0,200659.846661,27.799999237060547
dram,0.000732037,0.0,0.0,0.0,11695.941554,0.0,11695.941554,27.799999237060547
core,0.000866881,0.008850000012898818,21.465994015957158,0.0,163204.040082,0.0,163204.048932,27.799999237060547
uncore,0.001000469,0.0,0.0,0.0,44.614326,0.0,44.614326,27.799999237060547
package-0,1.001341142,15.882649000006495,15.865130088757285,15.871666441695501,200659.846661,0.0,200675.72931,27.799999237060547
dram,1.001543841,0.456053999998403,0.4555509624036783,0.45573864708416667,11695.941554,0.0,11696.397608,27.799999237060547
core,1.001738298,14.447106000006897,14.431170524267179,14.428272212753663,163204.040082,0.008850000012898818,163218.487188,27.799999237060547
uncore,1.001932385,0.008484000000002823,0.008474641961363405,0.008478133470766392,44.614326,0.0,44.62281,27.799999237060547
package-0,2.002237734,32.59757199999876,16.282193362197443,16.699327614828075,200659.846661,15.882649000006495,200692.444233,27.799999237060547
dram,2.002417798,0.9018539999997301,0.45046794320961625,0.4453840589463655,11695.941554,0.456053999998403,11696.843408,27.799999237060547
core,2.002545317,29.73753400001442,14.8536301631046,15.276161699529464,163204.040082,14.447106000006897,163233.777616,27.799999237060547
uncore,2.002691495,0.008484000000002823,0.00423768152072597,0.0,44.614326,0.008484000000002823,44.62281,27.799999237060547
package-0,2.7827080239999997,45.539678000001004,16.366257789865408,16.581890024581487,200659.846661,32.59757199999876,200705.386339,27.799999237060547
dram,2.782880193,1.2494479999986652,0.4490323375367182,0.4453498898236284,11695.941554,0.9018539999997301,11697.191002,27.799999237060547
core,2.783052367,41.57386800000677,14.941006851430352,15.165135309667052,163204.040082,29.73753400001442,163245.61395,27.799999237060547
uncore,2.783224002,0.008484000000002823,0.00304901872800377,0.0,44.614326,0.008484000000002823,44.62281,27.799999237060547
