zone,time_elapsed,power_j,watts,watts_since_last,start_power,prev_power,prev_power_reading,temp
package-0,0.000418955,0.0,0.0,0.0,195172.442923,0.0,195172.442923,27.799999237060547
dram,0.000537305,0.0,0.0,0.0,11546.297589,0.0,11546.297589,27.799999237060547
core,0.000625415,0.007689999998547137,30.855776323897928,0.0,158193.570182,0.0,158193.577872,27.799999237060547
uncore,0.000710971,0.0,0.0,0.0,43.650217,0.0,43.650217,27.799999237060547
package-0,1.001048645,16.361529999994673,16.34817808329413,16.352250130749972,195172.442923,0.0,195188.804453,27.799999237060547
dram,1.001265344,0.4578849999998056,0.4575113404228328,0.4576252985581244,11546.297589,0.0,11546.755474,27.799999237060547
core,1.001472362,14.923301000002539,14.91112275800138,14.907151221500092,158193.570182,0.007689999998547137,158208.493483,27.799999237060547
uncore,1.001682969,0.007812999999998738,0.007806624158302921,0.0078085686529053506,43.650217,0.0,43.65803,27.799999237060547
package-0,2.001988431,32.8187630000175,16.39471489462966,16.44124446522395,195172.442923,16.361529999994673,195205.261686,27.799999237060547
dram,2.002190961,0.9036849999993137,0.45143864592136684,0.4453668962807165,11546.297589,0.4578849999998056,11547.201274,27.799999237060547
core,2.002378509,29.956039000011515,14.9646322372764,15.018133390920974,158193.570182,14.923301000002539,158223.526221,27.799999237060547
uncore,2.002530258,0.007812999999998738,0.003903008394059598,0.0,43.650217,0.007812999999998738,43.65803,27.799999237060547
package-0,2.754515787,45.197394000017084,16.409305810950844,16.448115882716852,195172.442923,32.8187630000175,195217.640317,27.799999237060547
dram,2.7546925890000002,1.2390720000003057,0.44985583393997924,0.44564574560573433,11546.297589,0.9036849999993137,11547.536661,27.799999237060547
core,2.754861478,41.26948600000469,14.983244751557478,15.03275178724281,158193.570182,29.956039000011515,158234.839668,27.799999237060547
uncore,2.755032622,0.007812999999998738,0.0028365773987077607,0.0,43.650217,0.007812999999998738,43.65803,27.799999237060547
