zone,time_elapsed,power_j,watts,watts_since_last,start_power,prev_power,prev_power_reading,temp
package-0,0.000575269,0.018371000012848526,43.12734907505095,0.0,189106.326067,0.0,189106.344438,27.799999237060547
dram,0.000795445,0.0,0.0,0.0,11380.330424,0.0,11380.330424,27.799999237060547
core,0.000954406,0.011595999996643513,27.222510444709883,0.0,152656.27967,0.0,152656.291266,27.799999237060547
uncore,0.001096725,0.0,0.0,0.0,42.592847,0.0,42.592847,27.799999237060547
package-0,1.00143345,15.774679000023752,15.755760239404768,15.74410976290469,189106.326067,0.018371000012848526,189122.100746,27.799999237060547
dram,1.001648497,0.45562600000084785,0.4550795623062495,0.45527326292692405,11380.330424,0.0,11380.78605,27.799999237060547
core,1.001843887,14.339318000013009,14.322120684956307,14.316629747304118,152656.27967,0.011595999996643513,152670.618988,27.799999237060547
uncore,1.002049998,0.008301000000003,0.00829104451172346,0.008294573522035024,42.592847,0.0,42.601148,27.799999237060547
package-0,2.002356945,32.27848200002336,16.121857856666526,16.488045095005543,189106.326067,15.774679000023752,189138.604549,27.799999237060547
dram,2.002568169,0.9015479999998206,0.4502884834221319,0.44549623167692315,11380.330424,0.45562600000084785,11381.231972,27.799999237060547
core,2.002774131,29.41319300001487,14.690756419604721,15.059482396664169,152656.27967,14.339318000013009,152685.692863,27.799999237060547
uncore,2.002980864,0.008301000000003,0.004146029607840306,0.0,42.592847,0.008301000000003,42.601148,27.799999237060547
package-0,2.80273026,45.489935000019614,16.23159870730507,16.506110175423693,189106.326067,32.27848200002336,189151.816002,27.799999237060547
dram,2.802902851,1.2582359999996697,0.4489604531435479,0.4456384491736605,11380.330424,0.9015479999998206,11381.58866,27.799999237060547
core,2.803076712,41.472183000005316,14.797995028388488,15.066247258664983,152656.27967,29.41319300001487,152697.751853,27.799999237060547
uncore,2.803248527,0.008301000000003,0.0029619409407670074,0.0,42.592847,0.008301000000003,42.601148,27.799999237060547
