zone,time_elapsed,power_j,watts,watts_since_last,start_power,prev_power,prev_power_reading,temp
package-0,0.00052563,0.019958000018959865,56.919588800204956,0.0,200202.551567,0.0,200202.571525,27.799999237060547
dram,0.000720201,0.0006709999997838167,1.913670910730009,0.0,11683.48956,0.0,11683.490231,27.799999237060547
core,0.000895281,0.011962999997194856,34.11810001053761,0.0,162786.432142,0.0,162786.444105,27.799999237060547
uncore,0.001012109,0.0,0.0,0.0,44.535164,0.0,44.535164,27.799999237060547
package-0,1.001346167,16.07759500000975,16.05947162932451,16.045155778168912,200202.551567,0.019958000018959865,200218.629162,27.799999237060547
dram,1.001562272,0.4568469999994704,0.4563320220113183,0.45582142517365104,11683.48956,0.0006709999997838167,11683.946407,27.799999237060547
core,1.001768358,14.64162499998929,14.625120317708829,14.618290709396778,162786.432142,0.011962999997194856,162801.073767,27.799999237060547
uncore,1.001975568,0.007872999999996466,0.00786412520887225,0.007866880503123815,44.535164,0.0,44.543037,27.799999237060547
package-0,2.002281115,32.73221600000397,16.34909673215399,16.638772768597406,200202.551567,16.07759500000975,200235.283783,27.799999237060547
dram,2.002487025,0.9025239999991754,0.45079294903453143,0.445252901953629,11683.48956,0.4568469999994704,11684.392084,27.799999237060547
core,2.002682722,29.86735499999486,14.918155129748616,15.211241475035495,162786.432142,14.64162499998929,162816.299497,27.799999237060547
uncore,2.002887566,0.007872999999996466,0.00393240832127513,0.0,44.535164,0.007872999999996466,44.543037,27.799999237060547
package-0,2.767746103,45.5123339999991,16.44486889004055,16.695353866345517,200202.551567,32.73221600000397,200248.063901,27.799999237060547
dram,2.767918343,1.2437100000006467,0.4493869263493138,0.4457095782894725,11683.48956,0.9025239999991754,11684.73327,27.799999237060547
core,2.768089204,41.542740000004414,15.01054445226055,15.252181873520755,162786.432142,29.86735499999486,162827.974882,27.799999237060547
uncore,2.768260581,0.007872999999996466,0.0028447333149566375,0.0,44.535164,0.007872999999996466,44.543037,27.799999237060547
