zone,time_elapsed,power_j,watts,watts_since_last,start_power,prev_power,prev_power_reading,temp
package-0,0.000619953,0.01800599999842234,38.27309808554235,0.0,196721.90972,0.0,196721.927726,27.799999237060547
dram,0.000769901,0.0007330000007641502,1.558046258380929,0.0,11588.633113,0.0,11588.633846,27.799999237060547
core,0.000880761,0.010070999996969476,21.406662820020102,0.0,159608.191682,0.0,159608.201753,27.799999237060547
uncore,0.000967395,0.0,0.0,0.0,43.927255,0.0,43.927255,27.799999237060547
package-0,1.001205267,16.495075000013458,16.477190048279024,16.46694222575281,196721.90972,0.01800599999842234,196738.404795,27.799999237060547
dram,1.00130574,0.4566030000005412,0.45610792358428964,0.45558982319266933,11588.633113,0.0007330000007641502,11589.089716,27.799999237060547
core,1.001391469,15.050682000000961,15.034363145970888,15.031367070008745,159608.191682,0.010070999996969476,159623.242364,27.799999237060547
uncore,1.001475062,0.006408999999997889,0.006402050976991576,0.006405061041179028,43.927255,0.0,43.933664,27.799999237060547
package-0,2.00168323,33.36295199999586,16.668341913293876,16.85960744682777,196721.90972,16.495075000013458,196755.272672,27.799999237060547
dram,2.00177433,0.901730999999927,0.45051051303305084,0.4449097739797976,11588.633113,0.4566030000005412,11589.534844,27.799999237060547
core,2.001858983,30.476545999990776,15.226275212821042,15.418301400244502,159608.191682,15.050682000000961,159638.668228,27.799999237060547
uncore,2.00194207,0.006408999999997889,0.0032019769510287497,0.0,43.927255,0.006408999999997889,43.933664,27.799999237060547
package-0,2.7589444,46.08398900000611,16.704150761168094,16.798800227142802,196721.90972,33.36295199999586,196767.993709,27.799999237060547
dram,2.759048523,1.2391939999997703,0.4491729958170147,0.4456376882674808,11588.633113,0.901730999999927,11589.872307,27.799999237060547
core,2.759240225,42.116957999998704,15.26621352230749,15.371777925778483,159608.191682,30.476545999990776,159650.30864,27.799999237060547
uncore,2.759439453,0.006408999999997889,0.00232308236659541,0.0,43.927255,0.006408999999997889,43.933664,27.799999237060547
