zone,time_elapsed,power_j,watts,watts_since_last,start_power,prev_power,prev_power_reading,temp
package-0,0.000421254,0.0,0.0,0.0,199379.721642,0.0,199379.721642,27.799999237060547
dram,0.000540605,0.0,0.0,0.0,11661.053521,0.0,11661.053521,27.799999237060547
core,0.000626759,0.005615000001853332,18.54800349440201,0.0,162035.085494,0.0,162035.091109,27.799999237060547
uncore,0.000714296,0.0,0.0,0.0,44.387337,0.0,44.387337,27.799999237060547
package-0,1.001063975,16.141499000019394,16.128290655745417,16.13317062174884,199379.721642,0.0,199395.863141,27.799999237060547
dram,1.001280693,0.4558710000001156,0.455497967662009,0.45563578850392356,11661.053521,0.0,11661.509392,27.799999237060547
core,1.001488921,14.703330999996979,14.691299486825747,14.690132556935655,162035.085494,0.005615000001853332,162049.788825,27.799999237060547
uncore,1.001694577,0.009032999999995184,0.009025608432841066,0.009028339327469182,44.387337,0.0,44.39637,27.799999237060547
package-0,2.002002436,32.596168999996735,16.283422515563217,16.438529123300874,199379.721642,16.141499000019394,199412.317811,27.799999237060547
dram,2.002209976,0.9016090000004624,0.450398949976098,0.44530076229895077,11661.053521,0.4558710000001156,11661.95513,27.799999237060547
core,2.002416358,29.73033099999884,14.851792589508806,15.01225956741843,162035.085494,14.703330999996979,162064.815825,27.799999237060547
uncore,2.002623455,0.009032999999995184,0.004512436893520181,0.0,44.387337,0.009032999999995184,44.39637,27.799999237060547
package-0,2.757981165,44.98938700000872,16.313477898271785,16.393060675077546,199379.721642,32.596168999996735,199424.711029,27.799999237060547
dram,2.7581537320000002,1.2387670000007347,0.4491858952338362,0.44597388273868127,11661.053521,0.9016090000004624,11662.292288,27.799999237060547
core,2.75832635,41.045610000001034,14.883435765772278,14.967222815114472,162035.085494,29.73033099999884,162076.131104,27.799999237060547
uncore,2.7584984329999997,0.009032999999995184,0.0032754312890500574,0.0,44.387337,0.009032999999995184,44.39637,27.799999237060547
