zone,time_elapsed,power_j,watts,watts_since_last,start_power,prev_power,prev_power_reading,temp
package-0,0.000391414,0.0,0.0,0.0,188515.914614,0.0,188515.914614,27.799999237060547
dram,0.000507399,0.0,0.0,0.0,11364.154623,0.0,11364.154623,27.799999237060547
core,0.000595163,0.005858999997144565,22.007204259250667,0.0,152117.375898,0.0,152117.381757,27.799999237060547
uncore,0.000680277,0.0,0.0,0.0,42.495679,0.0,42.495679,27.799999237060547
package-0,1.001019419,15.829366999998456,15.816958848852872,15.821167632409455,188515.914614,0.0,188531.743981,27.799999237060547
dram,1.001156389,0.45599199999924167,0.4556345619755249,0.45575580318697256,11364.154623,0.0,11364.610615,27.799999237060547
core,1.001928332,14.403588000015588,14.392297472924838,14.390271198798851,152117.375898,0.005858999997144565,152131.779486,27.799999237060547
uncore,1.002014848,0.007140999999997177,0.007135402390987886,0.007137301072304552,42.495679,0.0,42.50282,27.799999237060547
package-0,2.002325392,32.25785199998063,16.111872549608908,16.4066248786204,188515.914614,15.829366999998456,188548.172466,27.799999237060547
dram,2.00249672,0.9018529999993916,0.4504497259917171,0.4452677270616839,11364.154623,0.45599199999924167,11365.056476,27.799999237060547
core,2.002630829,29.39634800000931,14.682633313600208,14.972810287457955,152117.375898,14.403588000015588,152146.772246,27.799999237060547
uncore,2.002787843,0.007140999999997177,0.003566724835763423,0.0,42.495679,0.007140999999997177,42.50282,27.799999237060547
package-0,2.7764892789999998,44.928412999986904,16.182734871773018,16.36598791236372,188515.914614,32.25785199998063,188560.843027,27.799999237060547
dram,2.776662187,1.2468840000001364,0.44911430964329674,0.4456608650082787,11364.154623,0.9018529999993916,11365.401507,27.799999237060547
core,2.776837258,40.96412799999234,14.754841722930273,14.941575803353249,152117.375898,29.39634800000931,152158.340026,27.799999237060547
uncore,2.777008618,0.007140999999997177,0.0025721119888948477,0.0,42.495679,0.007140999999997177,42.50282,27.799999237060547
