zone,time_elapsed,power_j,watts,watts_since_last,start_power,prev_power,prev_power_reading,temp
package-0,0.000754679,0.0,0.0,0.0,202714.080415,0.0,202714.080415,27.799999237060547
dram,0.000977881,0.0007929999992484227,1.4263949607578108,0.0,11752.02979,0.0,11752.030583,27.799999237060547
core,0.001121511,0.011413000000175089,20.528935312493978,0.0,165079.711794,0.0,165079.723207,27.799999237060547
uncore,0.001266107,0.0,0.0,0.0,44.981574,0.0,44.981574,27.799999237060547
package-0,1.001547928,16.427021000010427,16.40429734082219,16.413409704024485,202714.080415,0.0,202730.507436,27.799999237060547
dram,1.001648238,0.45580899999913527,0.4551784749410066,0.45463897744331166,11752.02979,0.0007929999992484227,11752.485599,27.799999237060547
core,1.001733731,14.986411999998381,14.965681149362574,14.962590837630968,165079.711794,0.011413000000175089,165094.698206,27.799999237060547
uncore,1.001817323,0.007506999999996822,0.007496615493303495,0.007500779760857518,44.981574,0.0,44.989081,27.799999237060547
package-0,2.002021861,33.18869700000505,16.578478171526097,16.752808001595824,202714.080415,16.427021000010427,202747.269112,27.799999237060547
dram,2.002112485,0.9015479999998206,0.45034289350310325,0.4455031755677176,11752.02979,0.45580899999913527,11752.931338,27.799999237060547
core,2.002196891,30.3122999999905,15.141655120673057,15.317779625254168,165079.711794,14.986411999998381,165110.024094,27.799999237060547
uncore,2.002279794,0.007506999999996822,0.0037499102671483243,0.0,44.981574,0.007506999999996822,44.989081,27.799999237060547
package-0,2.764279009,45.94025099999271,16.619995082466513,16.729033188979106,202714.080415,33.18869700000505,202760.020666,27.799999237060547
dram,2.7643813980000003,1.241269000000102,0.449059032699301,0.44568715969860445,11752.02979,0.9015479999998206,11753.271059,27.799999237060547
core,2.764576237,41.98377900000196,15.188645802642743,15.312059969777273,165079.711794,30.3122999999905,165121.695573,27.799999237060547
uncore,2.7647730299999997,0.007506999999996822,0.002715838515641612,0.0,44.981574,0.007506999999996822,44.989081,27.799999237060547
