zone,time_elapsed,power_j,watts,watts_since_last,start_power,prev_power,prev_power_reading,temp
package-0,0.000643482,0.0,0.0,0.0,187237.107707,0.0,187237.107707,27.799999237060547
dram,0.000798536,0.0,0.0,0.0,11329.297535,0.0,11329.297535,27.799999237060547
core,0.000937791,0.00921699998434633,18.744712320110814,0.0,150949.735515,0.0,150949.744732,27.799999237060547
uncore,0.00104677,0.0,0.0,0.0,42.266493,0.0,42.266493,27.799999237060547
package-0,1.001379688,15.525229000020772,15.50737961839551,15.514999758984676,187237.107707,0.0,187252.632936,27.799999237060547
dram,1.001596418,0.4563579999994545,0.45583332444718266,0.45605731548261164,11329.297535,0.0,11329.753893,27.799999237060547
core,1.001790783,14.088220999983605,14.072023748848087,14.069727645656016,150949.735515,0.00921699998434633,150963.823736,27.799999237060547
uncore,1.002001536,0.009765000000001578,0.009753773163246353,0.009758566050543096,42.266493,0.0,42.276258,27.799999237060547
package-0,2.002307047,32.02512600002228,15.995711741631297,16.484139036741755,187237.107707,15.525229000020772,187269.132833,27.799999237060547
dram,2.002434443,0.9020970000001398,0.4505738267815891,0.44531330408358655,11329.297535,0.4563579999994545,11330.199632,27.799999237060547
core,2.003233304,29.169908999989275,14.569605624443765,15.067284474614016,150949.735515,14.088220999983605,150978.905424,27.799999237060547
uncore,2.003319193,0.009765000000001578,0.004877361767661622,0.0,42.266493,0.009765000000001578,42.276258,27.799999237060547
package-0,2.793136756,45.00086200001533,16.11245066366435,16.40799765393364,187237.107707,32.02512600002228,187282.108569,27.799999237060547
dram,2.793326793,1.25506200000018,0.44937193769390277,0.4463291247544223,11329.297535,0.9020970000001398,11330.552597,27.799999237060547
core,2.793517622,41.00294700000086,14.681006790539543,14.963040227020779,150949.735515,29.169908999989275,150990.738462,27.799999237060547
uncore,2.793706145,0.009765000000001578,0.0034963348197786567,0.0,42.266493,0.009765000000001578,42.276258,27.799999237060547
