zone,time_elapsed,power_j,watts,watts_since_last,start_power,prev_power,prev_power_reading,temp
package-0,0.000478472,0.018004999999902793,46.38981356448659,0.0,14566.444765,0.0,14566.46277,27.799999237060547
dram,0.000597329,0.0006710000016028062,1.7288289350898325,0.0,37752.845613,0.0,37752.846284,27.799999237060547
core,0.000698469,0.006346999987727031,16.35302116778924,0.0,155654.516196,0.0,155654.522543,27.799999237060547
uncore,0.000838971,0.0,0.0,0.0,35.126496,0.0,35.126496,27.799999237060547
package-0,1.001167142,17.136248000000705,17.12009448892653,17.108740514670366,14566.444765,0.018004999999902793,14583.581013,27.799999237060547
dram,1.001384068,0.45593100000405684,0.4555012159312758,0.45500728122333883,37752.845613,0.0006710000016028062,37753.301544,27.799999237060547
core,1.001592389,15.699910999974236,15.685111454227602,15.684852366339754,155654.516196,0.006346999987727031,155670.216107,27.799999237060547
uncore,1.001798713,0.007080999999999449,0.007074325084235144,0.007077069275413707,35.126496,0.0,35.133577,27.799999237060547
package-0,2.002117429,34.42276300000049,17.194989061260934,17.269882169243996,14566.444765,17.136248000000705,14600.867528,27.799999237060547
dram,2.002323643,0.9017920000042068,0.45046655829471727,0.445431999096636,37752.845613,0.45593100000405684,37753.747405,27.799999237060547
core,2.002533448,31.560892999987118,15.765416910269453,15.845720796165446,155654.516196,15.699910999974236,155686.077089,27.799999237060547
uncore,2.002728222,0.007080999999999449,0.003537127962179488,0.0,35.126496,0.007080999999999449,35.133577,27.799999237060547
package-0,2.029478954,34.89279399999941,17.194800639459263,17.18101276775485,14566.444765,34.42276300000049,14601.337559,27.799999237060547
dram,2.029669949,0.9150970000046073,0.4509501440568714,0.4863368051945109,37752.845613,0.9017920000042068,37753.76071,27.799999237060547
core,2.02985689,31.99509599999874,15.766845646133929,15.871394199561665,155654.516196,31.560892999987118,155686.511292,27.799999237060547
uncore,2.030047253,0.007080999999999449,0.003489442070130687,0.0,35.126496,0.007080999999999449,35.133577,27.799999237060547
