zone,time_elapsed,power_j,watts,watts_since_last,start_power,prev_power,prev_power_reading,temp
package-0,0.000497732,0.0,0.0,0.0,16955.749928,0.0,16955.749928,27.799999237060547
dram,0.000637723,0.0,0.0,0.0,37815.576409,0.0,37815.576409,27.799999237060547
core,0.000726541,0.005858999997144565,17.960162089450023,0.0,157844.71231,0.0,157844.718169,27.799999237060547
uncore,0.000865311,0.0,0.0,0.0,35.630585,0.0,35.630585,27.799999237060547
package-0,1.001196586,16.314227999999275,16.298168404184192,16.30348172305634,16955.749928,0.0,16972.064156,27.799999237060547
dram,1.001414501,0.4558709999982966,0.4554222442248827,0.4555707151171343,37815.576409,0.0,37816.03228,27.799999237060547
core,1.001622031,14.896141000004718,14.881477357712567,14.880473684583118,157844.71231,0.005858999997144565,157859.608451,27.799999237060547
uncore,1.00181684,0.007567999999999131,0.007560550121210595,0.007563014914348487,35.630585,0.0,35.638153,27.799999237060547
package-0,2.002123828,33.75760399999854,16.862618607669116,17.42709773140451,16955.749928,16.314227999999275,16989.507532,27.799999237060547
dram,2.002319309,0.9011820000014268,0.45015897343073247,0.4448954329668953,37815.576409,0.4558709999982966,37816.477591,27.799999237060547
core,2.002525421,30.909405999991577,15.439885033531407,15.998321320004912,157844.71231,14.896141000004718,157875.621716,27.799999237060547
uncore,2.002732675,0.007567999999999131,0.0037803719014782786,0.0,35.630585,0.007567999999999131,35.638153,27.799999237060547
package-0,2.069944271,34.93448100000023,16.878775250722256,17.35576654366472,16955.749928,33.75760399999854,16990.684409,27.799999237060547
dram,2.070134607,0.932066000001214,0.45033251053193196,0.4554558326231845,37815.576409,0.9011820000014268,37816.508475,27.799999237060547
core,2.070326467,31.984659000008833,15.453553488661713,15.857086206670466,157844.71231,30.909405999991577,157876.696969,27.799999237060547
uncore,2.07051671,0.007567999999999131,0.0036565183578210455,0.0,35.630585,0.007567999999999131,35.638153,27.799999237060547
