zone,time_elapsed,power_j,watts,watts_since_last,start_power,prev_power,prev_power_reading,temp
package-0,0.000670261,0.01690599999983533,36.74187021429932,0.0,8061.143914,0.0,8061.16082,27.799999237060547
dram,0.000789444,0.0007320000004256144,1.5908582167731538,0.0,37581.872906,0.0,37581.873638,27.799999237060547
core,0.000889756,0.00909400000819005,19.76402271578199,0.0,149691.93417,0.0,149691.943264,27.799999237060547
uncore,0.00106705,0.0,0.0,0.0,33.763463,0.0,33.763463,27.799999237060547
package-0,1.001412379,16.83076699999947,16.81099046675942,16.801826255096938,8061.143914,0.01690599999983533,8077.974681,27.799999237060547
dram,1.001615367,0.4567250000036438,0.45618833776215867,0.45566661694150185,37581.872906,0.0007320000004256144,37582.329631,27.799999237060547
core,1.001821975,15.39906900000642,15.38097474441222,15.378959420460383,149691.93417,0.00909400000819005,149707.333239,27.799999237060547
uncore,1.002027229,0.007750999999998953,0.007741892399071223,0.007745452118537296,33.763463,0.0,33.771214,27.799999237060547
package-0,2.002347848,34.37936699999955,17.171374127394834,17.53183709175133,8061.143914,16.83076699999947,8095.523281,27.799999237060547
dram,2.002556712,0.9025850000034552,0.4508118115390025,0.4454341021919075,37581.872906,0.4567250000036438,37582.775491,27.799999237060547
core,2.002763602,31.51951199999894,15.742969696472304,16.10504430682395,149691.93417,15.39906900000642,149723.453682,27.799999237060547
uncore,2.002969043,0.007750999999998953,0.003871372060498413,0.0,33.763463,0.007750999999998953,33.771214,27.799999237060547
package-0,2.046169067,35.15060600000015,17.180278791127193,17.586823939177414,8061.143914,34.37936699999955,8096.29452,27.799999237060547
dram,2.04634356,0.9222389999995357,0.4507553335507873,0.4481768137132466,37581.872906,0.9025850000034552,37582.795145,27.799999237060547
core,2.046519559,32.22251300001517,15.749138341767946,16.030769730707835,149691.93417,31.51951199999894,149724.156683,27.799999237060547
uncore,2.046691298,0.007750999999998953,0.003788393887434211,0.0,33.763463,0.007750999999998953,33.771214,27.799999237060547
