zone,time_elapsed,power_j,watts,watts_since_last,start_power,prev_power,prev_power_reading,temp
package-0,0.000678613,0.0,0.0,0.0,16920.821977,0.0,16920.821977,27.799999237060547
dram,0.000815536,0.0006710000016028062,1.401054448197121,0.0,37814.653621,0.0,37814.654292,27.799999237060547
core,0.00093195,0.008301000023493543,17.332567778866302,0.0,157812.724233,0.0,157812.732534,27.799999237060547
uncore,0.001018691,0.0,0.0,0.0,35.623566,0.0,35.623566,27.799999237060547
package-0,1.001353268,16.69978700000138,16.680849981655456,16.688833617832987,16920.821977,0.0,16937.521764,27.799999237060547
dram,1.001491605,0.45587000000523403,0.4553530581691822,0.45490043520099577,37814.653621,0.0006710000016028062,37815.109491,27.799999237060547
core,1.002418951,15.275107000023127,15.257785522719534,15.256792509371957,157812.724233,0.008301000023493543,157827.99934,27.799999237060547
uncore,1.002613232,0.00701900000000677,0.007011040681018441,0.007014396241321703,35.623566,0.0,35.630585,27.799999237060547
package-0,2.00291939,34.16367000000173,17.058650366525267,17.43628187145002,16920.821977,16.69978700000138,16954.985647,27.799999237060547
dram,2.003110262,0.9022190000032424,0.4504972233688767,0.4456435591675094,37814.653621,0.45587000000523403,37815.55584,27.799999237060547
core,2.003237157,31.29398700001184,15.625756331441027,15.993562654120558,157812.724233,15.275107000023127,157844.01822,27.799999237060547
uncore,2.003364083,0.00701900000000677,0.003504736666837909,0.0,35.623566,0.00701900000000677,35.630585,27.799999237060547
package-0,2.045617344,34.89505300000019,17.05991768098427,17.11932583207754,16920.821977,34.16367000000173,16955.71703,27.799999237060547
dram,2.045790464,0.921384000001126,0.4504574098969024,0.44859106587960806,37814.653621,0.9022190000032424,37815.575005,27.799999237060547
core,2.045962622,31.974161000020104,15.631916494836036,15.920687695329976,157812.724233,31.29398700001184,157844.698394,27.799999237060547
uncore,2.046134655,0.00701900000000677,0.0034315340401673395,0.0,35.623566,0.00701900000000677,35.630585,27.799999237060547
