zone,time_elapsed,power_j,watts,watts_since_last,start_power,prev_power,prev_power_reading,temp
package-0,0.000629997,0.0,0.0,0.0,9707.303396,0.0,9707.303396,27.799999237060547
dram,0.000770744,0.0,0.0,0.0,37625.300651,0.0,37625.300651,27.799999237060547
core,0.000859776,0.011718999972799793,25.07966463315676,0.0,151200.234996,0.0,151200.246715,27.799999237060547
uncore,0.000999219,0.0,0.0,0.0,34.11887,0.0,34.11887,27.799999237060547
package-0,1.001248803,16.753070000000662,16.734577588912654,16.74239218779266,9707.303396,0.0,9724.056466,27.799999237060547
dram,1.001349953,0.4558099999994738,0.4553068667887838,0.45551948288335575,37625.300651,0.0,37625.756461,27.799999237060547
core,1.001435007,15.316305999993347,15.299399520947919,15.294832399466307,151200.234996,0.011718999972799793,151215.551302,27.799999237060547
uncore,1.001518179,0.006042000000000769,0.006035330706086653,0.006038149043647053,34.11887,0.0,34.124912,27.799999237060547
package-0,2.001726006,34.26755100000082,17.11992159720607,17.505493469586952,9707.303396,16.753070000000662,9741.570947,27.799999237060547
dram,2.001817226,0.9010600000037812,0.45016571375184833,0.44502152061536515,37625.300651,0.4558099999994738,37626.201711,27.799999237060547
core,2.001901433,31.41392099999939,15.694260280835417,16.089354532316896,151200.234996,15.316305999993347,151231.648917,27.799999237060547
uncore,2.001983889,0.006042000000000769,0.0030185573019306153,0.0,34.11887,0.006042000000000769,34.124912,27.799999237060547
package-0,2.054713979,35.19882300000063,17.132553144574686,17.61067354256484,9707.303396,34.26755100000082,9742.502219,27.799999237060547
dram,2.054903596,0.9253520000056596,0.4504026261768797,0.45937006774514266,37625.300651,0.9010600000037812,37626.226003,27.799999237060547
core,2.055094628,32.26847199999611,15.706244252375816,16.15985306808068,151200.234996,31.41392099999939,151232.503468,27.799999237060547
uncore,2.055286554,0.006042000000000769,0.0029408621447237476,0.0,34.11887,0.006042000000000769,34.124912,27.799999237060547
