zone,time_elapsed,power_j,watts,watts_since_last,start_power,prev_power,prev_power_reading,temp
package-0,0.00032694,0.0,0.0,0.0,16078.003151,0.0,16078.003151,27.799999237060547
dram,0.000457383,0.0,0.0,0.0,37792.494254,0.0,37792.494254,27.799999237060547
core,0.000543822,0.006530999991809949,31.139740200875163,0.0,157040.23152,0.0,157040.238051,27.799999237060547
uncore,0.000627106,0.0,0.0,0.0,35.446991,0.0,35.446991,27.799999237060547
package-0,1.000974578,16.8264339999987,16.81417409628396,16.817698735915975,16078.003151,0.0,16094.829585,27.799999237060547
dram,1.001185527,0.45544299999892246,0.45511115979275996,0.4552065616139611,37792.494254,0.0,37792.949697,27.799999237060547
core,1.001379156,15.405418000009377,15.394193462394012,15.390892831762713,157040.23152,0.006530999991809949,157055.636938,27.799999237060547
uncore,1.001586369,0.007630000000006021,0.007624440707683979,0.0076260389667323495,35.446991,0.0,35.454621,27.799999237060547
package-0,2.001901414,34.44320999999945,17.206933327625126,17.59959562674184,16078.003151,16.8264339999987,16112.446361,27.799999237060547
dram,2.00210844,0.901121000002604,0.4501766521519897,0.44524336233823414,37792.494254,0.45544299999892246,37793.395375,27.799999237060547
core,2.002314264,31.594462999986717,15.783773299959527,16.17325698996887,157040.23152,15.405418000009377,157071.825983,27.799999237060547
uncore,2.002518666,0.007630000000006021,0.003811749871451743,0.0,35.446991,0.007630000000006021,35.454621,27.799999237060547
package-0,2.075319861,35.7396549999994,17.22274093794554,17.653610492840933,16078.003151,34.44320999999945,16113.742806,27.799999237060547
dram,2.075475127,0.9348730000056094,0.4505100983480909,0.45959887338641164,37792.494254,0.901121000002604,37793.429127,27.799999237060547
core,2.075589454,32.773171000008006,15.793208799808978,16.050393126721293,157040.23152,31.594462999986717,157073.004691,27.799999237060547
uncore,2.07567588,0.007630000000006021,0.003676854557119546,0.0,35.446991,0.007630000000006021,35.454621,27.799999237060547
