zone,time_elapsed,power_j,watts,watts_since_last,start_power,prev_power,prev_power_reading,temp
package-0,0.000479662,0.0,0.0,0.0,8726.122497,0.0,8726.122497,27.799999237060547
dram,0.000635572,0.0,0.0,0.0,37599.472104,0.0,37599.472104,27.799999237060547
core,0.000837174,0.008360999985598028,22.28049273864864,0.0,150301.041803,0.0,150301.050164,27.799999237060547
uncore,0.000975668,0.0,0.0,0.0,33.907322,0.0,33.907322,27.799999237060547
package-0,1.001326171,16.99251000000004,16.97392765690622,16.98029273032145,8726.122497,0.0,8743.115007,27.799999237060547
dram,1.001542335,0.45599200000287965,0.4554933450194728,0.4556641510132181,37599.472104,0.0,37599.928096,27.799999237060547
core,1.00173651,15.557576999999583,15.5405638434075,15.53803642941713,150301.041803,0.008360999985598028,150316.59938,27.799999237060547
uncore,1.00193354,0.006957999999997355,0.00695039100384277,0.006952997339270742,33.907322,0.0,33.91428,27.799999237060547
package-0,2.002255218,34.43149099999937,17.198206193183967,17.422518305649657,8726.122497,16.99251000000004,8760.553988,27.799999237060547
dram,2.00246328,0.9036839999971562,0.45138166585445394,0.447269371140062,37599.472104,0.45599200000287965,37600.375788,27.799999237060547
core,2.002668655,31.567118000006303,15.767478796915517,15.994427721303012,150301.041803,15.557576999999583,150332.608921,27.799999237060547
uncore,2.002875944,0.006957999999997355,0.003475455613935823,0.0,33.907322,0.006957999999997355,33.91428,27.799999237060547
package-0,2.035121427,35.005097999999634,17.20201573113012,17.43382090196205,8726.122497,34.43149099999937,8761.127595,27.799999237060547
dram,2.035293709,0.9191869999995106,0.4517018987874866,0.47118763453730245,37599.472104,0.9036839999971562,37600.391291,27.799999237060547
core,2.03546967,32.09030999999959,15.76964639370074,15.901541691816998,150301.041803,31.567118000006303,150333.132113,27.799999237060547
uncore,2.035641842,0.006957999999997355,0.003419262687313692,0.0,33.907322,0.006957999999997355,33.91428,27.799999237060547
