zone,time_elapsed,power_j,watts,watts_since_last,start_power,prev_power,prev_power_reading,temp
package-0,0.000641634,0.0,0.0,0.0,15585.725664,0.0,15585.725664,27.799999237060547
dram,0.000858259,0.0007939999995869584,1.7351853623498834,0.0,37779.590539,0.0,37779.591333,27.799999237060547
core,0.001013059,0.011778999993111938,25.74149670251829,0.0,156588.909495,0.0,156588.921274,27.799999237060547
uncore,0.001134694,0.0,0.0,0.0,35.34433,0.0,35.34433,27.799999237060547
package-0,1.001386764,17.044146000000183,17.023023355975432,17.030806790889287,15585.725664,0.0,15602.76981,27.799999237060547
dram,1.001487609,0.456054000002041,0.45548881672456226,0.45490370122750456,37779.590539,0.0007939999995869584,37780.046593,27.799999237060547
core,1.001572599,15.61128800001461,15.591941082944542,15.587300402853966,156588.909495,0.011778999993111938,156604.520783,27.799999237060547
uncore,1.001656381,0.007203000000004067,0.00719407339230484,0.007197362737613459,35.34433,0.0,35.351533,27.799999237060547
package-0,2.001866093,34.75418300000092,17.361841483467675,17.700905103058073,15585.725664,17.044146000000183,15620.479847,27.799999237060547
dram,2.001973784,0.9019760000010137,0.4505922160192753,0.44569206746136947,37779.590539,0.456054000002041,37780.492515,27.799999237060547
core,2.002059907,31.88804099999834,15.930028136764847,16.268360152980808,156588.909495,15.61128800001461,156620.797536,27.799999237060547
uncore,2.002142786,0.007203000000004067,0.0035983393482587394,0.0,35.34433,0.007203000000004067,35.351533,27.799999237060547
package-0,2.03661701,35.361909000001106,17.36401147326456,17.48901623384909,15585.725664,34.75418300000092,15621.087573,27.799999237060547
dram,2.036720102,0.9176619999998366,0.4506061450634796,0.45140854369154143,37779.590539,0.9019760000010137,37780.508201,27.799999237060547
core,2.036910886,32.45627600001171,15.937237688260183,16.352552202591493,156588.909495,31.88804099999834,156621.365771,27.799999237060547
uncore,2.037105108,0.007203000000004067,0.003536940685017637,0.0,35.34433,0.007203000000004067,35.351533,27.799999237060547
