zone,time_elapsed,power_j,watts,watts_since_last,start_power,prev_power,prev_power_reading,temp
package-0,0.000408034,0.0,0.0,0.0,18322.656035,0.0,18322.656035,27.799999237060547
dram,0.000524807,0.0,0.0,0.0,37851.524803,0.0,37851.524803,27.799999237060547
core,0.000610895,0.005188000010093674,17.00080616227995,0.0,159097.510617,0.0,159097.515805,27.799999237060547
uncore,0.000697025,0.0,0.0,0.0,35.924651,0.0,35.924651,27.799999237060547
package-0,1.000939084,17.48585599999933,17.4718298945093,17.477158981192794,18322.656035,0.0,18340.141891,27.799999237060547
dram,1.001039855,0.4568470000012894,0.45648054472367394,0.4566197759551391,37851.524803,0.0,37851.98165,27.799999237060547
core,1.001126597,16.04274400000577,16.02987547245449,16.029579328670984,159097.510617,0.005188000010093674,159113.553361,27.799999237060547
uncore,1.00121156,0.007752000000003534,0.0077457818102987346,0.007748144352914348,35.924651,0.0,35.932403,27.799999237060547
package-0,2.001427601,35.15670999999929,17.566805308596393,17.6618083105938,18322.656035,17.48585599999933,18357.812745,27.799999237060547
dram,2.001522926,0.902219999996305,0.45081360245191443,0.44514501407945956,37851.524803,0.4568470000012894,37852.427023,27.799999237060547
core,2.001611626,32.29831800001557,16.13854834827887,16.247252790773224,159097.510617,16.04274400000577,159129.808935,27.799999237060547
uncore,2.00169893,0.007752000000003534,0.0038734533109697706,0.0,35.924651,0.007752000000003534,35.932403,27.799999237060547
package-0,2.036241434,35.77780200000052,17.571455437495572,17.838749243759885,18322.656035,35.15670999999929,18358.433837,27.799999237060547
dram,2.036332025,0.9185769999967306,0.4511382454783189,0.46979903361691444,37851.524803,0.902219999996305,37852.44338,27.799999237060547
core,2.036416863,32.86441700000432,16.14061251708083,16.25926289168538,159097.510617,32.29831800001557,159130.375034,27.799999237060547
uncore,2.036499469,0.007752000000003534,0.0038072188602174552,0.0,35.924651,0.007752000000003534,35.932403,27.799999237060547
