zone,time_elapsed,power_j,watts,watts_since_last,start_power,prev_power,prev_power_reading,temp
package-0,0.000375318,0.0,0.0,0.0,10447.19353,0.0,10447.19353,27.799999237060547
dram,0.000492129,0.0,0.0,0.0,37644.62537,0.0,37644.62537,27.799999237060547
core,0.000578344,0.005188000010093674,21.179919126404574,0.0,151878.765425,0.0,151878.770613,27.799999237060547
uncore,0.000662373,0.0,0.0,0.0,34.268955,0.0,34.268955,27.799999237060547
package-0,1.000991565,17.058917000000292,17.04585719718767,17.050030387761947,10447.19353,0.0,10464.252447,27.799999237060547
dram,1.00118492,0.4563579999958165,0.4560086257951032,0.4561202664639733,37644.62537,0.0,37645.081728,27.799999237060547
core,1.001385274,15.640218000015011,15.628244311238246,15.626885142453588,151878.765425,0.005188000010093674,151894.405643,27.799999237060547
uncore,1.001551796,0.00634700000000521,0.00634214092434104,0.006343693616142927,34.268955,0.0,34.275302,27.799999237060547
package-0,2.001856511,34.66379099999904,17.317548378741535,17.589205729016598,10447.19353,17.058917000000292,10481.857321,27.799999237060547
dram,2.002044457,0.9016090000004624,0.4504313298051335,0.4448547283060728,37644.62537,0.4563579999958165,37645.526979,27.799999237060547
core,2.002244036,31.817423000000417,15.895542472241601,16.162807348989805,151878.765425,15.640218000015011,151910.582848,27.799999237060547
uncore,2.002431038,0.00634700000000521,0.003170873017321325,0.0,34.268955,0.00634700000000521,34.275302,27.799999237060547
package-0,2.040639179,35.3525099999988,17.325734292517406,17.747978443250286,10447.19353,34.66379099999904,10482.54604,27.799999237060547
dram,2.040813872,0.9195529999997234,0.4506591171569715,0.46240879832366494,37644.62537,0.9016090000004624,37645.544923,27.799999237060547
core,2.040985713,32.444619000016246,15.900620578744263,16.162558442525242,151878.765425,31.817423000000417,151911.210044,27.799999237060547
uncore,2.041157747,0.00634700000000521,0.003110569392518437,0.0,34.268955,0.00634700000000521,34.275302,27.799999237060547
