zone,time_elapsed,power_j,watts,watts_since_last,start_power,prev_power,prev_power_reading,temp
package-0,0.00040425,0.0,0.0,0.0,18393.798126,0.0,18393.798126,27.799999237060547
dram,0.000521146,0.0,0.0,0.0,37853.359332,0.0,37853.359332,27.799999237060547
core,0.000609549,0.005188000010093674,17.986472044673828,0.0,159162.836682,0.0,159162.84187,27.799999237060547
uncore,0.000694801,0.0,0.0,0.0,35.938872,0.0,35.938872,27.799999237060547
package-0,1.001036017,16.04152400000021,16.02873675467943,16.03335771388244,18393.798126,0.0,18409.83965,27.799999237060547
dram,1.001206831,0.456054000002041,0.45569046382071876,0.4558218358105858,37853.359332,0.0,37853.815386,27.799999237060547
core,1.001423496,14.603295000008075,14.591654216024159,14.590675516646412,159162.836682,0.005188000010093674,159177.439977,27.799999237060547
uncore,1.001637382,0.007812999999998738,0.007806771991507074,0.007809022622697297,35.938872,0.0,35.946685,27.799999237060547
package-0,2.001942183,33.21890899999926,16.594993407009845,17.161166736407807,18393.798126,16.04152400000021,18427.017035,27.799999237060547
dram,2.002129897,0.9017319999984466,0.45047345157736385,0.44525720700138566,37853.359332,0.456054000002041,37854.261064,27.799999237060547
core,2.002260925,30.353804000013042,15.163688165011584,15.73563794095504,159162.836682,14.603295000008075,159193.190486,27.799999237060547
uncore,2.002400875,0.007812999999998738,0.003903098788974372,0.0,35.938872,0.007812999999998738,35.946685,27.799999237060547
package-0,2.073341751,34.43448199999693,16.609889478519033,17.027577331483414,18393.798126,33.21890899999926,18428.232608,27.799999237060547
dram,2.073530549,0.9340190000002622,0.45053537790528125,0.4522718004871544,37853.359332,0.9017319999984466,37854.293351,27.799999237060547
core,2.073714542,31.470257000008132,15.180059645757748,15.639118172597941,159162.836682,30.353804000013042,159194.306939,27.799999237060547
uncore,2.073874901,0.007812999999998738,0.0037686951845437894,0.0,35.938872,0.007812999999998738,35.946685,27.799999237060547
