zone,time_elapsed,power_j,watts,watts_since_last,start_power,prev_power,prev_power_reading,temp
package-0,0.000676074,0.0,0.0,0.0,18112.001911,0.0,18112.001911,27.799999237060547
dram,0.000851741,0.0,0.0,0.0,37845.995093,0.0,37845.995093,27.799999237060547
core,0.000994546,0.009399000002304092,18.134914973516526,0.0,158904.389407,0.0,158904.398806,27.799999237060547
uncore,0.001107897,0.0,0.0,0.0,35.880828,0.0,35.880828,27.799999237060547
package-0,1.001456403,17.269182,17.248275916706188,17.257209189865,18112.001911,0.0,18129.271093,27.799999237060547
dram,1.001620907,0.45587100000557257,0.4553191222676838,0.45555494236432936,37845.995093,0.0,37846.450964,27.799999237060547
core,1.001791508,15.834554000000935,15.815384678324646,15.814183340995214,158904.389407,0.009399000002304092,158920.223961,27.799999237060547
uncore,1.001992851,0.008423000000000513,0.008412803110559903,0.008417160292030147,35.880828,0.0,35.889251,27.799999237060547
package-0,2.002287201,34.73385899999994,17.348727154748662,17.449211083697225,18112.001911,17.269182,18146.73577,27.799999237060547
dram,2.002493578,0.9015480000016396,0.4503015420468488,0.4452823289019504,37845.995093,0.45587100000557257,37846.896641,27.799999237060547
core,2.002698322,31.872781999991275,15.919688007619134,16.02402528144641,158904.389407,15.834554000000935,158936.262189,27.799999237060547
uncore,2.002904371,0.008423000000000513,0.00420708591073791,0.0,35.880828,0.008423000000000513,35.889251,27.799999237060547
package-0,2.026266306,35.139986000001954,17.343910641389563,16.941645937800878,18112.001911,34.73385899999994,18147.141897,27.799999237060547
dram,2.026458305,0.9130839999997988,0.4506674335066092,0.4812258911776744,37845.995093,0.9015480000016396,37846.908177,27.799999237060547
core,2.026646476,32.258522999996785,15.92171779280513,16.091241029909746,158904.389407,31.872781999991275,158936.64793,27.799999237060547
uncore,2.026838061,0.008423000000000513,0.004157308410208959,0.0,35.880828,0.008423000000000513,35.889251,27.799999237060547
