zone,time_elapsed,power_j,watts,watts_since_last,start_power,prev_power,prev_power_reading,temp
package-0,0.000624529,0.0,0.0,0.0,19761.213815,0.0,19761.213815,27.799999237060547
dram,0.000843373,0.0007329999934881926,1.7171745415125017,0.0,37889.427538,0.0,37889.428271,27.799999237060547
core,0.001001007,0.012756999989505857,29.885396729416996,0.0,160415.775369,0.0,160415.788126,27.799999237060547
uncore,0.001150924,0.0,0.0,0.0,36.232756,0.0,36.232756,27.799999237060547
package-0,1.001394495,17.138322999999218,17.116596681315865,17.123896990103802,19761.213815,0.0,19778.352138,27.799999237060547
dram,1.001491844,0.4562979999973322,0.4557195492491161,0.4551815327767378,37889.427538,0.0007329999934881926,37889.883836,27.799999237060547
core,1.001578115,15.702535999997053,15.682629834074474,15.676572287360631,160415.775369,0.012756999989505857,160431.477905,27.799999237060547
uncore,1.001662077,0.008606000000000336,0.008595090140349019,0.008598755986618165,36.232756,0.0,36.241362,27.799999237060547
package-0,2.001871303,34.68777699999919,17.328611067959443,17.54078976197862,19761.213815,17.138322999999218,19795.901592,27.799999237060547
dram,2.001966072,0.9020979999986594,0.4506516917230301,0.44557990669757375,37889.427538,0.4562979999973322,37890.329636,27.799999237060547
core,2.002840731,31.829996999993455,15.900979711303362,16.119498805800276,160415.775369,15.702535999997053,160447.605366,27.799999237060547
uncore,2.002924166,0.008606000000000336,0.004299209685615434,0.0,36.232756,0.008606000000000336,36.241362,27.799999237060547
package-0,2.035049254,35.26510699999926,17.329923327810985,17.409134348113042,19761.213815,34.68777699999919,19796.478922,27.799999237060547
dram,2.035245014,0.9176619999998366,0.4509560144208037,0.4693256318128113,37889.427538,0.9020979999986594,37890.3452,27.799999237060547
core,2.035439677,32.34854999999516,15.896673481404378,15.636739548690587,160415.775369,31.829996999993455,160448.123919,27.799999237060547
uncore,2.035631314,0.008606000000000336,0.004229146962722963,0.0,36.232756,0.008606000000000336,36.241362,27.799999237060547
