zone,time_elapsed,power_j,watts,watts_since_last,start_power,prev_power,prev_power_reading,temp
package-0,0.000603596,0.0,0.0,0.0,7459.434578,0.0,7459.434578,27.799999237060547
dram,0.000822232,0.0,0.0,0.0,37566.022361,0.0,37566.022361,27.799999237060547
core,0.00097917,0.012940000015078112,30.78028257697595,0.0,149140.55344,0.0,149140.56638,27.799999237060547
uncore,0.001104936,0.0,0.0,0.0,33.639501,0.0,33.639501,27.799999237060547
package-0,1.001354113,16.7703419999998,16.749862629706826,16.756898610520526,7459.434578,0.0,7476.20492,27.799999237060547
dram,1.001455409,0.4562359999981709,0.45567886013871256,0.4558702735125427,37566.022361,0.0,37566.478597,27.799999237060547
core,1.001541191,15.334129000024404,15.315403484115919,15.308907276058036,149140.55344,0.012940000015078112,149155.887569,27.799999237060547
uncore,1.001624384,0.009215999999995006,0.009204745734779666,0.009208612298692258,33.639501,0.0,33.648717,27.799999237060547
package-0,2.001834746,34.350864,17.160616390419637,17.57166517788394,7459.434578,16.7703419999998,7493.785442,27.799999237060547
dram,2.001926301,0.9022189999959664,0.45072037079122074,0.44575831997419574,37566.022361,0.4562359999981709,37566.92458,27.799999237060547
core,2.002010706,31.49790600000415,15.735367878012275,16.1556339142616,149140.55344,15.334129000024404,149172.051346,27.799999237060547
uncore,2.002092989,0.009215999999995006,0.004604025117214568,0.0,33.639501,0.009215999999995006,33.648717,27.799999237060547
package-0,2.051372411,35.228180999999495,17.173907745042566,17.711014891125767,7459.434578,34.350864,7494.662759,27.799999237060547
dram,2.051474929,0.9246189999976195,0.4507562114908192,0.4522045436150494,37566.022361,0.9022189999959664,37566.94698,27.799999237060547
core,2.051620334,32.29526700000861,15.74409805773603,16.096886923073452,149140.55344,31.49790600000415,149172.848707,27.799999237060547
uncore,2.051770212,0.009215999999995006,0.004492844344652049,0.0,33.639501,0.009215999999995006,33.648717,27.799999237060547
