zone,time_elapsed,power_j,watts,watts_since_last,start_power,prev_power,prev_power_reading,temp
package-0,0.000720486,0.0,0.0,0.0,12665.578232,0.0,12665.578232,27.799999237060547
dram,0.000879723,0.0,0.0,0.0,37702.98136,0.0,37702.98136,27.799999237060547
core,0.001012319,0.009703999996418133,18.091820081879533,0.0,153911.904019,0.0,153911.913723,27.799999237060547
uncore,0.001121187,0.0,0.0,0.0,34.727755,0.0,34.727755,27.799999237060547
package-0,1.001456813,15.969198000000688,15.949647177684636,15.95819627586434,12665.578232,0.0,12681.54743,27.799999237060547
dram,1.001659509,0.45727500000066357,0.4567151658577977,0.4569599676863009,37702.98136,0.0,37703.438635,27.799999237060547
core,1.001867472,14.533410000003641,14.515616988948459,14.51370012451808,153911.904019,0.009703999996418133,153926.437429,27.799999237060547
uncore,1.002075442,0.007567999999999131,0.00755873462403674,0.0075627861471642,34.727755,0.0,34.735323,27.799999237060547
package-0,2.002382999,33.23032299999977,16.597050682116205,17.24462827125595,12665.578232,15.969198000000688,12698.808555,27.799999237060547
dram,2.002516327,0.903135000000475,0.45107528349336257,0.44543388458280303,37702.98136,0.45727500000066357,37703.884495,27.799999237060547
core,2.002699613,30.366133000003174,15.166516690822945,15.81759141752179,153911.904019,14.533410000003641,153942.270152,27.799999237060547
uncore,2.002876498,0.007567999999999131,0.003779875373532839,0.0,34.727755,0.007567999999999131,34.735323,27.799999237060547
package-0,2.081471528,34.58499499999925,16.61734664536213,17.131233843968324,12665.578232,33.23032299999977,12700.163227,27.799999237060547
dram,2.081660639,0.9391460000042571,0.45123946476431004,0.4553964812295311,37702.98136,0.903135000000475,37703.920506,27.799999237060547
core,2.081851056,31.60679099999834,15.186383643961655,15.68940844596725,153911.904019,30.366133000003174,153943.51081,27.799999237060547
uncore,2.082043088,0.007567999999999131,0.003636261315408282,0.0,34.727755,0.007567999999999131,34.735323,27.799999237060547
