zone,time_elapsed,power_j,watts,watts_since_last,start_power,prev_power,prev_power_reading,temp
package-0,0.00055606,0.0,0.0,0.0,9671.886799,0.0,9671.886799,27.799999237060547
dram,0.000810576,0.0,0.0,0.0,37624.371759,0.0,37624.371759,27.799999237060547
core,0.001010167,0.013121999974828213,34.1248643790929,0.0,151167.770114,0.0,151167.783236,27.799999237060547
uncore,0.00115678,0.0,0.0,0.0,34.110752,0.0,34.110752,27.799999237060547
package-0,1.001405009,16.83198900000025,16.810793917407594,16.81725249570408,9671.886799,0.0,9688.718788,27.799999237060547
dram,1.001506923,0.4556880000018282,0.4551141911194364,0.4552890425066837,37624.371759,0.0,37624.827447,27.799999237060547
core,1.001592306,15.395406999974512,15.376020882094325,15.368817719989734,151167.770114,0.013121999974828213,151183.165521,27.799999237060547
uncore,1.001675965,0.008118000000003178,0.008107777697666406,0.008110892643773541,34.110752,0.0,34.11887,27.799999237060547
package-0,2.001887954,34.39633599999979,17.182900211340158,17.555283400288094,9671.886799,16.83198900000025,9706.283135,27.799999237060547
dram,2.001980311,0.9024639999988722,0.45083141577369173,0.4465454534914064,37624.371759,0.4556880000018282,37625.274223,27.799999237060547
core,2.00206531,31.544107999972766,15.75805225356771,16.140367905592647,151167.770114,15.395406999974512,151199.314222,27.799999237060547
uncore,2.002148706,0.008118000000003178,0.004055396595605848,0.0,34.110752,0.008118000000003178,34.11887,27.799999237060547
package-0,2.057854224,35.382111999999324,17.194621352076222,17.613860576762242,9671.886799,34.39633599999979,9707.268911,27.799999237060547
dram,2.057958157,0.9282820000007632,0.4511165839382751,0.46131641712150834,37624.371759,0.9024639999988722,37625.300041,27.799999237060547
core,2.058147051,32.449257000000216,15.769343765324784,16.173216113687925,151167.770114,31.544107999972766,151200.219371,27.799999237060547
uncore,2.058341884,0.008118000000003178,0.0039450990414651365,0.0,34.110752,0.008118000000003178,34.11887,27.799999237060547
