zone,time_elapsed,power_j,watts,watts_since_last,start_power,prev_power,prev_power_reading,temp
package-0,0.000516126,0.0,0.0,0.0,16430.468252,0.0,16430.468252,27.799999237060547
dram,0.000732997,0.0,0.0,0.0,37801.741423,0.0,37801.741423,27.799999237060547
core,0.00091332,0.011473999998997897,33.17153272775549,0.0,157363.344463,0.0,157363.355937,27.799999237060547
uncore,0.00108655,0.0,0.0,0.0,35.518036,0.0,35.518036,27.799999237060547
package-0,1.001382786,16.830218000002787,16.810658261174844,16.81646830057678,16430.468252,0.0,16447.29847,27.799999237060547
dram,1.001567117,0.4558699999979581,0.4553401971077369,0.455497570153181,37801.741423,0.0,37802.197293,27.799999237060547
core,1.001763348,15.394797000015387,15.376905478430258,15.370755363196512,157363.344463,0.011473999998997897,157378.73926,27.799999237060547
uncore,1.001933114,0.007750999999998953,0.007741991944627636,0.007744667704110038,35.518036,0.0,35.525787,27.799999237060547
package-0,2.002172626,34.11337700000149,17.039611903619488,17.26863937259647,16430.468252,16.830218000002787,16464.581629,27.799999237060547
dram,2.002357603,0.9016090000004624,0.4503531693393378,0.44536453349446137,37801.741423,0.4558699999979581,37802.643032,27.799999237060547
core,2.00252482,31.248638000019128,15.608676444932406,15.840522146418332,157363.344463,15.394797000015387,157394.593101,27.799999237060547
uncore,2.002755825,0.007750999999998953,0.0038716199766716452,0.0,35.518036,0.007750999999998953,35.525787,27.799999237060547
package-0,2.0365437809999998,34.703951999999845,17.04188563233261,17.17426084079076,16430.468252,34.11337700000149,16465.172204,27.799999237060547
dram,2.036679135,0.917355999998108,0.450481145089814,0.45793182139482996,37801.741423,0.9016090000004624,37802.658779,27.799999237060547
core,2.03680918,31.794535000022734,15.613173658250396,15.874998891407929,157363.344463,31.248638000019128,157395.138998,27.799999237060547
uncore,2.036937929,0.007750999999998953,0.003806242457233482,0.0,35.518036,0.007750999999998953,35.525787,27.799999237060547
