zone,time_elapsed,power_j,watts,watts_since_last,start_power,prev_power,prev_power_reading,temp
package-0,0.000509875,0.0,0.0,0.0,15055.941498,0.0,15055.941498,27.799999237060547
dram,0.000730545,0.0,0.0,0.0,37765.761961,0.0,37765.761961,27.799999237060547
core,0.00093138,0.012329000019235536,36.422667251314735,0.0,156103.007418,0.0,156103.019747,27.799999237060547
uncore,0.001076722,0.0,0.0,0.0,35.234284,0.0,35.234284,27.799999237060547
package-0,1.001330685,16.78389199999947,16.764040057291705,16.769709856373932,15055.941498,0.0,15072.72539,27.799999237060547
dram,1.001431417,0.45587100000557257,0.4553317970022261,0.45548579566817604,37765.761961,0.0,37766.217832,27.799999237060547
core,1.001516925,15.348167000018293,15.330013229012522,15.322879440855926,156103.007418,0.012329000019235536,156118.355585,27.799999237060547
uncore,1.00160051,0.008849999999995362,0.008839532243591564,0.008842521879242086,35.234284,0.0,35.243134,27.799999237060547
package-0,2.001811828,34.452487000000474,17.21159438499887,17.659446700232415,15055.941498,16.78389199999947,15090.393985,27.799999237060547
dram,2.001936205,0.9016710000068997,0.45045211165263216,0.4455691773446955,37765.761961,0.45587100000557257,37766.663632,27.799999237060547
core,2.002800417,31.596721000008984,15.7849256498703,16.240140957369135,156103.007418,15.348167000018293,156134.604139,27.799999237060547
uncore,2.002884296,0.008849999999995362,0.004421237001182471,0.0,35.234284,0.008849999999995362,35.243134,27.799999237060547
package-0,2.101145262,36.20968499999981,17.234214967018513,17.690054212742258,15055.941498,34.452487000000474,15092.151183,27.799999237060547
dram,2.101248134,0.9465310000014142,0.450507059836932,0.4516143495991229,37765.761961,0.9016710000068997,37766.708492,27.799999237060547
core,2.101425076,33.20273499999894,15.803039227845648,16.168055464584015,156103.007418,31.596721000008984,156136.210153,27.799999237060547
uncore,2.101543098,0.008849999999995362,0.004212210143723557,0.0,35.234284,0.008849999999995362,35.243134,27.799999237060547
