zone,time_elapsed,power_j,watts,watts_since_last,start_power,prev_power,prev_power_reading,temp
package-0,0.000409262,0.0,0.0,0.0,11644.980625,0.0,11644.980625,27.799999237060547
dram,0.000533238,0.0,0.0,0.0,37676.247664,0.0,37676.247664,27.799999237060547
core,0.000649293,0.007507000002078712,28.230613319489585,0.0,152976.170147,0.0,152976.177654,27.799999237060547
uncore,0.000832008,0.0,0.0,0.0,34.518771,0.0,34.518771,27.799999237060547
package-0,1.001145205,16.379108999999517,16.363708001667003,16.368056453511226,11644.980625,0.0,11661.359734,27.799999237060547
dram,1.001346525,0.45641999999497784,0.45599083601183027,0.456112009904178,37676.247664,0.0,37676.704084,27.799999237060547
core,1.001527052,14.945091000001412,14.931038384467179,14.92750418786897,152976.170147,0.007507000002078712,152991.115238,27.799999237060547
uncore,1.001720223,0.006102999999995973,0.006097261452629125,0.006098881724012951,34.518771,0.0,34.524874,27.799999237060547
package-0,2.002025294,33.69400599999972,16.831638911684884,17.299596337420375,11644.980625,16.379108999999517,11678.674631,27.799999237060547
dram,2.002218686,0.9020369999998366,0.45060718125879345,0.445223221436213,37676.247664,0.45641999999497784,37677.149701,27.799999237060547
core,2.002426335,30.83048800000688,15.401185643735982,15.871359544313782,152976.170147,14.945091000001412,153007.000635,27.799999237060547
uncore,2.002620709,0.006102999999995973,0.0030487171005414413,0.0,34.518771,0.006102999999995973,34.524874,27.799999237060547
package-0,2.059052011,34.67550999999912,16.84197137091113,17.204532077713267,11644.980625,33.69400599999972,11679.656135,27.799999237060547
dram,2.059224714,0.9280979999966803,0.450779237142997,0.45681659007325065,37676.247664,0.9020369999998366,37677.175762,27.799999237060547
core,2.05939597,31.729289000009885,15.410985359913825,15.754852385769025,152976.170147,30.83048800000688,153007.899436,27.799999237060547
uncore,2.059567438,0.006102999999995973,0.002964240505088617,0.0,34.518771,0.006102999999995973,34.524874,27.799999237060547
