zone,time_elapsed,power_j,watts,watts_since_last,start_power,prev_power,prev_power_reading,temp
package-0,0.000492784,0.0,0.0,0.0,17060.932581,0.0,17060.932581,27.799999237060547
dram,0.000668503,0.0007929999992484227,2.3991407846322557,0.0,37818.34868,0.0,37818.349473,27.799999237060547
core,0.000804846,0.00872799998614937,26.405675605153373,0.0,157941.097256,0.0,157941.105984,27.799999237060547
uncore,0.000925911,0.0,0.0,0.0,35.652618,0.0,35.652618,27.799999237060547
package-0,1.001279109,17.03706500000044,17.01952739818825,17.025149013080437,17060.932581,0.0,17077.969646,27.799999237060547
dram,1.001493844,0.4556869999942137,0.45521792523533416,0.45457584009160595,37818.34868,0.0007929999992484227,37818.804367,27.799999237060547
core,1.001702256,15.603231999994023,15.587170356172207,15.58359696257578,157941.097256,0.00872799998614937,157956.700488,27.799999237060547
uncore,1.001909999,0.007752000000003534,0.007744020251775294,0.007746578131236591,35.652618,0.0,35.66037,27.799999237060547
package-0,2.002205073,34.317660999997315,17.141555249189302,17.263588620295295,17060.932581,17.03706500000044,17095.250242,27.799999237060547
dram,2.002412241,0.9014869999955408,0.4502896982650038,0.4453612483592547,37818.34868,0.4556869999942137,37819.250167,27.799999237060547
core,2.002617923,31.456217999977525,15.712274177928384,15.837383658935448,157941.097256,15.603231999994023,157972.553474,27.799999237060547
uncore,2.002824419,0.007752000000003534,0.0038720977018738673,0.0,35.652618,0.007752000000003534,35.66037,27.799999237060547
package-0,2.029057567,34.78213699999833,17.143670961626626,17.301447805614718,17060.932581,34.317660999997315,17095.714718,27.799999237060547
dram,2.029247391,0.9142429999992601,0.45061869461782866,0.47515322271180394,37818.34868,0.9014869999955408,37819.262923,27.799999237060547
core,2.029436657,31.873942000005627,15.710258800317359,15.559964311660945,157941.097256,31.456217999977525,157972.971198,27.799999237060547
uncore,2.029625356,0.007752000000003534,0.0038208617628812335,0.0,35.652618,0.007752000000003534,35.66037,27.799999237060547
