zone,time_elapsed,power_j,watts,watts_since_last,start_power,prev_power,prev_power_reading,temp
package-0,0.000414654,0.0,0.0,0.0,18779.807331,0.0,18779.807331,27.799999237060547
dram,0.000536212,0.0,0.0,0.0,37863.559502,0.0,37863.559502,27.799999237060547
core,0.000628399,0.0073850000044330955,25.009651674759706,0.0,159516.472679,0.0,159516.480064,27.799999237060547
uncore,0.000716883,0.0,0.0,0.0,36.020903,0.0,36.020903,27.799999237060547
package-0,1.000970852,16.855791999998473,16.84192617691243,16.846896737439724,18779.807331,0.0,18796.663123,27.799999237060547
dram,1.001078453,0.4554430000061984,0.45506834587758416,0.455202650275637,37863.559502,0.0,37864.014945,27.799999237060547
core,1.001170185,15.431539999990491,15.418845787604324,15.416015251437209,159516.472679,0.0073850000044330955,159531.904219,27.799999237060547
uncore,1.001260395,0.006897000000002151,0.006891326426086166,0.006893360264422376,36.020903,0.0,36.0278,27.799999237060547
package-0,2.001474493,34.10568599999897,17.04122560455667,17.240581430978224,18779.807331,16.855791999998473,18813.913017,27.799999237060547
dram,2.001607491,0.9013030000060098,0.45034448980638064,0.4456192969540844,37863.559502,0.4554430000061984,37864.460805,27.799999237060547
core,2.001713052,31.247478000004776,15.613095193907512,15.807399569907,159516.472679,15.431539999990491,159547.720157,27.799999237060547
uncore,2.001802817,0.006897000000002151,0.0034461506798211757,0.0,36.020903,0.006897000000002151,36.0278,27.799999237060547
package-0,2.036334517,34.71188600000096,17.04811890879261,17.445138464152993,18779.807331,34.10568599999897,18814.519217,27.799999237060547
dram,2.03651837,0.9177220000055968,0.45072266546709544,0.4725036760718935,37863.559502,0.9013030000060098,37864.477224,27.799999237060547
core,2.036715575,31.80027199999313,15.618132025088354,15.908228096202798,159516.472679,31.247478000004776,159548.272951,27.799999237060547
uncore,2.036899052,0.006897000000002151,0.0033873375855744646,0.0,36.020903,0.006897000000002151,36.0278,27.799999237060547
