zone,time_elapsed,power_j,watts,watts_since_last,start_power,prev_power,prev_power_reading,temp
package-0,0.000662132,0.01635799999894516,28.923800512673676,0.0,8620.919641,0.0,8620.935999,27.799999237060547
dram,0.000792207,0.0,0.0,0.0,37596.706303,0.0,37596.706303,27.799999237060547
core,0.000999015,0.008728000015253201,15.432628153324082,0.0,150204.6311,0.0,150204.639828,27.799999237060547
uncore,0.001106266,0.0,0.0,0.0,33.884434,0.0,33.884434,27.799999237060547
package-0,1.001446908,16.63289199999963,16.61277902472385,16.605820953882137,8620.919641,0.01635799999894516,8637.552533,27.799999237060547
dram,1.001649147,0.45574800000031246,0.4551968963043351,0.4554541692084976,37596.706303,0.0,37597.162051,27.799999237060547
core,1.001859987,15.18172299998696,15.163364820342524,15.163212635298594,150204.6311,0.008728000015253201,150219.812823,27.799999237060547
uncore,1.002036407,0.007874000000001047,0.007864478530895043,0.007868923458458903,33.884434,0.0,33.892308,27.799999237060547
package-0,2.002342636,34.15665099999933,17.06008338314919,17.507514127790802,8620.919641,16.63289199999963,8655.076292,27.799999237060547
dram,2.00255381,0.9014870000028168,0.4502620408796334,0.4453257911074515,37596.706303,0.45574800000031246,37597.60779,27.799999237060547
core,2.00276012,31.29380400001537,15.630188850077847,16.09714478132871,150204.6311,15.18172299998696,150235.924904,27.799999237060547
uncore,2.002966878,0.007874000000001047,0.0039327947157037505,0.0,33.884434,0.007874000000001047,33.892308,27.799999237060547
package-0,2.058396961,35.139924999999494,17.072970455621427,17.53304825373256,8620.919641,34.15665099999933,8656.059566,27.799999237060547
dram,2.058573038,0.9273049999974319,0.45053741202653136,0.4603683609252126,37596.706303,0.9014870000028168,37597.633608,27.799999237060547
core,2.058744242,32.1963279999909,15.642803925260212,16.093171223606046,150204.6311,31.29380400001537,150236.827428,27.799999237060547
uncore,2.058915737,0.007874000000001047,0.0038256362063260785,0.0,33.884434,0.007874000000001047,33.892308,27.799999237060547
