zone,time_elapsed,power_j,watts,watts_since_last,start_power,prev_power,prev_power_reading,temp
package-0,0.000360225,0.0,0.0,0.0,16113.758431,0.0,16113.758431,27.799999237060547
dram,0.000489732,0.0,0.0,0.0,37793.429737,0.0,37793.429737,27.799999237060547
core,0.000576391,0.006469999992987141,28.569157642524072,0.0,157073.015921,0.0,157073.022391,27.799999237060547
uncore,0.000660067,0.0,0.0,0.0,35.454621,0.0,35.454621,27.799999237060547
package-0,1.000975896,17.35157900000013,17.338344416308683,17.342268889658058,16113.758431,0.0,16131.11001,27.799999237060547
dram,1.001154112,0.4551990000036312,0.4548518057072614,0.454954759815598,37793.429737,0.0,37793.884936,27.799999237060547
core,1.001349252,15.932332999975188,15.920180918917426,15.917317867471636,157073.015921,0.006469999992987141,157088.948254,27.799999237060547
uncore,1.001519333,0.006835999999999842,0.006830785972266993,0.006832332096675402,35.454621,0.0,35.461457,27.799999237060547
package-0,2.00182465,34.89962999999989,17.435644554754425,17.53293508521365,16113.758431,17.35157900000013,16148.658061,27.799999237060547
dram,2.001954251,0.9009379999988596,0.4501031883103491,0.445355039819778,37793.429737,0.4551990000036312,37794.330675,27.799999237060547
core,2.002813211,32.064492999983486,16.01922721748412,16.118263735638198,157073.015921,15.932332999975188,157105.080414,27.799999237060547
uncore,2.003017412,0.006835999999999842,0.0034152243498369148,0.0,35.454621,0.006835999999999842,35.461457,27.799999237060547
package-0,2.021215881,35.25863799999934,17.445796452600938,18.492494532444884,16113.758431,34.89962999999989,16149.017069,27.799999237060547
dram,2.021388983,0.9108259999993606,0.45067211614146424,0.5093306721475886,37793.429737,0.9009379999988596,37794.340563,27.799999237060547
core,2.021560577,32.370888999983435,16.016952795608848,15.782451518547647,157073.015921,32.064492999983486,157105.38681,27.799999237060547
uncore,2.021732329,0.006835999999999842,0.0033824183608561252,0.0,35.454621,0.006835999999999842,35.461457,27.799999237060547
