zone,time_elapsed,power_j,watts,watts_since_last,start_power,prev_power,prev_power_reading,temp
package-0,0.000598911,0.0,0.0,0.0,8691.313016,0.0,8691.313016,27.799999237060547
dram,0.000815363,0.0,0.0,0.0,37598.550048,0.0,37598.550048,27.799999237060547
core,0.000950099,0.00756800000090152,15.136211908769763,0.0,150269.153823,0.0,150269.161391,27.799999237060547
uncore,0.001100484,0.0,0.0,0.0,33.900425,0.0,33.900425,27.799999237060547
package-0,1.00145616,16.658465000000433,16.638363660434628,16.646676838910402,8691.313016,0.0,8707.971481,27.799999237060547
dram,1.001668812,0.4558099999994738,0.45525998584225824,0.45548745157100573,37598.550048,0.0,37599.005858,27.799999237060547
core,1.00187644,15.224813999986509,15.20644261006313,15.206477700073552,150269.153823,0.00756800000090152,150284.378637,27.799999237060547
uncore,1.002082885,0.006897000000002151,0.006888677568194335,0.006892119421447167,33.900425,0.0,33.907322,27.799999237060547
package-0,2.002399046,34.05942200000027,17.011096463101065,17.38391407140294,8691.313016,16.658465000000433,8725.372438,27.799999237060547
dram,2.002611846,0.9016090000004624,0.4503117425482979,0.4453623734105325,37598.550048,0.4558099999994738,37599.451657,27.799999237060547
core,2.002819034,31.199078000005102,15.582487730352467,15.958618409908793,150269.153823,15.224813999986509,150300.352901,27.799999237060547
uncore,2.003006986,0.006897000000002151,0.003444730574289949,0.0,33.900425,0.006897000000002151,33.907322,27.799999237060547
package-0,2.045638617,34.794527000000016,17.010618137472832,16.988485462666354,8691.313016,34.05942200000027,8726.107543,27.799999237060547
dram,2.045811145,0.9214460000002873,0.4504836648679452,0.4584387075588565,37598.550048,0.9016090000004624,37599.471494,27.799999237060547
core,2.045983101,31.87223300000187,15.58194438888598,15.556803356758802,150269.153823,31.199078000005102,150301.026056,27.799999237060547
uncore,2.046158164,0.006897000000002151,0.0033718588355630377,0.0,33.900425,0.006897000000002151,33.907322,27.799999237060547
