zone,time_elapsed,power_j,watts,watts_since_last,start_power,prev_power,prev_power_reading,temp
package-0,0.00041756,0.0,0.0,0.0,20077.977897,0.0,20077.977897,27.799999237060547
dram,0.000539092,0.0,0.0,0.0,37897.721951,0.0,37897.721951,27.799999237060547
core,0.00063024,0.006530999991809949,25.4192759605106,0.0,160706.215238,0.0,160706.221769,27.799999237060547
uncore,0.000723156,0.0,0.0,0.0,36.298307,0.0,36.298307,27.799999237060547
package-0,1.000974487,16.488970999998855,16.47533548514062,16.479566095148787,20077.977897,0.0,20094.466868,27.799999237060547
dram,1.00108204,0.45593100000405684,0.4555539689616172,0.45567094813828335,37897.721951,0.0,37898.177882,27.799999237060547
core,1.001175121,15.046837000001688,15.034394054381671,15.031727378163433,160706.215238,0.006530999991809949,160721.262075,27.799999237060547
uncore,1.001265905,0.007874000000001047,0.007867488614663916,0.007869508863423183,36.298307,0.0,36.306181,27.799999237060547
package-0,2.001537332,33.70419799999945,16.840316621954223,17.20539112523447,20077.977897,16.488970999998855,20111.682095,27.799999237060547
dram,2.001634864,0.9012430000002496,0.450306441747237,0.4450575721536894,37897.721951,0.45593100000405684,37898.623194,27.799999237060547
core,2.001726436,30.845257999986643,15.411846055664936,15.789394613608616,160706.215238,15.046837000001688,160737.060496,27.799999237060547
uncore,2.001816108,0.007874000000001047,0.003934247392009961,0.0,36.298307,0.007874000000001047,36.306181,27.799999237060547
package-0,2.051191211,34.56204499999876,16.850658813925396,17.26729875981997,20077.977897,33.70419799999945,20112.539942,27.799999237060547
dram,2.051284737,0.9243140000035055,0.45064751958381705,0.46438799662917446,37897.721951,0.9012430000002496,37898.646265,27.799999237060547
core,2.051371373,31.624370000005,15.418400996684115,15.682469801361627,160706.215238,30.845257999986643,160737.839608,27.799999237060547
uncore,2.051456767,0.007874000000001047,0.003838953612289752,0.0,36.298307,0.007874000000001047,36.306181,27.799999237060547
