zone,time_elapsed,power_j,watts,watts_since_last,start_power,prev_power,prev_power_reading,temp
package-0,0.000429643,0.0,0.0,0.0,37718.689938,0.0,37718.689938,27.799999237060547
dram,0.000569789,0.0,0.0,0.0,38371.775791,0.0,38371.775791,27.799999237060547
core,0.000658981,0.008545000018784776,36.58996128522946,0.0,176846.537628,0.0,176846.546173,27.799999237060547
uncore,0.000797709,0.0,0.0,0.0,41.819778,0.0,41.819778,27.799999237060547
package-0,0.60674447,9.487463999997999,15.64078004079599,15.646804027834294,37718.689938,0.0,37728.177402,27.799999237060547
dram,0.606854278,0.28009000000020023,0.4617489016696774,0.461926742505707,38371.775791,0.0,38372.055881,27.799999237060547
core,0.607042244,8.61679900001036,14.205424949695862,14.196803630529429,176846.537628,0.008545000018784776,176855.154427,27.799999237060547
uncore,0.607237621,0.007018999999999664,0.01157133614487127,0.011575792801046394,41.819778,0.0,41.826797,27.799999237060547
