zone,time_elapsed,power_j,watts,watts_since_last,start_power,prev_power,prev_power_reading,temp
package-0,0.00035447,0.0,0.0,0.0,38099.255554,0.0,38099.255554,27.799999237060547
dram,0.000467512,0.0,0.0,0.0,38383.151189,0.0,38383.151189,27.799999237060547
core,0.000549767,0.005919999995967373,25.207364620984166,0.0,177191.488832,0.0,177191.494752,27.799999237060547
uncore,0.000629773,0.0,0.0,0.0,42.107619,0.0,42.107619,27.799999237060547
package-0,0.613909952,9.413854999998875,15.337739196918621,15.34361024538019,38099.255554,0.0,38108.669409,27.799999237060547
dram,0.614006124,0.2829580000034184,0.4610158120912897,0.46119228178735044,38383.151189,0.0,38383.434147,27.799999237060547
core,0.614087735,8.53885799998534,13.912130263671251,13.907806623306449,177191.488832,0.005919999995967373,177200.02769,27.799999237060547
uncore,0.614167719,0.008056000000003394,0.013125422791241551,0.01313044699932702,42.107619,0.0,42.115675,27.799999237060547
package-0,0.000342339,0.0,0.0,0.0,38108.685827,0.0,38108.685827,27.799999237060547
dram,0.000442964,0.0,0.0,0.0,38383.435063,0.0,38383.435063,27.799999237060547
core,0.000523868,0.0043329999898560345,16.8305832240143,0.0,177200.039897,0.0,177200.04423,27.799999237060547
uncore,0.000603211,0.0,0.0,0.0,42.115675,0.0,42.115675,27.799999237060547
package-0,0.606727561,9.497901000002457,15.658287938487897,15.664936608838632,38108.685827,0.0,38118.183728,27.799999237060547
dram,0.606821883,0.28076100000180304,0.46286401384104714,0.4630605506691689,38383.435063,0.0,38383.715824,27.799999237060547
core,0.606903688,8.610694999981206,14.195635610454232,14.194516784555587,177200.039897,0.0043329999898560345,177208.650592,27.799999237060547
uncore,0.606983556,0.007507999999994297,0.012377727020111855,0.012382982730504423,42.115675,0.0,42.123183,27.799999237060547
