zone,time_elapsed,power_j,watts,watts_since_last,start_power,prev_power,prev_power_reading,temp
package-0,0.000607758,0.0,0.0,0.0,35356.684022,0.0,35356.684022,27.799999237060547
dram,0.000759315,0.0,0.0,0.0,38300.421848,0.0,38300.421848,27.799999237060547
core,0.00087075,0.010375000012572855,24.157514005706656,0.0,174707.965161,0.0,174707.975536,27.799999237060547
uncore,0.000958884,0.0,0.0,0.0,40.022968,0.0,40.022968,27.799999237060547
package-0,0.635444503,9.413549999997485,14.819138643282775,14.829164513457455,35356.684022,0.0,35366.097572,27.799999237060547
dram,0.635624411,0.2932120000041323,0.46158455417314687,0.46189683864029263,38300.421848,0.0,38300.71506,27.799999237060547
core,0.63579741,8.49875699999393,13.379039605516907,13.371747441807626,174707.965161,0.010375000012572855,174716.463918,27.799999237060547
uncore,0.635974038,0.00665300000000002,0.010473384577952731,0.01048047033351489,40.022968,0.0,40.029621,27.799999237060547
package-0,0.000457268,0.0,0.0,0.0,35366.112526,0.0,35366.112526,27.799999237060547
dram,0.000551754,0.0,0.0,0.0,38300.71567,0.0,38300.71567,27.799999237060547
core,0.000640913,0.005370999977458268,15.241938395036845,0.0,174716.478139,0.0,174716.48351,27.799999237060547
uncore,0.000728079,0.0,0.0,0.0,40.029621,0.0,40.029621,27.799999237060547
package-0,0.613681238,9.533117999999376,15.537937950196829,15.546867226304846,35366.112526,0.0,35375.645644,27.799999237060547
dram,0.613888086,0.28314099999988684,0.46148881081249704,0.4617540172398694,38300.71567,0.0,38300.998811,27.799999237060547
core,0.614074492,8.650551999977324,14.099452058666172,14.098795499476674,174716.478139,0.005370999977458268,174725.128691,27.799999237060547
uncore,0.614267981,0.007567999999999131,0.012335010896443723,0.01234209952805255,40.029621,0.0,40.037189,27.799999237060547
