zone,time_elapsed,power_j,watts,watts_since_last,start_power,prev_power,prev_power_reading,temp
package-0,0.000518941,0.0,0.0,0.0,35507.909648,0.0,35507.909648,27.799999237060547
dram,0.000672035,0.0,0.0,0.0,38305.02468,0.0,38305.02468,27.799999237060547
core,0.000807938,0.00958300000638701,26.523958212620705,0.0,174844.775662,0.0,174844.785245,27.799999237060547
uncore,0.000918426,0.0,0.0,0.0,40.135273,0.0,40.135273,27.799999237060547
package-0,0.623609646,9.458593999996083,15.171364947163614,15.180162008724876,35507.909648,0.0,35517.368242,27.799999237060547
dram,0.623708374,0.287901999996393,0.4617881168137024,0.4620558829973,38305.02468,0.0,38305.312582,27.799999237060547
core,0.623795048,8.560464000009233,13.730785300780422,13.723367225342828,174844.775662,0.00958300000638701,174853.336126,27.799999237060547
uncore,0.623880098,0.007018999999999664,0.0112583128701983,0.011264840962544638,40.135273,0.0,40.142292,27.799999237060547
package-0,0.000351338,0.0,0.0,0.0,35517.384294,0.0,35517.384294,27.799999237060547
dram,0.000457925,0.0,0.0,0.0,38305.313315,0.0,38305.313315,27.799999237060547
core,0.000558665,0.006408999994164333,25.84732772816279,0.0,174853.346563,0.0,174853.352972,27.799999237060547
uncore,0.000644979,0.0,0.0,0.0,40.142292,0.0,40.142292,27.799999237060547
package-0,0.630537388,9.32077699999354,14.7872188552113,14.793038096705484,35517.384294,0.0,35526.705071,27.799999237060547
dram,0.630717975,0.2911979999989853,0.46197957060745043,0.46216137427946385,38305.313315,0.0,38305.604513,27.799999237060547
core,0.630891306,8.418314000009559,13.355480075332439,13.350564135498715,174853.346563,0.006408999994164333,174861.764877,27.799999237060547
uncore,0.631064239,0.006469000000002723,0.010262933956521912,0.010266972747840053,40.142292,0.0,40.148761,27.799999237060547
