zone,time_elapsed,power_j,watts,watts_since_last,start_power,prev_power,prev_power_reading,temp
package-0,0.000673853,0.0,0.0,0.0,35783.870368,0.0,35783.870368,27.799999237060547
dram,0.000857446,0.0007929999992484227,1.5531021879516533,0.0,38313.423829,0.0,38313.424622,27.799999237060547
core,0.001012617,0.00793399999383837,15.538855941131688,0.0,175094.454894,0.0,175094.462828,27.799999237060547
uncore,0.001111467,0.0,0.0,0.0,40.336444,0.0,40.336444,27.799999237060547
package-0,0.619708823,9.39487299999746,15.165187263680105,15.17769664662452,35783.870368,0.0,35793.265241,27.799999237060547
dram,0.619888124,0.2870469999979832,0.4633507561462699,0.46245184749861196,38313.423829,0.0007929999992484227,38313.710876,27.799999237060547
core,0.620063018,8.504738999996334,13.728334546268242,13.726841092540068,175094.454894,0.00793399999383837,175102.959633,27.799999237060547
uncore,0.620235733,0.00799599999999856,0.012907128958571027,0.01291777572580498,40.336444,0.0,40.34444,27.799999237060547
