zone,time_elapsed,power_j,watts,watts_since_last,start_power,prev_power,prev_power_reading,temp
package-0,0.000370959,0.0,0.0,0.0,34956.603137,0.0,34956.603137,27.799999237060547
dram,0.000485481,0.0,0.0,0.0,38288.451969,0.0,38288.451969,27.799999237060547
core,0.000573528,0.006836000015027821,27.267868172174573,0.0,174345.364221,0.0,174345.371057,27.799999237060547
uncore,0.000659646,0.0,0.0,0.0,39.727681,0.0,39.727681,27.799999237060547
package-0,0.606561266,9.553992000001017,15.756564132558275,15.763081446430105,34956.603137,0.0,34966.157129,27.799999237060547
dram,0.606744027,0.2801499999986845,0.46202691416478087,0.4622180201947194,38288.451969,0.0,38288.732119,27.799999237060547
core,0.606918428,8.682717000017874,14.31964641121963,14.314290698858214,174345.364221,0.006836000015027821,174354.046938,27.799999237060547
uncore,0.607091718,0.007751000000006059,0.012783046980941752,0.012788334372832031,39.727681,0.0,39.735432,27.799999237060547
