zone,time_elapsed,power_j,watts,watts_since_last,start_power,prev_power,prev_power_reading,temp
package-0,0.000440809,0.0,0.0,0.0,34613.076307,0.0,34613.076307,27.799999237060547
dram,0.000558345,0.0,0.0,0.0,38278.149078,0.0,38278.149078,27.799999237060547
core,0.000676038,0.004577999992761761,13.592676916385622,0.0,174034.113736,0.0,174034.118314,27.799999237060547
uncore,0.000825434,0.0,0.0,0.0,39.468893,0.0,39.468893,27.799999237060547
package-0,0.602655671,9.518834999995306,15.800471985650727,15.809310310885863,34613.076307,0.0,34622.595142,27.799999237060547
dram,0.602835207,0.2791739999956917,0.46340554973966436,0.46366476534841866,38278.149078,0.0,38278.428252,27.799999237060547
core,0.603008122,8.655617999989772,14.367603780021401,14.368037251607598,174034.113736,0.004577999992761761,174042.769354,27.799999237060547
uncore,0.603180423,0.007812000000001262,0.012967268279362369,0.012974521792711104,39.468893,0.0,39.476705,27.799999237060547
package-0,0.000548653,0.0,0.0,0.0,34622.62688,0.0,34622.62688,27.799999237060547
dram,0.000656461,0.0,0.0,0.0,38278.428862,0.0,38278.428862,27.799999237060547
core,0.000799848,0.006896000006236136,16.92431915259653,0.0,174042.783087,0.0,174042.789983,27.799999237060547
uncore,0.000889214,0.0,0.0,0.0,39.476705,0.0,39.476705,27.799999237060547
package-0,0.629015733,9.519934999996622,15.138841104381388,15.148656748847563,34622.62688,0.0,34632.146815,27.799999237060547
dram,0.629191404,0.28967199999897275,0.46064373132530534,0.46094240115485735,38278.428862,0.0,38278.718534,27.799999237060547
core,0.629367637,8.625710000022082,13.716821921878061,13.71474226120748,174042.783087,0.006896000006236136,174051.408797,27.799999237060547
uncore,0.629540759,0.007384999999999309,0.011743813540311543,0.011751427934147499,39.476705,0.0,39.48409,27.799999237060547
