zone,time_elapsed,power_j,watts,watts_since_last,start_power,prev_power,prev_power_reading,temp
package-0,0.000319163,0.0,0.0,0.0,35583.65506,0.0,35583.65506,27.799999237060547
dram,0.000435559,0.0,0.0,0.0,38307.307328,0.0,38307.307328,27.799999237060547
core,0.00051768,0.005248999979812652,28.36484671857604,0.0,174913.384068,0.0,174913.389317,27.799999237060547
uncore,0.00059855,0.0,0.0,0.0,40.187397,0.0,40.187397,27.799999237060547
package-0,0.619799303,9.52835700000287,15.376741170355626,15.38133459327734,35583.65506,0.0,35593.183417,27.799999237060547
dram,0.619894206,0.2857660000008764,0.46116553119283815,0.46130329304355916,38307.307328,0.0,38307.593094,27.799999237060547
core,0.619975864,8.640846999973292,13.944488835923464,13.940181108967296,174913.384068,0.005248999979812652,174922.024915,27.799999237060547
uncore,0.620056681,0.006775000000004638,0.01093340871140736,0.010936674798130878,40.187397,0.0,40.194172,27.799999237060547
package-0,0.000380203,0.0,0.0,0.0,35593.199286,0.0,35593.199286,27.799999237060547
dram,0.00049898,0.0,0.0,0.0,38307.593948,0.0,38307.593948,27.799999237060547
core,0.000601564,0.006225999997695908,22.697114184405514,0.0,174922.037183,0.0,174922.043409,27.799999237060547
uncore,0.000686928,0.0,0.0,0.0,40.194172,0.0,40.194172,27.799999237060547
package-0,0.611126856,9.545446999996784,15.624639044971424,15.631657753930469,35593.199286,0.0,35602.744733,27.799999237060547
dram,0.61130572,0.2827760000000126,0.4628670538511737,0.4630749773192526,38307.593948,0.0,38307.876724,27.799999237060547
core,0.611479171,8.658242000004975,14.172401356807574,14.168571989733936,174922.037183,0.006225999997695908,174930.695425,27.799999237060547
uncore,0.611652623,0.007446000000001618,0.01218812092602072,0.012193595924405717,40.194172,0.0,40.201618,27.799999237060547
