zone,time_elapsed,power_j,watts,watts_since_last,start_power,prev_power,prev_power_reading,temp
package-0,0.000448278,0.0,0.0,0.0,36634.402553,0.0,36634.402553,27.799999237060547
dram,0.000604287,0.0,0.0,0.0,38339.264888,0.0,38339.264888,27.799999237060547
core,0.000747295,0.010009999998146668,38.80912963701898,0.0,175864.022992,0.0,175864.033002,27.799999237060547
uncore,0.000874873,0.0,0.0,0.0,40.99373,0.0,40.99373,27.799999237060547
package-0,0.593252183,9.541785000001255,16.08814284759867,16.095142416377687,36634.402553,0.0,36643.944338,27.799999237060547
dram,0.593456238,0.2749630000034813,0.46360759772513205,0.4638093023778997,38339.264888,0.0,38339.539851,27.799999237060547
core,0.593653681,8.700172999990173,14.669123861273814,14.658621118206836,175864.022992,0.010009999998146668,175872.723165,27.799999237060547
uncore,0.5938424,0.007750999999998953,0.013068749213245117,0.013074435115579548,40.99373,0.0,41.001481,27.799999237060547
package-0,0.000603238,0.0,0.0,0.0,36643.975588,0.0,36643.975588,27.799999237060547
dram,0.000698069,0.0,0.0,0.0,38339.540339,0.0,38339.540339,27.799999237060547
core,0.000785553,0.00805699999909848,18.717795029105808,0.0,175872.73702,0.0,175872.745077,27.799999237060547
uncore,0.000922561,0.0,0.0,0.0,41.001481,0.0,41.001481,27.799999237060547
package-0,0.602323901,9.645117000000027,16.017015327425216,16.02847269665644,36643.975588,0.0,36653.620705,27.799999237060547
dram,0.60243494,0.27831899999728194,0.4621861703564727,0.4625167836136301,38339.540339,0.0,38339.818658,27.799999237060547
core,0.602625167,8.770974000013666,14.565383187644748,14.562412864229607,175872.73702,0.00805699999909848,175881.507994,27.799999237060547
uncore,0.602810503,0.007203000000004067,0.01196155125992859,0.011970107654897416,41.001481,0.0,41.008684,27.799999237060547
