zone,time_elapsed,power_j,watts,watts_since_last,start_power,prev_power,prev_power_reading,temp
package-0,0.00039746,0.0,0.0,0.0,37482.379813,0.0,37482.379813,27.799999237060547
dram,0.000514297,0.0006710000016028062,2.269360593628224,0.0,38364.632926,0.0,38364.633597,27.799999237060547
core,0.000602705,0.006286999996518716,21.262995544202532,0.0,176632.59036,0.0,176632.596647,27.799999237060547
uncore,0.000688498,0.0,0.0,0.0,41.634659,0.0,41.634659,27.799999237060547
package-0,0.614817101,9.492225000001781,15.444360373133316,15.451793984013934,37482.379813,0.0,37491.872038,27.799999237060547
dram,0.614997067,0.2842400000008638,0.4624737606274536,0.46160407788907304,38364.632926,0.0006710000016028062,38364.917166,27.799999237060547
core,0.615169441,8.599404999986291,13.991694235470382,13.988194445047277,176632.59036,0.006286999996518716,176641.189765,27.799999237060547
uncore,0.61534243,0.007201999999999487,0.01171804117657107,0.011723681252060454,41.634659,0.0,41.641861,27.799999237060547
package-0,0.000638064,0.0,0.0,0.0,37491.888822,0.0,37491.888822,27.799999237060547
dram,0.000814533,0.0,0.0,0.0,38364.917837,0.0,38364.917837,27.799999237060547
core,0.001001955,0.010741999984020367,23.256921616727073,0.0,176641.205878,0.0,176641.21662,27.799999237060547
uncore,0.001167405,0.0,0.0,0.0,41.641861,0.0,41.641861,27.799999237060547
package-0,0.607759764,9.515174000000115,15.661567455603354,15.673483083392957,37491.888822,0.0,37501.403996,27.799999237060547
dram,0.607941431,0.28125,0.4629254122823597,0.4632776150183082,38364.917837,0.0,38365.199087,27.799999237060547
core,0.608116835,8.647804999985965,14.233915359843394,14.227050479657867,176641.205878,0.010741999984020367,176649.853683,27.799999237060547
uncore,0.608289628,0.007324000000004105,0.012054989225094766,0.012064160897407968,41.641861,0.0,41.649185,27.799999237060547
