zone,time_elapsed,power_j,watts,watts_since_last,start_power,prev_power,prev_power_reading,temp
package-0,0.000561488,0.0,0.0,0.0,38316.393486,0.0,38316.393486,27.799999237060547
dram,0.000751423,0.0,0.0,0.0,38389.685901,0.0,38389.685901,27.799999237060547
core,0.000956881,0.007202000007964671,15.66541017395668,0.0,177388.203538,0.0,177388.21074,27.799999237060547
uncore,0.001052874,0.0,0.0,0.0,42.260756,0.0,42.260756,27.799999237060547
package-0,0.602036666,9.502417999996396,15.787595071190733,15.799663230238213,38316.393486,0.0,38325.895904,27.799999237060547
dram,0.602146905,0.27868600000510924,0.4630170678760071,0.46337100168236767,38389.685901,0.0,38389.964587,27.799999237060547
core,0.602337846,8.622658999986015,14.325937748559289,14.324913845539447,177388.203538,0.007202000007964671,177396.826197,27.799999237060547
uncore,0.602531139,0.007689999999996644,0.012776390819415626,0.012786157190782906,42.260756,0.0,42.268446,27.799999237060547
package-0,0.00059687,0.0,0.0,0.0,38325.909758,0.0,38325.909758,27.799999237060547
dram,0.0007913,0.0,0.0,0.0,38389.965198,0.0,38389.965198,27.799999237060547
core,0.000961907,0.01220699999248609,30.23413059223946,0.0,177396.839197,0.0,177396.851404,27.799999237060547
uncore,0.001094229,0.0,0.0,0.0,42.268446,0.0,42.268446,27.799999237060547
package-0,0.625063892,9.255896999995457,14.812944256133099,14.822521850380205,38325.909758,0.0,38335.165655,27.799999237060547
dram,0.625243793,0.288817000000563,0.4622166950684556,0.4625155501699842,38389.965198,0.0,38390.254015,27.799999237060547
core,0.62540026,8.367960000003222,13.391908425262306,13.381018762319837,177396.839197,0.01220699999248609,177405.207157,27.799999237060547
uncore,0.625547495,0.008118000000003178,0.01299187766149457,0.013000277810080717,42.268446,0.0,42.276564,27.799999237060547
