zone,time_elapsed,power_j,watts,watts_since_last,start_power,prev_power,prev_power_reading,temp
package-0,0.000395439,0.0,0.0,0.0,177711.556287,0.0,177711.556287,27.799999237060547
dram,0.000512602,0.0,0.0,0.0,11899.891106,0.0,11899.891106,27.799999237060547
core,0.000598473,0.007263000006787479,28.958060080249588,0.0,138928.486993,0.0,138928.494256,27.799999237060547
uncore,0.000682023,0.0,0.0,0.0,23.190675,0.0,23.190675,27.799999237060547
package-0,1.001064726,17.994277999998303,17.98021297839595,17.984720218270226,177711.556287,0.0,177729.550565,27.799999237060547
dram,1.001210822,0.45812800000021525,0.4577699094885178,0.45788466223320273,11899.891106,0.0,11900.349234,27.799999237060547
core,1.001400542,16.569232999987435,16.556281848511436,16.553172998275617,138928.486993,0.007263000006787479,138945.056226,27.799999237060547
uncore,1.001609529,0.007018999999999664,0.0070135136789243255,0.007015271810963718,23.190675,0.0,23.197694,27.799999237060547
package-0,2.001928582,36.89230099998531,18.4303356501353,18.880390112770545,177711.556287,17.994277999998303,177748.448588,27.799999237060547
dram,2.002099805,0.9048430000002554,0.45203361537917425,0.44629819051616415,11899.891106,0.45812800000021525,11900.795949,27.799999237060547
core,2.002306063,34.03635099998792,17.003584927810422,17.450820225270775,138928.486993,16.569232999987435,138962.523344,27.799999237060547
uncore,2.002508947,0.007018999999999664,0.003506491122045898,0.0,23.190675,0.007018999999999664,23.197694,27.799999237060547
package-0,2.889584856,53.687301999976626,18.580866969743123,18.920318504489035,177711.556287,36.89230099998531,177765.243589,27.799999237060547
dram,2.889765099,1.3018150000007154,0.45055069696443245,0.44720668235605393,11899.891106,0.9048430000002554,11901.192921,27.799999237060547
core,2.8899413579999997,49.55034899999737,17.149091289290272,17.47721142965913,138928.486993,34.03635099998792,138978.037342,27.799999237060547
uncore,2.890117095,0.007018999999999664,0.0024292355995217925,0.0,23.190675,0.007018999999999664,23.197694,27.799999237060547
