zone,time_elapsed,power_j,watts,watts_since_last,start_power,prev_power,prev_power_reading,temp
package-0,0.000568279,0.0,0.0,0.0,177495.032733,0.0,177495.032733,27.799999237060547
dram,0.000767768,0.0,0.0,0.0,11894.570563,0.0,11894.570563,27.799999237060547
core,0.000901576,0.011413000000175089,27.92574341048638,0.0,138728.504717,0.0,138728.51613,27.799999237060547
uncore,0.001041867,0.0,0.0,0.0,23.161439,0.0,23.161439,27.799999237060547
package-0,1.001301592,18.346999000001233,18.325905168442056,18.333389245161868,177495.032733,0.0,177513.379732,27.799999237060547
dram,1.001405107,0.4788800000005722,0.47832942417849517,0.4785247680960257,11894.570563,0.0,11895.049443,27.799999237060547
core,1.001492315,16.896318999992218,16.876893037906758,16.872380821833715,138728.504717,0.011413000000175089,138745.401036,27.799999237060547
uncore,1.001580638,0.008605999999996783,0.008596105547263765,0.008599616092189979,23.161439,0.0,23.170045,27.799999237060547
package-0,2.001799256,37.41915400000289,18.693846081789005,19.062014656312996,177495.032733,18.346999000001233,177532.451887,27.799999237060547
dram,2.001894572,0.9500700000007782,0.4746355929623224,0.47093947621080406,11894.570563,0.4788800000005722,11895.520633,27.799999237060547
core,2.002017521,34.53293200000189,17.251948442256918,17.627235909831665,138728.504717,16.896318999992218,138763.037649,27.799999237060547
uncore,2.002118244,0.008605999999996783,0.00429938205924708,0.0,23.161439,0.008605999999996783,23.170045,27.799999237060547
package-0,2.912785219,54.869061000004876,18.838868138962123,19.15756408089972,177495.032733,37.41915400000289,177549.901794,27.799999237060547
dram,2.912985633,1.3801840000014636,0.47387551216760504,0.47220518236024384,11894.570563,0.9500700000007782,11895.950747,27.799999237060547
core,2.913177193,50.66686199998367,17.396075581329853,17.71280487921031,138728.504717,34.53293200000189,138779.171579,27.799999237060547
uncore,2.913368945,0.008605999999996783,0.0029548036042357827,0.0,23.161439,0.008605999999996783,23.170045,27.799999237060547
