zone,time_elapsed,power_j,watts,watts_since_last,start_power,prev_power,prev_power_reading,temp
package-0,0.000552614,0.0,0.0,0.0,173865.537508,0.0,173865.537508,27.799999237060547
dram,0.000670722,0.0,0.0,0.0,11805.796559,0.0,11805.796559,27.799999237060547
core,0.000788899,0.007202000007964671,16.059582361585154,0.0,135376.863639,0.0,135376.870841,27.799999237060547
uncore,0.000935863,0.0,0.0,0.0,22.708987,0.0,22.708987,27.799999237060547
package-0,1.001287314,18.29914699998335,18.280056588486296,18.288249489318904,173865.537508,0.0,173883.836655,27.799999237060547
dram,1.001495077,0.4717999999993481,0.4713077991254873,0.4715190335952046,11805.796559,0.0,11806.268359,27.799999237060547
core,1.001703782,16.852313000010327,16.834731984357102,16.835079397066636,135376.863639,0.007202000007964671,135393.715952,27.799999237060547
uncore,1.001900587,0.008178000000000907,0.008169468379088572,0.008173129836259726,22.708987,0.0,22.717165,27.799999237060547
package-0,2.002222497,37.29928199999267,18.630903583537012,18.981777646919873,173865.537508,18.29914699998335,173902.83679,27.799999237060547
dram,2.002434815,0.9327369999991788,0.4658999365131392,0.460491656676692,11805.796559,0.4717999999993481,11806.729296,27.799999237060547
core,2.002644415,34.412632000021404,17.189028701631983,17.54335275338986,135376.863639,16.852313000010327,135411.276271,27.799999237060547
uncore,2.002840303,0.008178000000000907,0.004084891754919371,0.0,22.708987,0.008178000000000907,22.717165,27.799999237060547
package-0,2.9119151309999998,54.59824799999478,18.751276061416746,19.016185241424996,173865.537508,37.29928199999267,173920.135756,27.799999237060547
dram,2.91209388,1.352230000000418,0.4644112028748583,0.46113487913113915,11805.796559,0.9327369999991788,11807.148789,27.799999237060547
core,2.912248129,50.39305900002364,17.30704181000085,17.566758618351813,135376.863639,34.412632000021404,135427.256698,27.799999237060547
uncore,2.912395425,0.008178000000000907,0.0028086603736863095,0.0,22.708987,0.008178000000000907,22.717165,27.799999237060547
