zone,time_elapsed,power_j,watts,watts_since_last,start_power,prev_power,prev_power_reading,temp
package-0,0.000525228,0.0,0.0,0.0,175220.497357,0.0,175220.497357,27.799999237060547
dram,0.000755478,0.0,0.0,0.0,11838.870144,0.0,11838.870144,27.799999237060547
core,0.000896399,0.012816999980714172,38.6048402304609,0.0,136628.146019,0.0,136628.158836,27.799999237060547
uncore,0.001030929,0.0,0.0,0.0,22.87958,0.0,22.87958,27.799999237060547
package-0,1.001367281,18.376112000027206,18.35529965995477,18.36138882858806,175220.497357,0.0,175238.873469,27.799999237060547
dram,1.001581485,0.47588899999936984,0.4753500196261166,0.47550771176315404,11838.870144,0.0,11839.346033,27.799999237060547
core,1.001794627,16.93239099998027,16.913213783399826,16.906017825076432,136628.146019,0.012816999980714172,136645.07841,27.799999237060547
uncore,1.002007831,0.008482999999998242,0.008473392359337684,0.008476203313989903,22.87958,0.0,22.888063,27.799999237060547
package-0,2.002318098,37.42922499999986,18.694934380325606,19.034624250676238,175220.497357,18.376112000027206,175257.926582,27.799999237060547
dram,2.002541148,0.9379849999986618,0.4684993617876075,0.46164759153738466,11838.870144,0.47588899999936984,11839.808129,27.799999237060547
core,2.002758984,34.54281899999478,17.25324888549975,17.593339202593565,136628.146019,16.93239099998027,136662.688838,27.799999237060547
uncore,2.002973299,0.008482999999998242,0.004237040129691968,0.0,22.87958,0.008482999999998242,22.888063,27.799999237060547
package-0,2.902666097,54.501447000016924,18.777610448910046,18.961453954553292,175220.497357,37.42922499999986,175274.998804,27.799999237060547
dram,2.9028471810000003,1.3539999999993597,0.46649925730970565,0.46205170404349455,11838.870144,0.9379849999986618,11840.224144,27.799999237060547
core,2.9030217929999997,50.32030599997961,17.337064532199935,17.523442072653257,136628.146019,34.54281899999478,136678.466325,27.799999237060547
uncore,2.903195813,0.008482999999998242,0.002922683308537138,0.0,22.87958,0.008482999999998242,22.888063,27.799999237060547
