zone,time_elapsed,power_j,watts,watts_since_last,start_power,prev_power,prev_power_reading,temp
package-0,0.000529786,0.015442000003531575,42.55248793316922,0.0,177170.142756,0.0,177170.158198,27.799999237060547
dram,0.000726154,0.0,0.0,0.0,11886.535183,0.0,11886.535183,27.799999237060547
core,0.000860303,0.010009999998146668,27.58388835868057,0.0,138428.618888,0.0,138428.628898,27.799999237060547
uncore,0.000985839,0.0,0.0,0.0,23.120546,0.0,23.120546,27.799999237060547
package-0,1.001406693,18.526625000027707,18.506408654732503,18.497688862008587,177170.142756,0.015442000003531575,177188.669381,27.799999237060547
dram,1.001627872,0.474303000000873,0.4737854382095292,0.47395724629387265,11886.535183,0.0,11887.009486,27.799999237060547
core,1.001824707,17.08918999999878,17.070542190921042,17.066729752379356,138428.618888,0.010009999998146668,138445.708078,27.799999237060547
uncore,1.002039237,0.00665300000000002,0.0066457402133282,0.006648150147874545,23.120546,0.0,23.127199,27.799999237060547
package-0,2.002359997,37.60042900001281,18.780059477254582,19.053720787609617,177170.142756,18.526625000027707,177207.743185,27.799999237060547
dram,2.002570668,0.9406099999996513,0.4698008032006195,0.46581601547816787,11886.535183,0.474303000000873,11887.475793,27.799999237060547
core,2.002767166,34.72067499998957,17.34172611674213,17.612920435850867,138428.618888,17.08918999999878,138463.339563,27.799999237060547
uncore,2.002988965,0.00665300000000002,0.0033229337809452266,0.0,23.120546,0.00665300000000002,23.127199,27.799999237060547
package-0,2.89179823,54.542341000022134,18.86236005054105,19.047618041122515,177170.142756,37.60042900001281,177224.685097,27.799999237060547
dram,2.891980514,1.3555259999993723,0.4687811157545931,0.4664858067460582,11886.535183,0.9406099999996513,11887.890709,27.799999237060547
core,2.892159324,50.36889000001247,17.419056848439016,17.59312776182736,138428.618888,34.72067499998957,138478.987778,27.799999237060547
uncore,2.892335663,0.00665300000000002,0.0023008048264044818,0.0,23.120546,0.00665300000000002,23.127199,27.799999237060547
