zone,time_elapsed,power_j,watts,watts_since_last,start_power,prev_power,prev_power_reading,temp
package-0,0.000337191,0.0,0.0,0.0,172885.732643,0.0,172885.732643,27.799999237060547
dram,0.000463702,0.0,0.0,0.0,11782.065174,0.0,11782.065174,27.799999237060547
core,0.000550302,0.00732499998412095,33.250868081985296,0.0,134471.739796,0.0,134471.747121,27.799999237060547
uncore,0.000633735,0.0,0.0,0.0,22.582644,0.0,22.582644,27.799999237060547
package-0,1.000980476,18.69807199999923,18.684248701492663,18.688362610711735,172885.732643,0.0,172904.430715,27.799999237060547
dram,1.001220678,0.46227900000121736,0.4619372417381016,0.4620389513603497,11782.065174,0.0,11782.527453,27.799999237060547
core,1.001430433,17.27205099997809,17.259281944602044,17.255760907460587,134471.739796,0.00732499998412095,134489.011847,27.799999237060547
uncore,1.001629784,0.007569000000000159,0.007563404313642966,0.00756506962859518,22.582644,0.0,22.590213,27.799999237060547
package-0,2.00194471,37.77382900001248,18.870530086776277,19.05676367630323,172885.732643,18.69807199999923,172923.506472,27.799999237060547
dram,2.002158147,0.9096050000007381,0.4544079584727932,0.4468806070580036,11782.065174,0.46227900000121736,11782.974779,27.799999237060547
core,2.00237352,34.91446199998609,17.44208683832732,17.62484482828814,134471.739796,17.27205099997809,134506.654258,27.799999237060547
uncore,2.002582265,0.007569000000000159,0.0037812169432642224,0.0,22.582644,0.007569000000000159,22.590213,27.799999237060547
package-0,2.881225922,54.50474299999769,18.9186110766257,19.028071067567897,172885.732643,37.77382900001248,172940.237386,27.799999237060547
dram,2.881404266,1.3035859999999957,0.4524750541239165,0.4480746519445364,11782.065174,0.9096050000007381,11783.36876,27.799999237060547
core,2.8815775869999998,50.3713310000021,17.483902650473187,17.57909949298956,134471.739796,34.91446199998609,134522.111127,27.799999237060547
uncore,2.881751521,0.007569000000000159,0.002627201952662891,0.0,22.582644,0.007569000000000159,22.590213,27.799999237060547
