zone,time_elapsed,power_j,watts,watts_since_last,start_power,prev_power,prev_power_reading,temp
package-0,0.000739915,0.0,0.0,0.0,174351.287424,0.0,174351.287424,27.799999237060547
dram,0.000956961,0.0,0.0,0.0,11817.61971,0.0,11817.61971,27.799999237060547
core,0.001090523,0.009764999995240942,17.291326527605815,0.0,135825.49689,0.0,135825.506655,27.799999237060547
uncore,0.001217969,0.0,0.0,0.0,22.773074,0.0,22.773074,27.799999237060547
package-0,1.001571451,18.10847399997874,18.08461680965268,18.094822108111767,174351.287424,0.0,174369.395898,27.799999237060547
dram,1.001795894,0.4605089999986376,0.45990229780717495,0.46016182446790227,11817.61971,0.0,11818.080219,27.799999237060547
core,1.002010652,16.669817999994848,16.647856181416035,16.64749306579122,135825.49689,0.009764999995240942,135842.166708,27.799999237060547
uncore,1.002193274,0.0076289999999978875,0.00761894909758625,0.007623248533416373,22.773074,0.0,22.780703,27.799999237060547
package-0,2.002507421,37.05599599998095,18.506776214931097,18.92908111881453,174351.287424,18.10847399997874,174388.34342,27.799999237060547
dram,2.00271194,0.9099089999999705,0.4544333996301126,0.4489626165795976,11817.61971,0.4605089999986376,11818.529619,27.799999237060547
core,2.002921918,34.18362799999886,17.07223720584266,17.49676449456253,135825.49689,16.669817999994848,135859.680518,27.799999237060547
uncore,2.003123478,0.0076289999999978875,0.0038101309095495057,0.0,22.773074,0.0076289999999978875,22.780703,27.799999237060547
package-0,2.910348991,54.20390100000077,18.625962664411208,18.888837344907987,174351.287424,37.05599599998095,174405.491325,27.799999237060547
dram,2.910544936,1.318050999998377,0.45291885386181485,0.44957840923345593,11817.61971,0.9099089999999705,11818.937761,27.799999237060547
core,2.910736679,50.02733799998532,17.19077986264482,17.45223460995909,135825.49689,34.18362799999886,135875.524228,27.799999237060547
uncore,2.910928034,0.0076289999999978875,0.002621535840506235,0.0,22.773074,0.0076289999999978875,22.780703,27.799999237060547
