zone,time_elapsed,power_j,watts,watts_since_last,start_power,prev_power,prev_power_reading,temp
package-0,0.000375239,0.0,0.0,0.0,161386.991267,0.0,161386.991267,27.799999237060547
dram,0.000490834,0.0006099999991420191,2.2998906577009355,0.0,11487.088696,0.0,11487.089306,27.799999237060547
core,0.000604699,0.005371000006562099,20.250348778652864,0.0,123905.066347,0.0,123905.071718,27.799999237060547
uncore,0.000737055,0.0,0.0,0.0,19.912363,0.0,19.912363,27.799999237060547
package-0,1.00109165,17.493545999983326,17.478571321396576,17.483204422319456,161386.991267,0.0,161404.484813,27.799999237060547
dram,1.001297015,0.45568699999967066,0.45529692663426136,0.4548079742616333,11487.088696,0.0006099999991420191,11487.544383,27.799999237060547
core,1.00149427,16.056110999998054,16.042366782469006,16.041251359193758,123905.066347,0.005371000006562099,123921.122458,27.799999237060547
uncore,1.001701902,0.006897000000002151,0.006891096087884336,0.006892922732811852,19.912363,0.0,19.91926,27.799999237060547
package-0,1.90684618,33.68387300000177,17.666685900406435,17.8745472802239,161386.991267,17.493545999983326,161420.67514,27.799999237060547
dram,1.907037548,0.8598609999990003,0.45098419071319146,0.44621873742371004,11487.088696,0.45568699999967066,11487.948557,27.799999237060547
core,1.907229558,30.941814999998314,16.228517628997885,16.434209139019835,123905.066347,16.056110999998054,123936.008162,27.799999237060547
uncore,1.9074205800000001,0.006897000000002151,0.0036173729979071824,0.0,19.912363,0.006897000000002151,19.91926,27.799999237060547
