zone,time_elapsed,power_j,watts,watts_since_last,start_power,prev_power,prev_power_reading,temp
package-0,0.000712884,0.0,0.0,0.0,163272.939442,0.0,163272.939442,27.799999237060547
dram,0.000832708,0.0006709999997838167,1.1544840777269167,0.0,11535.766855,0.0,11535.767526,27.799999237060547
core,0.000990931,0.007689999998547137,13.230972516994035,0.0,125635.999721,0.0,125636.007411,27.799999237060547
uncore,0.001080902,0.0,0.0,0.0,20.294808,0.0,20.294808,27.799999237060547
package-0,1.001332444,17.49812400000519,17.47740307056318,17.48755501140784,163272.939442,0.0,163290.437566,27.799999237060547
dram,1.001435487,0.45574800000031246,0.45520831230857245,0.4548021303274184,11535.766855,0.0006709999997838167,11536.222603,27.799999237060547
core,1.001521647,16.054585000005318,16.03557348065583,16.03720256381887,125635.999721,0.007689999998547137,125652.054306,27.799999237060547
uncore,1.001605864,0.006896999999998599,0.006888832710158758,0.006892834164029216,20.294808,0.0,20.301705,27.799999237060547
package-0,1.911394445,33.79336999999941,17.681248349500205,17.90550268193704,163272.939442,17.49812400000519,163306.732812,27.799999237060547
dram,1.911513631,0.8614479999996547,0.45072379665521406,0.4457902898828686,11535.766855,0.45574800000031246,11536.628303,27.799999237060547
core,1.911697405,31.047160999994958,16.244386522795374,16.474105992450472,125635.999721,16.054585000005318,125667.046882,27.799999237060547
uncore,1.9118934969999999,0.006896999999998599,0.003608624113738294,0.0,20.294808,0.006896999999998599,20.301705,27.799999237060547
