zone,time_elapsed,power_j,watts,watts_since_last,start_power,prev_power,prev_power_reading,temp
package-0,0.000726324,0.0,0.0,0.0,161925.272848,0.0,161925.272848,27.799999237060547
dram,0.00087855,0.0007329999989451608,1.2620327834884804,0.0,11500.990637,0.0,11500.99137,27.799999237060547
core,0.00100242,0.007568999993964098,13.03182284359247,0.0,124399.077716,0.0,124399.085285,27.799999237060547
uncore,0.001116421,0.0,0.0,0.0,20.020517,0.0,20.020517,27.799999237060547
package-0,1.001456835,17.033709000010276,17.0129459244416,17.022820880341612,161925.272848,0.0,161942.306557,27.799999237060547
dram,1.00162599,0.4552609999991546,0.45470606398689517,0.4542374610895848,11500.990637,0.0007329999989451608,11501.445898,27.799999237060547
core,1.001755571,15.594930999999633,15.575921709020136,15.577398400018447,124399.077716,0.007568999993964098,124414.672647,27.799999237060547
uncore,1.001889648,0.006896999999998599,0.0068885929682595305,0.006892591367600645,20.020517,0.0,20.027414,27.799999237060547
package-0,1.939829794,33.9157450000057,17.485502918621652,17.989679299725342,161925.272848,17.033709000010276,161959.188593,27.799999237060547
dram,1.940004885,0.8743269999995391,0.45076548695359886,0.44656124092068405,11500.990637,0.4552609999991546,11501.864964,27.799999237060547
core,1.940178928,31.12089200000628,16.044596628973583,16.544631181347928,124399.077716,15.594930999999633,124430.198608,27.799999237060547
uncore,1.940352448,0.006896999999998599,0.003555797274383587,0.0,20.020517,0.006896999999998599,20.027414,27.799999237060547
