zone,time_elapsed,power_j,watts,watts_since_last,start_power,prev_power,prev_power_reading,temp
package-0,0.000389205,0.0,0.0,0.0,160610.887846,0.0,160610.887846,27.799999237060547
dram,0.000519005,0.000915000000532018,3.4435002541492032,0.0,11467.108339,0.0,11467.109254,27.799999237060547
core,0.000607736,0.007018999996944331,26.415222141308945,0.0,123192.609003,0.0,123192.616022,27.799999237060547
uncore,0.000744366,0.0,0.0,0.0,19.755564,0.0,19.755564,27.799999237060547
package-0,1.001091446,17.364823999989312,17.349797773882297,17.354405161369847,160610.887846,0.0,160628.25267,27.799999237060547
dram,1.001304093,0.4562370000003284,0.45584220646136736,0.4550488082624144,11467.108339,0.000915000000532018,11467.564576,27.799999237060547
core,1.001512095,15.924580999999307,15.91080105297735,15.908011513933893,123192.609003,0.007018999996944331,123208.533584,27.799999237060547
uncore,1.001708247,0.006470000000000198,0.006464401343606534,0.006466118020783594,19.755564,0.0,19.762034,27.799999237060547
package-0,1.921362504,33.86093600001186,17.62505544933909,17.92440496339545,160610.887846,17.364823999989312,160644.748782,27.799999237060547
dram,1.921536988,0.8673070000004373,0.45144451903521776,0.44666192544612005,11467.108339,0.4562370000003284,11467.975646,27.799999237060547
core,1.9217102910000001,31.105449999988195,16.190789322133462,16.495283473565465,123192.609003,15.924580999999307,123223.714453,27.799999237060547
uncore,1.921883534,0.006470000000000198,0.003367718741064555,0.0,19.755564,0.006470000000000198,19.762034,27.799999237060547
