zone,time_elapsed,power_j,watts,watts_since_last,start_power,prev_power,prev_power_reading,temp
package-0,0.000666807,0.0,0.0,0.0,162835.329417,0.0,162835.329417,27.799999237060547
dram,0.000790649,0.0,0.0,0.0,11524.504493,0.0,11524.504493,27.799999237060547
core,0.000880735,0.009032999994815327,17.834719349111378,0.0,125234.246721,0.0,125234.255754,27.799999237060547
uncore,0.000968384,0.0,0.0,0.0,20.204232,0.0,20.204232,27.799999237060547
package-0,1.00131421,17.01387200001045,16.995634868006604,17.00423801090604,162835.329417,0.0,162852.343289,27.799999237060547
dram,1.001532968,0.455748999998832,0.45526048364737515,0.4554909352326028,11524.504493,0.0,11524.960242,27.799999237060547
core,1.001729574,15.577779999992345,15.561082211847085,15.55993130307873,125234.246721,0.009032999994815327,125249.824501,27.799999237060547
uncore,1.001938477,0.005005000000000592,0.004999635151500544,0.005002165952849681,20.204232,0.0,20.209237,27.799999237060547
package-0,1.924353811,33.409216000000015,17.362824101828025,17.761025905065463,162835.329417,17.01387200001045,162868.738633,27.799999237060547
dram,1.924492981,0.8673689999995986,0.45077308543760786,0.4459066844258538,11524.504493,0.455748999998832,11525.371862,27.799999237060547
core,1.9246285890000001,30.65055599999323,15.929143995809772,16.328292044219086,125234.246721,15.577779999992345,125264.897277,27.799999237060547
uncore,1.924753575,0.005005000000000592,0.0026011066715740804,0.0,20.204232,0.005005000000000592,20.209237,27.799999237060547
