zone,time_elapsed,power_j,watts,watts_since_last,start_power,prev_power,prev_power_reading,temp
package-0,0.000386915,0.0,0.0,0.0,43956.143636,0.0,43956.143636,27.799999237060547
dram,0.000501861,0.0,0.0,0.0,37570.980417,0.0,37570.980417,27.799999237060547
core,0.000587685,0.007874000002630055,31.549002334442083,0.0,185487.191899,0.0,185487.199773,27.799999237060547
uncore,0.000671935,0.0,0.0,0.0,37.365993,0.0,37.365993,27.799999237060547
package-0,1.00097005,23.17364699999598,23.15564401935075,23.161420155780004,43956.143636,0.0,43979.317283,27.799999237060547
dram,1.001153759,0.5892930000045453,0.5888351941842765,0.5889820781324454,37570.980417,0.0,37571.56971,27.799999237060547
core,1.001323321,21.70331400001305,21.686453281375208,21.68399308511277,185487.191899,0.007874000002630055,185508.895213,27.799999237060547
uncore,1.001492776,0.008606000000000336,0.008599314230969985,0.008601459315432098,37.365993,0.0,37.374599,27.799999237060547
package-0,2.001822649,44.95691600000282,22.46044624941972,21.76528245353591,43956.143636,23.17364699999598,44001.100552,27.799999237060547
dram,2.002038614,1.135007000004407,0.5670487654516274,0.5452634014133579,37570.980417,0.5892930000045453,37572.115424,27.799999237060547
core,2.002245526,42.041396000015084,21.00385433709129,20.32128875115483,185487.191899,21.70331400001305,185529.233295,27.799999237060547
uncore,2.002451827,0.008606000000000336,0.004299552051624305,0.0,37.365993,0.008606000000000336,37.374599,27.799999237060547
package-0,2.130215004,47.27465900000243,22.194701168072204,18.05184633657796,43956.143636,44.95691600000282,44003.418295,27.799999237060547
dram,2.130408723,1.192990000003192,0.5600898474289988,0.45160322180329954,37570.980417,1.135007000004407,37572.173407,27.799999237060547
core,2.130599478,44.17798800001037,20.74086334217365,16.64094356789482,185487.191899,42.041396000015084,185531.369887,27.799999237060547
uncore,2.13079166,0.008606000000000336,0.004040380243724805,0.0,37.365993,0.008606000000000336,37.374599,27.799999237060547
