zone,time_elapsed,power_j,watts,watts_since_last,start_power,prev_power,prev_power_reading,temp
package-0,0.000586184,0.0,0.0,0.0,52099.534471,0.0,52099.534471,27.799999237060547
dram,0.000744572,0.0,0.0,0.0,37781.664387,0.0,37781.664387,27.799999237060547
core,0.00087164,0.00769100000616163,18.131154434628193,0.0,192961.63065,0.0,192961.638341,27.799999237060547
uncore,0.000995932,0.0,0.0,0.0,39.214133,0.0,39.214133,27.799999237060547
package-0,1.00132516,16.59187699999893,16.573643936536893,16.580669511991005,52099.534471,0.0,52116.126348,27.799999237060547
dram,1.001526741,0.45623600000544684,0.45573463539541714,0.45592782152155104,37781.664387,0.0,37782.120623,27.799999237060547
core,1.002428251,15.167503000004217,15.150835202577817,15.149571843854636,192961.63065,0.00769100000616163,192976.798153,27.799999237060547
uncore,1.002635167,0.00927700000000442,0.009266805365019035,0.009270733568168554,39.214133,0.0,39.22341,27.799999237060547
package-0,2.002940573,34.15127999999822,17.052272648381084,17.530643120957848,52099.534471,16.59187699999893,52133.685751,27.799999237060547
dram,2.0031501,0.9020970000055968,0.4504312576097549,0.4451307412077922,37781.664387,0.45623600000544684,37782.566484,27.799999237060547
core,2.003356666,31.295940999989398,15.626556858761813,16.10202184415078,192961.63065,15.167503000004217,192992.926591,27.799999237060547
uncore,2.003567929,0.00927700000000442,0.004632152392505198,0.0,39.214133,0.00927700000000442,39.22341,27.799999237060547
package-0,2.058552376,35.13345500000287,17.06856345956529,17.655035269889034,52099.534471,34.15127999999822,52134.667926,27.799999237060547
dram,2.058724608,0.9277320000037435,0.45071150888895006,0.46080059980018256,37781.664387,0.9020970000055968,37782.592119,27.799999237060547
core,2.058896164,32.18815000000177,15.637673007707093,16.037856149114315,192961.63065,31.295940999989398,192993.8188,27.799999237060547
uncore,2.059067701,0.00927700000000442,0.004506959626215233,0.0,39.214133,0.00927700000000442,39.22341,27.799999237060547
