zone,time_elapsed,power_j,watts,watts_since_last,start_power,prev_power,prev_power_reading,temp
package-0,0.000765244,0.017699999996693805,29.937182651815014,0.0,47343.847,0.0,47343.8647,27.799999237060547
dram,0.000938356,0.0,0.0,0.0,37658.082367,0.0,37658.082367,27.799999237060547
core,0.001066073,0.00982599999406375,16.619364780450088,0.0,188598.570775,0.0,188598.580601,27.799999237060547
uncore,0.001220655,0.0,0.0,0.0,38.113,0.0,38.113,27.799999237060547
package-0,1.001467219,16.862993999995524,16.840673791968495,16.83293631862868,47343.847,0.017699999996693805,47360.709994,27.799999237060547
dram,1.001604765,0.45574800000031246,0.45514476251069985,0.4554136639792797,37658.082367,0.0,37658.538115,27.799999237060547
core,1.00249454,15.42220199998701,15.401788854084527,15.401069505029731,188598.570775,0.00982599999406375,188613.992977,27.799999237060547
uncore,1.002593712,0.009337999999999624,0.009325640029845069,0.009331149657783307,38.113,0.0,38.122338,27.799999237060547
package-0,2.002807968,34.80490299999656,17.3790091891197,17.917319306818992,47343.847,16.862993999995524,47378.651903,27.799999237060547
dram,2.002904617,0.9025239999973564,0.4506541187417381,0.44616368584691507,37658.082367,0.45574800000031246,37658.984891,27.799999237060547
core,2.00299141,31.930886999994982,15.943936938704022,16.486059564833315,188598.570775,15.42220199998701,188630.501662,27.799999237060547
uncore,2.003078516,0.009337999999999624,0.004662710532708833,0.0,38.113,0.009337999999999624,38.122338,27.799999237060547
package-0,2.071522811,36.040923000000475,17.399205881090563,17.98784524503689,47343.847,34.80490299999656,47379.887923,27.799999237060547
dram,2.071614147,0.9341399999975692,0.45096775633963176,0.46010882936288355,37658.082367,0.9025239999973564,37659.016507,27.799999237060547
core,2.071724996,33.062475999991875,15.96132337849579,16.468056999778025,188598.570775,31.930886999994982,188631.633251,27.799999237060547
uncore,2.071808598,0.009337999999999624,0.004508036170927559,0.0,38.113,0.009337999999999624,38.122338,27.799999237060547
