zone,time_elapsed,power_j,watts,watts_since_last,start_power,prev_power,prev_power_reading,temp
package-0,0.00052718,0.0,0.0,0.0,49794.120268,0.0,49794.120268,27.799999237060547
dram,0.000699274,0.0,0.0,0.0,37721.66686,0.0,37721.66686,27.799999237060547
core,0.000826109,0.011780000000726432,32.94671749651495,0.0,190846.778459,0.0,190846.790239,27.799999237060547
uncore,0.000950791,0.0,0.0,0.0,38.68856,0.0,38.68856,27.799999237060547
package-0,1.001303294,17.356644999999844,17.33825178494679,17.344446668002686,49794.120268,0.0,49811.476913,27.799999237060547
dram,1.001476987,0.45568700000148965,0.45520409855435473,0.4553667410278915,37721.66686,0.0,37722.122547,27.799999237060547
core,1.001688596,15.922993999993196,15.906120056156105,15.900031523721868,190846.778459,0.011780000000726432,190862.701453,27.799999237060547
uncore,1.001876574,0.007874000000001047,0.00786565575056069,0.007868466115650376,38.68856,0.0,38.696434,27.799999237060547
package-0,2.002183146,34.93722700000217,17.451312303885636,17.56438851201367,49794.120268,17.356644999999844,49829.057495,27.799999237060547
dram,2.002390322,0.9014250000036554,0.45026610708379705,0.44532743037772904,37721.66686,0.45568700000148965,37722.568285,27.799999237060547
core,2.002596034,32.07682200000272,16.022526299473114,16.13894869625901,190846.778459,15.922993999993196,190878.855281,27.799999237060547
uncore,2.002829798,0.007874000000001047,0.003933100731801217,0.0,38.68856,0.007874000000001047,38.696434,27.799999237060547
package-0,2.025873919,35.3415840000016,17.446927421049022,17.0762084454562,49794.120268,34.93722700000217,49829.461852,27.799999237060547
dram,2.026063488,0.9130220000006375,0.4507276348403461,0.489747399675773,37721.66686,0.9014250000036554,37722.579882,27.799999237060547
core,2.026249489,32.45505600000615,16.021947586677587,15.973020437945369,190846.778459,32.07682200000272,190879.233515,27.799999237060547
uncore,2.026437763,0.007874000000001047,0.0038871236363755522,0.0,38.68856,0.007874000000001047,38.696434,27.799999237060547
