zone,time_elapsed,power_j,watts,watts_since_last,start_power,prev_power,prev_power_reading,temp
package-0,0.000800669,0.0,0.0,0.0,52489.701136,0.0,52489.701136,27.799999237060547
dram,0.000958936,0.0,0.0,0.0,37791.839165,0.0,37791.839165,27.799999237060547
core,0.001062031,0.0108040000195615,18.51030114286461,0.0,193319.461643,0.0,193319.472447,27.799999237060547
uncore,0.001191186,0.0,0.0,0.0,39.305746,0.0,39.305746,27.799999237060547
package-0,1.001523674,17.40541200000007,17.38290077845106,17.393039530901923,52489.701136,0.0,52507.106548,27.799999237060547
dram,1.001739734,0.4555040000050212,0.45491487568779315,0.45518020938379694,37791.839165,0.0,37792.294669,27.799999237060547
core,1.001946433,15.969381000002613,15.94872706353207,15.947232999577736,193319.461643,0.0108040000195615,193335.431024,27.799999237060547
uncore,1.002141367,0.00762900000000144,0.0076191330626834705,0.007623576998997512,39.305746,0.0,39.313375,27.799999237060547
package-0,2.002457539,35.05740499999956,17.50903844035367,17.63521943738382,52489.701136,17.40541200000007,52524.758541,27.799999237060547
dram,2.002646265,0.9012430000002496,0.45011598351629933,0.44531544266509193,37791.839165,0.4555040000050212,37792.740408,27.799999237060547
core,2.002783905,32.19230100000277,16.07809350670683,16.207504394270593,193319.461643,15.969381000002613,193351.653944,27.799999237060547
uncore,2.003022349,0.00762900000000144,0.00381022081530236,0.0,39.305746,0.00762900000000144,39.313375,27.799999237060547
package-0,2.023128893,35.408294999993814,17.503296438229768,16.947995797426962,52489.701136,35.05740499999956,52525.109431,27.799999237060547
dram,2.02330369,0.9114970000009635,0.4505780974084398,0.4952684571283355,37791.839165,0.9012430000002496,37792.750662,27.799999237060547
core,2.023476194,32.52280500001507,16.076919177218347,15.963351487169712,193319.461643,32.19230100000277,193351.984448,27.799999237060547
uncore,2.023651139,0.00762900000000144,0.0037712250343402147,0.0,39.305746,0.00762900000000144,39.313375,27.799999237060547
