zone,time_elapsed,power_j,watts,watts_since_last,start_power,prev_power,prev_power_reading,temp
package-0,0.000394704,0.0,0.0,0.0,56017.432766,0.0,56017.432766,27.799999237060547
dram,0.000516057,0.0,0.0,0.0,37883.264468,0.0,37883.264468,27.799999237060547
core,0.000607737,0.00756800000090152,31.99661769750141,0.0,196556.803881,0.0,196556.811449,27.799999237060547
uncore,0.000696593,0.0,0.0,0.0,40.124714,0.0,40.124714,27.799999237060547
package-0,1.000952582,17.145219999998517,17.131497533422266,17.13554727486616,56017.432766,0.0,56034.577986,27.799999237060547
dram,1.001066532,0.4559929999959422,0.4556280382922458,0.4557357449154451,37883.264468,0.0,37883.720461,27.799999237060547
core,1.001159551,15.70412199999555,15.69155294055774,15.687698560847926,196556.803881,0.00756800000090152,196572.508003,27.799999237060547
uncore,1.001248496,0.008361000000000729,0.00835430813235225,0.008356283020292584,40.124714,0.0,40.133075,27.799999237060547
package-0,2.001467481,34.841464000004635,17.408838794898386,17.686245381845662,56017.432766,17.145219999998517,56052.27423,27.799999237060547
dram,2.001565038,0.9013649999978952,0.45037481720988687,0.4451203587741661,37883.264468,0.4559929999959422,37884.165833,27.799999237060547
core,2.001656973,31.98307200000272,15.980618512861618,16.269752172202406,196556.803881,15.70412199999555,196588.786953,27.799999237060547
uncore,2.001747291,0.008361000000000729,0.004177645955524106,0.0,40.124714,0.008361000000000729,40.133075,27.799999237060547
package-0,2.036139773,35.46853800000099,17.42046230560367,18.091616791619362,56017.432766,34.841464000004635,56052.901304,27.799999237060547
dram,2.036287338,0.9176619999998366,0.4507120163870747,0.47018227336782653,37883.264468,0.9013649999978952,37884.18213,27.799999237060547
core,2.036377395,32.55411600001389,15.989036556016927,16.475103766725496,196556.803881,31.98307200000272,196589.357997,27.799999237060547
uncore,2.036467536,0.008361000000000729,0.00410652633432934,0.0,40.124714,0.008361000000000729,40.133075,27.799999237060547
