zone,time_elapsed,power_j,watts,watts_since_last,start_power,prev_power,prev_power_reading,temp
package-0,0.000454059,0.0,0.0,0.0,55802.319242,0.0,55802.319242,27.799999237060547
dram,0.000612935,0.0007330000007641502,2.146695760097671,0.0,37877.746782,0.0,37877.747515,27.799999237060547
core,0.000743189,0.0057369999994989485,16.801628324373485,0.0,196359.215947,0.0,196359.221684,27.799999237060547
uncore,0.000868738,0.0,0.0,0.0,40.07259,0.0,40.07259,27.799999237060547
package-0,1.001120783,17.622636000000057,17.60545453762406,17.611462196471958,55802.319242,0.0,55819.941878,27.799999237060547
dram,1.001220585,0.455749000000651,0.455304660442346,0.4547274926854226,37877.746782,0.0007330000007641502,37878.202531,27.799999237060547
core,1.001306279,16.18159900000319,16.165822499007422,16.165605537583104,196359.215947,0.0057369999994989485,196375.397546,27.799999237060547
uncore,1.001390056,0.008789000000000158,0.008780431028092514,0.008783427249180787,40.07259,0.0,40.081379,27.799999237060547
package-0,2.00159914,35.53360100000282,17.753568827291918,17.90175139820014,55802.319242,17.622636000000057,55837.852843,27.799999237060547
dram,2.001690248,0.901425999996718,0.45037733534664576,0.44544773873568544,37877.746782,0.455749000000651,37878.648208,27.799999237060547
core,2.0017747,32.66129300001194,16.31848439070427,16.471216660102993,196359.215947,16.18159900000319,196391.87724,27.799999237060547
uncore,2.001857371,0.008789000000000158,0.004391227233712088,0.0,40.07259,0.008789000000000158,40.081379,27.799999237060547
package-0,2.024946286,35.949493000000075,17.754275276693257,17.81484227209946,55802.319242,35.53360100000282,55838.268735,27.799999237060547
dram,2.025049572,0.9124119999978575,0.4506103553037639,0.47058817486961796,37877.746782,0.901425999996718,37878.659194,27.799999237060547
core,2.025239354,33.048987000016496,16.321810513826954,16.60697358921567,196359.215947,32.66129300001194,196392.264934,27.799999237060547
uncore,2.025433808,0.008789000000000158,0.004340598778593609,0.0,40.07259,0.008789000000000158,40.081379,27.799999237060547
