zone,time_elapsed,power_j,watts,watts_since_last,start_power,prev_power,prev_power_reading,temp
package-0,0.000353459,0.0,0.0,0.0,50613.78803,0.0,50613.78803,27.799999237060547
dram,0.000465182,0.0,0.0,0.0,37742.873348,0.0,37742.873348,27.799999237060547
core,0.000547394,0.006836000015027821,29.845533277279763,0.0,191599.087691,0.0,191599.094527,27.799999237060547
uncore,0.000626904,0.0,0.0,0.0,38.876487,0.0,38.876487,27.799999237060547
package-0,1.000862959,16.478351999998267,16.46634579449106,16.470115459957896,50613.78803,0.0,50630.266382,27.799999237060547
dram,1.000957405,0.456054000002041,0.4557217168922731,0.4558260459547195,37742.873348,0.0,37743.329402,27.799999237060547
core,1.001038564,15.032554000004893,15.021601209785196,15.018207544578896,191599.087691,0.006836000015027821,191614.120245,27.799999237060547
uncore,1.00111804,0.009337999999999624,0.009331196288862349,0.009333332493752823,38.876487,0.0,38.885825,27.799999237060547
package-0,2.001323195,34.08462999999756,17.03192657225319,17.59764211550989,50613.78803,16.478351999998267,50647.87266,27.799999237060547
dram,2.001442845,0.9012430000002496,0.45034681613860944,0.444970634663983,37742.873348,0.456054000002041,37743.774591,27.799999237060547
core,2.002345918,31.239300000015646,15.610128781474044,16.19879658637516,191599.087691,15.032554000004893,191630.326991,27.799999237060547
uncore,2.002426137,0.009337999999999624,0.0046661539330691065,0.0,38.876487,0.009337999999999624,38.885825,27.799999237060547
package-0,2.075243361,35.38784899999882,17.05338839447462,17.63456586490457,50613.78803,34.08462999999756,50649.175879,27.799999237060547
dram,2.075328338,0.9348729999983334,0.45051487499225457,0.45506584081599066,37742.873348,0.9012430000002496,37743.808221,27.799999237060547
core,2.075407019,32.417336000013165,15.621899526089512,15.940646532290298,191599.087691,31.239300000015646,191631.505027,27.799999237060547
uncore,2.075484034,0.009337999999999624,0.00449997796779349,0.0,38.876487,0.009337999999999624,38.885825,27.799999237060547
