zone,time_elapsed,power_j,watts,watts_since_last,start_power,prev_power,prev_power_reading,temp
package-0,0.000614862,0.0,0.0,0.0,53915.877905,0.0,53915.877905,27.799999237060547
dram,0.000733172,0.0,0.0,0.0,37828.803182,0.0,37828.803182,27.799999237060547
core,0.000886468,0.005797999998321757,12.24074449044419,0.0,194628.20811,0.0,194628.213908,27.799999237060547
uncore,0.000986869,0.0,0.0,0.0,39.642171,0.0,39.642171,27.799999237060547
package-0,1.001327474,17.040239000001748,17.021662646775468,17.02972021865485,53915.877905,0.0,53932.918144,27.799999237060547
dram,1.001531107,0.45580899999913527,0.4553121015115201,0.4555276333347981,37828.803182,0.0,37829.258991,27.799999237060547
core,1.00174029,15.621480999980122,15.604451300515622,15.60604358382929,194628.20811,0.005797999998321757,194643.829591,27.799999237060547
uncore,1.001935488,0.007201999999999487,0.007194148766461292,0.007197554272257033,39.642171,0.0,39.649373,27.799999237060547
package-0,2.002229973,34.7986779999992,17.381589520446155,17.741566858622736,53915.877905,17.040239000001748,53950.676583,27.799999237060547
dram,2.002437148,0.9015479999943636,0.4503141547182219,0.445315507174483,37828.803182,0.45580899999913527,37829.70473,27.799999237060547
core,2.002641964,31.949930000002496,15.958668558243634,16.312935479945622,194628.20811,15.621480999980122,194660.15804,27.799999237060547
uncore,2.002848145,0.007201999999999487,0.0035973265342507314,0.0,39.642171,0.007201999999999487,39.649373,27.799999237060547
package-0,2.042988895,35.524078999995254,17.3900936556064,17.808060549385875,53915.877905,34.7986779999992,53951.401984,27.799999237060547
dram,2.04317931,0.9198579999938374,0.45029786049495496,0.44949702116713147,37828.803182,0.9015479999943636,37829.72304,27.799999237060547
core,2.043370442,32.607826999999816,15.962501531310172,16.15088704216745,194628.20811,31.949930000002496,194660.815937,27.799999237060547
uncore,2.043560882,0.007201999999999487,0.003525593288644727,0.0,39.642171,0.007201999999999487,39.649373,27.799999237060547
