zone,time_elapsed,power_j,watts,watts_since_last,start_power,prev_power,prev_power_reading,temp
package-0,0.000333914,0.0,0.0,0.0,52170.411121,0.0,52170.411121,27.799999237060547
dram,0.000553662,0.0,0.0,0.0,37783.53572,0.0,37783.53572,27.799999237060547
core,0.000688656,0.008178999996744096,38.152057788981644,0.0,193026.551382,0.0,193026.559561,27.799999237060547
uncore,0.000828063,0.0,0.0,0.0,39.231283,0.0,39.231283,27.799999237060547
package-0,1.001078347,17.119280000006256,17.103114239046196,17.106778109961823,52170.411121,0.0,52187.530401,27.799999237060547
dram,1.001178587,0.45507699999870965,0.45464727012686934,0.4547446657757907,37783.53572,0.0,37783.990797,27.799999237060547
core,1.001264414,15.69814100000076,15.683317222661803,15.678503914165983,193026.551382,0.008178999996744096,193042.249523,27.799999237060547
uncore,1.001348221,0.007996000000005665,0.007988449365596,0.007990160670735082,39.231283,0.0,39.239279,27.799999237060547
package-0,2.001557817,35.01553500000591,17.49509140528262,17.88724145804377,52170.411121,17.119280000006256,52205.426656,27.799999237060547
dram,2.001681693,0.9008759999996983,0.45011187076871584,0.4455744710148739,37783.53572,0.45507699999870965,37784.436596,27.799999237060547
core,2.002532973,32.17691999999806,16.07681152209548,16.470479377204814,193026.551382,15.69814100000076,193058.728302,27.799999237060547
uncore,2.002617326,0.007996000000005665,0.003995105340435762,0.0,39.231283,0.007996000000005665,39.239279,27.799999237060547
package-0,2.048857228,35.8594660000017,17.50301100079388,17.838044201971226,52170.411121,35.01553500000591,52206.270587,27.799999237060547
dram,2.04896076,0.9224220000032801,0.450234323440035,0.45541460195381167,37783.53572,0.9008759999996983,37784.458142,27.799999237060547
core,2.049146894,32.94266499998048,16.079319973423434,16.185438332272334,193026.551382,32.17691999999806,193059.494047,27.799999237060547
uncore,2.049341417,0.007996000000005665,0.0039028488589997515,0.0,39.231283,0.007996000000005665,39.239279,27.799999237060547
