zone,time_elapsed,power_j,watts,watts_since_last,start_power,prev_power,prev_power_reading,temp
package-0,0.000315492,0.0,0.0,0.0,42388.146613,0.0,42388.146613,27.799999237060547
dram,0.000444368,0.0009150000041699968,4.066449807876899,0.0,37523.931343,0.0,37523.932258,27.799999237060547
core,0.000535128,0.007202999986475334,32.01162598650443,0.0,183991.608264,0.0,183991.615467,27.799999237060547
uncore,0.000622878,0.0,0.0,0.0,37.214016,0.0,37.214016,27.799999237060547
package-0,1.000978642,26.357903000003716,26.338733064288665,26.34465661686553,42388.146613,0.0,42414.504516,27.799999237060547
dram,1.001235489,0.5637190000052215,0.5633090107510895,0.5625211581749883,37523.931343,0.0009150000041699968,37524.495062,27.799999237060547
core,1.001423616,24.89019599999301,24.87209351827226,24.87048784514263,183991.608264,0.007202999986475334,184016.49846,27.799999237060547
uncore,1.001624454,0.007995000000001085,0.0079891852871978,0.007990982046327389,37.214016,0.0,37.222011,27.799999237060547
package-0,2.001919401,56.61429599999974,28.28296835297851,30.226709917456436,42388.146613,26.357903000003716,42444.760909,27.799999237060547
dram,2.00208185,1.5320390000051702,0.7653651747727336,0.9673700281217829,37523.931343,0.5637190000052215,37525.463382,27.799999237060547
core,2.002220847,53.628341999981785,26.791266637108762,28.709952396086532,183991.608264,24.89019599999301,184045.236606,27.799999237060547
uncore,2.002356155,0.007995000000001085,0.0039940853805211125,0.0,37.214016,0.007995000000001085,37.222011,27.799999237060547
package-0,2.127478078,61.94075900000462,29.117531983932253,42.42268244171857,42388.146613,56.61429599999974,42450.087372,27.799999237060547
dram,2.127657853,1.6808430000019143,0.7901420745025216,1.1851513542689744,37523.931343,1.5320390000051702,37525.612186,27.799999237060547
core,2.1278238,58.744539999985136,27.61503168423925,40.74802416967865,183991.608264,53.628341999981785,184050.352804,27.799999237060547
uncore,2.127984162,0.007995000000001085,0.003758343810600587,0.0,37.214016,0.007995000000001085,37.222011,27.799999237060547
