zone,time_elapsed,power_j,watts,watts_since_last,start_power,prev_power,prev_power_reading,temp
package-0,0.000352527,0.0,0.0,0.0,50506.525732,0.0,50506.525732,27.799999237060547
dram,0.000477267,0.0,0.0,0.0,37740.095828,0.0,37740.095828,27.799999237060547
core,0.000558895,0.006713000009767711,29.68501956641083,0.0,191500.646903,0.0,191500.653616,27.799999237060547
uncore,0.000638258,0.0,0.0,0.0,38.852378,0.0,38.852378,27.799999237060547
package-0,1.000881789,16.93312299999525,16.92057341678578,16.92439788053391,50506.525732,0.0,50523.458855,27.799999237060547
dram,1.000974253,0.4558099999994738,0.45547218720955296,0.4555751350722144,37740.095828,0.0,37740.551638,27.799999237060547
core,1.00105506,15.490499000006821,15.479018583419943,15.475807679485012,191500.646903,0.006713000009767711,191516.137402,27.799999237060547
uncore,1.001134471,0.00799599999999856,0.00799007395390872,0.007991879906191122,38.852378,0.0,38.860374,27.799999237060547
package-0,2.001339086,34.73507899999822,17.35681499304554,17.793164521964826,50506.525732,16.93312299999525,50541.260811,27.799999237060547
dram,2.001425493,0.9010600000037812,0.4502517963958005,0.4450301137403191,37740.095828,0.4558099999994738,37740.996888,27.799999237060547
core,2.001505779,31.87320900001214,15.926763599642687,16.374619415174617,191500.646903,15.490499000006821,191532.520112,27.799999237060547
uncore,2.001584742,0.00799599999999856,0.003995531223187207,0.0,38.852378,0.00799599999999856,38.860374,27.799999237060547
package-0,2.054122452,35.66787699999986,17.365076452018492,17.67841272229926,50506.525732,34.73507899999822,50542.193609,27.799999237060547
dram,2.054207935,0.9251690000019153,0.4504229510511886,0.45691441479095957,37740.095828,0.9010600000037812,37741.020997,27.799999237060547
core,2.054286529,32.72568500001216,15.93265620967259,16.15614802328985,191500.646903,31.87320900001214,191533.372588,27.799999237060547
uncore,2.054363989,0.00799599999999856,0.0038928908303209465,0.0,38.852378,0.00799599999999856,38.860374,27.799999237060547
