zone,time_elapsed,power_j,watts,watts_since_last,start_power,prev_power,prev_power_reading,temp
package-0,0.000657232,0.017701000004308298,36.48998541371183,0.0,51531.991612,0.0,51532.009313,27.799999237060547
dram,0.000875147,0.0006710000016028062,1.3832427696247436,0.0,37766.903499,0.0,37766.90417,27.799999237060547
core,0.001011341,0.012084999994840473,24.912800035540624,0.0,192440.956263,0.0,192440.968348,27.799999237060547
uncore,0.001149768,0.0,0.0,0.0,39.090109,0.0,39.090109,27.799999237060547
package-0,1.001490278,17.122637000000395,17.10117063585155,17.09177251501706,51531.991612,0.017701000004308298,51549.114249,27.799999237060547
dram,1.001683307,0.4572130000015022,0.4566397996964547,0.45619065792184105,37766.903499,0.0006710000016028062,37767.360712,27.799999237060547
core,1.001882532,15.689474000013433,15.66980436839138,15.665324115671046,192440.956263,0.012084999994840473,192456.645737,27.799999237060547
uncore,1.002053627,0.009095000000002074,0.009083597750340774,0.009088000739912219,39.090109,0.0,39.099204,27.799999237060547
package-0,2.002363739,34.627230999998574,17.294902311928364,17.488701055470514,51531.991612,17.122637000000395,51566.618843,27.799999237060547
dram,2.002570183,0.9029519999967306,0.45098802824587503,0.445334300223229,37766.903499,0.4572130000015022,37767.806451,27.799999237060547
core,2.002785254,31.765726999990875,15.865696720949188,16.061656888971303,192440.956263,15.689474000013433,192472.72199,27.799999237060547
uncore,2.002974972,0.009095000000002074,0.004542584895888176,0.0,39.090109,0.009095000000002074,39.099204,27.799999237060547
package-0,2.031989202,35.153840999999375,17.301719939550534,17.762123540637067,51531.991612,34.627230999998574,51567.145453,27.799999237060547
dram,2.032165569,0.9165629999988596,0.45110622002684736,0.4590878706235336,37766.903499,0.9029519999967306,37767.820062,27.799999237060547
core,2.032336972,32.2424100000062,15.868796470811846,16.078126765501747,192440.956263,31.765726999990875,192473.198673,27.799999237060547
uncore,2.032508962,0.009095000000002074,0.004476300124650697,0.0,39.090109,0.009095000000002074,39.099204,27.799999237060547
