zone,time_elapsed,power_j,watts,watts_since_last,start_power,prev_power,prev_power_reading,temp
package-0,0.000301147,0.0,0.0,0.0,50932.74571,0.0,50932.74571,27.799999237060547
dram,0.000430352,0.0,0.0,0.0,37751.204931,0.0,37751.204931,27.799999237060547
core,0.000516084,0.005554000003030524,26.28888427509383,0.0,191891.572843,0.0,191891.578397,27.799999237060547
uncore,0.000600011,0.0,0.0,0.0,38.952048,0.0,38.952048,27.799999237060547
package-0,1.0009502,17.129411999994772,17.11737956055861,17.12099413792797,50932.74571,0.0,50949.875122,27.799999237060547
dram,1.001164879,0.45605300000170246,0.4557326486608507,0.455828883070592,37751.204931,0.0,37751.660984,27.799999237060547
core,1.001360451,15.70686899998691,15.695835816245745,15.693598943884737,191891.572843,0.005554000003030524,191907.279712,27.799999237060547
uncore,1.001573656,0.008423000000000513,0.008417083320702309,0.008418860707175476,38.952048,0.0,38.960471,27.799999237060547
package-0,2.00187588,34.6679409999997,17.319430759939443,17.521426825880138,50932.74571,17.129411999994772,50967.413651,27.799999237060547
dram,2.002083593,0.901730999998108,0.45048731387186564,0.4452434103703585,37751.204931,0.45605300000170246,37752.106662,27.799999237060547
core,2.002289083,31.81650799998897,15.894910151395294,16.093930165397662,191891.572843,15.70686899998691,191923.389351,27.799999237060547
uncore,2.002483481,0.008423000000000513,0.0042079673924384515,0.0,38.952048,0.008423000000000513,38.960471,27.799999237060547
package-0,2.031730838,35.19937299999583,17.326347701980843,17.789829469817338,50932.74571,34.6679409999997,50967.945083,27.799999237060547
dram,2.031906519,0.9152200000025914,0.45050290935164344,0.45154791167989944,37751.204931,0.901730999998108,37752.120151,27.799999237060547
core,2.032081321,32.301187000004575,15.899760406210902,16.224760191222906,191891.572843,31.81650799998897,191923.87403,27.799999237060547
uncore,2.032257135,0.008423000000000513,0.0041460916560590675,0.0,38.952048,0.008423000000000513,38.960471,27.799999237060547
