zone,time_elapsed,power_j,watts,watts_since_last,start_power,prev_power,prev_power_reading,temp
package-0,0.000316705,0.0,0.0,0.0,41531.466127,0.0,41531.466127,27.799999237060547
dram,0.000426736,0.0,0.0,0.0,37503.799009,0.0,37503.799009,27.799999237060547
core,0.000512118,0.007508000009693205,39.25915860372306,0.0,183190.942101,0.0,183190.949609,27.799999237060547
uncore,0.000594095,0.0,0.0,0.0,37.070156,0.0,37.070156,27.799999237060547
package-0,1.000837867,17.190691000003426,17.17871676444865,17.182000395749256,41531.466127,0.0,41548.656818,27.799999237060547
dram,1.00096822,0.4558699999979581,0.45555246216528283,0.4556395388861081,37503.799009,0.0,37504.254879,27.799999237060547
core,1.001816475,15.763388000021223,15.752407957331052,15.747914751973726,183190.942101,0.007508000009693205,183206.705489,27.799999237060547
uncore,1.001897222,0.007446000000001618,0.007440813462826303,0.00744223573949129,37.070156,0.0,37.077602,27.799999237060547
package-0,2.002101462,34.92123700000229,17.443197490258097,17.7075188414696,41531.466127,17.190691000003426,41566.387364,27.799999237060547
dram,2.002187885,0.9016699999992852,0.4503851877018995,0.44522102700904714,37503.799009,0.4558699999979581,37504.700679,27.799999237060547
core,2.002267838,32.05765699999756,16.012836032293922,16.273107174763457,183190.942101,15.763388000021223,183222.999758,27.799999237060547
uncore,2.002346489,0.007446000000001618,0.0037192854454864096,0.0,37.070156,0.007446000000001618,37.077602,27.799999237060547
package-0,2.03592134,35.52462899999955,17.449819639924087,17.84183444631674,41531.466127,34.92123700000229,41566.990756,27.799999237060547
dram,2.036008377,0.9174779999957536,0.4506683412098231,0.4674303253368416,37503.799009,0.9016699999992852,37504.716487,27.799999237060547
core,2.036088865,32.607583000004524,16.016956637152802,16.260886206469447,183190.942101,32.05765699999756,183223.549684,27.799999237060547
uncore,2.036195129,0.007446000000001618,0.0036575007451563994,0.0,37.070156,0.007446000000001618,37.077602,27.799999237060547
