zone,time_elapsed,power_j,watts,watts_since_last,start_power,prev_power,prev_power_reading,temp
package-0,0.000621351,0.016844999998284038,39.495433812696305,0.0,45374.077018,0.0,45374.093863,27.799999237060547
dram,0.000847201,0.0,0.0,0.0,37607.288979,0.0,37607.288979,27.799999237060547
core,0.001028958,0.011473999998997897,26.902380977943746,0.0,186790.100185,0.0,186790.111659,27.799999237060547
uncore,0.001186238,0.0,0.0,0.0,37.678309,0.0,37.678309,27.799999237060547
package-0,1.001436378,17.11769299999287,17.095625863554435,17.086080483546574,45374.077018,0.016844999998284038,45391.194711,27.799999237060547
dram,1.001535972,0.4555040000050212,0.454916790682108,0.45511064741734775,37607.288979,0.0,37607.744483,27.799999237060547
core,1.001621475,15.665548000019044,15.645352884643428,15.640555851956643,186790.100185,0.011473999998997897,186805.765733,27.799999237060547
uncore,1.001704848,0.008789000000000158,0.008777669731245047,0.008781410218367014,37.678309,0.0,37.687098,27.799999237060547
package-0,2.001913179,35.00692899999558,17.487677927197122,17.88003412983796,45374.077018,17.11769299999287,45409.083947,27.799999237060547
dram,2.002004244,0.9008759999996983,0.45003174486794734,0.44514290942205753,37607.288979,0.4555040000050212,37608.189855,27.799999237060547
core,2.002088413,32.137430000002496,16.05422244401836,16.463409188761503,186790.100185,15.665548000019044,186822.237615,27.799999237060547
uncore,2.002171084,0.008789000000000158,0.004390536550697082,0.0,37.678309,0.008789000000000158,37.687098,27.799999237060547
package-0,2.053165224,35.918974999993225,17.495383754857837,17.796376481417905,45374.077018,35.00692899999558,45409.995993,27.799999237060547
dram,2.053267731,0.924008000001777,0.45006502976749246,0.4513651513259371,37607.288979,0.9008759999996983,37608.212987,27.799999237060547
core,2.053456487,32.979713000007905,16.063730522942844,16.435119908461953,186790.100185,32.137430000002496,186823.079898,27.799999237060547
uncore,2.053650117,0.008789000000000158,0.004280938635400295,0.0,37.678309,0.008789000000000158,37.687098,27.799999237060547
