zone,time_elapsed,power_j,watts,watts_since_last,start_power,prev_power,prev_power_reading,temp
package-0,0.000641894,0.018798999997670762,39.59759957887559,0.0,52383.404411,0.0,52383.42321,27.799999237060547
dram,0.000799246,0.0,0.0,0.0,37789.077393,0.0,37789.077393,27.799999237060547
core,0.000926743,0.008301000023493543,17.484955320775615,0.0,193221.95878,0.0,193221.967081,27.799999237060547
uncore,0.00106447,0.0,0.0,0.0,39.280111,0.0,39.280111,27.799999237060547
package-0,1.001402431,17.00520499999402,16.9853631573584,16.974635414358055,52383.404411,0.018798999997670762,52400.409616,27.799999237060547
dram,1.001605016,0.4561749999993481,0.4556427304639738,0.4558588974109875,37789.077393,0.0,37789.533568,27.799999237060547
core,1.001794077,15.565268000005744,15.547106290209392,15.546186931947524,193221.95878,0.008301000023493543,193237.524048,27.799999237060547
uncore,1.00196034,0.009522000000004027,0.009510889635525826,0.009515401811049404,39.280111,0.0,39.289633,27.799999237060547
package-0,2.002278064,34.648958999998285,17.306585347425877,17.627893690469925,52383.404411,17.00520499999402,52418.05337,27.799999237060547
dram,2.00248503,0.9019140000018524,0.45049121438456763,0.4453383166495418,37789.077393,0.4561749999993481,37789.979307,27.799999237060547
core,2.002677143,31.782512000005227,15.874842198973562,16.20266600771769,193221.95878,15.565268000005744,193253.741292,27.799999237060547
uncore,2.002885387,0.009522000000004027,0.004756082446178745,0.0,39.280111,0.009522000000004027,39.289633,27.799999237060547
package-0,2.045161393,35.407806999995955,17.31475652867532,17.69625268234528,52383.404411,34.648958999998285,52418.812218,27.799999237060547
dram,2.045349431,0.9211399999985588,0.45044627668697057,0.44834822522235057,37789.077393,0.9019140000018524,37789.998533,27.799999237060547
core,2.045519137,32.474099000013666,15.880145236710074,16.127733490780834,193221.95878,31.782512000005227,193254.432879,27.799999237060547
uncore,2.045682142,0.009522000000004027,0.00465634913978533,0.0,39.280111,0.009522000000004027,39.289633,27.799999237060547
