zone,time_elapsed,power_j,watts,watts_since_last,start_power,prev_power,prev_power_reading,temp
package-0,0.000696395,0.018249000000650994,33.33266360047379,0.0,54628.30644,0.0,54628.324689,27.799999237060547
dram,0.000853717,0.0007330000007641502,1.3388592494792515,0.0,37847.329013,0.0,37847.329746,27.799999237060547
core,0.000971313,0.009399000002304092,17.16771906660522,0.0,195281.805619,0.0,195281.815018,27.799999237060547
uncore,0.001057861,0.0,0.0,0.0,39.805073,0.0,39.805073,27.799999237060547
package-0,1.001406933,17.249406000002637,17.22940042628566,17.220589602413057,54628.30644,0.018249000000650994,54645.555846,27.799999237060547
dram,1.001585642,0.455749000000651,0.4552204299028778,0.45473695112456625,37847.329013,0.0007330000007641502,37847.784762,27.799999237060547
core,1.001766912,15.81252000000677,15.794180902735176,15.793429377860173,195281.805619,0.009399000002304092,195297.618139,27.799999237060547
uncore,1.001950926,0.0075080000000014024,0.007499292346678903,0.007503395548826261,39.805073,0.0,39.812581,27.799999237060547
package-0,2.002262152,34.86868500000128,17.416436156911068,17.603521594920423,54628.30644,17.249406000002637,54663.175125,27.799999237060547
dram,2.002471851,0.9015479999943636,0.45031102217626273,0.44540030970528677,37847.329013,0.455749000000651,37848.230561,27.799999237060547
core,2.0026807,32.000954999995884,15.98404384098775,16.173957237994582,195281.805619,15.81252000000677,195313.806574,27.799999237060547
uncore,2.002839439,0.0075080000000014024,0.0037501443678219564,0.0,39.805073,0.0075080000000014024,39.812581,27.799999237060547
package-0,2.032112666,35.40078799999901,17.422191403937028,17.807807352462266,54628.30644,34.86868500000128,54663.707228,27.799999237060547
dram,2.032285228,0.9155859999955283,0.4505977250757137,0.46980753657782387,37847.329013,0.9015479999943636,37848.244599,27.799999237060547
core,2.032456977,32.48545100001502,15.987433532990707,16.214551377113214,195281.805619,32.000954999995884,195314.29107,27.799999237060547
uncore,2.03263374,0.0075080000000014024,0.0036949972147735043,0.0,39.805073,0.0075080000000014024,39.812581,27.799999237060547
