zone,time_elapsed,power_j,watts,watts_since_last,start_power,prev_power,prev_power_reading,temp
package-0,0.000589708,0.0,0.0,0.0,52312.857594,0.0,52312.857594,27.799999237060547
dram,0.000814785,0.0,0.0,0.0,37787.225896,0.0,37787.225896,27.799999237060547
core,0.000975488,0.010253999993437901,21.47043364546753,0.0,193157.282615,0.0,193157.292869,27.799999237060547
uncore,0.001100983,0.0,0.0,0.0,39.264853,0.0,39.264853,27.799999237060547
package-0,1.001442735,16.458027000000584,16.438179427093054,16.446024362500342,52312.857594,0.0,52329.315621,27.799999237060547
dram,1.001644653,0.45648099999380065,0.4559305063089696,0.4561480939918435,37787.225896,0.0,37787.682377,27.799999237060547
core,1.001851911,15.020774999982677,15.002660682456053,14.999574010884615,193157.282615,0.010253999993437901,193172.30339,27.799999237060547
uncore,1.002060378,0.007872999999996466,0.007863505548352846,0.007867258317531165,39.264853,0.0,39.272726,27.799999237060547
package-0,2.002374636,33.995945999995456,16.979589029159968,17.521133526301938,52312.857594,16.458027000000584,52346.85354,27.799999237060547
dram,2.00258001,0.9022189999959664,0.45062160747735147,0.4453113859054204,37787.225896,0.45648099999380065,37788.128115,27.799999237060547
core,2.00277376,31.130352999985917,15.548342154458906,16.094159585895877,193157.282615,15.020774999982677,193188.412968,27.799999237060547
uncore,2.002980217,0.007872999999996466,0.003932242521697566,0.0,39.264853,0.007872999999996466,39.272726,27.799999237060547
package-0,2.066171824,35.114534000000276,16.99671214460719,17.534110488760348,52312.857594,33.995945999995456,52347.972128,27.799999237060547
dram,2.066361953,0.9315159999969183,0.4508876384360792,0.45923685485959753,37787.225896,0.9022189999959664,37788.157412,27.799999237060547
core,2.066550817,32.151041000004625,15.562273702010058,15.999506669839777,193157.282615,31.130352999985917,193189.433656,27.799999237060547
uncore,2.066739223,0.007872999999996466,0.0038108184694813636,0.0,39.264853,0.007872999999996466,39.272726,27.799999237060547
