zone,time_elapsed,power_j,watts,watts_since_last,start_power,prev_power,prev_power_reading,temp
package-0,0.00039653,0.0,0.0,0.0,41283.765223,0.0,41283.765223,27.799999237060547
dram,0.000510495,0.0,0.0,0.0,37497.338882,0.0,37497.338882,27.799999237060547
core,0.000597286,0.007202000007964671,27.06775962974323,0.0,182963.76678,0.0,182963.773982,27.799999237060547
uncore,0.000681373,0.0,0.0,0.0,37.010464,0.0,37.010464,27.799999237060547
package-0,1.001020559,17.13923899999645,17.12578866246778,17.13034300730864,41283.765223,0.0,41300.904462,27.799999237060547
dram,1.001163851,0.45587000000523403,0.4555122475187166,0.45563338412125926,37497.338882,0.0,37497.794752,27.799999237060547
core,1.001342508,15.700276999996277,15.68795591474018,15.684929627813434,182963.76678,0.007202000007964671,182979.467057,27.799999237060547
uncore,1.001545009,0.00903300000000229,0.009025911184746457,0.009028311489506051,37.010464,0.0,37.019497,27.799999237060547
package-0,2.001861039,34.77121299999999,17.37126588595993,17.61672341394477,41283.765223,17.13923899999645,41318.536436,27.799999237060547
dram,2.002067981,0.9016090000004624,0.450432651405704,0.44535346284668353,37497.338882,0.45587000000523403,37498.240491,27.799999237060547
core,2.002274059,31.90494700000272,15.939315013672575,16.190653945173956,182963.76678,15.700276999996277,182995.671727,27.799999237060547
uncore,2.002480669,0.00903300000000229,0.004512774539902184,0.0,37.010464,0.00903300000000229,37.019497,27.799999237060547
package-0,2.034273229,35.33792299999914,17.37281190947008,17.468199468187873,41283.765223,34.77121299999999,41319.103146,27.799999237060547
dram,2.034452488,0.9164400000008754,0.4505397712913223,0.4571489232946287,37497.338882,0.9016090000004624,37498.255322,27.799999237060547
core,2.034623756,32.42801699999836,15.942245387146366,16.12304546551611,182963.76678,31.90494700000272,182996.194797,27.799999237060547
uncore,2.03479406,0.00903300000000229,0.00444079891108164,0.0,37.010464,0.00903300000000229,37.019497,27.799999237060547
