zone,time_elapsed,power_j,watts,watts_since_last,start_power,prev_power,prev_power_reading,temp
package-0,0.000695356,0.0,0.0,0.0,53308.244817,0.0,53308.244817,27.799999237060547
dram,0.000854255,0.0,0.0,0.0,37813.062866,0.0,37813.062866,27.799999237060547
core,0.00099532,0.010254000022541732,20.519655209242313,0.0,194070.582645,0.0,194070.592899,27.799999237060547
uncore,0.001122969,0.0,0.0,0.0,39.500081,0.0,39.500081,27.799999237060547
package-0,1.00147729,16.494159000001673,16.473947081379634,16.482173394259796,53308.244817,0.0,53324.738976,27.799999237060547
dram,1.001682303,0.4558699999979581,0.45531137755820916,0.455538738604787,37813.062866,0.0,37813.518736,27.799999237060547
core,1.00188606,15.057945000007749,15.039493015947498,15.036756481186679,194070.582645,0.010254000022541732,194085.64059,27.799999237060547
uncore,1.002091775,0.009155999999997277,0.009144780250817988,0.009149346723151056,39.500081,0.0,39.509237,27.799999237060547
package-0,2.002398448,34.02975900000456,16.996205463128245,17.518597605394536,53308.244817,16.494159000001673,53342.274576,27.799999237060547
dram,2.002606044,0.9015480000016396,0.4502792700617761,0.44524587374485247,37813.062866,0.4558699999979581,37813.964414,27.799999237060547
core,2.002812693,31.1659970000037,15.565895969913578,16.092433745902806,194070.582645,15.057945000007749,194101.748642,27.799999237060547
uncore,2.003017999,0.009155999999997277,0.004572975589404999,0.0,39.500081,0.009155999999997277,39.509237,27.799999237060547
package-0,2.075801967,35.306367000004684,17.010276755995257,17.3941488335764,53308.244817,34.02975900000456,53343.551184,27.799999237060547
dram,2.075994389,0.9345679999969434,0.4502661043330477,0.44990693650905417,37813.062866,0.9015480000016396,37813.997434,27.799999237060547
core,2.076183639,32.34043300000485,15.581317549288814,16.002026134512843,194070.582645,31.1659970000037,194102.923078,27.799999237060547
uncore,2.076373942,0.009155999999997277,0.004411274996881599,0.0,39.500081,0.009155999999997277,39.509237,27.799999237060547
