zone,time_elapsed,power_j,watts,watts_since_last,start_power,prev_power,prev_power_reading,temp
package-0,0.000517309,0.0,0.0,0.0,54556.533613,0.0,54556.533613,27.799999237060547
dram,0.000702817,0.0007320000004256144,1.952291543338777,0.0,37845.486611,0.0,37845.487343,27.799999237060547
core,0.000842815,0.009766000002855435,26.0465562933543,0.0,195215.874391,0.0,195215.884157,27.799999237060547
uncore,0.000971251,0.0,0.0,0.0,39.790669,0.0,39.790669,27.799999237060547
package-0,1.00121888,17.188860000002023,17.170392110041796,17.176825538139838,54556.533613,0.0,54573.722473,27.799999237060547
dram,1.001320008,0.45599200000287965,0.45550207745543925,0.4549412581482876,37845.486611,0.0007320000004256144,37845.942603,27.799999237060547
core,1.001405658,15.748434000008274,15.731513718723882,15.727648863203582,195215.874391,0.009766000002855435,195231.622825,27.799999237060547
uncore,1.001489119,0.007874000000001047,0.007865540092505912,0.00786848716478668,39.790669,0.0,39.798543,27.799999237060547
package-0,2.001699878,35.10983500000293,17.540956862925743,17.911728786484037,54556.533613,17.188860000002023,54591.643448,27.799999237060547
dram,2.001791114,0.9017919999969308,0.45053742267021124,0.44556999230832167,37845.486611,0.45599200000287965,37846.388403,27.799999237060547
core,2.001874742,32.23618500001612,16.10527450529259,16.4792442493339,195215.874391,15.748434000008274,195248.110576,27.799999237060547
uncore,2.001956644,0.007874000000001047,0.003933869080805539,0.0,39.790669,0.007874000000001047,39.798543,27.799999237060547
package-0,2.047823466,35.937103000003844,17.549750973109145,17.931284391545383,54556.533613,35.10983500000293,54592.470716,27.799999237060547
dram,2.04791564,0.9230319999987842,0.45075925402745487,0.46038343137802523,37845.486611,0.9017919999969308,37846.409643,27.799999237060547
core,2.048012445,32.99893900001189,16.114909480237348,16.532923907002075,195215.874391,32.23618500001612,195248.87333,27.799999237060547
uncore,2.048183952,0.007874000000001047,0.0038452386983520905,0.0,39.790669,0.007874000000001047,39.798543,27.799999237060547
