zone,time_elapsed,power_j,watts,watts_since_last,start_power,prev_power,prev_power_reading,temp
package-0,0.000549076,0.0,0.0,0.0,48797.641679,0.0,48797.641679,27.799999237060547
dram,0.000670039,0.0,0.0,0.0,37695.934259,0.0,37695.934259,27.799999237060547
core,0.000826619,0.00830000001587905,22.229721447875455,0.0,189932.042215,0.0,189932.050515,27.799999237060547
uncore,0.001018434,0.0,0.0,0.0,38.44912,0.0,38.44912,27.799999237060547
package-0,1.001349952,17.116777000002912,17.097602107629612,17.10398113542791,48797.641679,0.0,48814.758456,27.799999237060547
dram,1.001565167,0.4559319999971194,0.45542124689041674,0.4555911622256528,37695.934259,0.0,37696.390191,27.799999237060547
core,1.001774353,15.681783000007272,15.66421564481847,15.661766088221938,189932.042215,0.00830000001587905,189947.723998,27.799999237060547
uncore,1.001970904,0.008789000000000158,0.008779154213666146,0.008782429671149717,38.44912,0.0,38.457909,27.799999237060547
package-0,2.002289031,34.89450300000317,17.429151509165408,17.760755899670972,48797.641679,17.116777000002912,48832.536182,27.799999237060547
dram,2.002483168,0.9016090000004624,0.4503368299308847,0.4452515696977734,37695.934259,0.4559319999971194,37696.835868,27.799999237060547
core,2.002688884,32.03141200001119,15.999091111876368,16.334022119547065,189932.042215,15.681783000007272,189964.073627,27.799999237060547
uncore,2.002893333,0.008789000000000158,0.004389941092270138,0.0,38.44912,0.008789000000000158,38.457909,27.799999237060547
package-0,2.043499502,35.62246700000105,17.433193607056896,17.629172647632192,48797.641679,34.89450300000317,48833.264146,27.799999237060547
dram,2.043641752,0.9205910000018775,0.45052581944833786,0.45968887915236933,37695.934259,0.9016090000004624,37696.85485,27.799999237060547
core,2.043776051,32.70243100001244,16.004164199088716,16.250130227453525,189932.042215,32.03141200001119,189964.744646,27.799999237060547
uncore,2.043918293,0.008789000000000158,0.004301227610440941,0.0,38.44912,0.008789000000000158,38.457909,27.799999237060547
