zone,time_elapsed,power_j,watts,watts_since_last,start_power,prev_power,prev_power_reading,temp
package-0,0.000485375,0.019776000001002103,57.785530828598525,0.0,50292.844821,0.0,50292.864597,27.799999237060547
dram,0.000643507,0.0007329999934881926,2.141828161353567,0.0,37734.57448,0.0,37734.575213,27.799999237060547
core,0.000772,0.008177999989129603,23.896140294507518,0.0,191304.510198,0.0,191304.518376,27.799999237060547
uncore,0.000897186,0.0,0.0,0.0,38.80062,0.0,38.80062,27.799999237060547
package-0,1.001239001,17.163896999998542,17.146719279450632,17.132820585594157,50292.844821,0.019776000001002103,50310.008718,27.799999237060547
dram,1.001445603,0.455749000000651,0.4552928839471696,0.4547160797394365,37734.57448,0.0007329999934881926,37735.030229,27.799999237060547
core,1.001654158,15.725788999989163,15.710050545672104,15.70725085860047,191304.510198,0.008177999989129603,191320.235987,27.799999237060547
uncore,1.001861434,0.007263999999999271,0.0072567301496814784,0.00725921199073206,38.80062,0.0,38.807884,27.799999237060547
package-0,2.002167365,34.7030969999978,17.3343781310865,17.522041208227318,50292.844821,17.163896999998542,50327.547918,27.799999237060547
dram,2.00237589,0.9014869999955408,0.45029746302419266,0.44530192961957327,37734.57448,0.455749000000651,37735.475967,27.799999237060547
core,2.002583276,31.838784999999916,15.903639332950556,16.097232479258025,191304.510198,15.725788999989163,191336.348983,27.799999237060547
uncore,2.002789514,0.007263999999999271,0.0036284059242380497,0.0,38.80062,0.007263999999999271,38.807884,27.799999237060547
package-0,2.055370509,35.63394200000039,17.33849510622047,17.493389179222937,50292.844821,34.7030969999978,50328.478763,27.799999237060547
dram,2.055544697,0.9263900000005378,0.4507558687012717,0.4680025899224798,37734.57448,0.9014869999955408,37735.50087,27.799999237060547
core,2.055697205,32.69498400000157,15.908479058589073,16.090565370011877,191304.510198,31.838784999999916,191337.205182,27.799999237060547
uncore,2.055842269,0.007263999999999271,0.003534462408104371,0.0,38.80062,0.007263999999999271,38.807884,27.799999237060547
