zone,time_elapsed,power_j,watts,watts_since_last,start_power,prev_power,prev_power_reading,temp
package-0,0.000692143,0.0,0.0,0.0,44583.592896,0.0,44583.592896,27.799999237060547
dram,0.000847089,0.0,0.0,0.0,37586.979094,0.0,37586.979094,27.799999237060547
core,0.000987837,0.009399000002304092,17.142982215554156,0.0,186064.294975,0.0,186064.304374,27.799999237060547
uncore,0.001074924,0.0,0.0,0.0,37.501857,0.0,37.501857,27.799999237060547
package-0,1.001401834,17.214861000000383,17.194604225902495,17.204025595008186,44583.592896,0.0,44600.807757,27.799999237060547
dram,1.001616984,0.4562369999985094,0.4557001446707744,0.4559498345855904,37586.979094,0.0,37587.435331,27.799999237060547
core,1.001823701,15.770101000001887,15.751544278953839,15.750781874061227,186064.294975,0.009399000002304092,186080.065076,27.799999237060547
uncore,1.002030358,0.009582000000001756,0.00957072483435238,0.009575968882432161,37.501857,0.0,37.511439,27.799999237060547
package-0,2.002312798,35.17990299999656,17.57118877377138,17.947856299414514,44583.592896,17.214861000000383,44618.772799,27.799999237060547
dram,2.002482851,0.9019139999945764,0.4504759763440363,0.44525065690830434,37586.979094,0.4562369999985094,37587.881008,27.799999237060547
core,2.003333445,32.305947999993805,16.13574405886192,16.520028494507432,186064.294975,15.770101000001887,186096.600923,27.799999237060547
uncore,2.003487984,0.009582000000001756,0.00478588956968769,0.0,37.501857,0.009582000000001756,37.511439,27.799999237060547
package-0,2.045541037,35.95193499999732,17.577338295448236,17.86220027135915,44583.592896,35.17990299999656,44619.544831,27.799999237060547
dram,2.045740945,0.9219949999969685,0.4507745694817183,0.4646061869087508,37586.979094,0.9019139999945764,37587.901089,27.799999237060547
core,2.045936022,33.0049810000055,16.136536641824186,16.173251163793164,186064.294975,32.305947999993805,186097.299956,27.799999237060547
uncore,2.046128145,0.009582000000001756,0.00468475634335199,0.0,37.501857,0.009582000000001756,37.511439,27.799999237060547
