zone,time_elapsed,power_j,watts,watts_since_last,start_power,prev_power,prev_power_reading,temp
package-0,0.000577239,0.0,0.0,0.0,52063.680925,0.0,52063.680925,27.799999237060547
dram,0.000772395,0.0,0.0,0.0,37780.742575,0.0,37780.742575,27.799999237060547
core,0.000903301,0.009399999980814755,19.67082749482543,0.0,192928.705014,0.0,192928.714414,27.799999237060547
uncore,0.001028212,0.0,0.0,0.0,39.207358,0.0,39.207358,27.799999237060547
package-0,1.001277639,17.176774999999907,17.157101517873713,17.165294816496043,52063.680925,0.0,52080.8577,27.799999237060547
dram,1.00137851,0.45599200000287965,0.4554697278964019,0.4556872354684239,37780.742575,0.0,37781.198567,27.799999237060547
core,1.001463971,15.736654000007547,15.718629965740622,15.716742611134919,192928.705014,0.009399999980814755,192944.441668,27.799999237060547
uncore,1.001548839,0.006774999999997533,0.006767240228945928,0.0067704718948533105,39.207358,0.0,39.214133,27.799999237060547
package-0,2.001758525,35.069673999998486,17.520260406145237,17.883647735374126,52063.680925,17.176774999999907,52098.750599,27.799999237060547
dram,2.001848752,0.9013040000063484,0.45027737598051903,0.44508175787487475,37780.742575,0.45599200000287965,37781.643879,27.799999237060547
core,2.00193277,32.21384599999874,16.093533421595602,16.46867270619426,192928.705014,15.736654000007547,192960.91886,27.799999237060547
uncore,2.002015711,0.006774999999997533,0.0033846839936862794,0.0,39.207358,0.006774999999997533,39.214133,27.799999237060547
package-0,2.043892926,35.822722999997495,17.528522692321157,17.922125032531053,52063.680925,35.069673999998486,52099.503648,27.799999237060547
dram,2.044084722,0.9212620000034804,0.4507854378528206,0.4749887077047103,37780.742575,0.9013040000063484,37781.663837,27.799999237060547
core,2.044278081,32.90976700000465,16.103175564253554,16.562512100655294,192928.705014,32.21384599999874,192961.614781,27.799999237060547
uncore,2.044466952,0.006774999999997533,0.00331509531646829,0.0,39.207358,0.006774999999997533,39.214133,27.799999237060547
