zone,time_elapsed,power_j,watts,watts_since_last,start_power,prev_power,prev_power_reading,temp
package-0,0.000363115,0.0,0.0,0.0,41567.008578,0.0,41567.008578,27.799999237060547
dram,0.000472903,0.0,0.0,0.0,37504.717159,0.0,37504.717159,27.799999237060547
core,0.000556952,0.006225000019185245,24.923128740211897,0.0,183223.563844,0.0,183223.570069,27.799999237060547
uncore,0.000638789,0.0,0.0,0.0,37.077602,0.0,37.077602,27.799999237060547
package-0,1.000871305,16.906206999999995,16.89368703785518,16.89790446810816,41567.008578,0.0,41583.914785,27.799999237060547
dram,1.000965558,0.4559309999967809,0.4555933583920964,0.4557070951511848,37504.717159,0.0,37505.17309,27.799999237060547
core,1.001046496,15.478659000014886,15.467196214498733,15.464835585003543,183223.563844,0.006225000019185245,183239.042503,27.799999237060547
uncore,1.00112579,0.00891099999999767,0.008904400921761351,0.00890662386396147,37.077602,0.0,37.086513,27.799999237060547
package-0,2.001328583,34.62393499999598,17.30136773055103,17.70915310409891,41567.008578,16.906206999999995,41601.632513,27.799999237060547
dram,2.001416064,0.9011200000022654,0.4502841311767466,0.44497354070226175,37504.717159,0.4559309999967809,37505.618279,27.799999237060547
core,2.001495511,31.76108799999929,15.870820662366741,16.27454874955803,183223.563844,15.478659000014886,183255.324932,27.799999237060547
uncore,2.001573478,0.00891099999999767,0.004452771986977154,0.0,37.077602,0.00891099999999767,37.086513,27.799999237060547
package-0,2.052822878,35.52066100000229,17.304223779631872,17.415225830230078,41567.008578,34.62393499999598,41602.529239,27.799999237060547
dram,2.0529098120000002,0.9251070000027539,0.4506745679127572,0.4658491244764801,37504.717159,0.9011200000022654,37505.642266,27.799999237060547
core,2.052989822,32.59146900000633,15.877240372385192,16.1267462303458,183223.563844,31.76108799999929,183256.155313,27.799999237060547
uncore,2.053068798,0.00891099999999767,0.004341077383110899,0.0,37.077602,0.00891099999999767,37.086513,27.799999237060547
