zone,time_elapsed,power_j,watts,watts_since_last,start_power,prev_power,prev_power_reading,temp
package-0,0.000782798,0.0,0.0,0.0,51109.48714,0.0,51109.48714,27.799999237060547
dram,0.000999716,0.0,0.0,0.0,37755.796594,0.0,37755.796594,27.799999237060547
core,0.001132859,0.009764999995240942,16.046787923154444,0.0,192053.727213,0.0,192053.736978,27.799999237060547
uncore,0.00125579,0.0,0.0,0.0,38.99343,0.0,38.99343,27.799999237060547
package-0,1.001498289,17.390213999999105,17.36659565567313,17.37715586671444,51109.48714,0.0,51126.877354,27.799999237060547
dram,1.001599212,0.45562600000266684,0.4550071961310222,0.45528387511357726,37755.796594,0.0,37756.25222,27.799999237060547
core,1.001684043,15.952473999990616,15.930808307792525,15.930737783365114,192053.727213,0.009764999995240942,192069.679687,27.799999237060547
uncore,1.001768332,0.007568000000006236,0.007557721596884853,0.007562317266447096,38.99343,0.0,39.000998,27.799999237060547
package-0,2.001981424,35.26175000000512,17.614258342795267,17.862127285217674,51109.48714,17.390213999999105,51144.74889,27.799999237060547
dram,2.002071996,0.901426000003994,0.4502882143109917,0.4455653024883291,37755.796594,0.45562600000266684,37756.69802,27.799999237060547
core,2.002156824,32.40695999999298,16.188208626753518,16.44582331058592,192053.727213,15.952473999990616,192086.134173,27.799999237060547
uncore,2.002239412,0.007568000000006236,0.003780433674969764,0.0,38.99343,0.007568000000006236,39.000998,27.799999237060547
package-0,2.035475017,35.86923200000456,17.623859707258593,18.19970167181979,51109.48714,35.26175000000512,51145.356372,27.799999237060547
dram,2.035666607,0.9168680000002496,0.45049063225209607,0.4626306510289283,37755.796594,0.901426000003994,37756.713462,27.799999237060547
core,2.035855312,32.95792299997993,16.193427592600916,16.506435140436512,192053.727213,32.40695999999298,192086.685136,27.799999237060547
uncore,2.036044634,0.007568000000006236,0.0037184339565627163,0.0,38.99343,0.007568000000006236,39.000998,27.799999237060547
