zone,time_elapsed,power_j,watts,watts_since_last,start_power,prev_power,prev_power_reading,temp
package-0,0.000384122,0.0,0.0,0.0,56089.603358,0.0,56089.603358,27.799999237060547
dram,0.000504799,0.0,0.0,0.0,37885.119993,0.0,37885.119993,27.799999237060547
core,0.000600433,0.007263000006787479,32.131765485393956,0.0,196623.078247,0.0,196623.08551,27.799999237060547
uncore,0.000690565,0.0,0.0,0.0,40.141803,0.0,40.141803,27.799999237060547
package-0,1.000941243,17.26130800000101,17.24761098221559,17.251507384153058,56089.603358,0.0,56106.864666,27.799999237060547
dram,1.001048855,0.4558099999994738,0.45544831027834937,0.455551200451395,37885.119993,0.0,37885.575803,27.799999237060547
core,1.001141767,15.820760000002338,15.808206071232929,15.804518421471277,196623.078247,0.007263000006787479,196638.899007,27.799999237060547
uncore,1.001232861,0.007751999999996428,0.0077458487117005185,0.0077475985737514835,40.141803,0.0,40.149555,27.799999237060547
package-0,2.001446345,34.980500999998185,17.47857644518061,17.709600187734683,56089.603358,17.26130800000101,56124.583859,27.799999237060547
dram,2.001581638,0.9018530000030296,0.45062552428477914,0.44580152135607826,37885.119993,0.4558099999994738,37886.021846,27.799999237060547
core,2.001673925,32.124001999996835,16.05128024558907,16.294415754929275,196623.078247,15.820760000002338,196655.202249,27.799999237060547
uncore,2.001761431,0.007751999999996428,0.0038734129223302063,0.0,40.141803,0.007751999999996428,40.149555,27.799999237060547
package-0,2.036353025,35.603791000001365,17.48506088137172,17.856858921623246,56089.603358,34.980500999998185,56125.207149,27.799999237060547
dram,2.036446617,0.9182109999965178,0.45093443102403635,0.46864621303428916,37885.119993,0.9018530000030296,37886.038204,27.799999237060547
core,2.036534002,32.69376399999601,16.055943424145685,16.32331603721417,196623.078247,32.124001999996835,196655.772011,27.799999237060547
uncore,2.036619268,0.007751999999996428,0.0038070157178578517,0.0,40.141803,0.007751999999996428,40.149555,27.799999237060547
