zone,time_elapsed,power_j,watts,watts_since_last,start_power,prev_power,prev_power_reading,temp
package-0,0.000739597,0.015014999997220002,27.658045971890658,0.0,70792.762373,0.0,70792.777388,27.799999237060547
dram,0.000942959,0.0007929999992484227,1.4607279679642327,0.0,39210.519921,0.0,39210.520714,27.799999237060547
core,0.001055735,0.011656999995466322,21.472516938303716,0.0,207266.777501,0.0,207266.789158,27.799999237060547
uncore,0.00124375,0.0,0.0,0.0,48.491208,0.0,48.491208,27.799999237060547
package-0,1.001589743,17.389054999992368,17.365689776979856,17.36010674360252,70792.762373,0.015014999997220002,70810.151428,27.799999237060547
dram,1.001811779,0.45928799999819603,0.4586708666032569,0.4581273061068116,39210.519921,0.0007929999992484227,39210.979209,27.799999237060547
core,1.002024907,15.942341999994824,15.92092068778598,15.91790925419612,207266.777501,0.011656999995466322,207282.719843,27.799999237060547
uncore,1.002234071,0.00793499999999625,0.007924337945928088,0.007928636460515767,48.491208,0.0,48.499143,27.799999237060547
package-0,2.002553535,36.002287999988766,17.9800992018736,18.594723496118064,70792.762373,17.389054999992368,70828.764661,27.799999237060547
dram,2.002750655,0.9052710000032675,0.45210633237096337,0.4455395024102009,39210.519921,0.45928799999819603,39211.425192,27.799999237060547
core,2.002959006,33.12692899999092,16.544100465877225,17.167498180459802,207266.777501,15.942341999994824,207299.90443,27.799999237060547
uncore,2.003172025,0.00793499999999625,0.003962861670537276,0.0,48.491208,0.00793499999999625,48.499143,27.799999237060547
package-0,2.912332961,52.88774299999932,18.16138163949468,18.560376934632536,70792.762373,36.002287999988766,70845.650116,27.799999237060547
dram,2.9125294569999998,1.3116420000005746,0.4504111838616525,0.4466802307221726,39210.519921,0.9052710000032675,39211.831563,27.799999237060547
core,2.912702324,48.72698700000183,16.732599215847433,17.147477321881535,207266.777501,33.12692899999092,207315.504488,27.799999237060547
uncore,2.9128342,0.00793499999999625,0.0027248385946309728,0.0,48.491208,0.00793499999999625,48.499143,27.799999237060547
