zone,time_elapsed,power_j,watts,watts_since_last,start_power,prev_power,prev_power_reading,temp
package-0,0.000336036,0.0,0.0,0.0,78452.018705,0.0,78452.018705,27.799999237060547
dram,0.000454063,0.0007929999992484227,3.652358139500841,0.0,39399.111052,0.0,39399.111845,27.799999237060547
core,0.000542032,0.007202000007964671,33.17059694162062,0.0,214328.385094,0.0,214328.392296,27.799999237060547
uncore,0.00062641,0.0,0.0,0.0,49.524043,0.0,49.524043,27.799999237060547
package-0,1.000967583,17.740067000006093,17.72720318410673,17.73105015814497,78452.018705,0.0,78469.758772,27.799999237060547
dram,1.001194885,0.4587390000015148,0.45840635559595116,0.4577132372588702,39399.111052,0.0007929999992484227,39399.569791,27.799999237060547
core,1.00139616,16.303241999994498,16.291420065858027,16.287757121706402,214328.385094,0.007202000007964671,214344.688336,27.799999237060547
uncore,1.001611189,0.006774999999997533,0.006770087259097619,0.0067715564333182725,49.524043,0.0,49.530818,27.799999237060547
package-0,2.001940779,36.288297999999486,18.1286203682361,18.52993254336736,78452.018705,17.740067000006093,78488.307003,27.799999237060547
dram,2.002153603,0.9065520000003744,0.4528880646888479,0.4473712173427639,39399.111052,0.4587390000015148,39400.017604,27.799999237060547
core,2.002363697,33.42056900000898,16.69598303815768,17.10044017853466,214328.385094,16.303241999994498,214361.805663,27.799999237060547
uncore,2.002577031,0.006774999999997533,0.0033846008152478404,0.0,49.524043,0.006774999999997533,49.530818,27.799999237060547
package-0,2.910787942,53.02842899999814,18.219338762807478,18.41914442986496,78452.018705,36.288297999999486,78505.047134,27.799999237060547
dram,2.910982357,1.3135340000008,0.4512998286726724,0.44780176680599115,39399.111052,0.9065520000003744,39400.424586,27.799999237060547
core,2.911172186,48.8563209999993,16.785899182558914,16.983937907739275,214328.385094,33.42056900000898,214377.241415,27.799999237060547
uncore,2.911362343,0.006774999999997533,0.002327732924503195,0.0,49.524043,0.006774999999997533,49.530818,27.799999237060547
