zone,time_elapsed,power_j,watts,watts_since_last,start_power,prev_power,prev_power_reading,temp
package-0,0.000372935,0.0,0.0,0.0,88064.399005,0.0,88064.399005,27.799999237060547
dram,0.000488436,0.0008549999984097667,3.6593508115188946,0.0,39634.2396,0.0,39634.240455,27.799999237060547
core,0.000572411,0.007080000010319054,30.301992785382513,0.0,223196.896265,0.0,223196.903345,27.799999237060547
uncore,0.000653705,0.0,0.0,0.0,50.872855,0.0,50.872855,27.799999237060547
package-0,1.000895549,17.841262999994797,17.82785260402041,17.832015887180216,88064.399005,0.0,88082.240268,27.799999237060547
dram,1.000993835,0.46447600000101374,0.46412687633860183,0.46338070559686406,39634.2396,0.0008549999984097667,39634.704076,27.799999237060547
core,1.00107562,16.39583200000925,16.383508063108053,16.380257722512283,223196.896265,0.007080000010319054,223213.292097,27.799999237060547
uncore,1.001155608,0.007018999999999664,0.0070137241644635685,0.007015362057728113,50.872855,0.0,50.879874,27.799999237060547
package-0,2.001366974,36.48123000000487,18.229204001371482,18.630656683315067,88064.399005,17.841262999994797,88100.880235,27.799999237060547
dram,2.00145771,0.9111919999995735,0.45531098738742337,0.44649287366830864,39634.2396,0.46447600000101374,39635.150792,27.799999237060547
core,2.001567025,33.61728500001482,16.798127317457055,17.212851204660215,223196.896265,16.39583200000925,223230.51355,27.799999237060547
uncore,2.001664364,0.007018999999999664,0.0035073045203136855,0.0,50.872855,0.007018999999999664,50.879874,27.799999237060547
package-0,2.885359281,52.96953000000212,18.358862499727877,18.652398628685006,88064.399005,36.48123000000487,88117.368535,27.799999237060547
dram,2.885451485,1.30547800000204,0.45246939322392027,0.44603625878695374,39634.2396,0.9111919999995735,39635.545078,27.799999237060547
core,2.885601408,48.84216000000015,16.92834540215244,17.22314838835261,223196.896265,33.61728500001482,223245.738425,27.799999237060547
uncore,2.885735636,0.007018999999999664,0.0024327354969088575,0.0,50.872855,0.007018999999999664,50.879874,27.799999237060547
