zone,time_elapsed,power_j,watts,watts_since_last,start_power,prev_power,prev_power_reading,temp
package-0,0.000701725,0.0,0.0,0.0,80152.97187,0.0,80152.97187,27.799999237060547
dram,0.000887204,0.0008550000056857243,1.5470605048768131,0.0,39440.907575,0.0,39440.90843,27.799999237060547
core,0.00102958,0.008728000015253201,15.792683064759775,0.0,215896.829321,0.0,215896.838049,27.799999237060547
uncore,0.001117898,0.0,0.0,0.0,49.762873,0.0,49.762873,27.799999237060547
package-0,1.001473844,18.267288000002736,18.24475206400852,18.254828349461096,80152.97187,0.0,80171.239158,27.799999237060547
dram,1.001690143,0.4579460000022664,0.45738104248121253,0.45677922990100406,39440.907575,0.0008550000056857243,39441.365521,27.799999237060547
core,1.001889555,16.83046299999114,16.809699642183414,16.810261324211663,215896.829321,0.008728000015253201,215913.659784,27.799999237060547
uncore,1.002077303,0.007873000000003572,0.007863287259717081,0.007867630027804395,49.762873,0.0,49.770746,27.799999237060547
package-0,2.002393299,36.95657100000244,18.4581487948422,18.671607037735647,80152.97187,18.267288000002736,80189.928441,27.799999237060547
dram,2.002603104,0.9045390000028419,0.45177663947202035,0.44617062098178695,39440.907575,0.4579460000022664,39441.812114,27.799999237060547
core,2.00281305,34.088535999995656,17.025694014907746,17.241750648467626,215896.829321,16.83046299999114,215930.917857,27.799999237060547
uncore,2.003008577,0.007873000000003572,0.0039322102005039635,0.0,49.762873,0.007873000000003572,49.770746,27.799999237060547
package-0,2.900043381,53.710556000005454,18.521929535304626,18.664189961870314,80152.97187,36.95657100000244,80206.682426,27.799999237060547
dram,2.900221801,1.3059659999998985,0.45035858924080596,0.4471956841173864,39440.907575,0.9045390000028419,39442.213541,27.799999237060547
core,2.900395518,49.54888499999652,17.08678935520151,17.223060102583112,215896.829321,34.088535999995656,215946.378206,27.799999237060547
uncore,2.9005676879999998,0.007873000000003572,0.0027149812269957638,0.0,49.762873,0.007873000000003572,49.770746,27.799999237060547
