zone,time_elapsed,power_j,watts,watts_since_last,start_power,prev_power,prev_power_reading,temp
package-0,0.000579939,0.01794499999959953,38.574474853181684,0.0,72435.922595,0.0,72435.94054,27.799999237060547
dram,0.000815297,0.0,0.0,0.0,39251.072246,0.0,39251.072246,27.799999237060547
core,0.000922618,0.007813000003807247,16.794782512203778,0.0,208781.239871,0.0,208781.247684,27.799999237060547
uncore,0.001061989,0.0,0.0,0.0,48.713681,0.0,48.713681,27.799999237060547
package-0,1.001393729,17.677811000001384,17.65727535921404,17.64755137982098,72435.922595,0.01794499999959953,72453.600406,27.799999237060547
dram,1.001621732,0.4584340000001248,0.45790145465564136,0.4581143237020166,39251.072246,0.0,39251.53068,27.799999237060547
core,1.00182003,16.24232900000061,16.22346090406419,16.22319530830191,208781.239871,0.007813000003807247,208797.4822,27.799999237060547
uncore,1.002026929,0.007018999999999664,0.007010846294618022,0.00701410549405896,48.713681,0.0,48.7207,27.799999237060547
package-0,2.002341534,36.331145000003744,18.146254052376474,18.635328899291117,72435.922595,17.677811000001384,72472.25374,27.799999237060547
dram,2.002543178,0.9050879999995232,0.4520627353678771,0.4462228679426267,39251.072246,0.4584340000001248,39251.977334,27.799999237060547
core,2.002738031,33.46823699999368,16.716322353368408,17.2092807199378,208781.239871,16.24232900000061,208814.708108,27.799999237060547
uncore,2.002939694,0.007018999999999664,0.0035057677701490347,0.0,48.713681,0.007018999999999664,48.7207,27.799999237060547
package-0,2.906241977,53.165208000005805,18.294747311196442,18.623655601597513,72435.922595,36.331145000003744,72489.087803,27.799999237060547
dram,2.90642377,1.3096889999942505,0.45067874673124114,0.4476132517718887,39251.072246,0.9050879999995232,39252.381935,27.799999237060547
core,2.906578621,49.01147100000526,16.865399591684675,17.195601379846394,208781.239871,33.46823699999368,208830.251342,27.799999237060547
uncore,2.906727009,0.007018999999999664,0.0024153170129094137,0.0,48.713681,0.007018999999999664,48.7207,27.799999237060547
