zone,time_elapsed,power_j,watts,watts_since_last,start_power,prev_power,prev_power_reading,temp
package-0,0.000544015,0.0,0.0,0.0,82978.512611,0.0,82978.512611,27.799999237060547
dram,0.000676398,0.0,0.0,0.0,39509.923756,0.0,39509.923756,27.799999237060547
core,0.000860008,0.007445999974152073,16.335968912409882,0.0,218504.038101,0.0,218504.045547,27.799999237060547
uncore,0.000974707,0.0,0.0,0.0,50.164544,0.0,50.164544,27.799999237060547
package-0,1.001294532,18.41444200000842,18.394392075856953,18.402770999446115,82978.512611,0.0,82996.927053,27.799999237060547
dram,1.001397722,0.45971600000484614,0.45921545424129223,0.4594246338209262,39509.923756,0.0,39510.383472,27.799999237060547
core,1.001483321,16.97035399999004,16.951876420787627,16.952156975966044,218504.038101,0.007445999974152073,218521.008455,27.799999237060547
uncore,1.001567352,0.007567999999999131,0.007559759846646767,0.007563203431509275,50.164544,0.0,50.172112,27.799999237060547
package-0,2.001787777,37.2937879999954,18.631213188467335,18.868151865112143,82978.512611,18.41444200000842,83015.806399,27.799999237060547
dram,2.001882618,0.9066750000056345,0.45295627297931446,0.44669398450027603,39509.923756,0.45971600000484614,39510.830431,27.799999237060547
core,2.001967371,34.43222399998922,17.20163438203005,17.451516329488186,218504.038101,16.97035399999004,218538.470325,27.799999237060547
uncore,2.00205029,0.007567999999999131,0.0037808179048564867,0.0,50.164544,0.007567999999999131,50.172112,27.799999237060547
package-0,2.878297424,53.92619199999899,18.73632884300138,18.97638968555131,82978.512611,37.2937879999954,83032.438803,27.799999237060547
dram,2.878418335,1.2984590000050957,0.4511417163157128,0.44699767132593743,39509.923756,0.9066750000056345,39511.222215,27.799999237060547
core,2.878606675,49.80376599999727,17.304016893977195,17.537835845011255,218504.038101,34.43222399998922,218553.841867,27.799999237060547
uncore,2.87879959,0.007567999999999131,0.0026294557695418367,0.0,50.164544,0.007567999999999131,50.172112,27.799999237060547
