zone,time_elapsed,power_j,watts,watts_since_last,start_power,prev_power,prev_power_reading,temp
package-0,0.000411313,0.0,0.0,0.0,71691.410768,0.0,71691.410768,27.799999237060547
dram,0.000627917,0.0,0.0,0.0,39232.690945,0.0,39232.690945,27.799999237060547
core,0.000761597,0.006958000012673438,24.053652340973613,0.0,208094.998708,0.0,208095.005666,27.799999237060547
uncore,0.000888575,0.0,0.0,0.0,48.61218,0.0,48.61218,27.799999237060547
package-0,1.00122982,18.16786200000206,18.149995289838706,18.155241891947647,71691.410768,0.0,71709.57863,27.799999237060547
dram,1.001454039,0.4584340000001248,0.4579831650363284,0.45811555380013613,39232.690945,0.0,39233.149379,27.799999237060547
core,1.001654672,16.73012100000051,16.71366819873502,16.711546436405868,208094.998708,0.006958000012673438,208111.728829,27.799999237060547
uncore,1.001852345,0.00726299999999469,0.007255857392024841,0.007257954835913241,48.61218,0.0,48.619443,27.799999237060547
package-0,2.002170943,36.75368999999773,18.358777181897135,18.567559174280944,71691.410768,18.16786200000206,71728.164458,27.799999237060547
dram,2.002392606,0.9053329999951529,0.45222144558357324,0.4464597233621551,39232.690945,0.4584340000001248,39233.596278,27.799999237060547
core,2.003233222,33.89792399998987,16.932298053467168,17.15092801325691,208094.998708,16.73012100000051,208128.896632,27.799999237060547
uncore,2.003446166,0.00726299999999469,0.003627929567671427,0.0,48.61218,0.00726299999999469,48.619443,27.799999237060547
package-0,2.88772509,53.18791300000157,18.419925211040766,18.55816258028884,71691.410768,36.75368999999773,71744.598681,27.799999237060547
dram,2.887906871,1.3018769999980577,0.45086328117325514,0.4477928784518894,39232.690945,0.9053329999951529,39233.992822,27.799999237060547
core,2.88806387,49.063228999992134,16.99147339719825,17.125251115896596,208094.998708,33.89792399998987,208144.061937,27.799999237060547
uncore,2.888179814,0.00726299999999469,0.0025153067541433204,0.0,48.61218,0.00726299999999469,48.619443,27.799999237060547
