zone,time_elapsed,power_j,watts,watts_since_last,start_power,prev_power,prev_power_reading,temp
package-0,0.000750715,0.019471000006888062,31.375790811229702,0.0,69361.268967,0.0,69361.288438,27.799999237060547
dram,0.000872111,0.0007929999992484227,1.2778492158041146,0.0,39175.266044,0.0,39175.266837,27.799999237060547
core,0.000962827,0.007935000001452863,12.786549229347125,0.0,205947.062373,0.0,205947.070308,27.799999237060547
uncore,0.001051242,0.0,0.0,0.0,48.293882,0.0,48.293882,27.799999237060547
package-0,1.001395929,18.17298899999878,18.15220294870662,18.14400103599249,69361.268967,0.019471000006888062,69379.441956,27.799999237060547
dram,1.001619417,0.460996999994677,0.4604697170426309,0.45996273849997965,39175.266044,0.0007929999992484227,39175.727041,27.799999237060547
core,1.001831496,16.73250100002042,16.713362561977423,16.71579816270347,205947.062373,0.007935000001452863,205963.794874,27.799999237060547
uncore,1.002041601,0.006591999999997711,0.006584460147851326,0.006588544150465732,48.293882,0.0,48.300474,27.799999237060547
package-0,2.002378934,36.88400000000547,18.422254281762243,18.692345141917837,69361.268967,18.17298899999878,69398.152967,27.799999237060547
dram,2.002593818,0.9093599999978323,0.45419317735660164,0.44791571898074833,39175.266044,0.460996999994677,39176.175404,27.799999237060547
core,2.002807194,34.01523300001281,16.989406565978022,17.26549097421888,205947.062373,16.73250100002042,205981.077606,27.799999237060547
uncore,2.003018834,0.006591999999997711,0.00329247099624001,0.0,48.293882,0.006591999999997711,48.300474,27.799999237060547
package-0,2.893087807,53.52751200000057,18.503178440038393,18.68507449999409,69361.268967,36.88400000000547,69414.796479,27.799999237060547
dram,2.893266925,1.3095669999966049,0.45268593616162617,0.44929805742912926,39175.266044,0.9093599999978323,39176.575611,27.799999237060547
core,2.893442331,49.37890199999674,17.069103359018417,17.248240627220625,205947.062373,34.01523300001281,205996.441275,27.799999237060547
uncore,2.893615709,0.006591999999997711,0.0022786964631699943,0.0,48.293882,0.006591999999997711,48.300474,27.799999237060547
