zone,time_elapsed,power_j,watts,watts_since_last,start_power,prev_power,prev_power_reading,temp
package-0,0.000746124,0.0,0.0,0.0,70052.024523,0.0,70052.024523,27.799999237060547
dram,0.000885454,0.0,0.0,0.0,39192.244577,0.0,39192.244577,27.799999237060547
core,0.000974772,0.007873000024119392,13.074598153513007,0.0,206584.048597,0.0,206584.05647,27.799999237060547
uncore,0.001061125,0.0,0.0,0.0,48.386961,0.0,48.386961,27.799999237060547
package-0,1.001401602,17.52278299999307,17.502466714212613,17.513000115537526,70052.024523,0.0,70069.547306,27.799999237060547
dram,1.001623811,0.4575180000028922,0.45698754394247276,0.457262569930491,39192.244577,0.0,39192.702095,27.799999237060547
core,1.001806905,16.086139999999432,16.06748938854436,16.0692905817713,206584.048597,0.007873000024119392,206600.134737,27.799999237060547
uncore,1.001975516,0.00762900000000144,0.007620154775802796,0.0076247407664361225,48.386961,0.0,48.39459,27.799999237060547
package-0,2.002302731,36.23098700000264,18.096591013500216,18.690853299582425,70052.024523,17.52278299999307,70088.25551,27.799999237060547
dram,2.002521031,0.9036230000056094,0.45134006041547875,0.44569126524687974,39192.244577,0.4575180000028922,39193.1482,27.799999237060547
core,2.002732149,33.38217700002133,16.673672299063107,17.279995997017863,206584.048597,16.086139999999432,206617.430774,27.799999237060547
uncore,2.00294211,0.00762900000000144,0.0038105197863367384,0.0,48.386961,0.00762900000000144,48.39459,27.799999237060547
package-0,2.88785487,52.792161999997916,18.28204147431072,18.701309933132762,70052.024523,36.23098700000264,70104.816685,27.799999237060547
dram,2.888034296,1.29851900000358,0.44967997736570947,0.44592684319310383,39192.244577,0.9036230000056094,39193.543096,27.799999237060547
core,2.8882074380000002,48.6683320000011,16.85395010171356,17.2615241575921,206584.048597,33.38217700002133,206632.716929,27.799999237060547
uncore,2.888379869,0.00762900000000144,0.002641939430469779,0.0,48.386961,0.00762900000000144,48.39459,27.799999237060547
