zone,time_elapsed,power_j,watts,watts_since_last,start_power,prev_power,prev_power_reading,temp
package-0,0.000689037,0.0,0.0,0.0,85865.010836,0.0,85865.010836,27.799999237060547
dram,0.000832558,0.0,0.0,0.0,39580.536429,0.0,39580.536429,27.799999237060547
core,0.000922594,0.008544000011170283,15.768783587417241,0.0,221167.210788,0.0,221167.219332,27.799999237060547
uncore,0.001009658,0.0,0.0,0.0,50.571525,0.0,50.571525,27.799999237060547
package-0,1.001366473,17.91627499999595,17.896321424838042,17.906012634410864,85865.010836,0.0,85882.927111,27.799999237060547
dram,1.001574172,0.457762999998522,0.45725318373230694,0.4575007953127092,39580.536429,0.0,39580.994192,27.799999237060547
core,1.001781547,16.47877799998969,16.46042538286736,16.46079992048489,221167.210788,0.008544000011170283,221183.689566,27.799999237060547
uncore,1.001975972,0.007629999999998915,0.00762150237543941,0.007625629568677996,50.571525,0.0,50.579155,27.799999237060547
package-0,2.002281819,36.66311500000302,18.312477262973047,18.728693824746355,85865.010836,17.91627499999595,85901.673951,27.799999237060547
dram,2.002500311,0.9037460000035935,0.4514026720470228,0.44555130668068255,39580.536429,0.457762999998522,39581.440175,27.799999237060547
core,2.002711639,33.79550599999493,16.880165125508984,17.299966114736574,221167.210788,16.47877799998969,221201.006294,27.799999237060547
uncore,2.00291738,0.007629999999998915,0.0038110291915035856,0.0,50.571525,0.007629999999998915,50.579155,27.799999237060547
package-0,2.9048411830000003,53.53691199999594,18.431537721198886,18.695643195502875,85865.010836,36.66311500000302,85918.547748,27.799999237060547
dram,2.904968046,1.3073090000034426,0.4500766713408513,0.4471352745862162,39580.536429,0.9037460000035935,39581.843738,27.799999237060547
core,2.905056075,49.386348,17.00259320287887,17.27416888739846,221167.210788,33.79550599999493,221216.597136,27.799999237060547
uncore,2.905196918,0.007629999999998915,0.0026268349734616405,0.0,50.571525,0.007629999999998915,50.579155,27.799999237060547
