zone,time_elapsed,power_j,watts,watts_since_last,start_power,prev_power,prev_power_reading,temp
package-0,0.000649637,0.0,0.0,0.0,73664.454912,0.0,73664.454912,27.799999237060547
dram,0.000831562,0.0,0.0,0.0,39281.265528,0.0,39281.265528,27.799999237060547
core,0.000923482,0.009888000000501052,21.00901934644496,0.0,209914.027315,0.0,209914.037203,27.799999237060547
uncore,0.001021802,0.0,0.0,0.0,48.883297,0.0,48.883297,27.799999237060547
package-0,1.001406567,18.304212999995798,18.283436635058983,18.292036101315368,73664.454912,0.0,73682.759125,27.799999237060547
dram,1.001630299,0.45965499999874737,0.45913326437291047,0.4593492139830941,39281.265528,0.0,39281.725183,27.799999237060547
core,1.001830867,16.86805999997887,16.84891375368378,16.8469570817308,209914.027315,0.009888000000501052,209930.895375,27.799999237060547
uncore,1.002043214,0.008361999999998204,0.008352508635163144,0.008356437169912816,48.883297,0.0,48.891659,27.799999237060547
package-0,2.002358291,36.943874999997206,18.452133489401234,18.620851606746154,73664.454912,18.304212999995798,73701.398787,27.799999237060547
dram,2.002593672,0.9105809999964549,0.4548023769799005,0.4504709437102612,39281.265528,0.45965499999874737,39282.176109,27.799999237060547
core,2.003411008,34.091465999983484,17.027458042263472,17.206024835042776,209914.027315,16.86805999997887,209948.118781,27.799999237060547
uncore,2.003626819,0.008361999999998204,0.004176517494127285,0.0,48.883297,0.008361999999998204,48.891659,27.799999237060547
package-0,2.885171253,53.3124850000022,18.47940898834498,18.54126703039641,73664.454912,36.943874999997206,73717.767397,27.799999237060547
dram,2.885350554,1.3099329999968177,0.4540547613616191,0.4523592456004104,39281.265528,0.9105809999964549,39282.575461,27.799999237060547
core,2.885527735,49.19567499999539,17.052422125559815,17.10903811331885,209914.027315,34.091465999983484,209963.22299,27.799999237060547
uncore,2.885700934,0.008361999999998204,0.002898473368114451,0.0,48.883297,0.008361999999998204,48.891659,27.799999237060547
