zone,time_elapsed,power_j,watts,watts_since_last,start_power,prev_power,prev_power_reading,temp
package-0,0.000535922,0.0,0.0,0.0,80684.904346,0.0,80684.904346,27.799999237060547
dram,0.000755561,0.0007929999992484227,2.0931048934533663,0.0,39453.975108,0.0,39453.975901,27.799999237060547
core,0.000936034,0.011230000003706664,29.641321542897206,0.0,216387.489015,0.0,216387.500245,27.799999237060547
uncore,0.001093989,0.0,0.0,0.0,49.837213,0.0,49.837213,27.799999237060547
package-0,1.001443046,18.605361000008998,18.58307487580269,18.590109544008328,80684.904346,0.0,80703.509707,27.799999237060547
dram,1.001660425,0.4736320000010892,0.47306466773701217,0.4724513975681161,39453.975108,0.0007929999992484227,39454.44874,27.799999237060547
core,1.001855614,17.15968499999144,17.139130554890876,17.13439782007536,216387.489015,0.011230000003706664,216404.6487,27.799999237060547
uncore,1.002063744,0.008850000000002467,0.008839399173755357,0.008842745349818259,49.837213,0.0,49.846063,27.799999237060547
package-0,2.002397688,37.69057800000883,18.824729656221656,19.066436159987084,80684.904346,18.605361000008998,80722.594924,27.799999237060547
dram,2.002614793,0.9397559999997611,0.469365384707117,0.4656653098894593,39453.975108,0.4736320000010892,39454.914864,27.799999237060547
core,2.002827051,34.79886099998839,17.38044852135362,17.621818139071785,216387.489015,17.15968499999144,216422.287876,27.799999237060547
uncore,2.003027101,0.008850000000002467,0.004420172528465047,0.0,49.837213,0.008850000000002467,49.846063,27.799999237060547
package-0,2.764703736,52.244189999997616,18.89823247413991,19.09128361649794,80684.904346,37.69057800000883,80737.148536,27.799999237060547
dram,2.764884646,1.2963220000019646,0.4689171086273946,0.46773973595335067,39453.975108,0.9397559999997611,39455.27143,27.799999237060547
core,2.7650623640000003,48.23345800000243,17.447434869135705,17.62337085809474,216387.489015,34.79886099998839,216435.722473,27.799999237060547
uncore,2.765235349,0.008850000000002467,0.003201300611535799,0.0,49.837213,0.008850000000002467,49.846063,27.799999237060547
