zone,time_elapsed,power_j,watts,watts_since_last,start_power,prev_power,prev_power_reading,temp
package-0,0.000539092,0.0,0.0,0.0,70263.652827,0.0,70263.652827,27.799999237060547
dram,0.000754873,0.0,0.0,0.0,39197.447078,0.0,39197.447078,27.799999237060547
core,0.000913337,0.010131999995792285,28.42562120248425,0.0,206779.135805,0.0,206779.145937,27.799999237060547
uncore,0.00103923,0.0,0.0,0.0,48.418455,0.0,48.418455,27.799999237060547
package-0,1.001381557,18.104934000002686,18.084306262654334,18.090747163713914,70263.652827,0.0,70281.757761,27.799999237060547
dram,1.001583828,0.45776300000579795,0.457241450745695,0.4574043017227698,39197.447078,0.0,39197.904841,27.799999237060547
core,1.001772136,16.669695999997202,16.650703491614415,16.64650974047689,206779.135805,0.010131999995792285,206795.805501,27.799999237060547
uncore,1.001939292,0.009215999999995006,0.009205499811074002,0.009208778439107945,48.418455,0.0,48.427671,27.799999237060547
package-0,2.002258413,36.75741299999936,18.359962924010336,18.635685545146092,70263.652827,18.104934000002686,70300.41024,27.799999237060547
dram,2.002463286,0.9036230000056094,0.45135071876212474,0.44545857723023324,39197.447078,0.45776300000579795,39198.350701,27.799999237060547
core,2.00265674,33.89474899999914,16.930090672013055,17.209544704838894,206779.135805,16.669695999997202,206813.030554,27.799999237060547
uncore,2.0028164,0.009215999999995006,0.004603300518118359,0.0,48.418455,0.009215999999995006,48.427671,27.799999237060547
package-0,2.885054369,53.12028600000485,18.413723581953114,18.53564665361472,70263.652827,36.75741299999936,70316.773113,27.799999237060547
dram,2.885249296,1.2980310000057216,0.4499520961711192,0.44678017884502924,39197.447078,0.9036230000056094,39198.745109,27.799999237060547
core,2.885436781,49.00854099998833,16.988419963110115,17.120704176334712,206779.135805,33.89474899999914,206828.144346,27.799999237060547
uncore,2.88562635,0.009215999999995006,0.003194652915294403,0.0,48.418455,0.009215999999995006,48.427671,27.799999237060547
