zone,time_elapsed,power_j,watts,watts_since_last,start_power,prev_power,prev_power_reading,temp
package-0,0.000452321,0.0,0.0,0.0,79515.738822,0.0,79515.738822,27.799999237060547
dram,0.000570209,0.0,0.0,0.0,39425.206322,0.0,39425.206322,27.799999237060547
core,0.0006687,0.00567600000067614,15.917440199321742,0.0,215309.35939,0.0,215309.365066,27.799999237060547
uncore,0.000818099,0.0,0.0,0.0,49.673395,0.0,49.673395,27.799999237060547
package-0,1.001163849,17.943922999998904,17.92739736376241,17.93378648313669,79515.738822,0.0,79533.682745,27.799999237060547
dram,1.001387288,0.4578230000042822,0.45740136331096987,0.4575643759252861,39425.206322,0.0,39425.664145,27.799999237060547
core,1.001586911,16.50545100000454,16.490250139014147,16.49045428192509,215309.35939,0.00567600000067614,215325.864841,27.799999237060547
uncore,1.001798532,0.007935000000003356,0.007927692182000758,0.007930517520820754,49.673395,0.0,49.68133,27.799999237060547
package-0,2.002110773,36.585049999994226,18.27516314726571,18.622909325177062,79515.738822,17.943922999998904,79552.323872,27.799999237060547
dram,2.002352459,0.9042330000011134,0.451687385917594,0.44597373065455564,39425.206322,0.4578230000042822,39426.110555,27.799999237060547
core,2.003179945,33.729160999995656,16.8485739419629,17.206877544102372,215309.35939,16.50545100000454,215343.088551,27.799999237060547
uncore,2.003340164,0.007935000000003356,0.003963734355252696,0.0,49.673395,0.007935000000003356,49.68133,27.799999237060547
package-0,2.902566923,53.372726999994484,18.389407867121708,18.643395716304305,79515.738822,36.585049999994226,79569.111549,27.799999237060547
dram,2.9027455399999997,1.3066370000015013,0.4501977335222612,0.44688595151257876,39425.206322,0.9042330000011134,39426.512959,27.799999237060547
core,2.90290294,49.22411700000521,16.96001713407128,17.20777665158183,215309.35939,33.729160999995656,215358.583507,27.799999237060547
uncore,2.903050674,0.007935000000003356,0.0027339796863984026,0.0,49.673395,0.007935000000003356,49.68133,27.799999237060547
