zone,time_elapsed,power_j,watts,watts_since_last,start_power,prev_power,prev_power_reading,temp
package-0,0.000311297,0.0,0.0,0.0,82019.904957,0.0,82019.904957,27.799999237060547
dram,0.000454716,0.0,0.0,0.0,39486.53728,0.0,39486.53728,27.799999237060547
core,0.000540036,0.0057369999994989485,28.754153737232787,0.0,217619.5837,0.0,217619.589437,27.799999237060547
uncore,0.000624135,0.0,0.0,0.0,50.027398,0.0,50.027398,27.799999237060547
package-0,1.000972811,17.87171999999555,17.858697973194435,17.862259236528665,82019.904957,0.0,82037.776677,27.799999237060547
dram,1.001196354,0.45953300000110175,0.45919816647405387,0.4592897367327516,39486.53728,0.0,39486.996813,27.799999237060547
core,1.001407959,16.4308660000097,16.41889383519189,16.41643401931544,217619.5837,0.0057369999994989485,217636.014566,27.799999237060547
uncore,1.001606618,0.007752000000003534,0.007746351592812602,0.007747896318970295,50.027398,0.0,50.03515,27.799999237060547
package-0,2.001927708,36.52657899999758,18.24769111816331,18.636586609567992,82019.904957,17.87171999999555,82056.431536,27.799999237060547
dram,2.00212847,0.9064310000030673,0.4528284159319972,0.4464602644639898,39486.53728,0.45953300000110175,39487.443711,27.799999237060547
core,2.002351749,33.65793400001712,16.814593649952272,17.21019412749357,217619.5837,16.4308660000097,217653.241634,27.799999237060547
uncore,2.002563255,0.007752000000003534,0.0038726895707390453,0.0,50.027398,0.007752000000003534,50.03515,27.799999237060547
package-0,2.903792464,53.25981299999694,18.34296660289853,18.554437276308303,82019.904957,36.52657899999758,82073.16477,27.799999237060547
dram,2.903988267,1.3100560000020778,0.45119034601128494,0.44755453402682743,39486.53728,0.9064310000030673,39487.847336,27.799999237060547
core,2.904179468,49.116574000014225,16.916012764278893,17.141119657860987,217619.5837,33.65793400001712,217668.700274,27.799999237060547
uncore,2.904371396,0.007752000000003534,0.0026698305738651843,0.0,50.027398,0.007752000000003534,50.03515,27.799999237060547
