zone,time_elapsed,power_j,watts,watts_since_last,start_power,prev_power,prev_power_reading,temp
package-0,0.00072877,0.015991000007488765,27.10242518061012,0.0,69148.98289,0.0,69148.998881,27.799999237060547
dram,0.000848844,0.0,0.0,0.0,39170.074529,0.0,39170.074529,27.799999237060547
core,0.000937226,0.007994999992661178,13.55036514405619,0.0,205751.208932,0.0,205751.216927,27.799999237060547
uncore,0.001023926,0.0,0.0,0.0,48.264891,0.0,48.264891,27.799999237060547
package-0,1.001277084,18.33289999999397,18.312225460824248,18.307041852261907,69148.98289,0.015991000007488765,69167.31579,27.799999237060547
dram,1.001381072,0.4577620000054594,0.4572457686181979,0.4575154078933976,39170.074529,0.0,39170.532291,27.799999237060547
core,1.001467011,16.89460999998846,16.8755574618629,16.87751833828431,205751.208932,0.007994999992661178,205768.103542,27.799999237060547
uncore,1.001551686,0.00598099999999846,0.005974255054093877,0.005977778091185095,48.264891,0.0,48.270872,27.799999237060547
package-0,2.001772147,37.356104999998934,18.662620258001095,19.013226649513804,69148.98289,18.33289999999397,69186.338995,27.799999237060547
dram,2.00186639,0.9031949999989592,0.4512243796270076,0.4451993544750784,39170.074529,0.4577620000054594,39170.977724,27.799999237060547
core,2.001951326,34.48404199999641,17.227775240671154,17.580205714666626,205751.208932,16.89460999998846,205785.692974,27.799999237060547
uncore,2.002034528,0.00598099999999846,0.0029880291792487197,0.0,48.264891,0.00598099999999846,48.270872,27.799999237060547
package-0,2.832800275,53.17179999999644,18.77104136865131,19.032199480374718,69148.98289,37.356104999998934,69202.15469,27.799999237060547
dram,2.832910213,1.2743489999993471,0.4498786536677106,0.4466371516362383,39170.074529,0.9031949999989592,39171.348878,27.799999237060547
core,2.833096791,49.11327699999674,17.33827619747745,17.604444114870066,205751.208932,34.48404199999641,205800.322209,27.799999237060547
uncore,2.8332973409999997,0.00598099999999846,0.0021114500247477437,0.0,48.264891,0.00598099999999846,48.270872,27.799999237060547
