zone,time_elapsed,power_j,watts,watts_since_last,start_power,prev_power,prev_power_reading,temp
package-0,0.000525169,0.0,0.0,0.0,80790.7994,0.0,80790.7994,27.799999237060547
dram,0.000745938,0.0,0.0,0.0,39456.5788,0.0,39456.5788,27.799999237060547
core,0.0009388,0.011473999998997897,33.347671414697786,0.0,216485.228389,0.0,216485.239863,27.799999237060547
uncore,0.001097424,0.0,0.0,0.0,49.854242,0.0,49.854242,27.799999237060547
package-0,1.001441638,18.204970999999205,18.1831335475532,18.189384498233284,80790.7994,0.0,80809.004371,27.799999237060547
dram,1.001663299,0.4611189999995986,0.4605658728216184,0.46072420496763766,39456.5788,0.0,39457.039919,27.799999237060547
core,1.001863099,16.77174600001308,16.751627747382425,16.74592240236158,216485.228389,0.011473999998997897,216502.000135,27.799999237060547
uncore,1.002073921,0.005737000000003434,0.005730118282659154,0.005732088167920256,49.854242,0.0,49.859979,27.799999237060547
package-0,2.002420988,36.92733500000031,18.44350658019598,18.70393572288291,80790.7994,18.204970999999205,80827.726735,27.799999237060547
dram,2.002623576,0.9161349999994854,0.45756732514919396,0.45456813129371215,39456.5788,0.4611189999995986,39457.494935,27.799999237060547
core,2.002832416,34.06283999999869,17.012822985469526,17.274074510784963,216485.228389,16.77174600001308,216519.291229,27.799999237060547
uncore,2.003044749,0.005737000000003434,0.002865367816297785,0.0,49.854242,0.005737000000003434,49.859979,27.799999237060547
package-0,2.886606487,53.44346699999005,18.515388462436988,18.67814910841297,80790.7994,36.92733500000031,80844.242867,27.799999237060547
dram,2.886804678,1.3167079999984708,0.45617100611333294,0.453009350057871,39456.5788,0.9161349999994854,39457.895508,27.799999237060547
core,2.886992826,49.316706999990856,17.085680234652184,17.25064938364084,216485.228389,34.06283999999869,216534.545096,27.799999237060547
uncore,2.887182047,0.005737000000003434,0.0019875728423285927,0.0,49.854242,0.005737000000003434,49.859979,27.799999237060547
