zone,time_elapsed,power_j,watts,watts_since_last,start_power,prev_power,prev_power_reading,temp
package-0,0.000408768,0.0,0.0,0.0,77388.473576,0.0,77388.473576,27.799999237060547
dram,0.00062581,0.0007939999995869584,3.528057833430163,0.0,39373.055454,0.0,39373.056248,27.799999237060547
core,0.000766612,0.008911000011721626,39.59511764660603,0.0,213347.487642,0.0,213347.496553,27.799999237060547
uncore,0.000900294,0.0,0.0,0.0,49.377864,0.0,49.377864,27.799999237060547
package-0,1.001253034,18.03639199999452,18.01833989373183,18.02239182755265,77388.473576,0.0,77406.509968,27.799999237060547
dram,1.001481079,0.4653309999994235,0.46486526357834124,0.4641764180106211,39373.055454,0.0007939999995869584,39373.520785,27.799999237060547
core,1.001693994,16.59822400001576,16.581611314761396,16.576436076354767,213347.487642,0.008911000011721626,213364.085866,27.799999237060547
uncore,1.001906274,0.006591999999997711,0.006585402256697185,0.006586883170826066,49.377864,0.0,49.384456,27.799999237060547
package-0,2.002224512,36.77554099999543,18.3691935049912,18.720040499940552,77388.473576,18.03639199999452,77425.249117,27.799999237060547
dram,2.002429681,0.9251690000019153,0.46211715514549456,0.4593690985357923,39373.055454,0.4653309999994235,39373.980623,27.799999237060547
core,2.0026458,33.898351000010734,16.932051904263936,17.282485885245123,213347.487642,16.59822400001576,213381.385993,27.799999237060547
uncore,2.002810304,0.006591999999997711,0.0032926700815869704,0.0,49.377864,0.006591999999997711,49.384456,27.799999237060547
package-0,2.911807822,53.81352199999674,18.482395183104167,18.73155473559816,77388.473576,36.77554099999543,77442.287098,27.799999237060547
dram,2.911985705,1.3443570000017644,0.46172293538427917,0.46085524843010983,39373.055454,0.9251690000019153,39374.399811,27.799999237060547
core,2.912158822,49.61419200000819,17.040124287620728,17.277994141875578,213347.487642,33.898351000010734,213397.101834,27.799999237060547
uncore,2.912331413,0.006591999999997711,0.002264039678484299,0.0,49.377864,0.006591999999997711,49.384456,27.799999237060547
