zone,time_elapsed,power_j,watts,watts_since_last,start_power,prev_power,prev_power_reading,temp
package-0,0.000381465,0.0,0.0,0.0,82818.339437,0.0,82818.339437,27.799999237060547
dram,0.000499764,0.0,0.0,0.0,39506.011291,0.0,39506.011291,27.799999237060547
core,0.000584791,0.0063479999953415245,25.094083027661696,0.0,218356.283474,0.0,218356.289822,27.799999237060547
uncore,0.000667428,0.0,0.0,0.0,50.142083,0.0,50.142083,27.799999237060547
package-0,1.000919866,18.281202999991365,18.267067011917128,18.271685589586404,82818.339437,0.0,82836.62064,27.799999237060547
dram,1.00105419,0.45788399999582907,0.45752993999423464,0.45764562017225685,39506.011291,0.0,39506.469175,27.799999237060547
core,1.001894648,16.871172999992268,16.858127321306547,16.8560449727234,218356.283474,0.0063479999953415245,218373.154647,27.799999237060547
uncore,1.001989612,0.007690000000003749,0.007684053687373722,0.007685996495091396,50.142083,0.0,50.149773,27.799999237060547
package-0,2.00221268,37.024989999990794,18.493152198412382,18.719114514462127,82818.339437,18.281202999991365,82855.364427,27.799999237060547
dram,2.002305334,0.904049999997369,0.4515527011602222,0.44557871077432704,39506.011291,0.45788399999582907,39506.915341,27.799999237060547
core,2.002386881,34.15616300000693,17.060237447007193,17.26223773198111,218356.283474,16.871172999992268,218390.439637,27.799999237060547
uncore,2.002466632,0.007690000000003749,0.003840982547352367,0.0,50.142083,0.007690000000003749,50.149773,27.799999237060547
package-0,2.879357041,53.42271400000027,18.554549187952897,18.694690373577966,82818.339437,37.024989999990794,82871.762151,27.799999237060547
dram,2.879449213,1.295589999994263,0.4499787933333624,0.4463862831700559,39506.011291,0.904049999997369,39507.306881,27.799999237060547
core,2.879530093,49.30285300000105,17.12365663591943,17.268413575828948,218356.283474,34.15616300000693,218405.586327,27.799999237060547
uncore,2.879609484,0.007690000000003749,0.0026708580034969136,0.0,50.142083,0.007690000000003749,50.149773,27.799999237060547
