zone,time_elapsed,power_j,watts,watts_since_last,start_power,prev_power,prev_power_reading,temp
package-0,0.000659892,0.019776000001002103,35.107153510364036,0.0,84100.260288,0.0,84100.280064,27.799999237060547
dram,0.000780792,0.0007929999992484227,1.4077656101295617,0.0,39537.26469,0.0,39537.265483,27.799999237060547
core,0.000869496,0.006713999988278374,11.918963806893567,0.0,219539.066274,0.0,219539.072988,27.799999237060547
uncore,0.000955932,0.0,0.0,0.0,50.326958,0.0,50.326958,27.799999237060547
package-0,1.001201947,18.26069599999755,18.24108387977121,18.231588015817948,84100.260288,0.019776000001002103,84118.520984,27.799999237060547
dram,1.001301057,0.45928799999819603,0.45879472134800203,0.4582604357288363,39537.26469,0.0007929999992484227,39537.723978,27.799999237060547
core,1.001386819,16.817339999979595,16.799278054587866,16.802025748695637,219539.066274,0.006713999988278374,219555.883614,27.799999237060547
uncore,1.001470546,0.007690000000003749,0.007681740884111306,0.007686065825722326,50.326958,0.0,50.334648,27.799999237060547
package-0,2.001691335,37.23189999999886,18.601321743867494,18.96176754365084,84100.260288,18.26069599999755,84137.492188,27.799999237060547
dram,2.001785214,0.9061859999928856,0.45273696334746516,0.44667570870152434,39537.26469,0.45928799999819603,39538.170876,27.799999237060547
core,2.001870621,34.3496429999941,17.16132567045721,17.523582266634442,219539.066274,16.817339999979595,219573.415917,27.799999237060547
uncore,2.001953441,0.007690000000003749,0.00384197863150726,0.0,50.326958,0.007690000000003749,50.334648,27.799999237060547
package-0,2.883977552,53.88236999999208,18.684978808692062,18.874793458759402,84100.260288,37.23189999999886,84154.142658,27.799999237060547
dram,2.884174272,1.3023029999967548,0.45160418811271735,0.44903396484180164,39537.26469,0.9061859999928856,39538.566993,27.799999237060547
core,2.884365086,49.745172999973875,17.25030846526181,17.45220699102612,219539.066274,34.3496429999941,219588.811447,27.799999237060547
uncore,2.884558947,0.007690000000003749,0.002666688325679311,0.0,50.326958,0.007690000000003749,50.334648,27.799999237060547
