zone,time_elapsed,power_j,watts,watts_since_last,start_power,prev_power,prev_power_reading,temp
package-0,0.000398783,0.0,0.0,0.0,85703.952594,0.0,85703.952594,27.799999237060547
dram,0.000646789,0.0,0.0,0.0,39576.609254,0.0,39576.609254,27.799999237060547
core,0.000827551,0.008605999988503754,30.62382790200003,0.0,221018.582201,0.0,221018.590807,27.799999237060547
uncore,0.000986526,0.0,0.0,0.0,50.551323,0.0,50.551323,27.799999237060547
package-0,1.001323621,18.21723799999745,18.197358568589575,18.202468298790194,85703.952594,0.0,85722.169832,27.799999237060547
dram,1.001539994,0.4606930000009015,0.4601902720410644,0.460319491241874,39576.609254,0.0,39577.069947,27.799999237060547
core,1.001740061,16.78047399999923,16.762162427088196,16.758270138521087,221018.582201,0.008605999988503754,221035.362675,27.799999237060547
uncore,1.001952172,0.007141000000004283,0.007133207434540531,0.007135210404659417,50.551323,0.0,50.558464,27.799999237060547
package-0,2.002289803,37.05398199999763,18.50783340283479,18.818343799799614,85703.952594,18.21723799999745,85741.006576,27.799999237060547
dram,2.002435307,0.9130839999997988,0.4560699186066253,0.451949093214534,39576.609254,0.4606930000009015,39577.522338,27.799999237060547
core,2.002644051,34.18124799997895,17.072951659679404,17.383776491002347,221018.582201,16.78047399999923,221052.763449,27.799999237060547
uncore,2.002842529,0.007141000000004283,0.0035668079703210028,0.0,50.551323,0.007141000000004283,50.558464,27.799999237060547
package-0,2.880804996,53.580856000000495,18.600576968946182,18.811928648052863,85703.952594,37.05398199999763,85757.53345,27.799999237060547
dram,2.880983182,1.3102389999985462,0.4548490484584235,0.45206682898366485,39576.609254,0.9130839999997988,39577.919493,27.799999237060547
core,2.881157081,49.45629399997415,17.16873659400555,17.38701919356227,221018.582201,34.18124799997895,221068.038495,27.799999237060547
uncore,2.881330824,0.007141000000004283,0.0024789958588067934,0.0,50.551323,0.007141000000004283,50.558464,27.799999237060547
