zone,time_elapsed,power_j,watts,watts_since_last,start_power,prev_power,prev_power_reading,temp
package-0,0.00066717,0.0,0.0,0.0,79621.748072,0.0,79621.748072,27.799999237060547
dram,0.00079004,0.0008540000053471886,1.6205179686735065,0.0,39427.794267,0.0,39427.795121,27.799999237060547
core,0.000879203,0.007140999980038032,13.550490292144913,0.0,215407.14277,0.0,215407.149911,27.799999237060547
uncore,0.000991692,0.0,0.0,0.0,49.689509,0.0,49.689509,27.799999237060547
package-0,1.001333388,17.853896999993594,17.83433394838692,17.84372714614392,79621.748072,0.0,79639.601969,27.799999237060547
dram,1.00155272,0.45800600000075065,0.4575041490595145,0.4568915991973569,39427.794267,0.0008540000053471886,39428.252273,27.799999237060547
core,1.00176141,16.417377000005217,16.39938798654236,16.400888477646227,215407.14277,0.007140999980038032,215423.560147,27.799999237060547
uncore,1.001971856,0.0059199999999961506,0.005913513278049033,0.005916627877103874,49.689509,0.0,49.695429,27.799999237060547
package-0,2.002293821,36.59182499999588,18.276919627736085,18.71955638401278,79621.748072,17.853896999993594,79658.339897,27.799999237060547
dram,2.002504383,0.9041720000022906,0.4516166923539101,0.445728556202012,39427.794267,0.45800600000075065,39428.698439,27.799999237060547
core,2.002699585,33.72305800000322,16.844025152274057,17.288713631686587,215407.14277,16.417377000005217,215440.865828,27.799999237060547
uncore,2.002876253,0.0059199999999961506,0.002956927242523144,0.0,49.689509,0.0059199999999961506,49.695429,27.799999237060547
package-0,2.898264412,53.36827099999937,18.415205128266898,18.724207053901758,79621.748072,36.59182499999588,79675.116343,27.799999237060547
dram,2.898445484,1.3051720000003115,0.4503614161994565,0.4475564746297271,39427.794267,0.9041720000022906,39429.099439,27.799999237060547
core,2.898618635,49.21575499998289,16.982341883761286,17.29141359564008,215407.14277,33.72305800000322,215456.358525,27.799999237060547
uncore,2.89877426,0.0059199999999961506,0.0020427496022734264,0.0,49.689509,0.0059199999999961506,49.695429,27.799999237060547
