zone,time_elapsed,power_j,watts,watts_since_last,start_power,prev_power,prev_power_reading,temp
package-0,0.000379917,0.0,0.0,0.0,87152.625338,0.0,87152.625338,27.799999237060547
dram,0.000497963,0.0,0.0,0.0,39611.902194,0.0,39611.902194,27.799999237060547
core,0.000584611,0.006897000013850629,26.12975091626746,0.0,222355.484784,0.0,222355.491681,27.799999237060547
uncore,0.000668526,0.0,0.0,0.0,50.744621,0.0,50.744621,27.799999237060547
package-0,1.001016171,17.80213900000672,17.78820741826239,17.79290021449934,87152.625338,0.0,87170.427477,27.799999237060547
dram,1.001227305,0.4575789999944391,0.45722090823687517,0.45734152997841304,39611.902194,0.0,39612.359773,27.799999237060547
core,1.001452942,16.377948999986984,16.365131959557313,16.36255590644427,222355.484784,0.006897000013850629,222371.862733,27.799999237060547
uncore,1.001655369,0.007506999999996822,0.007501125178765813,0.007503104088230049,50.744621,0.0,50.752128,27.799999237060547
package-0,2.001984625,36.45809800000279,18.21302710933148,18.637764888463014,87152.625338,17.80213900000672,87189.083436,27.799999237060547
dram,2.002205205,0.9044159999975818,0.45181054497324125,0.44640122491298756,39611.902194,0.4575789999944391,39612.80661,27.799999237060547
core,2.002340346,33.60764100000961,16.789051272334838,17.212888846781947,222355.484784,16.377948999986984,222389.092425,27.799999237060547
uncore,2.002499362,0.007506999999996822,0.003750200970705687,0.0,50.744621,0.007506999999996822,50.752128,27.799999237060547
package-0,2.903648916,53.254991000008886,18.341993349130053,18.62830049713125,87152.625338,36.45809800000279,87205.880329,27.799999237060547
dram,2.90382773,1.3080409999965923,0.45051325466044895,0.44763324908561597,39611.902194,0.9044159999975818,39613.210235,27.799999237060547
core,2.904000689,49.109370999998646,16.914165965435714,17.191922617181966,222355.484784,33.60764100000961,222404.594155,27.799999237060547
uncore,2.904137861,0.007506999999996822,0.0025855481615204485,0.0,50.744621,0.007506999999996822,50.752128,27.799999237060547
