zone,time_elapsed,power_j,watts,watts_since_last,start_power,prev_power,prev_power_reading,temp
package-0,0.000624851,0.0,0.0,0.0,83672.048372,0.0,83672.048372,27.799999237060547
dram,0.000750503,0.0007929999992484227,1.6514021283895866,0.0,39526.836921,0.0,39526.837714,27.799999237060547
core,0.000864957,0.00604199999361299,12.582309783907867,0.0,219143.88711,0.0,219143.893152,27.799999237060547
uncore,0.001002644,0.0,0.0,0.0,50.265008,0.0,50.265008,27.799999237060547
package-0,1.001257559,18.218275999999605,18.198125815821896,18.206859043106302,83672.048372,0.0,83690.266648,27.799999237060547
dram,1.001361604,0.46911499999987427,0.46859613895887764,0.46802851382848787,39526.836921,0.0007929999992484227,39527.306036,27.799999237060547
core,1.001446955,16.770098999986658,16.751550560851793,16.753551367290708,219143.88711,0.00604199999361299,219160.657209,27.799999237060547
uncore,1.001530898,0.007995000000001085,0.007986157191685918,0.007989989725134134,50.265008,0.0,50.273003,27.799999237060547
package-0,2.001762149,37.24514400000044,18.60746868981407,19.01705343184403,83672.048372,18.218275999999605,83709.293516,27.799999237060547
dram,2.001862754,0.9290750000000116,0.46416075000244383,0.4597227403119215,39526.836921,0.46911499999987427,39527.765996,27.799999237060547
core,2.001948573,34.35361099999864,17.162874737832116,17.57444195354085,219143.88711,16.770098999986658,219178.240721,27.799999237060547
uncore,2.002032418,0.007995000000001085,0.003994257940715223,0.0,50.265008,0.007995000000001085,50.273003,27.799999237060547
package-0,2.883107044,54.01536399999168,18.736091617650217,19.028210711001826,83672.048372,37.24514400000044,83726.063736,27.799999237060547
dram,2.883308259,1.3335539999970933,0.462564501482084,0.458939217262731,39526.836921,0.9290750000000116,39528.170475,27.799999237060547
core,2.883502691,49.86650999999256,17.296995351405485,17.60160039108181,219143.88711,34.35361099999864,219193.75362,27.799999237060547
uncore,2.883696828,0.007995000000001085,0.0027731934285059505,0.0,50.265008,0.007995000000001085,50.273003,27.799999237060547
