zone,time_elapsed,power_j,watts,watts_since_last,start_power,prev_power,prev_power_reading,temp
package-0,0.000603405,0.0,0.0,0.0,81004.438685,0.0,81004.438685,27.799999237060547
dram,0.00072542,0.0,0.0,0.0,39461.78478,0.0,39461.78478,27.799999237060547
core,0.000825725,0.006713000009767711,13.446411672454207,0.0,216682.374857,0.0,216682.38157,27.799999237060547
uncore,0.000993783,0.0,0.0,0.0,49.883051,0.0,49.883051,27.799999237060547
package-0,1.001253755,18.02784700000484,18.00772885536627,18.016713499830765,81004.438685,0.0,81022.466532,27.799999237060547
dram,1.00135867,0.459776999996393,0.45926391264950056,0.4594930544254386,39461.78478,0.0,39462.244557,27.799999237060547
core,1.001445063,16.582477000018116,16.563971813527903,16.565527266172108,216682.374857,0.006713000009767711,216698.957334,27.799999237060547
uncore,1.001532494,0.008727999999997849,0.008718260003513225,0.008722609828363972,49.883051,0.0,49.891779,27.799999237060547
package-0,2.00175884,36.793118000001414,18.381527120186107,18.755549117378226,81004.438685,18.02784700000484,81041.231803,27.799999237060547
dram,2.001856399,0.9064309999957914,0.4528451763451907,0.446422598184897,39461.78478,0.459776999996393,39462.691211,27.799999237060547
core,2.001943396,33.92844100002549,16.950358987992775,17.336977429767582,216682.374857,16.582477000018116,216716.303298,27.799999237060547
uncore,2.002027895,0.008727999999997849,0.0043604341633926924,0.0,49.883051,0.008727999999997849,49.891779,27.799999237060547
package-0,2.90324233,53.806014000001596,18.53449424249906,18.874176501820774,81004.438685,36.793118000001414,81058.244699,27.799999237060547
dram,2.903398438,1.3102389999985462,0.45133648446380104,0.44798624907241874,39461.78478,0.9064309999957914,39463.095019,27.799999237060547
core,2.90361975,49.644587000017054,17.101012387259026,17.43555674073492,216682.374857,33.92844100002549,216732.019444,27.799999237060547
uncore,2.903812192,0.008727999999997849,0.003006523875723021,0.0,49.883051,0.008727999999997849,49.891779,27.799999237060547
