zone,time_elapsed,power_j,watts,watts_since_last,start_power,prev_power,prev_power_reading,temp
package-0,0.000622903,0.0,0.0,0.0,81592.142258,0.0,81592.142258,27.799999237060547
dram,0.000785684,0.0008549999984097667,1.833123574847758,0.0,39476.04634,0.0,39476.047195,27.799999237060547
core,0.000934515,0.007080000010319054,15.179549652604974,0.0,217224.918573,0.0,217224.925653,27.799999237060547
uncore,0.001043461,0.0,0.0,0.0,49.967706,0.0,49.967706,27.799999237060547
package-0,1.001300662,18.14259299999685,18.121708727382522,18.13015520588127,81592.142258,0.0,81610.284851,27.799999237060547
dram,1.001404966,0.46343899999919813,0.4629055268393198,0.4622668719831355,39476.04634,0.0008549999984097667,39476.509779,27.799999237060547
core,1.001490904,16.699969000008423,16.680745358423835,16.68144506160538,217224.918573,0.007080000010319054,217241.618542,27.799999237060547
uncore,1.00157496,0.006408999999997889,0.006401622482176417,0.006404606260774022,49.967706,0.0,49.974115,27.799999237060547
package-0,2.00180372,36.811856999993324,18.390465015416936,18.659388705118175,81592.142258,18.14259299999685,81628.954115,27.799999237060547
dram,2.001899954,0.9160750000010012,0.4576526861717283,0.4523965736391702,39476.04634,0.46343899999919813,39476.962415,27.799999237060547
core,2.002035227,33.930028000002494,16.95076107967811,17.220944987069114,217224.918573,16.699969000008423,217258.848601,27.799999237060547
uncore,2.0021478,0.006408999999997889,0.003201807783937379,0.0,49.967706,0.006408999999997889,49.974115,27.799999237060547
package-0,2.904657979,53.69175699999323,18.485597677657896,18.69651657653326,81592.142258,36.811856999993324,81645.834015,27.799999237060547
dram,2.904766959,1.3256810000020778,0.4564202586061152,0.4536878399082727,39476.04634,0.9160750000010012,39477.372021,27.799999237060547
core,2.904956913,49.53460199999972,17.05432593116702,17.283939861058993,217224.918573,33.930028000002494,217274.453175,27.799999237060547
uncore,2.905148202,0.006408999999997889,0.002206562089523078,0.0,49.967706,0.006408999999997889,49.974115,27.799999237060547
