zone,time_elapsed,power_j,watts,watts_since_last,start_power,prev_power,prev_power_reading,temp
package-0,0.00067994,0.01696799999626819,34.16380423920339,0.0,84261.256397,0.0,84261.273365,27.799999237060547
dram,0.000876836,0.0008549999984097667,1.7214788175751243,0.0,39541.168183,0.0,39541.169038,27.799999237060547
core,0.001070388,0.012267999991308898,24.70070427874849,0.0,219687.668433,0.0,219687.680701,27.799999237060547
uncore,0.001229436,0.0,0.0,0.0,50.347527,0.0,50.347527,27.799999237060547
package-0,1.001474756,18.320997999995598,18.296592870036783,18.288718757810166,84261.256397,0.01696799999626819,84279.577395,27.799999237060547
dram,1.001597606,0.4605089999968186,0.4598955627816555,0.4592695014089073,39541.168183,0.0008549999984097667,39541.628692,27.799999237060547
core,1.001726641,16.869401999982074,16.84693051954541,16.843033080068263,219687.668433,0.012267999991308898,219704.537835,27.799999237060547
uncore,1.001810377,0.006835999999999842,0.006826893865694359,0.0068302817154687785,50.347527,0.0,50.354363,27.799999237060547
package-0,2.002038998,37.22225599999365,18.593208850746546,18.89004426524079,84261.256397,18.320997999995598,84298.478653,27.799999237060547
dram,2.002134697,0.9084450000009383,0.4537851659081807,0.4476702486190915,39541.168183,0.4605089999968186,39542.076628,27.799999237060547
core,2.002219874,34.350924999976996,17.15892563688273,17.471151565348883,219687.668433,16.869401999982074,219722.019358,27.799999237060547
uncore,2.002302817,0.006835999999999842,0.003414709084363993,0.0,50.347527,0.006835999999999842,50.354363,27.799999237060547
package-0,2.884686647,53.91923499999393,18.69242589389612,18.917465874900234,84261.256397,37.22225599999365,84315.175632,27.799999237060547
dram,2.8847944070000002,1.3046229999963543,0.452279576053092,0.4488646596069493,39541.168183,0.9084450000009383,39542.472806,27.799999237060547
core,2.8849853359999997,49.78148799997871,17.257974363463905,17.482632575810605,219687.668433,34.350924999976996,219737.449921,27.799999237060547
uncore,2.885173989,0.006835999999999842,0.0023698671431574524,0.0,50.347527,0.006835999999999842,50.354363,27.799999237060547
