zone,time_elapsed,power_j,watts,watts_since_last,start_power,prev_power,prev_power_reading,temp
package-0,0.000375032,0.0,0.0,0.0,87851.326979,0.0,87851.326979,27.799999237060547
dram,0.000496459,0.0,0.0,0.0,39629.027028,0.0,39629.027028,27.799999237060547
core,0.000585017,0.006225999997695908,24.160157074765745,0.0,223000.338968,0.0,223000.345194,27.799999237060547
uncore,0.000671519,0.0,0.0,0.0,50.842399,0.0,50.842399,27.799999237060547
package-0,1.000967344,18.24879399999918,18.234651058760793,18.239347641222967,87851.326979,0.0,87869.575773,27.799999237060547
dram,1.001178702,0.458983000004082,0.45862728501280775,0.45874541070967595,39629.027028,0.0,39629.486011,27.799999237060547
core,1.001376858,16.806171000003815,16.793146101542288,16.79124862763813,223000.338968,0.006225999997695908,223017.145139,27.799999237060547
uncore,1.001572581,0.007506999999996822,0.007501182023210163,0.007503114054693641,50.842399,0.0,50.849906,27.799999237060547
package-0,2.00189531,36.96212499999092,18.465556335279032,18.696432024245873,87851.326979,18.24879399999918,87888.289104,27.799999237060547
dram,2.002102796,0.9050270000007004,0.45213382762667503,0.4456412022938718,39629.027028,0.458983000004082,39629.932055,27.799999237060547
core,2.002291964,34.08951300001354,17.03045543902391,17.267734368355807,223000.338968,16.806171000003815,223034.428481,27.799999237060547
uncore,2.00249271,0.007506999999996822,0.003750350701127575,0.0,50.842399,0.007506999999996822,50.849906,27.799999237060547
package-0,2.880093469,53.3315900000016,18.51882325314466,18.640237333585112,87851.326979,36.96212499999092,87904.658569,27.799999237060547
dram,2.880287638,1.2971160000015516,0.4504096341934302,0.44647958964444795,39629.027028,0.9050270000007004,39630.324144,27.799999237060547
core,2.880479331,49.206967000005534,17.08659210603691,17.214547356265005,223000.338968,34.08951300001354,223049.545935,27.799999237060547
uncore,2.880647657,0.007506999999996822,0.002606725322858252,0.0,50.842399,0.007506999999996822,50.849906,27.799999237060547
