zone,time_elapsed,power_j,watts,watts_since_last,start_power,prev_power,prev_power_reading,temp
package-0,0.000378104,0.0,0.0,0.0,70687.189401,0.0,70687.189401,27.799999237060547
dram,0.000581225,0.0007330000007641502,3.1709226855688417,0.0,39207.901824,0.0,39207.902557,27.799999237060547
core,0.000761699,0.007996000000275671,34.59031073431159,0.0,207169.523111,0.0,207169.531107,27.799999237060547
uncore,0.000895686,0.0,0.0,0.0,48.477414,0.0,48.477414,27.799999237060547
package-0,1.001231363,17.94416800000181,17.926277592890383,17.930418309746837,70687.189401,0.0,70705.133569,27.799999237060547
dram,1.001452282,0.4577019999996992,0.4572456692790044,0.45661884822783544,39207.901824,0.0007330000007641502,39208.359526,27.799999237060547
core,1.001652545,16.510028000018792,16.49356743621102,16.48938734418505,207169.523111,0.007996000000275671,207186.033139,27.799999237060547
uncore,1.001853225,0.007080999999999449,0.00707394021473908,0.007075574194986063,48.477414,0.0,48.484495,27.799999237060547
package-0,2.002184996,36.34628199999861,18.155372591019688,18.38447642969102,70687.189401,17.94416800000181,70723.535683,27.799999237060547
dram,2.002402765,0.9036229999983334,0.4513697507432907,0.4454936054618815,39207.901824,0.4577019999996992,39208.805447,27.799999237060547
core,2.002602195,33.482153000019025,16.72470826217923,16.955858007635875,207169.523111,16.510028000018792,207203.005264,27.799999237060547
uncore,2.002814537,0.007080999999999449,0.0035370383500850327,0.0,48.477414,0.007080999999999449,48.484495,27.799999237060547
package-0,2.888328745,52.603807999999844,18.21394754466791,18.34627814895168,70687.189401,36.34628199999861,70739.793209,27.799999237060547
dram,2.88850669,1.2998630000001867,0.450074574396936,0.44714855469239684,39207.901824,0.9036229999983334,39209.201687,27.799999237060547
core,2.888683135,48.47393600002397,16.783988862327774,16.917913639922524,207169.523111,33.482153000019025,207217.997047,27.799999237060547
uncore,2.888857713,0.007080999999999449,0.0024517799655071324,0.0,48.477414,0.007080999999999449,48.484495,27.799999237060547
