zone,time_elapsed,power_j,watts,watts_since_last,start_power,prev_power,prev_power_reading,temp
package-0,0.000376585,0.0,0.0,0.0,88170.80779,0.0,88170.80779,27.799999237060547
dram,0.000493797,0.0,0.0,0.0,39636.866241,0.0,39636.866241,27.799999237060547
core,0.000580649,0.0067140000173822045,27.834205383527507,0.0,223294.992511,0.0,223294.999225,27.799999237060547
uncore,0.000668061,0.0,0.0,0.0,50.88787,0.0,50.88787,27.799999237060547
package-0,1.001009502,17.853957999992417,17.84016781787172,17.844468828958775,88170.80779,0.0,88188.661748,27.799999237060547
dram,1.001227769,0.458067999999912,0.4577141937938223,0.4578245421852896,39636.866241,0.0,39637.324309,27.799999237060547
core,1.001435967,16.43129300000146,16.418601667191744,16.415849527265117,223294.992511,0.0067140000173822045,223311.423804,27.799999237060547
uncore,1.00164407,0.00829999999999842,0.008293589179966143,0.008295588646528268,50.88787,0.0,50.89617,27.799999237060547
package-0,2.001955139,36.548978999999235,18.258499290592894,18.676744852654508,88170.80779,17.853957999992417,88207.356769,27.799999237060547
dram,2.002171497,0.904843999996956,0.4520261299786788,0.44633923429298733,39636.866241,0.458067999999912,39637.771085,27.799999237060547
core,2.002378138,33.70010899999761,16.835310673640773,17.251934102628088,223294.992511,16.43129300000146,223328.69262,27.799999237060547
uncore,2.002585708,0.00829999999999842,0.004146368742937945,0.0,50.88787,0.00829999999999842,50.89617,27.799999237060547
package-0,2.896261782,53.300522999998066,18.404504912304443,18.731313253656996,88170.80779,36.548978999999235,88224.108313,27.799999237060547
dram,2.896440442,1.3048060000000987,0.4505454559349633,0.4472312230812008,39636.866241,0.904843999996956,39638.171047,27.799999237060547
core,2.896613379,49.1587480000162,16.97436287912348,17.285607200420895,223294.992511,33.70010899999761,223344.151259,27.799999237060547
uncore,2.896750681,0.00829999999999842,0.002865964200240649,0.0,50.88787,0.00829999999999842,50.89617,27.799999237060547
