zone,time_elapsed,power_j,watts,watts_since_last,start_power,prev_power,prev_power_reading,temp
package-0,0.000424599,0.0,0.0,0.0,78876.607218,0.0,78876.607218,27.799999237060547
dram,0.000546725,0.0,0.0,0.0,39409.586183,0.0,39409.586183,27.799999237060547
core,0.000638816,0.00567600000067614,18.55787402053313,0.0,214719.797911,0.0,214719.803587,27.799999237060547
uncore,0.000728424,0.0,0.0,0.0,49.581965,0.0,49.581965,27.799999237060547
package-0,1.000981751,17.466629999995348,17.45214049996238,17.45747550932796,78876.607218,0.0,78894.073848,27.799999237060547
dram,1.001084557,0.4584340000001248,0.45805370457633,0.4581937287071155,39409.586183,0.0,39410.044617,27.799999237060547
core,1.001176983,16.021991999994498,16.008700904138447,16.007921637981923,214719.797911,0.00567600000067614,214735.819903,27.799999237060547
uncore,1.001265392,0.008179000000005487,0.008172215083809876,0.008174713278458822,49.581965,0.0,49.590144,27.799999237060547
package-0,2.00148884,36.07351599998947,18.024337870364544,18.596696702500548,78876.607218,17.466629999995348,78912.680734,27.799999237060547
dram,2.001589617,0.9043559999990975,0.4518666297757028,0.44567780911625765,39409.586183,0.4584340000001248,39410.490539,27.799999237060547
core,2.001679598,33.211095999984536,16.594113403002037,17.17969109262317,214719.797911,16.021991999994498,214753.009007,27.799999237060547
uncore,2.001768356,0.008179000000005487,0.004086683966205389,0.0,49.581965,0.008179000000005487,49.590144,27.799999237060547
package-0,2.918203412,53.1204080000025,18.204069239283815,18.596477845595366,78876.607218,36.07351599998947,78929.727626,27.799999237060547
dram,2.918299831,1.3140839999978198,0.4503292994698802,0.4469728367312066,39409.586183,0.9043559999990975,39410.900267,27.799999237060547
core,2.9183854460000003,48.943112000008114,16.77253306552405,17.162077815168107,214719.797911,33.211095999984536,214768.741023,27.799999237060547
uncore,2.918470057,0.008179000000005487,0.002802897942880921,0.0,49.581965,0.008179000000005487,49.590144,27.799999237060547
