zone,time_elapsed,power_j,watts,watts_since_last,start_power,prev_power,prev_power_reading,temp
package-0,0.000585621,0.018553999994765036,46.14550481691281,0.0,82338.060515,0.0,82338.079069,27.799999237060547
dram,0.000808639,0.0,0.0,0.0,39494.348723,0.0,39494.348723,27.799999237060547
core,0.000954964,0.01184099999954924,29.449656282765545,0.0,217913.088747,0.0,217913.100588,27.799999237060547
uncore,0.001085617,0.0,0.0,0.0,50.072503,0.0,50.072503,27.799999237060547
package-0,1.001435476,18.01112299998931,17.98967863743538,17.978366791385657,82338.060515,0.018553999994765036,82356.071638,27.799999237060547
dram,1.00164159,0.45928799999819603,0.458741163557812,0.458925466777535,39494.348723,0.0,39494.808011,27.799999237060547
core,1.001849979,16.557330999989063,16.53761754798002,16.532430025034508,217913.088747,0.01184099999954924,217929.646078,27.799999237060547
uncore,1.002044978,0.00897199999999998,0.008961317777640275,0.008964918064360939,50.072503,0.0,50.081475,27.799999237060547
package-0,2.002365341,36.88125299999956,18.42081121495504,18.852044008809738,82338.060515,18.01112299998931,82374.941768,27.799999237060547
dram,2.002576006,0.9067969999960042,0.4529113028566079,0.4470800870101337,39494.348723,0.45928799999819603,39495.25552,27.799999237060547
core,2.002769971,34.017124999983935,16.990286032316718,17.443059738988378,217913.088747,16.557330999989063,217947.105872,27.799999237060547
uncore,2.002976815,0.00897199999999998,0.004481179590633167,0.0,50.072503,0.00897199999999998,50.081475,27.799999237060547
package-0,2.864466845,53.24089099999401,18.58796380874316,18.976153986214293,82338.060515,36.88125299999956,82391.301406,27.799999237060547
dram,2.864645764,1.2932089999958407,0.451497366733895,0.44821368383092736,39494.348723,0.9067969999960042,39495.641932,27.799999237060547
core,2.864819158,49.12493499999982,17.15096229112619,17.524112022213878,217913.088747,34.017124999983935,217962.213682,27.799999237060547
uncore,2.864994432,0.00897199999999998,0.003132389562978239,0.0,50.072503,0.00897199999999998,50.081475,27.799999237060547
