zone,time_elapsed,power_j,watts,watts_since_last,start_power,prev_power,prev_power_reading,temp
package-0,0.000657055,0.019103999991784804,39.13535126719711,0.0,81484.49843,0.0,81484.517534,27.799999237060547
dram,0.000851928,0.0008549999984097667,1.75150362675922,0.0,39473.377768,0.0,39473.378623,27.799999237060547
core,0.00097306,0.010069999989354983,20.628820509503154,0.0,217125.612553,0.0,217125.622623,27.799999237060547
uncore,0.001060935,0.0,0.0,0.0,49.951166,0.0,49.951166,27.799999237060547
package-0,1.00131101,17.962660999997752,17.941510686008574,17.931172011222504,81484.49843,0.019103999991784804,81502.461091,27.799999237060547
dram,1.001413345,0.4652700000006007,0.4647221632079474,0.4640944518206962,39473.377768,0.0008549999984097667,39473.843038,27.799999237060547
core,1.001498972,16.518450999981724,16.49900118543228,16.496986597337536,217125.612553,0.010069999989354983,217142.131004,27.799999237060547
uncore,1.001583083,0.008667000000002645,0.008656794954584024,0.008661017869604182,49.951166,0.0,49.959833,27.799999237060547
package-0,2.001803528,36.782986999998684,18.376014565198425,18.810810720695162,81484.49843,17.962660999997752,81521.281417,27.799999237060547
dram,2.001900284,0.9245579999987967,0.4618899295576301,0.4590557907579432,39473.377768,0.4652700000006007,39474.302326,27.799999237060547
core,2.001984951,33.89603099998203,16.933751447594766,17.36879415179777,217125.612553,16.518450999981724,217159.508584,27.799999237060547
uncore,2.002068568,0.008667000000002645,0.004329852772332738,0.0,49.951166,0.008667000000002645,49.959833,27.799999237060547
package-0,2.911609274,53.83512799999153,18.490670791997076,18.742932857365894,81484.49843,36.782986999998684,81538.333558,27.799999237060547
dram,2.911754415,1.3431360000031418,0.46132491047372987,0.4600817779805617,39473.377768,0.9245579999987967,39474.720904,27.799999237060547
core,2.911944952,49.64086399998632,17.050073217141616,17.305999743354405,217125.612553,33.89603099998203,217175.253417,27.799999237060547
uncore,2.912134793,0.008667000000002645,0.0029768415105154537,0.0,49.951166,0.008667000000002645,49.959833,27.799999237060547
