zone,time_elapsed,power_j,watts,watts_since_last,start_power,prev_power,prev_power_reading,temp
package-0,0.000597977,0.0,0.0,0.0,67980.86088,0.0,67980.86088,27.799999237060547
dram,0.000752677,0.0008540000053471886,2.0157102790535806,0.0,39141.581682,0.0,39141.582536,27.799999237060547
core,0.000880339,0.01031500002136454,24.34666445118993,0.0,204673.27706,0.0,204673.287375,27.799999237060547
uncore,0.001019494,0.0,0.0,0.0,48.109007,0.0,48.109007,27.799999237060547
package-0,1.001276338,18.350600000005215,18.329920495311054,18.3376809020952,67980.86088,0.0,67999.21148,27.799999237060547
dram,1.001380252,0.4721050000007381,0.47157297938213977,0.4709192322161831,39141.581682,0.0008540000053471886,39142.053787,27.799999237060547
core,1.001467122,16.90498600000865,16.88593557455434,16.882776897952134,204673.27706,0.01031500002136454,204690.182046,27.799999237060547
uncore,1.001551664,0.007446000000001618,0.007437609015949177,0.007440757904209766,48.109007,0.0,48.116453,27.799999237060547
package-0,2.001773304,37.15768100001151,18.563489691376073,18.79719953777568,67980.86088,18.350600000005215,68018.018561,27.799999237060547
dram,2.001868484,0.9346290000030422,0.466928380347854,0.46228098443615784,39141.581682,0.4721050000007381,39142.516311,27.799999237060547
core,2.001953873,34.26724600000307,17.119466305572406,17.353137663762233,204673.27706,16.90498600000865,204707.544306,27.799999237060547
uncore,2.002036889,0.007446000000001618,0.003719923862901279,0.0,48.109007,0.007446000000001618,48.116453,27.799999237060547
package-0,2.893121459,53.84703000000445,18.61300980447184,18.724217512383923,67980.86088,37.15768100001151,68034.70791,27.799999237060547
dram,2.89332324,1.347103000000061,0.46564576257283813,0.4627653777358537,39141.581682,0.9346290000030422,39142.928785,27.799999237060547
core,2.893516826,49.68541999999434,17.174488724802824,17.298053004927937,204673.27706,34.26724600000307,204722.96248,27.799999237060547
uncore,2.893711349,0.007446000000001618,0.002573818296090165,0.0,48.109007,0.007446000000001618,48.116453,27.799999237060547
