zone,time_elapsed,power_j,watts,watts_since_last,start_power,prev_power,prev_power_reading,temp
package-0,0.000575966,0.017822000008891337,44.424724517580536,0.0,81378.230147,0.0,81378.247969,27.799999237060547
dram,0.000762488,0.0007939999995869584,1.9791960066778134,0.0,39470.819486,0.0,39470.82028,27.799999237060547
core,0.000916446,0.011353000008966774,28.299511704343946,0.0,217027.474681,0.0,217027.486034,27.799999237060547
uncore,0.001042329,0.0,0.0,0.0,49.934625,0.0,49.934625,27.799999237060547
package-0,1.001297123,18.282546000002185,18.261590332033236,18.25110221684934,81378.230147,0.017822000008891337,81396.512693,27.799999237060547
dram,1.001402809,0.4601429999966058,0.4596155787104149,0.4590064187203812,39470.819486,0.0007939999995869584,39471.279629,27.799999237060547
core,1.001489933,16.845172000001185,16.825863866915572,16.82126438203563,217027.474681,0.011353000008966774,217044.319853,27.799999237060547
uncore,1.001578042,0.008484000000002823,0.008474275540015215,0.008477672655105994,49.934625,0.0,49.943109,27.799999237060547
package-0,2.001799539,37.597804000004544,18.78314632120512,19.30502415573209,81378.230147,18.282546000002185,81415.827951,27.799999237060547
dram,2.001895807,0.9060650000028545,0.45265280577488715,0.44568573620357266,39470.819486,0.4601429999966058,39471.725551,27.799999237060547
core,2.001982463,34.72067500001867,17.345787506533107,17.86603198420425,217027.474681,16.845172000001185,217062.195356,27.799999237060547
uncore,2.002066509,0.008484000000002823,0.0042384447078116045,0.0,49.934625,0.008484000000002823,49.943109,27.799999237060547
package-0,2.7632381280000002,52.305835999999545,18.93079256289135,19.31898427347864,81378.230147,37.597804000004544,81430.535983,27.799999237060547
dram,2.763433535,1.245785999999498,0.45088116637204434,0.4462231695109056,39470.819486,0.9060650000028545,39472.065272,27.799999237060547
core,2.763592895,48.34381000002031,17.496836085560798,17.8939732263703,217027.474681,34.72067500001867,217075.818491,27.799999237060547
uncore,2.763679543,0.008484000000002823,0.0030705721652862033,0.0,49.934625,0.008484000000002823,49.943109,27.799999237060547
