zone,time_elapsed,power_j,watts,watts_since_last,start_power,prev_power,prev_power_reading,temp
package-0,0.000600228,0.0,0.0,0.0,87044.511906,0.0,87044.511906,27.799999237060547
dram,0.000725083,0.0,0.0,0.0,39609.310037,0.0,39609.310037,27.799999237060547
core,0.000825996,0.009155000007012859,18.14045928158007,0.0,222255.621087,0.0,222255.630242,27.799999237060547
uncore,0.001001989,0.0,0.0,0.0,50.732292,0.0,50.732292,27.799999237060547
package-0,1.001262068,18.673964000001433,18.652986496980184,18.662394323290286,87044.511906,0.0,87063.18587,27.799999237060547
dram,1.001370569,0.458067999999912,0.4575534267227045,0.45778419851717805,39609.310037,0.0,39609.768105,27.799999237060547
core,1.001459004,17.253556999989087,17.234175119200707,17.23371802542708,222255.621087,0.009155000007012859,222272.874644,27.799999237060547
uncore,1.001544073,0.0059199999999961506,0.0059133497345310515,0.005916332193518108,50.732292,0.0,50.738212,27.799999237060547
package-0,2.001760056,37.73678099999961,18.852846299946233,19.05282600288748,87044.511906,18.673964000001433,87082.248687,27.799999237060547
dram,2.001861011,0.9037459999963176,0.45150073696328147,0.4454444160717282,39609.310037,0.458067999999912,39610.213783,27.799999237060547
core,2.001948562,34.881747000006726,17.42650532022708,17.61895090406676,222255.621087,17.253556999989087,222290.502834,27.799999237060547
uncore,2.002037268,0.0059199999999961506,0.00295756148611643,0.0,50.732292,0.0059199999999961506,50.738212,27.799999237060547
package-0,2.864017113,54.144576000006055,18.90666727069052,19.031625572584066,87044.511906,37.73678099999961,87098.656482,27.799999237060547
dram,2.864211524,1.2886929999949643,0.4499968706924595,0.44650528418113994,39609.310037,0.9037459999963176,39610.59873,27.799999237060547
core,2.864401547,50.062432999984594,17.481229578597862,17.608285079526787,222255.621087,34.881747000006726,222305.68352,27.799999237060547
uncore,2.864593837,0.0059199999999961506,0.0020671963567025177,0.0,50.732292,0.0059199999999961506,50.738212,27.799999237060547
