zone,time_elapsed,power_j,watts,watts_since_last,start_power,prev_power,prev_power_reading,temp
package-0,0.000600538,0.0,0.0,0.0,32857.188651,0.0,32857.188651,27.799999237060547
dram,0.000817612,0.0,0.0,0.0,1190.139836,0.0,1190.139836,27.799999237060547
core,0.000984297,0.01428200000009383,34.01196920322123,0.0,28808.892557,0.0,28808.906839,27.799999237060547
uncore,0.001138134,0.0,0.0,0.0,9.508154,0.0,9.508154,27.799999237060547
package-0,1.00139417,17.068682000004628,17.047373056442044,17.054525498860215,32857.188651,0.0,32874.257333,27.799999237060547
dram,1.00149704,0.45587000000000444,0.4553008811833394,0.45549190846506915,1190.139836,0.0,1190.595706,27.799999237060547
core,1.001582601,15.636435000000347,15.616914107236926,15.609196227659972,28808.892557,0.01428200000009383,28824.528992,27.799999237060547
uncore,1.001666708,0.008118000000001402,0.008107865298104616,0.008111267056222242,9.508154,0.0,9.516272,27.799999237060547
package-0,2.001876064,34.39786100000492,17.183733687074156,17.320193976173215,32857.188651,17.068682000004628,32891.586512,27.799999237060547
dram,2.001967948,0.9011209999998755,0.4501623889876639,0.4450201413513436,1190.139836,0.45587000000000444,1191.040957,27.799999237060547
core,2.002052575,31.548624999999447,15.760374466112378,15.90393967225472,28808.892557,15.636435000000347,28840.441182,27.799999237060547
uncore,2.002135689,0.008118000000001402,0.004055413505847707,0.0,9.508154,0.008118000000001402,9.516272,27.799999237060547
package-0,2.342725781,40.33351500000572,17.21812014405605,17.420135454263747,32857.188651,34.39786100000492,32897.522166,27.799999237060547
dram,2.342925799,1.053707999999915,0.4498212204105935,0.44781690586413475,1190.139836,0.9011209999998755,1191.193544,27.799999237060547
core,2.343110153,36.994778000000224,15.792834626652182,15.983533232335592,28808.892557,31.548624999999447,28845.887335,27.799999237060547
uncore,2.343294958,0.008118000000001402,0.0034655223907326537,0.0,9.508154,0.008118000000001402,9.516272,27.799999237060547
