zone,time_elapsed,power_j,watts,watts_since_last,start_power,prev_power,prev_power_reading,temp
package-0,0.000635741,0.0,0.0,0.0,28727.064397,0.0,28727.064397,27.799999237060547
dram,0.000770441,0.0007319999999708671,1.6147604991879145,0.0,1080.684245,0.0,1080.684977,27.799999237060547
core,0.000948311,0.01208500000211643,26.658989941093072,0.0,25026.660235,0.0,25026.67232,27.799999237060547
uncore,0.001105139,0.0,0.0,0.0,8.668251,0.0,8.668251,27.799999237060547
package-0,1.001352107,16.859149000003526,16.838787908118363,16.846415468407578,28727.064397,0.0,28743.923546,27.799999237060547
dram,1.001453699,0.4561750000000302,0.4556240693990424,0.45509900886322,1080.684245,0.0007319999999708671,1081.14042,27.799999237060547
core,1.001539198,15.42299500000081,15.40436837665586,15.399270307544034,25026.660235,0.01208500000211643,25042.08323,27.799999237060547
uncore,1.001623037,0.009399999999999409,0.009388647454048217,0.009392900282391961,8.668251,0.0,8.677651,27.799999237060547
package-0,2.00183222,34.31821100000161,17.14433303400905,17.450090419910676,28727.064397,16.859149000003526,28761.382608,27.799999237060547
dram,2.001924897,0.9022190000000592,0.45072113478208115,0.4458147941315517,1080.684245,0.4561750000000302,1081.586464,27.799999237060547
core,2.002009503,31.4471850000009,15.710055883218505,16.01595574870292,25026.660235,15.42299500000081,25058.10742,27.799999237060547
uncore,2.002092514,0.009399999999999409,0.004695953717391252,0.0,8.668251,0.009399999999999409,8.677651,27.799999237060547
package-0,2.34762882,40.361408000000665,17.193305739128597,17.47680599354523,28727.064397,34.31821100000161,28767.425805,27.799999237060547
dram,2.347824345,1.057126000000153,0.4503185449522571,0.4479879749152931,1080.684245,0.9022190000000592,1081.741371,27.799999237060547
core,2.348016708,37.014554000001226,15.767600171914122,16.100720844860565,25026.660235,31.4471850000009,25063.674789,27.799999237060547
uncore,2.348209098,0.009399999999999409,0.0040042476701456,0.0,8.668251,0.009399999999999409,8.677651,27.799999237060547
