zone,time_elapsed,power_j,watts,watts_since_last,start_power,prev_power,prev_power_reading,temp
package-0,0.000627397,0.0,0.0,0.0,32296.01687,0.0,32296.01687,27.799999237060547
dram,0.000844892,0.0,0.0,0.0,1175.299115,0.0,1175.299115,27.799999237060547
core,0.000977657,0.007385000000795117,13.952838086231973,0.0,28294.902296,0.0,28294.909681,27.799999237060547
uncore,0.001129087,0.0,0.0,0.0,9.393408,0.0,9.393408,27.799999237060547
package-0,1.001371145,16.525958000001992,16.505589475376976,16.514319450797448,32296.01687,0.0,32312.542828,27.799999237060547
dram,1.001471791,0.4559919999999238,0.4554299820956784,0.4556708636803908,1175.299115,0.0,1175.755107,27.799999237060547
core,1.001557187,15.087241000001086,15.068645718575826,15.069235880667213,28294.902296,0.007385000000795117,28309.989537,27.799999237060547
uncore,1.001640433,0.008117999999999626,0.008107994426773199,0.008112282828115098,9.393408,0.0,9.401526,27.799999237060547
package-0,2.001832987,33.85349000000133,16.91215424187434,17.319020775067678,32296.01687,16.525958000001992,32329.87036,27.799999237060547
dram,2.001925093,0.9019140000000334,0.4505682776253148,0.44570296462657943,1175.299115,0.4559919999999238,1176.201029,27.799999237060547
core,2.002009213,30.997051999998803,15.485166358545564,15.901996154811387,28294.902296,15.087241000001086,28325.899348,27.799999237060547
uncore,2.002092046,0.008117999999999626,0.004055501165035692,0.0,9.393408,0.008117999999999626,9.401526,27.799999237060547
package-0,2.361800787,40.11983099999998,16.98828174934813,17.411703702035663,32296.01687,33.85349000000133,32336.136701,27.799999237060547
dram,2.361924479,1.064450000000079,0.45072912964401496,0.4516237901696496,1175.299115,0.9019140000000334,1176.363565,27.799999237060547
core,2.362112994,36.752042000000074,15.562230168912665,15.990859847592397,28294.902296,30.997051999998803,28331.654338,27.799999237060547
uncore,2.362303298,0.008117999999999626,0.0034374738827090733,0.0,9.393408,0.008117999999999626,9.401526,27.799999237060547
