zone,time_elapsed,power_j,watts,watts_since_last,start_power,prev_power,prev_power_reading,temp
package-0,0.000650068,0.0,0.0,0.0,28123.535303,0.0,28123.535303,27.799999237060547
dram,0.000772878,0.0,0.0,0.0,1064.671346,0.0,1064.671346,27.799999237060547
core,0.000916713,0.008971999999630498,19.025484648627582,0.0,24474.026213,0.0,24474.035185,27.799999237060547
uncore,0.001105185,0.0,0.0,0.0,8.542641,0.0,8.542641,27.799999237060547
package-0,1.001356561,16.886247999998886,16.865803306961794,16.873750962560994,28123.535303,0.0,28140.421551,27.799999237060547
dram,1.001458849,0.4559319999998479,0.4553799892875935,0.45559457754382743,1064.671346,0.0,1065.127278,27.799999237060547
core,1.001544554,15.449118000000453,15.430413283878563,15.42871918200025,24474.026213,0.008971999999630498,24489.475331,27.799999237060547
uncore,1.001628821,0.008300999999999448,0.008290949727321887,0.008294856663257506,8.542641,0.0,8.550942,27.799999237060547
package-0,2.001838004,34.4301489999998,17.200195496685787,17.53481973439529,28123.535303,16.886247999998886,28157.965452,27.799999237060547
dram,2.001928995,0.901730999999927,0.4504758165705529,0.4455682406538127,1064.671346,0.4559319999998479,1065.573077,27.799999237060547
core,2.002013571,31.55704799999876,15.764886608486039,16.099592037381736,24474.026213,15.449118000000453,24505.583261,27.799999237060547
uncore,2.00209645,0.008300999999999448,0.004146912719372201,0.0,8.542641,0.008300999999999448,8.550942,27.799999237060547
package-0,2.355458373,40.61958600000071,17.245683462374885,17.50317786515023,28123.535303,34.4301489999998,28164.154889,27.799999237060547
dram,2.355561605,1.05944599999998,0.4498044456060817,0.4460040060190757,1064.671346,0.901730999999927,1065.730792,27.799999237060547
core,2.355749732,37.252528999997594,15.81614650890061,16.106314188277334,24474.026213,31.55704799999876,24511.278742,27.799999237060547
uncore,2.355942828,0.008300999999999448,0.0035243199775881985,0.0,8.542641,0.008300999999999448,8.550942,27.799999237060547
