zone,time_elapsed,power_j,watts,watts_since_last,start_power,prev_power,prev_power_reading,temp
package-0,0.000389818,0.0,0.0,0.0,25874.514632,0.0,25874.514632,27.799999237060547
dram,0.000507603,0.0,0.0,0.0,1005.192434,0.0,1005.192434,27.799999237060547
core,0.000596322,0.005066000001534121,19.598664542255978,0.0,22414.079887,0.0,22414.084953,27.799999237060547
uncore,0.000682982,0.0,0.0,0.0,8.084696,0.0,8.084696,27.799999237060547
package-0,1.000932427,16.816851999999926,16.803632531876204,16.80797375933267,25874.514632,0.0,25891.331484,27.799999237060547
dram,1.001039654,0.4561749999999165,0.45581640786440036,0.4559341682772858,1005.192434,0.0,1005.648609,27.799999237060547
core,1.001130647,15.373984000001656,15.361898748170775,15.36080417746072,22414.079887,0.005066000001534121,22429.453871,27.799999237060547
uncore,1.001220619,0.008483000000000018,0.008476331644466322,0.008478521509282471,8.084696,0.0,8.093179,27.799999237060547
package-0,2.001432308,34.07077500000014,17.02413661413073,17.24469615634298,25874.514632,16.816851999999926,25908.585407,27.799999237060547
dram,2.001528981,0.9019749999999931,0.45068964890086544,0.44556160048349147,1005.192434,0.4561749999999165,1006.094409,27.799999237060547
core,2.001628325,31.21104099999866,15.59521395839133,15.828587850753106,22414.079887,15.373984000001656,22445.290928,27.799999237060547
uncore,2.001717902,0.008483000000000018,0.004238698735137979,0.0,8.084696,0.008483000000000018,8.093179,27.799999237060547
package-0,2.343307545,39.98512699999992,17.064254707369216,17.29909543985188,25874.514632,34.07077500000014,25914.499759,27.799999237060547
dram,2.343401988,1.0541349999999738,0.44986797555881813,0.4450581166166009,1005.192434,0.9019749999999931,1006.246569,27.799999237060547
core,2.343489175,36.63454999999885,15.634345547779168,15.863411547013515,22414.079887,31.21104099999866,22450.714437,27.799999237060547
uncore,2.343574942,0.008483000000000018,0.003620247915746614,0.0,8.084696,0.008483000000000018,8.093179,27.799999237060547
