zone,time_elapsed,power_j,watts,watts_since_last,start_power,prev_power,prev_power_reading,temp
package-0,0.000546408,0.0,0.0,0.0,33939.742032,0.0,33939.742032,27.799999237060547
dram,0.000666007,0.0,0.0,0.0,1218.77874,0.0,1218.77874,27.799999237060547
core,0.000766464,0.011108000002423069,24.565112591772124,0.0,29800.416508,0.0,29800.427616,27.799999237060547
uncore,0.00092923,0.0,0.0,0.0,9.725316,0.0,9.725316,27.799999237060547
package-0,1.001175003,17.20723100000032,17.189136855089806,17.196904877709834,33939.742032,0.0,33956.949263,27.799999237060547
dram,1.001275247,0.45623599999998987,0.45575624818533755,0.45596221110685986,1218.77874,0.0,1219.234976,27.799999237060547
core,1.001360554,15.78700800000297,15.770407280778857,15.76643282468091,29800.416508,0.011108000002423069,29816.203516,27.799999237060547
uncore,1.001443829,0.007813000000000514,0.00780478429381363,0.0078083113901099635,9.725316,0.0,9.733129,27.799999237060547
package-0,2.001660914,34.736604999998235,17.354897221609754,17.520750444315976,33939.742032,17.20723100000032,33974.478637,27.799999237060547
dram,2.001755534,0.9024630000001252,0.4508832285512235,0.44600747913297345,1218.77874,0.45623599999998987,1219.681203,27.799999237060547
core,2.001840703,31.882975000000442,15.929183472138082,16.088048607265414,29800.416508,15.78700800000297,29832.299483,27.799999237060547
uncore,2.001923975,0.007813000000000514,0.0039034848682665685,0.0,9.725316,0.007813000000000514,9.733129,27.799999237060547
package-0,2.337428923,40.59926099999575,17.370109366794406,17.460792249797972,33939.742032,34.736604999998235,33980.341293,27.799999237060547
dram,2.337621513,1.0530370000001312,0.45053450251927674,0.44845567132410613,1218.77874,0.9024630000001252,1219.831777,27.799999237060547
core,2.337812712,37.26400400000057,15.943143027276822,16.02635895047913,29800.416508,31.882975000000442,29837.680512,27.799999237060547
uncore,2.337996407,0.007813000000000514,0.0033427373094990034,0.0,9.725316,0.007813000000000514,9.733129,27.799999237060547
