zone,time_elapsed,power_j,watts,watts_since_last,start_power,prev_power,prev_power_reading,temp
package-0,0.000321926,0.0,0.0,0.0,25432.268572,0.0,25432.268572,27.799999237060547
dram,0.000502243,0.0,0.0,0.0,993.56905,0.0,993.56905,27.799999237060547
core,0.00058672,0.007385000000795117,36.058689977271634,0.0,22008.794243,0.0,22008.801628,27.799999237060547
uncore,0.000666219,0.0,0.0,0.0,7.990946,0.0,7.990946,27.799999237060547
package-0,1.000897698,16.801410000000033,16.78858781678649,16.79202428273946,25432.268572,0.0,25449.069982,27.799999237060547
dram,1.000992756,0.45617600000002767,0.4558278642037093,0.4559211678783749,993.56905,0.0,994.025226,27.799999237060547
core,1.001074652,15.361959999998362,15.350236349088165,15.345997523487785,22008.794243,0.007385000000795117,22024.156203,27.799999237060547
uncore,1.001154763,0.007690000000000197,0.0076841312908316126,0.007685704160202597,7.990946,0.0,7.998636,27.799999237060547
package-0,2.001361681,34.055271999997785,17.016820814887016,17.24511229563698,25432.268572,16.801410000000033,25466.323844,27.799999237060547
dram,2.001448723,0.9014260000000149,0.4504267274647401,0.4450242067331444,993.56905,0.45617600000002767,994.470476,27.799999237060547
core,2.001529703,31.19779600000038,15.58899028471832,15.827805398893366,22008.794243,15.361959999998362,22039.992039,27.799999237060547
uncore,2.001608562,0.007690000000000197,0.003842557829709685,0.0,7.990946,0.007690000000000197,7.998636,27.799999237060547
package-0,2.342189506,39.93733699999939,17.052164707609233,17.259715367203807,25432.268572,34.055271999997785,25472.205909,27.799999237060547
dram,2.34227393,1.053892000000019,0.4499834319957865,0.44738025900350425,993.56905,0.9014260000000149,994.622942,27.799999237060547
core,2.342352608,36.58914000000004,15.622574980144108,15.819795069699307,22008.794243,31.19779600000038,22045.383383,27.799999237060547
uncore,2.3424297210000002,0.007690000000000197,0.0032834223924724966,0.0,7.990946,0.007690000000000197,7.998636,27.799999237060547
