zone,time_elapsed,power_j,watts,watts_since_last,start_power,prev_power,prev_power_reading,temp
package-0,0.000598454,0.0,0.0,0.0,33418.53603,0.0,33418.53603,27.799999237060547
dram,0.00081901,0.0,0.0,0.0,1205.007474,0.0,1205.007474,27.799999237060547
core,0.000977149,0.011657999999442836,27.431814597459265,0.0,29322.978155,0.0,29322.989813,27.799999237060547
uncore,0.001128966,0.0,0.0,0.0,9.621862,0.0,9.621862,27.799999237060547
package-0,1.00137642,16.884660999996413,16.863647714488817,16.870808564662862,33418.53603,0.0,33435.420691,27.799999237060547
dram,1.001476486,0.45587000000000444,0.45530266101319566,0.4554959972471208,1205.007474,0.0,1205.463344,27.799999237060547
core,1.001561681,15.448812999999063,15.429586654955921,15.424490120830798,29322.978155,0.011657999999442836,29338.426968,27.799999237060547
uncore,1.001646219,0.006897000000000375,0.006888416550788933,0.006891341595221296,9.621862,0.0,9.628759,27.799999237060547
package-0,2.001867348,34.30704100000003,17.13851745895496,17.413590873109413,33418.53603,16.884660999996413,33452.843071,27.799999237060547
dram,2.001962728,0.9023409999999785,0.4507758912355775,0.44624576726635334,1205.007474,0.45587000000000444,1205.909815,27.799999237060547
core,2.00204734,31.453715999999986,15.71310276555213,15.996828952517378,29322.978155,15.448812999999063,29354.431871,27.799999237060547
uncore,2.002130721,0.006897000000000375,0.0034454838269035995,0.0,9.621862,0.006897000000000375,9.628759,27.799999237060547
package-0,2.346625091,40.34419599999819,17.193171950738783,17.510495259469586,33418.53603,34.30704100000003,33458.880226,27.799999237060547
dram,2.346728938,1.0568209999998999,0.4503771787681878,0.4480622590743995,1205.007474,0.9023409999999785,1206.064295,27.799999237060547
core,2.346917278,36.99544999999853,15.766062936164655,16.073549036962834,29322.978155,31.453715999999986,29359.973605,27.799999237060547
uncore,2.347102844,0.006897000000000375,0.0029392408004426996,0.0,9.621862,0.006897000000000375,9.628759,27.799999237060547
