zone,time_elapsed,power_j,watts,watts_since_last,start_power,prev_power,prev_power_reading,temp
package-0,0.000414842,0.0,0.0,0.0,32656.772416,0.0,32656.772416,27.799999237060547
dram,0.000532023,0.0,0.0,0.0,1184.824481,0.0,1184.824481,27.799999237060547
core,0.000618159,0.004700000001321314,15.225778867659844,0.0,28625.383444,0.0,28625.388144,27.799999237060547
uncore,0.000743049,0.0,0.0,0.0,9.466833,0.0,9.466833,27.799999237060547
package-0,1.001109106,16.771441000000777,16.75674439678711,16.761914047675415,32656.772416,0.0,32673.543857,27.799999237060547
dram,1.001325035,0.45587000000000444,0.4554705268416148,0.45561104480607906,1184.824481,0.0,1185.280351,27.799999237060547
core,1.001520229,15.335409999999683,15.321971772724584,15.322001449356593,28625.383444,0.004700000001321314,28640.718854,27.799999237060547
uncore,1.001730151,0.008911000000001223,0.008903191402562459,0.008905938140846049,9.466833,0.0,9.475744,27.799999237060547
package-0,2.002050786,33.97995499999888,16.974354312777137,17.191945382978876,32656.772416,16.771441000000777,32690.752371,27.799999237060547
dram,2.002245407,0.9016699999999673,0.45042043325842285,0.4453707770311945,1184.824481,0.45587000000000444,1185.726151,27.799999237060547
core,2.002451979,31.115888000000268,15.543637643684706,15.76528431759649,28625.383444,15.335409999999683,28656.499332,27.799999237060547
uncore,2.002659724,0.008911000000001223,0.0044514029309686495,0.0,9.466833,0.008911000000001223,9.475744,27.799999237060547
package-0,2.35016129,39.95814999999857,17.00358386865857,17.17165527625225,32656.772416,33.97995499999888,32696.730566,27.799999237060547
dram,2.350334118,1.0571869999998853,0.44986987183726573,0.4467041161413524,1184.824481,0.9016699999999673,1185.881668,27.799999237060547
core,2.350505935,36.598111999999674,15.573770728288881,15.747037471208522,28625.383444,31.115888000000268,28661.981556,27.799999237060547
uncore,2.350678901,0.008911000000001223,0.003791940714313419,0.0,9.466833,0.008911000000001223,9.475744,27.799999237060547
