zone,time_elapsed,power_j,watts,watts_since_last,start_power,prev_power,prev_power_reading,temp
package-0,0.000487214,0.0,0.0,0.0,26674.607433,0.0,26674.607433,27.799999237060547
dram,0.000652825,0.0,0.0,0.0,1026.355465,0.0,1026.355465,27.799999237060547
core,0.000819584,0.0057980000019597355,14.60957560155453,0.0,23146.902291,0.0,23146.908089,27.799999237060547
uncore,0.000952015,0.0,0.0,0.0,8.248514,0.0,8.248514,27.799999237060547
package-0,1.001302285,16.743242999997165,16.72534141549594,16.731974617443406,26674.607433,0.0,26691.350676,27.799999237060547
dram,1.001520014,0.4559929999998076,0.4555054602071005,0.45568611180820484,1026.355465,0.0,1026.811458,27.799999237060547
core,1.001725974,15.307151000000886,15.290784860113913,15.291055024917627,23146.902291,0.0057980000019597355,23162.209442,27.799999237060547
uncore,1.001932265,0.008666999999999092,0.00865773339418849,0.008661167015815954,8.248514,0.0,8.257181,27.799999237060547
package-0,2.002236945,33.93527600000016,16.950368955632896,17.175419663123765,26674.607433,16.743242999997165,26708.542709,27.799999237060547
dram,2.002444371,0.901730999999927,0.450406625504696,0.44530726585984215,1026.355465,0.4559929999998076,1027.257196,27.799999237060547
core,2.002650563,31.07279700000072,15.520586119101925,15.750411036914514,23146.902291,15.307151000000886,23177.975088,27.799999237060547
uncore,2.00285681,0.008666999999999092,0.0043290895214305675,0.0,8.248514,0.008666999999999092,8.257181,27.799999237060547
package-0,2.342259048,39.77235899999869,16.98162364820857,17.165637934051563,26674.607433,33.93527600000016,26714.379792,27.799999237060547
dram,2.342432027,1.0537699999999859,0.44992869424147297,0.44711483901409904,1026.355465,0.901730999999927,1027.409235,27.799999237060547
core,2.342604021,36.424712,15.552277165113765,15.738860513689866,23146.902291,31.07279700000072,23183.327003,27.799999237060547
uncore,2.342775799,0.008666999999999092,0.003700553245006491,0.0,8.248514,0.008666999999999092,8.257181,27.799999237060547
