zone,time_elapsed,power_j,watts,watts_since_last,start_power,prev_power,prev_power_reading,temp
package-0,0.000528453,0.0,0.0,0.0,29088.608638,0.0,29088.608638,27.799999237060547
dram,0.000695661,0.0,0.0,0.0,1090.22017,0.0,1090.22017,27.799999237060547
core,0.0009035,0.008728000000701286,26.112113354040186,0.0,25357.891077,0.0,25357.899805,27.799999237060547
uncore,0.001002156,0.0,0.0,0.0,8.742653,0.0,8.742653,27.799999237060547
package-0,1.001355848,16.614764999998442,16.596407746582763,16.60195083405303,29088.608638,0.0,29105.223403,27.799999237060547
dram,1.001572886,0.45587000000000444,0.4553663202239374,0.45551840948220085,1090.22017,0.0,1090.67604,27.799999237060547
core,1.001768011,15.18025900000066,15.163486697691319,15.159829930747401,25357.891077,0.008728000000701286,25373.071336,27.799999237060547
uncore,1.001976741,0.007750999999998953,0.007742436106905977,0.007745022027981722,8.742653,0.0,8.750404,27.799999237060547
package-0,2.002282947,33.848911999997654,16.906713004888505,17.217053375679182,29088.608638,16.614764999998442,29122.45755,27.799999237060547
dram,2.002476698,0.901730999999927,0.45039282871517233,0.4454187744326838,1090.22017,0.45587000000000444,1091.121901,27.799999237060547
core,2.002683079,30.984418000000005,15.475967521483051,15.788483703935082,25357.891077,15.18025900000066,25388.875495,27.799999237060547
uncore,2.00287714,0.007750999999998953,0.003871437064236576,0.0,8.742653,0.007750999999998953,8.750404,27.799999237060547
package-0,2.355543338,39.920429999998305,16.948719243916024,17.186784866521442,29088.608638,33.848911999997654,29128.529068,27.799999237060547
dram,2.355716576,1.059383999999909,0.4497747641369583,0.44627195283965326,1090.22017,0.901730999999927,1091.279554,27.799999237060547
core,2.355888704,36.555630999999266,15.520151626703598,15.77056006035798,25357.891077,30.984418000000005,25394.446708,27.799999237060547
uncore,2.356060157,0.007750999999998953,0.0032907842640868584,0.0,8.742653,0.007750999999998953,8.750404,27.799999237060547
