zone,time_elapsed,power_j,watts,watts_since_last,start_power,prev_power,prev_power_reading,temp
package-0,0.000637896,0.018189000002166722,36.348121848174245,0.0,29610.200198,0.0,29610.218387,27.799999237060547
dram,0.000791876,0.0006710000000111904,1.3408977820455394,0.0,1103.993389,0.0,1103.99406,27.799999237060547
core,0.000895732,0.006285999999818159,12.561674303358958,0.0,25835.71096,0.0,25835.717246,27.799999237060547
uncore,0.001041982,0.0,0.0,0.0,8.843727,0.0,8.843727,27.799999237060547
package-0,1.001292276,17.184526000000915,17.164858642287452,17.155265317712736,29610.200198,0.018189000002166722,29627.384724,27.799999237060547
dram,1.001392973,0.4559320000000753,0.4554101946423357,0.45496737270210225,1103.993389,0.0006710000000111904,1104.449321,27.799999237060547
core,1.001478698,15.7426349999987,15.724617858653199,15.726199609568658,25835.71096,0.006285999999818159,25851.453595,27.799999237060547
uncore,1.001562305,0.009399000000000157,0.009388243026246629,0.009392937976296077,8.843727,0.0,8.853126,27.799999237060547
package-0,2.001773443,34.674410999999964,17.322664301260247,17.48056659940077,29610.200198,17.184526000000915,29644.874609,27.799999237060547
dram,2.001865847,0.9018530000000737,0.45054829534338015,0.4456834186486526,1103.993389,0.4559320000000753,1104.895242,27.799999237060547
core,2.001990548,31.797403000000486,15.885366814764192,16.0462142124991,25835.71096,15.7426349999987,25867.508363,27.799999237060547
uncore,2.002077106,0.009399000000000157,0.00469555839802291,0.0,8.843727,0.009399000000000157,8.853126,27.799999237060547
package-0,2.338058606,40.536212000002706,17.338719789882294,17.43430517706736,29610.200198,34.674410999999964,29650.73641,27.799999237060547
dram,2.338162571,1.0520599999999831,0.4500019277119938,0.44674916083452026,1103.993389,0.9018530000000737,1105.045449,27.799999237060547
core,2.338350137,37.18532899999991,15.905432896037237,16.02489510568541,25835.71096,31.797403000000486,25872.896289,27.799999237060547
uncore,2.3385435,0.009399000000000157,0.004020272720724263,0.0,8.843727,0.009399000000000157,8.853126,27.799999237060547
