zone,time_elapsed,power_j,watts,watts_since_last,start_power,prev_power,prev_power_reading,temp
package-0,0.000369363,0.0,0.0,0.0,20575.627563,0.0,20575.627563,27.799999237060547
dram,0.000475562,0.0,0.0,0.0,865.000227,0.0,865.000227,27.799999237060547
core,0.000556917,0.006042000000888947,24.7905400451701,0.0,17590.74464,0.0,17590.750682,27.799999237060547
uncore,0.000635378,0.0,0.0,0.0,7.00694,0.0,7.00694,27.799999237060547
package-0,1.000878517,16.907061000001704,16.89457837319236,16.898693915885744,20575.627563,0.0,20592.534624,27.799999237060547
dram,1.000973614,0.46197300000005725,0.461631921408397,0.4617443755838857,865.000227,0.0,865.4622,27.799999237060547
core,1.001055009,15.320944999999483,15.309633416111456,15.307323854124055,17590.74464,0.006042000000888947,17606.065585,27.799999237060547
uncore,1.001135558,0.008116999999999486,0.008111007149922737,0.008112983002499493,7.00694,0.0,7.015057,27.799999237060547
package-0,2.001343149,34.23447000000306,17.106637027803515,17.318746267031063,20575.627563,16.907061000001704,20609.862033,27.799999237060547
dram,2.001430813,0.9107030000000123,0.455069573477567,0.44850566015977705,865.000227,0.46197300000005725,865.91093,27.799999237060547
core,2.001511145,31.08720099999846,15.533976828538506,15.758373755996468,17590.74464,15.320944999999483,17621.831841,27.799999237060547
uncore,2.001590223,0.008116999999999486,0.004055987218574143,0.0,7.00694,0.008116999999999486,7.015057,27.799999237060547
package-0,2.343586828,40.16255500000261,17.138113106287452,17.322176585602367,20575.627563,34.23447000000306,20615.790118,27.799999237060547
dram,2.343672903,1.064632999999958,0.45429880570805875,0.44979156706103773,865.000227,0.9107030000000123,866.06486,27.799999237060547
core,2.343751981,36.4802529999979,15.566805997773438,15.758781980915147,17590.74464,31.08720099999846,17627.224893,27.799999237060547
uncore,2.343829525,0.008116999999999486,0.003463675657181606,0.0,7.00694,0.008116999999999486,7.015057,27.799999237060547
