zone,time_elapsed,power_j,watts,watts_since_last,start_power,prev_power,prev_power_reading,temp
package-0,0.000679671,0.019897000001947163,36.8645920604062,0.0,30011.670118,0.0,30011.690015,27.799999237060547
dram,0.000796693,0.0006719999998949788,1.2450623640899166,0.0,1114.589492,0.0,1114.590164,27.799999237060547
core,0.000886662,0.00787300000229152,14.58686904295376,0.0,26203.49255,0.0,26203.500423,27.799999237060547
uncore,0.000972185,0.0,0.0,0.0,8.928199,0.0,8.928199,27.799999237060547
package-0,1.001338713,16.36244600000282,16.344824954770758,16.333755738932574,30011.670118,0.019897000001947163,30028.032564,27.799999237060547
dram,1.001555561,0.4559319999998479,0.45544099771359187,0.4550150431065116,1114.589492,0.0006719999998949788,1115.045424,27.799999237060547
core,1.001763463,14.926597000001493,14.910522249264485,14.910696841265404,26203.49255,0.00787300000229152,26218.419147,27.799999237060547
uncore,1.001970876,0.00885000000000069,0.00884046925806249,0.008845238174874486,8.928199,0.0,8.937049,27.799999237060547
package-0,2.002275077,33.59720400000151,16.781059784906123,17.217323135984884,30011.670118,16.36244600000282,30045.267322,27.799999237060547
dram,2.002416857,0.9018529999998464,0.45045561262162426,0.44546990158620575,1114.589492,0.4559319999998479,1115.491345,27.799999237060547
core,2.002606235,30.73374700000204,15.350826390826757,15.791159319383164,26203.49255,14.926597000001493,26234.226297,27.799999237060547
uncore,2.002812964,0.00885000000000069,0.0044203791213228375,0.0,8.928199,0.00885000000000069,8.937049,27.799999237060547
package-0,2.362320009,39.77907300000152,16.839696933865376,17.16568212090625,30011.670118,33.59720400000151,30051.449191,27.799999237060547
dram,2.362461601,1.0625589999999647,0.4498136880753803,0.4462449966061055,1114.589492,0.9018529999998464,1115.652051,27.799999237060547
core,2.362630397,36.402311000001646,15.410210412201364,15.740347733995325,26203.49255,30.73374700000204,26239.894861,27.799999237060547
uncore,2.362803267,0.00885000000000069,0.003746475385806867,0.0,8.928199,0.00885000000000069,8.937049,27.799999237060547
