zone,time_elapsed,power_j,watts,watts_since_last,start_power,prev_power,prev_power_reading,temp
package-0,0.000416068,0.0,0.0,0.0,30252.87171,0.0,30252.87171,27.799999237060547
dram,0.00053392,0.0,0.0,0.0,1121.029722,0.0,1121.029722,27.799999237060547
core,0.000624685,0.006530999999085907,20.52605277840571,0.0,26424.230571,0.0,26424.237102,27.799999237060547
uncore,0.000712897,0.0,0.0,0.0,8.972389,0.0,8.972389,27.799999237060547
package-0,1.000964539,16.75850200000059,16.744820811604676,16.75014603889777,30252.87171,0.0,30269.630212,27.799999237060547
dram,1.001104296,0.45605399999999463,0.45568168983213414,0.4558266067947557,1121.029722,0.0,1121.485776,27.799999237060547
core,1.001197617,15.333334999999352,15.320817279449349,15.319161898214885,26424.230571,0.006530999999085907,26439.563906,27.799999237060547
uncore,1.001288991,0.008300000000000196,0.008293224104178118,0.008295861534810803,8.972389,0.0,8.980689,27.799999237060547
package-0,2.001499817,34.02682900000218,17.001627840973477,17.25849840596888,30252.87171,16.75850200000059,30286.898539,27.799999237060547
dram,2.001596766,0.9013649999999416,0.4503702733768428,0.44505754284469967,1121.029722,0.45605399999999463,1121.931087,27.799999237060547
core,2.001688284,31.16599700000006,15.572202813458256,15.823650541782719,26424.230571,15.333334999999352,26455.396568,27.799999237060547
uncore,2.001778118,0.008300000000000196,0.004147124937209816,0.0,8.972389,0.008300000000000196,8.980689,27.799999237060547
package-0,2.346051963,39.94319600000017,17.026852940470203,17.173395892781965,30252.87171,34.02682900000218,30292.814906,27.799999237060547
dram,2.346189285,1.0558450000000903,0.4500821001637481,0.448407983737387,1121.029722,0.9013649999999416,1122.085567,27.799999237060547
core,2.346319731,36.600736000000325,15.602040191900931,15.775377764932127,26424.230571,31.16599700000006,26460.831307,27.799999237060547
uncore,2.346451637,0.008300000000000196,0.003538096435896252,0.0,8.972389,0.008300000000000196,8.980689,27.799999237060547
