zone,time_elapsed,power_j,watts,watts_since_last,start_power,prev_power,prev_power_reading,temp
package-0,0.000608817,0.018005000001721783,41.39841810383929,0.0,27841.473281,0.0,27841.491286,27.799999237060547
dram,0.000825521,0.0006720000001223525,1.5451117449700003,0.0,1057.24302,0.0,1057.243692,27.799999237060547
core,0.000998591,0.012206999999762047,28.067230754534275,0.0,24215.579548,0.0,24215.591755,27.799999237060547
uncore,0.001156321,0.0,0.0,0.0,8.483132,0.0,8.483132,27.799999237060547
package-0,1.001404306,16.652971999999863,16.631759355165507,16.62099688590557,27841.473281,0.018005000001721783,27858.126253,27.799999237060547
dram,1.001507136,0.4563590000000204,0.4557776874640981,0.45530431217247397,1057.24302,0.0006720000001223525,1057.699379,27.799999237060547
core,1.001593181,15.217001999997592,15.197618501432311,15.192025950266371,24215.579548,0.012206999999762047,24230.79655,27.799999237060547
uncore,1.00167816,0.008606000000000336,0.008595037631154432,0.00859877264560398,8.483132,0.0,8.491738,27.799999237060547
package-0,2.001888674,33.958897000000434,16.964235897797927,17.29696411747291,27841.473281,16.652971999999863,27875.432178,27.799999237060547
dram,2.001979486,0.9016710000000785,0.4504315775098494,0.4450814206741822,1057.24302,0.4563590000000204,1058.144691,27.799999237060547
core,2.002064064,31.088055000000168,15.53010095185696,15.862835083796229,24215.579548,15.217001999997592,24246.667603,27.799999237060547
uncore,2.002147399,0.008606000000000336,0.00429914476128164,0.0,8.483132,0.008606000000000336,8.491738,27.799999237060547
package-0,2.356534006,40.06184800000119,17.001130557829175,17.20939178557682,27841.473281,33.958897000000434,27881.535129,27.799999237060547
dram,2.356636983,1.0605450000000474,0.450065708587712,0.4480004690420841,1057.24302,0.9016710000000785,1058.303565,27.799999237060547
core,2.356823377,36.68008199999895,15.566003419359074,15.768663965758668,24215.579548,31.088055000000168,24252.25963,27.799999237060547
uncore,2.3570121459999998,0.008606000000000336,0.0036521462909219577,0.0,8.483132,0.008606000000000336,8.491738,27.799999237060547
