zone,time_elapsed,power_j,watts,watts_since_last,start_power,prev_power,prev_power_reading,temp
package-0,0.000609012,0.01782200000161538,34.7628995512059,0.0,29288.79178,0.0,29288.809602,27.799999237060547
dram,0.000726944,0.0006720000001223525,1.3107770452556553,0.0,1095.500918,0.0,1095.50159,27.799999237060547
core,0.000841701,0.009154999999736901,17.85738667676453,0.0,25541.283369,0.0,25541.292524,27.799999237060547
uncore,0.001007624,0.0,0.0,0.0,8.780861,0.0,8.780861,27.799999237060547
package-0,1.00135968,16.548847000001842,16.53018042599723,16.520838762964985,29288.79178,0.01782200000161538,29305.340627,27.799999237060547
dram,1.001568055,0.45641999999998006,0.4559051727309151,0.45546717306043105,1095.500918,0.0006720000001223525,1095.957338,27.799999237060547
core,1.00177595,15.115744999999151,15.098694919550809,15.097281484251951,25541.283369,0.009154999999736901,25556.399114,27.799999237060547
uncore,1.001982232,0.008055999999999841,0.008046913087770781,0.008051035980796198,8.780861,0.0,8.788917,27.799999237060547
package-0,2.002302734,33.731542000001355,16.848182289554952,17.16623834528247,29288.79178,16.548847000001842,29322.523322,27.799999237060547
dram,2.00249807,0.9016090000000077,0.4503343720812665,0.4447626220856884,1095.500918,0.45641999999998006,1096.402527,27.799999237060547
core,2.002703173,30.873516999999993,15.420660055672897,15.742680059364409,25541.283369,15.115744999999151,25572.156886,27.799999237060547
uncore,2.002910121,0.008055999999999841,0.004023799342604811,0.0,8.780861,0.008055999999999841,8.788917,27.799999237060547
package-0,2.3504010920000002,39.71382699999958,16.897873837483566,17.183641961384723,29288.79178,33.731542000001355,29328.505607,27.799999237060547
dram,2.350576709,1.0578590000000077,0.45010942712337554,0.44881580474135857,1095.500918,0.9016090000000077,1096.558777,27.799999237060547
core,2.3507479829999998,36.35897599999953,15.470415110286181,15.756548450947328,25541.283369,30.873516999999993,25577.642345,27.799999237060547
uncore,2.350918606,0.008055999999999841,0.0034277550646218593,0.0,8.780861,0.008055999999999841,8.788917,27.799999237060547
