zone,time_elapsed,power_j,watts,watts_since_last,start_power,prev_power,prev_power_reading,temp
package-0,0.000409323,0.0,0.0,0.0,24584.828725,0.0,24584.828725,27.799999237060547
dram,0.00058062,0.0,0.0,0.0,971.170731,0.0,971.170731,27.799999237060547
core,0.000710048,0.008788999999524094,40.848480902784864,0.0,21232.562038,0.0,21232.570827,27.799999237060547
uncore,0.000835483,0.0,0.0,0.0,7.812357,0.0,7.812357,27.799999237060547
package-0,1.001084487,16.69887100000051,16.6829502103705,16.686537079372144,24584.828725,0.0,24601.527596,27.799999237060547
dram,1.001185645,0.456175999999914,0.4557410794516771,0.4558390647318612,971.170731,0.0,971.626907,27.799999237060547
core,1.001270949,15.259054999998625,15.244506938359745,15.239002030692108,21232.562038,0.008788999999524094,21247.821093,27.799999237060547
uncore,1.001354298,0.00805699999999998,0.00804931841469706,0.008051049034901638,7.812357,0.0,7.820414,27.799999237060547
package-0,2.001561885,34.23416500000167,17.10464163561055,17.526524393202727,24584.828725,16.69887100000051,24619.06289,27.799999237060547
dram,2.001653555,0.9014869999999746,0.45041589517841213,0.4450882947307326,971.170731,0.456175999999914,972.072218,27.799999237060547
core,2.001737565,31.377300000000105,15.677247334439693,16.110184076076806,21232.562038,15.259054999998625,21263.939338,27.799999237060547
uncore,2.00182014,0.00805699999999998,0.004025572046466072,0.0,7.812357,0.00805699999999998,7.820414,27.799999237060547
package-0,2.361657041,40.54158300000199,17.16729087820353,17.515493756012066,24584.828725,34.23416500000167,24625.370308,27.799999237060547
dram,2.361760652,1.0631689999999026,0.4501978000140301,0.4489856327039265,971.170731,0.9014869999999746,972.2339,27.799999237060547
core,2.361945101,37.17556400000103,15.741953656552038,16.10158972938222,21232.562038,31.377300000000105,21269.737602,27.799999237060547
uncore,2.362134236,0.00805699999999998,0.003411728215094086,0.0,7.812357,0.00805699999999998,7.820414,27.799999237060547
