zone,time_elapsed,power_j,watts,watts_since_last,start_power,prev_power,prev_power_reading,temp
package-0,0.000337356,0.0,0.0,0.0,24746.529971,0.0,24746.529971,27.799999237060547
dram,0.000472786,0.0006709999998975036,2.9878127514037534,0.0,975.422307,0.0,975.422978,27.799999237060547
core,0.000557513,0.008117000001220731,36.1431834731686,0.0,21380.749342,0.0,21380.757459,27.799999237060547
uncore,0.000640207,0.0,0.0,0.0,7.847758,0.0,7.847758,27.799999237060547
package-0,1.000877396,17.054521999998542,17.041601637051784,17.04542678185829,24746.529971,0.0,24763.584493,27.799999237060547
dram,1.000972855,0.4561149999999543,0.4557694510982929,0.45520111060505236,975.422307,0.0006709999998975036,975.878422,27.799999237060547
core,1.001054836,15.611104999999952,15.59927815767626,15.59466688847771,21380.749342,0.008117000001220731,21396.360447,27.799999237060547
uncore,1.001135174,0.0072630000000000194,0.00725749761206547,0.007259126624401885,7.847758,0.0,7.855021,27.799999237060547
package-0,2.001350491,34.347811999999976,17.163285736378604,17.28500374205753,24746.529971,17.054521999998542,24780.877783,27.799999237060547
dram,2.001440108,0.9029519999999138,0.4511968093406667,0.44662289345106804,975.422307,0.4561149999999543,976.325259,27.799999237060547
core,2.001521042,31.468486000001576,15.724513017284979,15.84978277263825,21380.749342,15.611104999999952,21412.217828,27.799999237060547
uncore,2.001600531,0.0072630000000000194,0.0036292542972844446,0.0,7.847758,0.0072630000000000194,7.855021,27.799999237060547
package-0,2.330861593,40.00844199999847,17.165449195275322,17.17858842781898,24746.529971,34.347811999999976,24786.538413,27.799999237060547
dram,2.330949013,1.0501679999999851,0.4505700434549371,0.4467635358593828,975.422307,0.9029519999999138,976.472475,27.799999237060547
core,2.331029933,36.666714999999385,15.731695662884178,15.775317684522607,21380.749342,31.468486000001576,21417.416057,27.799999237060547
uncore,2.331108899,0.0072630000000000194,0.003116158772323346,0.0,7.847758,0.0072630000000000194,7.855021,27.799999237060547
