zone,time_elapsed,power_j,watts,watts_since_last,start_power,prev_power,prev_power_reading,temp
package-0,0.000495682,0.0,0.0,0.0,21829.25094,0.0,21829.25094,27.799999237060547
dram,0.000698772,0.0007329999999683423,2.303199027089587,0.0,898.264057,0.0,898.26479,27.799999237060547
core,0.000888612,0.009277000001020497,29.149764498749413,0.0,18728.923489,0.0,18728.932766,27.799999237060547
uncore,0.000976863,0.0,0.0,0.0,7.254253,0.0,7.254253,27.799999237060547
package-0,1.00131352,16.485186999998405,16.467401432483452,16.4726382430207,21829.25094,0.0,21845.736127,27.799999237060547
dram,1.001536771,0.461669000000029,0.46117091373815877,0.4605851290122899,898.264057,0.0007329999999683423,898.725726,27.799999237060547
core,1.00173195,14.903525999998237,14.887446857681937,14.882911287475885,18728.923489,0.009277000001020497,18743.827015,27.799999237060547
uncore,1.001940911,0.0073859999999994486,0.0073780313793422835,0.00738037767257075,7.254253,0.0,7.261639,27.799999237060547
package-0,2.002248692,33.91415899999993,16.93963028328868,17.41190627724488,21829.25094,16.485186999998405,21863.165099,27.799999237060547
dram,2.002457579,0.9108260000000428,0.45494436976625163,0.44871720419127625,898.264057,0.461669000000029,899.174883,27.799999237060547
core,2.002663869,30.748884000000544,15.358621352920501,15.829842886052514,18728.923489,14.903525999998237,18759.672373,27.799999237060547
uncore,2.00285735,0.0073859999999994486,0.0036891998198263177,0.0,7.254253,0.0073859999999994486,7.261639,27.799999237060547
package-0,2.37045068,40.30153299999802,17.002906118141027,17.346951575880418,21829.25094,33.91415899999993,21869.552473,27.799999237060547
dram,2.370624966,1.077207000000044,0.4544653299120406,0.4518606786055496,898.264057,0.9108260000000428,899.341264,27.799999237060547
core,2.3707963850000002,36.55581499999971,15.422616566897274,15.770573456555782,18728.923489,30.748884000000544,18765.479304,27.799999237060547
uncore,2.370980694,0.0073859999999994486,0.0031160964668164467,0.0,7.254253,0.0073859999999994486,7.261639,27.799999237060547
