zone,time_elapsed,power_j,watts,watts_since_last,start_power,prev_power,prev_power_reading,temp
package-0,0.000607912,0.019652999999379972,38.189046759148376,0.0,27681.312558,0.0,27681.332211,27.799999237060547
dram,0.000740183,0.0006710000000111904,1.3038645691051922,0.0,1052.999196,0.0,1052.999867,27.799999237060547
core,0.000906031,0.008666999998240499,16.84142208338612,0.0,24068.904264,0.0,24068.912931,27.799999237060547
uncore,0.001086595,0.0,0.0,0.0,8.449929,0.0,8.449929,27.799999237060547
package-0,1.001330498,16.79695399999764,16.7769049610468,16.76589325150743,27681.312558,0.019652999999379972,27698.109512,27.799999237060547
dram,1.001430882,0.4563590000000204,0.45581428460896983,0.45537815432850987,1052.999196,0.0006710000000111904,1053.455555,27.799999237060547
core,1.001516492,15.359946000000491,15.341612190451636,15.3408408770977,24068.904264,0.008666999998240499,24084.26421,27.799999237060547
uncore,1.001600225,0.007874000000001047,0.00786460150235088,0.007868646063058695,8.449929,0.0,8.457803,27.799999237060547
package-0,2.00180922,34.02469299999939,16.997767964857086,17.218779913843555,27681.312558,16.79695399999764,27715.337251,27.799999237060547
dram,2.00190295,0.9020969999999124,0.4506619791629705,0.4455061991149367,1052.999196,0.4563590000000204,1053.901293,27.799999237060547
core,2.002695432,31.16740099999879,15.570346226654966,15.799234516086466,24068.904264,15.359946000000491,24100.071665,27.799999237060547
uncore,2.002779123,0.007874000000001047,0.003933626233021556,0.0,8.449929,0.007874000000001047,8.457803,27.799999237060547
package-0,2.342505928,39.95442699999694,17.057163236037198,17.40616044918724,27681.312558,34.02469299999939,27721.266985,27.799999237060547
dram,2.342690592,1.0549290000001292,0.45036551657800195,0.4486235493489347,1052.999196,0.9020969999999124,1054.054125,27.799999237060547
core,2.342881941,36.61044100000072,15.629563859853853,15.97751730034042,24068.904264,31.16740099999879,24105.514705,27.799999237060547
uncore,2.34303953,0.007874000000001047,0.0033615324609857387,0.0,8.449929,0.007874000000001047,8.457803,27.799999237060547
