zone,time_elapsed,power_j,watts,watts_since_last,start_power,prev_power,prev_power_reading,temp
package-0,0.000627342,0.0,0.0,0.0,31816.893585,0.0,31816.893585,27.799999237060547
dram,0.000804516,0.0007330000000820291,1.6097967002067242,0.0,1162.54695,0.0,1162.547683,27.799999237060547
core,0.000916935,0.010253000000375323,22.5173882209777,0.0,27856.309547,0.0,27856.3198,27.799999237060547
uncore,0.001003857,0.0,0.0,0.0,9.297278,0.0,9.297278,27.799999237060547
package-0,1.001350679,16.457720999998855,16.439513581127212,16.44699422102692,31816.893585,0.0,31833.351306,27.799999237060547
dram,1.001570254,0.4559320000000753,0.45542759572071073,0.45490231134782527,1162.54695,0.0007330000000820291,1163.002882,27.799999237060547
core,1.001765505,15.023886999999377,15.007265852776792,15.003848445031606,27856.309547,0.010253000000375323,27871.333434,27.799999237060547
uncore,1.00197311,0.0072630000000000194,0.007254964836245284,0.007258266137050637,9.297278,0.0,9.304541,27.799999237060547
package-0,2.002292737,33.67636599999969,16.820678157578886,17.20189365834119,31816.893585,16.457720999998855,31850.569951,27.799999237060547
dram,2.00249953,0.9016699999999673,0.4503663154849827,0.4453043590526118,1162.54695,0.4559320000000753,1163.44862,27.799999237060547
core,2.00269403,30.81498400000055,15.391474492674087,15.77573446357467,27856.309547,15.023886999999377,27887.124531,27.799999237060547
uncore,2.002901322,0.0072630000000000194,0.003627724721203496,0.0,9.297278,0.0072630000000000194,9.304541,27.799999237060547
package-0,2.361466275,39.84321999999884,16.87350221602574,17.167922385944454,31816.893585,33.67636599999969,31856.736805,27.799999237060547
dram,2.36164002,1.0620700000001762,0.4497839406197078,0.44653801609531474,1162.54695,0.9016699999999673,1163.60902,27.799999237060547
core,2.36181167,36.46963300000061,15.444796711791211,15.741993430000601,27856.309547,30.81498400000055,27892.77918,27.799999237060547
uncore,2.361983644,0.0072630000000000194,0.003075862006007518,0.0,9.297278,0.0072630000000000194,9.304541,27.799999237060547
