zone,time_elapsed,power_j,watts,watts_since_last,start_power,prev_power,prev_power_reading,temp
package-0,0.000398413,0.0,0.0,0.0,23165.790243,0.0,23165.790243,27.799999237060547
dram,0.000517626,0.0,0.0,0.0,933.666127,0.0,933.666127,27.799999237060547
core,0.000605204,0.006225000000995351,23.54307153309967,0.0,19942.49985,0.0,19942.506075,27.799999237060547
uncore,0.000689765,0.0,0.0,0.0,7.518535,0.0,7.518535,27.799999237060547
package-0,1.001031932,16.63179400000081,16.618372055481597,16.622763716857154,23165.790243,0.0,23182.422037,27.799999237060547
dram,1.001236564,0.461669000000029,0.4612964307086921,0.461418335412153,933.666127,0.0,934.127796,27.799999237060547
core,1.00140646,15.049582999999984,15.037437908011514,15.035190163013311,19942.49985,0.006225000000995351,19957.549433,27.799999237060547
uncore,1.001586248,0.009216000000000335,0.009208562639924263,0.009210996144766682,7.518535,0.0,7.527751,27.799999237060547
package-0,2.00189187,34.10470999999961,17.03793579493655,17.45746713665849,23165.790243,16.63179400000081,23199.894953,27.799999237060547
dram,2.002068349,0.9108260000000428,0.45502790987989,0.44875987309164045,933.666127,0.461669000000029,934.576953,27.799999237060547
core,2.002195398,30.949627999998484,15.461728738967452,15.885986807175398,19942.49985,15.049582999999984,19973.449478,27.799999237060547
uncore,2.002327568,0.009216000000000335,0.004604103547168199,0.0,7.518535,0.009216000000000335,7.527751,27.799999237060547
package-0,2.361505358,40.342915000001085,17.08507998396055,17.34750358856406,23165.790243,34.10470999999961,23206.133158,27.799999237060547
dram,2.361696103,1.0731790000000956,0.454487462101039,0.4514791113973319,933.666127,0.9108260000000428,934.739306,27.799999237060547
core,2.361866637,36.629727999999886,15.512558591036383,15.795498085331248,19942.49985,30.949627999998484,19979.129578,27.799999237060547
uncore,2.362000161,0.009216000000000335,0.003902942985953839,0.0,7.518535,0.009216000000000335,7.527751,27.799999237060547
