zone,time_elapsed,power_j,watts,watts_since_last,start_power,prev_power,prev_power_reading,temp
package-0,0.000379175,0.0,0.0,0.0,82321.480784,0.0,82321.480784,27.799999237060547
dram,0.000492147,0.0,0.0,0.0,38588.182525,0.0,38588.182525,27.799999237060547
core,0.00057849,0.008605999988503754,31.620524272054652,0.0,220538.476008,0.0,220538.484614,27.799999237060547
uncore,0.000666514,0.0,0.0,0.0,49.665033,0.0,49.665033,27.799999237060547
package-0,1.001023971,16.351154999996652,16.338517989596117,16.342962534365576,82321.480784,0.0,82337.831939,27.799999237060547
dram,1.001246712,0.46295000000100117,0.4625922085199137,0.4627180468476052,38588.182525,0.0,38588.645475,27.799999237060547
core,1.001458347,14.763024000014411,14.751614378624879,14.747025552069063,220538.476008,0.008605999988503754,220553.239032,27.799999237060547
uncore,1.001671061,0.007874000000001047,0.007867914569345302,0.007870054867416888,49.665033,0.0,49.672907,27.799999237060547
package-0,1.40954268,23.401308000000427,16.60415750640572,17.25479598394938,82321.480784,16.351154999996652,82344.882092,27.799999237060547
dram,1.4096964779999999,0.6472760000033304,0.4592680312643794,0.45112602869412066,38588.182525,0.46295000000100117,38588.829801,27.799999237060547
core,1.409810822,21.17615400001523,15.025322362158132,15.695723166362514,220538.476008,14.763024000014411,220559.652162,27.799999237060547
uncore,1.409896951,0.007874000000001047,0.005586915748703176,0.0,49.665033,0.007874000000001047,49.672907,27.799999237060547
