zone,time_elapsed,power_j,watts,watts_since_last,start_power,prev_power,prev_power_reading,temp
package-0,0.000351914,0.0,0.0,0.0,80902.397991,0.0,80902.397991,27.799999237060547
dram,0.0004687,0.0,0.0,0.0,38549.414374,0.0,38549.414374,27.799999237060547
core,0.000557771,0.0046999999904073775,19.91441036569373,0.0,219252.826711,0.0,219252.831411,27.799999237060547
uncore,0.000643111,0.0,0.0,0.0,49.165645,0.0,49.165645,27.799999237060547
package-0,1.000896602,16.88881199999014,16.876293199447375,16.880274159883363,80902.397991,0.0,80919.286803,27.799999237060547
dram,1.001005598,0.4639880000031553,0.4636440697594959,0.46375343907871064,38549.414374,0.0,38549.878362,27.799999237060547
core,1.00109792,15.296530999999959,15.285192474792543,15.284100485393248,219252.826711,0.0046999999904073775,219268.123242,27.799999237060547
uncore,1.001187384,0.009094000000004598,0.00908725908938661,0.009089402689197236,49.165645,0.0,49.174739,27.799999237060547
package-0,1.3949594699999999,23.754089999987627,17.02987873877387,17.419873924441482,80902.397991,16.88881199999014,80926.152081,27.799999237060547
dram,1.39505268,0.642149999999674,0.46037278768009154,0.452066118526713,38549.414374,0.4639880000031553,38550.056524,27.799999237060547
core,1.39514452,21.539618000009796,15.442270472995128,15.841133955468482,219252.826711,15.296530999999959,219274.366329,27.799999237060547
uncore,1.395231496,0.009094000000004598,0.0065197074377746555,0.0,49.165645,0.009094000000004598,49.174739,27.799999237060547
