zone,time_elapsed,power_j,watts,watts_since_last,start_power,prev_power,prev_power_reading,temp
package-0,0.000364242,0.0,0.0,0.0,79654.750795,0.0,79654.750795,27.799999237060547
dram,0.000494107,0.0006720000019413419,2.3755488222698578,0.0,38515.600923,0.0,38515.601595,27.799999237060547
core,0.000584293,0.005797999998321757,20.496178612713983,0.0,218115.590426,0.0,218115.596224,27.799999237060547
uncore,0.000717212,0.0,0.0,0.0,48.720212,0.0,48.720212,27.799999237060547
package-0,1.000984793,16.011433000006946,15.998069908201044,16.0025929756161,79654.750795,0.0,79670.762228,27.799999237060547
dram,1.001092623,0.45556500000384403,0.4551847868824698,0.4546418503880461,38515.600923,0.0006720000019413419,38516.056488,27.799999237060547
core,1.001184381,14.561607999989064,14.549454927584781,14.54777363526134,218115.590426,0.005797999998321757,218130.152034,27.799999237060547
uncore,1.001275004,0.008789000000000158,0.008781664728142728,0.00878414753149399,48.720212,0.0,48.729001,27.799999237060547
package-0,1.4225610340000001,23.280641000004834,16.36658431410852,17.24137019103883,79654.750795,16.011433000006946,79678.031436,27.799999237060547
dram,1.422655086,0.6444080000001122,0.45302695336806614,0.4479046508124337,38515.600923,0.45556500000384403,38516.245331,27.799999237060547
core,1.4227431240000001,21.217230999987805,14.915981053663655,15.786047117513219,218115.590426,14.561607999989064,218136.807657,27.799999237060547
uncore,1.422829634,0.008789000000000158,0.0061787778754318875,0.0,48.720212,0.008789000000000158,48.729001,27.799999237060547
