zone,time_elapsed,power_j,watts,watts_since_last,start_power,prev_power,prev_power_reading,temp
package-0,0.000525826,0.0,0.0,0.0,82487.985424,0.0,82487.985424,27.799999237060547
dram,0.000683049,0.0,0.0,0.0,38592.675006,0.0,38592.675006,27.799999237060547
core,0.000825065,0.010620000015478581,32.424906772221384,0.0,220689.511144,0.0,220689.521764,27.799999237060547
uncore,0.000950891,0.0,0.0,0.0,49.723444,0.0,49.723444,27.799999237060547
package-0,1.001195032,16.997759000005317,16.979931243814566,16.985488598114593,82487.985424,0.0,82504.983183,27.799999237060547
dram,1.001294218,0.46325500000239117,0.4627691243528902,0.46292058385800916,38592.675006,0.0,38593.138261,27.799999237060547
core,1.001378747,15.41182600002503,15.395661617627173,15.390088123398767,220689.511144,0.010620000015478581,220704.92297,27.799999237060547
uncore,1.001462376,0.00903300000000229,0.009023525920409147,0.00902647922627683,49.723444,0.0,49.732477,27.799999237060547
package-0,1.383783556,23.698487000001478,17.127556874224684,17.513813767826672,82487.985424,16.997759000005317,82511.683911,27.799999237060547
dram,1.3838860689999999,0.6357400000051712,0.45946701185216976,0.4508271590480919,38592.675006,0.46325500000239117,38593.310746,27.799999237060547
core,1.384045144,21.519598000013502,15.552813082778663,15.963993963671655,220689.511144,15.41182600002503,220711.030742,27.799999237060547
uncore,1.384145771,0.00903300000000229,0.006528400789674933,0.0,49.723444,0.00903300000000229,49.732477,27.799999237060547
