zone,time_elapsed,power_j,watts,watts_since_last,start_power,prev_power,prev_power_reading,temp
package-0,0.000636922,0.0,0.0,0.0,81609.934571,0.0,81609.934571,27.799999237060547
dram,0.000772179,0.0,0.0,0.0,38568.775958,0.0,38568.775958,27.799999237060547
core,0.000957939,0.01098600000841543,25.534763417408154,0.0,219893.688047,0.0,219893.699033,27.799999237060547
uncore,0.001144414,0.0,0.0,0.0,49.410395,0.0,49.410395,27.799999237060547
package-0,1.001504151,16.86744999999064,16.846339464541817,16.853581423787148,81609.934571,0.0,81626.802021,27.799999237060547
dram,1.001712318,0.4635610000041197,0.46298082807989377,0.463179855785312,38568.775958,0.0,38569.239519,27.799999237060547
core,1.00192901,15.284872999996878,15.265743146148349,15.261328666287577,219893.688047,0.01098600000841543,219908.97292,27.799999237060547
uncore,1.002142482,0.009033999999999764,0.009022693455308968,0.009026572160141196,49.410395,0.0,49.419429,27.799999237060547
package-0,1.38146818,23.397644999990007,16.938967720640733,17.18300737308293,81609.934571,16.86744999999064,81633.332216,27.799999237060547
dram,1.381646879,0.6357409999982337,0.46025128929268483,0.4530600096010253,38568.775958,0.4635610000041197,38569.411699,27.799999237060547
core,1.381821452,21.213507000007667,15.357738367039484,15.600110216387934,219893.688047,15.284872999996878,219914.901554,27.799999237060547
uncore,1.381996793,0.009033999999999764,0.00654025797845594,0.0,49.410395,0.009033999999999764,49.419429,27.799999237060547
