zone,time_elapsed,power_j,watts,watts_since_last,start_power,prev_power,prev_power_reading,temp
package-0,0.000664143,0.016417999999248423,29.308593532487805,0.0,74724.3886,0.0,74724.405018,27.799999237060547
dram,0.000830248,0.0,0.0,0.0,38381.864754,0.0,38381.864754,27.799999237060547
core,0.001020184,0.008910999982617795,15.907472071537738,0.0,213609.392916,0.0,213609.401827,27.799999237060547
uncore,0.001178391,0.0,0.0,0.0,47.033571,0.0,47.033571,27.799999237060547
package-0,1.00151384,16.220782999997027,16.20000776983283,16.192669941288703,74724.3886,0.016417999999248423,74740.609383,27.799999237060547
dram,1.001734812,0.4555659999969066,0.454982520857526,0.4552372076551009,38381.864754,0.0,38382.32032,27.799999237060547
core,1.001933879,14.786522999987938,14.76758473919911,14.766946661380816,213609.392916,0.008910999982617795,213624.179439,27.799999237060547
uncore,1.002147359,0.007933999999998775,0.007923838303357945,0.00792827385177897,47.033571,0.0,47.041505,27.799999237060547
package-0,1.406324664,23.145630999992136,16.460311862478513,17.10407627858088,74724.3886,16.220782999997027,74747.534231,27.799999237060547
dram,1.406501223,0.6367790000003879,0.45285353972363723,0.4475883044266402,38381.864754,0.4555659999969066,38382.501533,27.799999237060547
core,1.406672878,21.12988999998197,15.026791839016505,15.66784325533316,213609.392916,14.786522999987938,213630.522806,27.799999237060547
uncore,1.406846173,0.007933999999998775,0.005642365693850762,0.0,47.033571,0.007933999999998775,47.041505,27.799999237060547
