zone,time_elapsed,power_j,watts,watts_since_last,start_power,prev_power,prev_power_reading,temp
package-0,0.000717013,0.018372000005911104,32.21903049323089,0.0,83434.54251,0.0,83434.560882,27.799999237060547
dram,0.000866331,0.0006709999943268485,1.1767346653178035,0.0,38618.456617,0.0,38618.457288,27.799999237060547
core,0.000967409,0.008728000015253201,15.306319319937149,0.0,221547.294348,0.0,221547.303076,27.799999237060547
uncore,0.001075427,0.0,0.0,0.0,50.049798,0.0,50.049798,27.799999237060547
package-0,1.001318682,17.148272000005818,17.128159840670346,17.119559888544586,83434.54251,0.018372000005911104,83451.690782,27.799999237060547
dram,1.001415778,0.4630729999989853,0.46252989000166717,0.46212288055753903,38618.456617,0.0006709999943268485,38618.91969,27.799999237060547
core,1.001500865,15.564230000018142,15.545975666654748,15.546112241485705,221547.294348,0.008728000015253201,221562.858578,27.799999237060547
uncore,1.001584131,0.007506999999996822,0.00749819549887092,0.007502468554005014,50.049798,0.0,50.057305,27.799999237060547
package-0,1.3681385480000001,23.533448000001954,17.202482547653798,17.40531629899711,83434.54251,17.148272000005818,83458.075958,27.799999237060547
dram,1.3682411079999999,0.6289049999977578,0.45971704981746586,0.45204054085207224,38618.456617,0.4630729999989853,38619.085522,27.799999237060547
core,1.36842882,21.369085999991512,15.620376961936753,15.823425188237383,221547.294348,15.564230000018142,221568.663434,27.799999237060547
uncore,1.3686248779999999,0.007506999999996822,0.0054874677304053215,0.0,50.049798,0.007506999999996822,50.057305,27.799999237060547
