zone,time_elapsed,power_j,watts,watts_since_last,start_power,prev_power,prev_power_reading,temp
package-0,0.000643511,0.0,0.0,0.0,77303.321329,0.0,77303.321329,27.799999237060547
dram,0.000798267,0.0,0.0,0.0,38452.138622,0.0,38452.138622,27.799999237060547
core,0.000939356,0.008055999991483986,16.535032248000828,0.0,215965.505232,0.0,215965.513288,27.799999237060547
uncore,0.001026267,0.0,0.0,0.0,47.907042,0.0,47.907042,27.799999237060547
package-0,1.001379139,16.63386800000444,16.615133572914033,16.623223418627664,77303.321329,0.0,77319.955197,27.799999237060547
dram,1.001606578,0.45538200000009965,0.45486911142377556,0.45509058547423475,38452.138622,0.0,38452.594004,27.799999237060547
core,1.001805945,15.197898000013083,15.180780880170085,15.180121500299611,215965.505232,0.008055999991483986,215980.70313,27.799999237060547
uncore,1.002018422,0.006348000000002685,0.0063408503614958795,0.006343937697561678,47.907042,0.0,47.91339,27.799999237060547
package-0,1.391962788,23.32019100000616,16.755285065077228,17.11442364866708,77303.321329,16.63386800000444,77326.64152,27.799999237060547
dram,1.392097831,0.6298200000019278,0.4525183194132695,0.4464944084299709,38452.138622,0.45538200000009965,38452.768442,27.799999237060547
core,1.392254451,21.331548999994993,15.326468997380198,15.699795197858954,215965.505232,15.197898000013083,215986.836781,27.799999237060547
uncore,1.392442395,0.006348000000002685,0.0045609639129082225,0.0,47.907042,0.006348000000002685,47.91339,27.799999237060547
