zone,time_elapsed,power_j,watts,watts_since_last,start_power,prev_power,prev_power_reading,temp
package-0,0.000372076,0.0,0.0,0.0,75772.255546,0.0,75772.255546,27.799999237060547
dram,0.000494413,0.0,0.0,0.0,38410.575924,0.0,38410.575924,27.799999237060547
core,0.000575903,0.006469999992987141,25.100479481181004,0.0,214566.206629,0.0,214566.213099,27.799999237060547
uncore,0.000654291,0.0,0.0,0.0,47.397827,0.0,47.397827,27.799999237060547
package-0,1.000898188,16.284381999998004,16.272068096194143,16.27626035767091,75772.255546,0.0,75788.539928,27.799999237060547
dram,1.001028054,0.4561749999993481,0.4558300501530647,0.45594748813008845,38410.575924,0.0,38411.032099,27.799999237060547
core,1.001915321,14.855796999996528,14.844563361827902,14.841921074332422,214566.206629,0.006469999992987141,214581.062426,27.799999237060547
uncore,1.001995504,0.007812999999998738,0.007807091975339308,0.007809103358940969,47.397827,0.0,47.40564,27.799999237060547
package-0,1.3963925480000001,22.93677000000025,16.42716318005656,16.81959528558932,75772.255546,16.284381999998004,75795.192316,27.799999237060547
dram,1.39647704,0.6329320000004373,0.4533017179788884,0.4469043603458226,38410.575924,0.4561749999993481,38411.208856,27.799999237060547
core,1.3965550740000001,20.93830100001651,14.995872881857771,15.378726496903017,214566.206629,14.855796999996528,214587.14493,27.799999237060547
uncore,1.396631896,0.007812999999998738,0.005595618996299818,0.0,47.397827,0.007812999999998738,47.40564,27.799999237060547
