zone,time_elapsed,power_j,watts,watts_since_last,start_power,prev_power,prev_power_reading,temp
package-0,0.000516278,0.0,0.0,0.0,81563.050658,0.0,81563.050658,27.799999237060547
dram,0.00074099,0.0,0.0,0.0,38567.497641,0.0,38567.497641,27.799999237060547
core,0.000930128,0.0109859999793116,35.069462112823686,0.0,219851.21611,0.0,219851.227096,27.799999237060547
uncore,0.00106863,0.0,0.0,0.0,49.393367,0.0,49.393367,27.799999237060547
package-0,1.001384273,16.655658000003314,16.63622363010352,16.64143070836495,81563.050658,0.0,81579.706316,27.799999237060547
dram,1.0016045,0.46319499999663094,0.4626545288266737,0.46279933803296774,38567.497641,0.0,38567.960836,27.799999237060547
core,1.001802917,15.072592999989865,15.055005802431488,15.048741349471168,219851.21611,0.0109859999793116,219866.288703,27.799999237060547
uncore,1.001998378,0.009094000000004598,0.009083388821516858,0.009086231889602756,49.393367,0.0,49.402461,27.799999237060547
package-0,1.392326675,23.369508000003407,16.78662153864494,17.17173743664217,81563.050658,16.655658000003314,81586.420166,27.799999237060547
dram,1.392499327,0.6400129999965429,0.45972966186336334,0.4522401111241154,38567.497641,0.46319499999663094,38568.137654,27.799999237060547
core,1.392670223,21.166021999990335,15.203828886445473,15.584912215320223,219851.21611,15.072592999989865,219872.382132,27.799999237060547
uncore,1.392840672,0.009094000000004598,0.006532338475953025,0.0,49.393367,0.009094000000004598,49.402461,27.799999237060547
