zone,time_elapsed,power_j,watts,watts_since_last,start_power,prev_power,prev_power_reading,temp
package-0,0.000413858,0.0,0.0,0.0,77678.88714,0.0,77678.88714,27.799999237060547
dram,0.000525478,0.0,0.0,0.0,38462.363694,0.0,38462.363694,27.799999237060547
core,0.000608892,0.005921000003581867,20.711125115280154,0.0,216308.632527,0.0,216308.638448,27.799999237060547
uncore,0.00068964,0.0,0.0,0.0,48.030516,0.0,48.030516,27.799999237060547
package-0,1.000931574,16.717241999998805,16.70402145188452,16.708794467944468,77678.88714,0.0,77695.604382,27.799999237060547
dram,1.001026279,0.45544299999892246,0.4550828206048094,0.45521285621435476,38462.363694,0.0,38462.819137,27.799999237060547
core,1.001106869,15.270774000004167,15.258697366645059,15.257139387012137,216308.632527,0.005921000003581867,216323.903301,27.799999237060547
uncore,1.001186429,0.008484000000002823,0.008477290572083932,0.008479712877644421,48.030516,0.0,48.039,27.799999237060547
package-0,1.380217757,23.173279999988154,16.79107168183339,17.020753285462842,77678.88714,16.717241999998805,77702.06042,27.799999237060547
dram,1.380302479,0.6248760000016773,0.4527774103748303,0.44669459682044516,38462.363694,0.45544299999892246,38462.98857,27.799999237060547
core,1.38038069,21.18897200000356,15.353266681134576,15.602787352347596,216308.632527,15.270774000004167,216329.821499,27.799999237060547
uncore,1.380457669,0.008484000000002823,0.0061474013238002854,0.0,48.030516,0.008484000000002823,48.039,27.799999237060547
