zone,time_elapsed,power_j,watts,watts_since_last,start_power,prev_power,prev_power_reading,temp
package-0,0.000543026,0.01794499999959953,42.05195742453034,0.0,77326.657328,0.0,77326.675273,27.799999237060547
dram,0.000777647,0.0,0.0,0.0,38452.769907,0.0,38452.769907,27.799999237060547
core,0.000906365,0.011414000007789582,26.747341453433712,0.0,215986.852162,0.0,215986.863576,27.799999237060547
uncore,0.001044691,0.0,0.0,0.0,47.91339,0.0,47.91339,27.799999237060547
package-0,1.001375605,16.1378379999951,16.119326533165758,16.108268178315793,77326.657328,0.01794499999959953,77342.795166,27.799999237060547
dram,1.001594666,0.4556269999957294,0.4551043572416643,0.45529842569145756,38452.769907,0.0,38453.225534,27.799999237060547
core,1.001802564,14.702660000009928,14.685794803885555,14.680651443636114,215986.852162,0.011414000007789582,216001.554822,27.799999237060547
uncore,1.002013382,0.008484000000002823,0.00847426813352974,0.008477881784011519,47.91339,0.0,47.921874,27.799999237060547
package-0,1.403520421,22.989442999998573,16.381896936800768,17.035488604521735,77326.657328,16.1378379999951,77349.646771,27.799999237060547
dram,1.403695326,0.6354969999956666,0.45284465385158457,0.44721978796102513,38452.769907,0.4556269999957294,38453.405404,27.799999237060547
core,1.403867255,20.965339000016684,14.93955389625509,15.571212400355618,215986.852162,14.702660000009928,216007.817501,27.799999237060547
uncore,1.4040388369999999,0.008484000000002823,0.0060455581116894645,0.0,47.91339,0.008484000000002823,47.921874,27.799999237060547
