zone,time_elapsed,power_j,watts,watts_since_last,start_power,prev_power,prev_power_reading,temp
package-0,0.000670714,0.018004999990807846,31.802694336997007,0.0,79538.041194,0.0,79538.059199,27.799999237060547
dram,0.000789862,0.0006710000016028062,1.1852045521795684,0.0,38512.423319,0.0,38512.42399,27.799999237060547
core,0.000916359,0.0057369999994989485,10.133410579759229,0.0,218008.967469,0.0,218008.973206,27.799999237060547
uncore,0.001004847,0.0,0.0,0.0,48.679684,0.0,48.679684,27.799999237060547
package-0,1.001336253,16.494525000001886,16.47598243508996,16.46731011340892,79538.041194,0.018004999990807846,79554.535719,27.799999237060547
dram,1.001512649,0.45550399999774527,0.45499193842048863,0.45457876182249407,38512.423319,0.0006710000016028062,38512.878823,27.799999237060547
core,1.001716575,15.053061999991769,15.036139877089894,15.038913991058608,218008.967469,0.0057369999994989485,218024.020531,27.799999237060547
uncore,1.001921999,0.007080999999999449,0.007073039788829906,0.007077041930757288,48.679684,0.0,48.686765,27.799999237060547
package-0,1.402560652,23.390747999990708,16.67927269885734,17.1864742434989,79538.041194,16.494525000001886,79561.431942,27.799999237060547
dram,1.402733229,0.6355580000017653,0.4531982131556472,0.44872293623814913,38512.423319,0.45550399999774527,38513.058877,27.799999237060547
core,1.40290509,21.375861000007717,15.242514467350068,15.757411290320924,218008.967469,15.053061999991769,218030.34333,27.799999237060547
uncore,1.403077033,0.007080999999999449,0.005049258364061147,0.0,48.679684,0.007080999999999449,48.686765,27.799999237060547
