zone,time_elapsed,power_j,watts,watts_since_last,start_power,prev_power,prev_power_reading,temp
package-0,0.000778043,0.020567999992636032,34.14098925979061,0.0,83176.31667,0.0,83176.337238,27.799999237060547
dram,0.000983894,0.0007330000007641502,1.216712619723609,0.0,38611.38559,0.0,38611.386323,27.799999237060547
core,0.001115761,0.011046999978134409,18.337004460396102,0.0,221313.418238,0.0,221313.429285,27.799999237060547
uncore,0.001229157,0.0,0.0,0.0,49.956415,0.0,49.956415,27.799999237060547
package-0,1.001472184,17.119401999996626,17.096699224709337,17.086438455275786,83176.31667,0.020567999992636032,83193.436072,27.799999237060547
dram,1.001568982,0.46380499999941094,0.4631899282409401,0.4627363028576394,38611.38559,0.0007330000007641502,38611.849395,27.799999237060547
core,1.001653733,15.533284999983152,15.512685642667511,15.510985385036603,221313.418238,0.011046999978134409,221328.951523,27.799999237060547
uncore,1.001737072,0.008606000000000336,0.008594587213261496,0.008599761208634158,49.956415,0.0,49.965021,27.799999237060547
package-0,1.378291895,23.714110999993864,17.2069736683285,17.499991050587955,83176.31667,17.119401999996626,83200.030781,27.799999237060547
dram,1.378481017,0.6342150000054971,0.46018679785872524,0.45220698518137054,38611.38559,0.46380499999941094,38612.019805,27.799999237060547
core,1.37867039,21.53302599999006,15.62437703784712,15.921159494074791,221313.418238,15.533284999983152,221334.951264,27.799999237060547
uncore,1.378860827,0.008606000000000336,0.006244518944424236,0.0,49.956415,0.008606000000000336,49.965021,27.799999237060547
