zone,time_elapsed,power_j,watts,watts_since_last,start_power,prev_power,prev_power_reading,temp
package-0,0.000447634,0.0,0.0,0.0,79514.422297,0.0,79514.422297,27.799999237060547
dram,0.000602918,0.0,0.0,0.0,38511.800579,0.0,38511.800579,27.799999237060547
core,0.000745193,0.008117999997921288,22.64378299546535,0.0,217987.309626,0.0,217987.317744,27.799999237060547
uncore,0.000873053,0.0,0.0,0.0,48.671567,0.0,48.671567,27.799999237060547
package-0,1.001087466,17.05934300000081,17.04324904288636,17.04935562387119,79514.422297,0.0,79531.48164,27.799999237060547
dram,1.001188919,0.45483299999614246,0.45440390593336566,0.45456671844900876,38511.800579,0.0,38512.255412,27.799999237060547
core,1.001274022,15.634908999985782,15.620158868346243,15.617642310063763,217987.309626,0.008117999997921288,218002.944535,27.799999237060547
uncore,1.001357945,0.008116999999998598,0.00810934233991767,0.00811224791007086,48.671567,0.0,48.679684,27.799999237060547
package-0,1.374849914,23.60284400000819,17.169302264250863,17.506871001042413,79514.422297,17.05934300000081,79538.025141,27.799999237060547
dram,1.3749542080000001,0.6220079999984591,0.45246426077942087,0.4472699186011466,38511.800579,0.45483299999614246,38512.422587,27.799999237060547
core,1.375143805,21.639166000008117,15.740873506612624,16.064145593678116,217987.309626,15.634908999985782,218008.948792,27.799999237060547
uncore,1.375337781,0.008116999999998598,0.005904509917485021,0.0,48.671567,0.008116999999998598,48.679684,27.799999237060547
