zone,time_elapsed,power_j,watts,watts_since_last,start_power,prev_power,prev_power_reading,temp
package-0,0.000349812,0.0,0.0,0.0,77230.573407,0.0,77230.573407,27.799999237060547
dram,0.0004647,0.0006719999946653843,2.700812633796267,0.0,38450.147233,0.0,38450.147905,27.799999237060547
core,0.000550729,0.006896999984746799,27.719501252931103,0.0,215899.083954,0.0,215899.090851,27.799999237060547
uncore,0.000634033,0.0,0.0,0.0,47.886046,0.0,47.886046,27.799999237060547
package-0,1.000974347,16.887956999999005,16.875507212681402,16.879704023190648,77230.573407,0.0,77247.461364,27.799999237060547
dram,1.001191304,0.4558709999982966,0.45553493229074365,0.45497654877461535,38450.147233,0.0006719999946653843,38450.603104,27.799999237060547
core,1.001403182,15.447531000012532,15.436143093498305,15.43308831559073,215899.083954,0.006896999984746799,215914.531485,27.799999237060547
uncore,1.001567694,0.006165000000002863,0.006160455167326354,0.006161987225750563,47.886046,0.0,47.892211,27.799999237060547
package-0,1.378200016,23.303040999991936,16.910481300182,17.003248882044215,77230.573407,16.887956999999005,77253.876448,27.799999237060547
dram,1.378372937,0.6242659999988973,0.4530154892369808,0.44633275191801147,38450.147233,0.4558709999982966,38450.771499,27.799999237060547
core,1.378544451,21.32770399999572,15.477024636736006,15.585461544743747,215899.083954,15.447531000012532,215920.411658,27.799999237060547
uncore,1.37871567,0.006165000000002863,0.0044737988151720845,0.0,47.886046,0.006165000000002863,47.892211,27.799999237060547
