zone,time_elapsed,power_j,watts,watts_since_last,start_power,prev_power,prev_power_reading,temp
package-0,0.000332803,0.0,0.0,0.0,75399.695159,0.0,75399.695159,27.799999237060547
dram,0.000446855,0.0006720000019413419,3.493268191201029,0.0,38400.398215,0.0,38400.398887,27.799999237060547
core,0.000530575,0.007507000002078712,39.02375631376364,0.0,214225.947185,0.0,214225.954692,27.799999237060547
uncore,0.000611055,0.0,0.0,0.0,47.269532,0.0,47.269532,27.799999237060547
package-0,1.000854074,16.315755000003264,16.3041136020256,16.30724838911008,75399.695159,0.0,75416.010914,27.799999237060547
dram,1.000950666,0.4559319999971194,0.45560668953108713,0.455022639255501,38400.398215,0.0006720000019413419,38400.854147,27.799999237060547
core,1.001031655,14.867942999990191,14.857334625350335,14.852688154623007,214225.947185,0.007507000002078712,214240.815128,27.799999237060547
uncore,1.001110661,0.007263000000001796,0.007257817801966106,0.00725921326044134,47.269532,0.0,47.276795,27.799999237060547
package-0,1.395443064,23.043032000001404,16.514515499709432,17.048091252827792,75399.695159,16.315755000003264,75422.738191,27.799999237060547
dram,1.395528272,0.6327499999970314,0.4534802400305429,0.44808759906004136,38400.398215,0.4559319999971194,38401.030965,27.799999237060547
core,1.395606557,21.039191999996547,15.078400376533976,15.639019486793796,214225.947185,14.867942999990191,214246.986377,27.799999237060547
uncore,1.395682984,0.007263000000001796,0.005205257974489293,0.0,47.269532,0.007263000000001796,47.276795,27.799999237060547
