zone,time_elapsed,power_j,watts,watts_since_last,start_power,prev_power,prev_power_reading,temp
package-0,0.000360948,0.0,0.0,0.0,76660.273536,0.0,76660.273536,27.799999237060547
dram,0.000529107,0.0,0.0,0.0,38434.719966,0.0,38434.719966,27.799999237060547
core,0.000656256,0.007812000025296584,32.11999368987917,0.0,215377.678673,0.0,215377.686485,27.799999237060547
uncore,0.000785552,0.0,0.0,0.0,47.701293,0.0,47.701293,27.799999237060547
package-0,1.001126326,17.02467600000091,17.009597009261796,17.01373130484474,76660.273536,0.0,76677.298212,27.799999237060547
dram,1.00136377,0.45587000000523403,0.4554662296481172,0.45557693374183494,38434.719966,0.0,38435.175836,27.799999237060547
core,1.001559298,15.585165000025881,15.571361004067137,15.567338748926142,215377.678673,0.007812000025296584,215393.263838,27.799999237060547
uncore,1.001772548,0.007202999999996962,0.007196620203383283,0.007198369389745709,47.701293,0.0,47.708496,27.799999237060547
package-0,1.3790274120000001,23.569215000010445,17.092526399849675,17.31209174249157,76660.273536,17.02467600000091,76683.842751,27.799999237060547
dram,1.379121102,0.6249980000065989,0.45325204148552695,0.4473897171738875,38434.719966,0.45587000000523403,38435.344964,27.799999237060547
core,1.379202737,21.5833800000255,15.6523877629467,15.866915663736004,215377.678673,15.585165000025881,215399.262053,27.799999237060547
uncore,1.37928163,0.007202999999996962,0.005223655843353744,0.0,47.701293,0.007202999999996962,47.708496,27.799999237060547
