zone,time_elapsed,power_j,watts,watts_since_last,start_power,prev_power,prev_power_reading,temp
package-0,0.000397334,0.0,0.0,0.0,76168.43306,0.0,76168.43306,27.799999237060547
dram,0.000556099,0.0,0.0,0.0,38421.287322,0.0,38421.287322,27.799999237060547
core,0.000646746,0.006957999983569607,25.94903421546726,0.0,214928.431654,0.0,214928.438612,27.799999237060547
uncore,0.000733127,0.0,0.0,0.0,47.533813,0.0,47.533813,27.799999237060547
package-0,1.001082549,16.45485200000985,16.44095717167057,16.44536312415939,76168.43306,0.0,76184.887912,27.799999237060547
dram,1.00129103,0.45495500000106404,0.454570826285791,0.45469264507301277,38421.287322,0.0,38421.742277,27.799999237060547
core,1.001502249,15.032492999976967,15.019799241944625,15.016870355899265,214928.431654,0.006957999983569607,214943.464147,27.799999237060547
uncore,1.00171265,0.006530999999995402,0.006525485084158801,0.00652723382524164,47.533813,0.0,47.540344,27.799999237060547
package-0,1.396044773,23.22870000000694,16.641406396784006,17.149311415004874,76168.43306,16.45485200000985,76191.66176,27.799999237060547
dram,1.396179134,0.6312850000031176,0.45226251306541193,0.446413631047571,38421.287322,0.45495500000106404,38421.918607,27.799999237060547
core,1.396290987,21.236395999992965,15.214088443985915,15.706384987647063,214928.431654,15.032492999976967,214949.66805,27.799999237060547
uncore,1.396374631,0.006530999999995402,0.004678911225220841,0.0,47.533813,0.006530999999995402,47.540344,27.799999237060547
