zone,time_elapsed,power_j,watts,watts_since_last,start_power,prev_power,prev_power_reading,temp
package-0,0.000739277,0.0,0.0,0.0,77537.80901,0.0,77537.80901,27.799999237060547
dram,0.000929742,0.0,0.0,0.0,38458.559199,0.0,38458.559199,27.799999237060547
core,0.001064281,0.010192999994615093,18.476659001348803,0.0,216179.651534,0.0,216179.661727,27.799999237060547
uncore,0.001188755,0.0,0.0,0.0,47.983092,0.0,47.983092,27.799999237060547
package-0,1.001531848,16.895524999999907,16.87367869880959,16.882980472785174,77537.80901,0.0,77554.704535,27.799999237060547
dram,1.001741429,0.45574800000031246,0.45515870738733416,0.4554096179027414,38458.559199,0.0,38459.014947,27.799999237060547
core,1.001950141,15.457296999986283,15.437310360574378,15.435634891069826,216179.651534,0.010192999994615093,216195.108831,27.799999237060547
uncore,1.002149084,0.007018999999999664,0.007009924272074382,0.00701378855871446,47.983092,0.0,47.990111,27.799999237060547
package-0,1.38030383,23.435242000006838,16.980950084357886,17.264507523572117,77537.80901,16.895524999999907,77561.244252,27.799999237060547
dram,1.3804956,0.6253649999998743,0.45313344105852355,0.4477799226809147,38458.559199,0.45574800000031246,38459.184564,27.799999237060547
core,1.380686793,21.44599000000744,15.53955729152097,15.809833262680844,216179.651534,15.457296999986283,216201.097524,27.799999237060547
uncore,1.380879738,0.007018999999999664,0.005085899631079872,0.0,47.983092,0.007018999999999664,47.990111,27.799999237060547
