zone,time_elapsed,power_j,watts,watts_since_last,start_power,prev_power,prev_power_reading,temp
package-0,0.00039151,0.0,0.0,0.0,82701.33113,0.0,82701.33113,27.799999237060547
dram,0.000505333,0.0,0.0,0.0,38598.456729,0.0,38598.456729,27.799999237060547
core,0.000589557,0.00567600000067614,21.690200052261844,0.0,220882.952848,0.0,220882.958524,27.799999237060547
uncore,0.000671767,0.0,0.0,0.0,49.792291,0.0,49.792291,27.799999237060547
package-0,1.000908194,16.801714999994147,16.788786878602213,16.79317802001589,82701.33113,0.0,82718.132845,27.799999237060547
dram,1.001003429,0.46240100000431994,0.46204520440489394,0.46216605326947985,38598.456729,0.0,38598.91913,27.799999237060547
core,1.00108401,15.225364000012632,15.213648805817956,15.211954850644084,220882.952848,0.00567600000067614,220898.178212,27.799999237060547
uncore,1.001163338,0.008667000000002645,0.008660331155298162,0.008662596282556445,49.792291,0.0,49.800958,27.799999237060547
package-0,1.379141586,23.344910999992862,16.929047821029446,17.30018273421384,82701.33113,16.801714999994147,82724.676041,27.799999237060547
dram,1.379278457,0.6341539999993984,0.45986996445992895,0.4541142104049564,38598.456729,0.46240100000431994,38599.090883,27.799999237060547
core,1.379421201,21.176338000019314,15.356462000507074,15.734350254323923,220882.952848,15.225364000012632,220904.129186,27.799999237060547
uncore,1.37955446,0.008667000000002645,0.006285055336683521,0.0,49.792291,0.008667000000002645,49.800958,27.799999237060547
