zone,time_elapsed,power_j,watts,watts_since_last,start_power,prev_power,prev_power_reading,temp
package-0,0.000541324,0.0,0.0,0.0,75655.178819,0.0,75655.178819,27.799999237060547
dram,0.000671472,0.0,0.0,0.0,38407.365238,0.0,38407.365238,27.799999237060547
core,0.000807843,0.007752000004984438,19.636302855482278,0.0,214459.29815,0.0,214459.305902,27.799999237060547
uncore,0.000964688,0.0,0.0,0.0,47.357849,0.0,47.357849,27.799999237060547
package-0,1.001297484,16.55092200000945,16.53326379641107,16.539786390344712,75655.178819,0.0,75671.729741,27.799999237060547
dram,1.001517557,0.4558709999982966,0.4553846305421078,0.45556428587605907,38407.365238,0.0,38407.821109,27.799999237060547
core,1.001729103,15.130394000007072,15.114251359870426,15.112467350009085,214459.29815,0.007752000004984438,214474.428544,27.799999237060547
uncore,1.001939318,0.006957999999997355,0.006950576499322443,0.006953318594813573,47.357849,0.0,47.364807,27.799999237060547
package-0,1.3773457470000001,22.96063500001037,16.672339377339437,17.04251653760717,75655.178819,16.55092200000945,75678.139454,27.799999237060547
dram,1.37752024,0.6242050000000745,0.4532521683755134,0.4475761986334573,38407.365238,0.4558709999982966,38407.989443,27.799999237060547
core,1.377691582,20.983162000018638,15.236442636444737,15.561678881872064,214459.29815,15.130394000007072,214480.281312,27.799999237060547
uncore,1.377863184,0.006957999999997355,0.005052392383199825,0.0,47.357849,0.006957999999997355,47.364807,27.799999237060547
