zone,time_elapsed,power_j,watts,watts_since_last,start_power,prev_power,prev_power_reading,temp
package-0,0.000562163,0.0,0.0,0.0,75934.851443,0.0,75934.851443,27.799999237060547
dram,0.00068871,0.0,0.0,0.0,38415.002914,0.0,38415.002914,27.799999237060547
core,0.000776589,0.008545000018784776,20.839836936592206,0.0,214714.785533,0.0,214714.794078,27.799999237060547
uncore,0.000861984,0.0,0.0,0.0,47.451111,0.0,47.451111,27.799999237060547
package-0,1.001146981,16.951616999998805,16.935347465718703,16.9422876784618,75934.851443,0.0,75951.80306,27.799999237060547
dram,1.001252004,0.4554430000061984,0.45500588267979625,0.45519234697475974,38415.002914,0.0,38415.458357,27.799999237060547
core,1.001338378,15.51076400000602,15.495877343080684,15.493687354564385,214714.785533,0.008545000018784776,214730.296297,27.799999237060547
uncore,1.001423106,0.008240000000000691,0.008232091553126977,0.008235465116427936,47.451111,0.0,47.459351,27.799999237060547
package-0,1.391439527,23.7435919999989,17.06540791710788,17.398901927485458,75934.851443,16.951616999998805,75958.595035,27.799999237060547
dram,1.391530621,0.6296980000042822,0.4525875122290079,0.4463864568613102,38415.002914,0.4554430000061984,38415.632612,27.799999237060547
core,1.391615019,21.749456000019563,15.632147764986046,15.981565047577805,214714.785533,15.51076400000602,214736.534989,27.799999237060547
uncore,1.391697553,0.008240000000000691,0.00592239629273394,0.0,47.451111,0.008240000000000691,47.459351,27.799999237060547
