zone,time_elapsed,power_j,watts,watts_since_last,start_power,prev_power,prev_power_reading,temp
package-0,0.000347743,0.0,0.0,0.0,83293.99746,0.0,83293.99746,27.799999237060547
dram,0.00046264,0.0007929999992484227,3.4566329833768763,0.0,38614.594933,0.0,38614.595726,27.799999237060547
core,0.000551292,0.0063479999953415245,27.67049960046695,0.0,221420.035885,0.0,221420.042233,27.799999237060547
uncore,0.000636423,0.0,0.0,0.0,50.000421,0.0,50.000421,27.799999237060547
package-0,1.000971593,16.509357000002638,16.497232672297553,16.501015456172283,83293.99746,0.0,83310.506817,27.799999237060547
dram,1.001192143,0.463010999999824,0.4626709687620807,0.4619844590028139,38614.594933,0.0007929999992484227,38615.057944,27.799999237060547
core,1.00140194,14.919151000009151,14.908194505712872,14.905268133582727,221420.035885,0.0063479999953415245,221434.955036,27.799999237060547
uncore,1.001603834,0.008361999999998204,0.00835585902017265,0.008357775002652189,50.000421,0.0,50.008783,27.799999237060547
package-0,1.398052853,23.364136999996845,16.71401463239507,17.26027070747887,83293.99746,16.509357000002638,83317.361597,27.799999237060547
dram,1.398225893,0.6425149999995483,0.45963628408475854,0.4519893611571994,38614.594933,0.463010999999824,38615.237448,27.799999237060547
core,1.398381595,21.146003000001656,15.127226978627348,15.679153988219559,221420.035885,14.919151000009151,221441.181888,27.799999237060547
uncore,1.398506603,0.008361999999998204,0.005981928215712672,0.0,50.000421,0.008361999999998204,50.008783,27.799999237060547
