zone,time_elapsed,power_j,watts,watts_since_last,start_power,prev_power,prev_power_reading,temp
package-0,0.000697617,0.0,0.0,0.0,79958.908341,0.0,79958.908341,27.799999237060547
dram,0.000853341,0.0,0.0,0.0,38523.798961,0.0,38523.798961,27.799999237060547
core,0.000989316,0.007994999992661178,14.31530922081598,0.0,218393.730339,0.0,218393.738334,27.799999237060547
uncore,0.001075492,0.0,0.0,0.0,48.831723,0.0,48.831723,27.799999237060547
package-0,1.001415959,16.397784999993746,16.378465617090452,16.387607197954136,79958.908341,0.0,79975.306126,27.799999237060547
dram,1.001636931,0.4556880000018282,0.4551511219444274,0.4554051628835316,38523.798961,0.0,38524.254649,27.799999237060547
core,1.001848962,14.961020999995526,14.943394369732765,14.943744933168457,218393.730339,0.007994999992661178,218408.69136,27.799999237060547
uncore,1.001987785,0.008728000000004954,0.008717716929823212,0.008722582691740343,48.831723,0.0,48.840451,27.799999237060547
package-0,1.392759892,23.008975000004284,16.522947672597486,16.892555884596714,79958.908341,16.397784999993746,79981.917316,27.799999237060547
dram,1.392950627,0.6303090000001248,0.4526304463613599,0.44618215496615377,38523.798961,0.4556880000018282,38524.42927,27.799999237060547
core,1.393142214,21.017584999994142,15.092912968057393,15.475405462322236,218393.730339,14.961020999995526,218414.747924,27.799999237060547
uncore,1.393331562,0.008728000000004954,0.006267653699762195,0.0,48.831723,0.008728000000004954,48.840451,27.799999237060547
