zone,time_elapsed,power_j,watts,watts_since_last,start_power,prev_power,prev_power_reading,temp
package-0,0.00040243,0.0,0.0,0.0,57302.815401,0.0,57302.815401,27.799999237060547
dram,0.000520736,0.0,0.0,0.0,38882.589303,0.0,38882.589303,27.799999237060547
core,0.000606492,0.007263999985298142,28.03074732696162,0.0,194815.403431,0.0,194815.410695,27.799999237060547
uncore,0.000689384,0.0,0.0,0.0,46.577761,0.0,46.577761,27.799999237060547
package-0,1.001029974,17.982254000002285,17.968097708446003,17.97275157260008,57302.815401,0.0,57320.797655,27.799999237060547
dram,1.001215121,0.45764000000053784,0.4572797289651146,0.45739816764312874,38882.589303,0.0,38883.046943,27.799999237060547
core,1.001425043,16.55928399998811,16.546247922738445,16.543273356316774,194815.403431,0.007263999985298142,194831.962715,27.799999237060547
uncore,1.00163604,0.006408999999997889,0.00640395459953896,0.0064056132689896015,46.577761,0.0,46.58417,27.799999237060547
package-0,2.001964875,36.95504500000243,18.46147886563817,18.954779997453542,57302.815401,17.982254000002285,57339.770446,27.799999237060547
dram,2.002179712,0.9039889999985462,0.4516020429211072,0.4459252777857289,38882.589303,0.45764000000053784,38883.493292,27.799999237060547
core,2.002379337,34.10129299998516,17.035841791293166,17.525356248761273,194815.403431,16.55928399998811,194849.504724,27.799999237060547
uncore,2.002590892,0.006408999999997889,0.0032017176017463457,0.0,46.577761,0.006408999999997889,46.58417,27.799999237060547
package-0,2.713990007,50.46386000000348,18.595352041867653,18.971700217203384,57302.815401,36.95504500000243,57353.279261,27.799999237060547
dram,2.714168078,1.222286999996868,0.45039870238104024,0.44701583637817927,38882.589303,0.9039889999985462,38883.81159,27.799999237060547
core,2.714339981,46.58825999998953,17.167238013854007,17.536622904834804,194815.403431,34.10129299998516,194861.991691,27.799999237060547
uncore,2.7145115730000002,0.006408999999997889,0.002361642792213721,0.0,46.577761,0.006408999999997889,46.58417,27.799999237060547
