zone,time_elapsed,power_j,watts,watts_since_last,start_power,prev_power,prev_power_reading,temp
package-0,0.000684132,0.0,0.0,0.0,67055.765958,0.0,67055.765958,27.799999237060547
dram,0.000805881,0.0008549999984097667,1.4521306381048706,0.0,39118.833937,0.0,39118.834792,27.799999237060547
core,0.000894216,0.007446000003255904,12.646274568616832,0.0,203820.217354,0.0,203820.2248,27.799999237060547
uncore,0.000980615,0.0,0.0,0.0,47.967345,0.0,47.967345,27.799999237060547
package-0,1.001235863,18.305129000000306,18.28525068342159,18.296011493704615,67055.765958,0.0,67074.071087,27.799999237060547
dram,1.001335311,0.4582509999963804,0.4577533657841091,0.45716817800831927,39118.833937,0.0008549999984097667,39119.292188,27.799999237060547
core,1.001421038,16.86146800001734,16.84315741619757,16.84562726804072,203820.217354,0.007446000003255904,203837.078822,27.799999237060547
uncore,1.001504298,0.007079999999994868,0.00707231152747019,0.007076473559696444,47.967345,0.0,47.974425,27.799999237060547
package-0,2.001724937,37.56100000000151,18.765523601542075,19.246074016975754,67055.765958,18.305129000000306,67093.326958,27.799999237060547
dram,2.001821064,0.904843999996956,0.45206121875498334,0.44636578285520256,39118.833937,0.4582509999963804,39119.738781,27.799999237060547
core,2.00190665,34.6972990000213,17.334814922250093,17.826756503526923,203820.217354,16.86146800001734,203854.914653,27.799999237060547
uncore,2.001990352,0.007079999999994868,0.003537177047970401,0.0,47.967345,0.007079999999994868,47.974425,27.799999237060547
package-0,2.702676324,51.03899299999466,18.886245662335433,19.23102425209369,67055.765958,37.56100000000151,67106.804951,27.799999237060547
dram,2.702871804,1.21886899999663,0.451024951925362,0.448065404898231,39118.833937,0.904843999996956,39120.052806,27.799999237060547
core,2.703060319,47.16864200000418,17.454077911978498,17.794689438477345,203820.217354,34.6972990000213,203867.385996,27.799999237060547
uncore,2.703247488,0.007079999999994868,0.0026198522233628696,0.0,47.967345,0.007079999999994868,47.974425,27.799999237060547
