zone,time_elapsed,power_j,watts,watts_since_last,start_power,prev_power,prev_power_reading,temp
package-0,0.000340102,0.0,0.0,0.0,47878.04894,0.0,47878.04894,27.799999237060547
dram,0.000449954,0.0,0.0,0.0,38653.251999,0.0,38653.251999,27.799999237060547
core,0.000531207,0.005858999997144565,27.11633782330906,0.0,186114.99559,0.0,186115.001449,27.799999237060547
uncore,0.000610744,0.0,0.0,0.0,45.246222,0.0,45.246222,27.799999237060547
package-0,1.000853652,17.907547000002523,17.894594820692927,17.89845932575676,47878.04894,0.0,47895.956487,27.799999237060547
dram,1.000948834,0.4572130000015022,0.45688230676033986,0.45698097476627925,38653.251999,0.0,38653.709212,27.799999237060547
core,1.001031336,16.480669999989914,16.468749852971335,16.466450406795474,186114.99559,0.005858999997144565,186131.47626,27.799999237060547
uncore,1.001110771,0.006346999999998104,0.00634240933874908,0.006343779041346546,45.246222,0.0,45.252569,27.799999237060547
package-0,2.001323311,36.845181999997294,18.4114716770571,18.928472389007787,47878.04894,17.907547000002523,47914.894122,27.799999237060547
dram,2.001412721,0.9033790000030422,0.4514168737775647,0.4459501311513042,38653.251999,0.4572130000015022,38654.155378,27.799999237060547
core,2.001493332,33.98160199998529,16.980545862517438,17.49246451016226,186114.99559,16.480669999989914,186148.977192,27.799999237060547
uncore,2.001572379,0.006346999999998104,0.0031715845706571646,0.0,45.246222,0.006346999999998104,45.252569,27.799999237060547
package-0,2.687588085,49.88482099999965,18.56237322753143,19.002451542960618,47878.04894,36.845181999997294,47927.933761,27.799999237060547
dram,2.687678831,1.2098360000018147,0.4501855860350298,0.4465947479433062,38653.251999,0.9033790000030422,38654.461835,27.799999237060547
core,2.68775822,46.04663500000606,17.134166417917594,17.582174241715908,186114.99559,33.98160199998529,186161.042225,27.799999237060547
uncore,2.687836024,0.006346999999998104,0.002361748133266984,0.0,45.246222,0.006346999999998104,45.252569,27.799999237060547
