zone,time_elapsed,power_j,watts,watts_since_last,start_power,prev_power,prev_power_reading,temp
package-0,0.000410594,0.0,0.0,0.0,67360.497051,0.0,67360.497051,27.799999237060547
dram,0.000531988,0.0,0.0,0.0,39126.168574,0.0,39126.168574,27.799999237060547
core,0.000632667,0.008544999989680946,32.47431883617265,0.0,204101.706807,0.0,204101.715352,27.799999237060547
uncore,0.000758913,0.0,0.0,0.0,48.008055,0.0,48.008055,27.799999237060547
package-0,1.001012738,18.20710699999472,18.191280585885004,18.196064372604983,67360.497051,0.0,67378.704158,27.799999237060547
dram,1.001149099,0.4579459999949904,0.4575479332930255,0.4576682553185535,39126.168574,0.0,39126.62652,27.799999237060547
core,1.002061239,16.78303799999412,16.768449448973517,16.764319254342876,204101.706807,0.008544999989680946,204118.489845,27.799999237060547
uncore,1.002151239,0.007018999999999664,0.0070128987780627506,0.007014742969948235,48.008055,0.0,48.015074,27.799999237060547
package-0,2.002378495,37.398646999994526,18.678272815699014,19.165015063366667,67360.497051,18.20710699999472,67397.895698,27.799999237060547
dram,2.002475346,0.9044169999979204,0.45169942819374415,0.44585392524063305,39126.168574,0.4579459999949904,39127.072991,27.799999237060547
core,2.002561076,34.535616999986814,17.248369337648523,17.728042874541085,204101.706807,16.78303799999412,204136.242424,27.799999237060547
uncore,2.00264478,0.007018999999999664,0.0035055491952263487,0.0,48.008055,0.007018999999999664,48.015074,27.799999237060547
package-0,2.705089473,50.93486700000358,18.83021263842683,19.263145541203098,67360.497051,37.398646999994526,67411.431918,27.799999237060547
dram,2.70519688,1.21886899999663,0.45060611326071787,0.4474908535539087,39126.168574,0.9044169999979204,39127.387443,27.799999237060547
core,2.7053790920000003,47.059510999999475,17.397524544244206,17.822523042967887,204101.706807,34.535616999986814,204148.766318,27.799999237060547
uncore,2.705555212,0.007018999999999664,0.00259486811871134,0.0,48.008055,0.007018999999999664,48.015074,27.799999237060547
