zone,time_elapsed,power_j,watts,watts_since_last,start_power,prev_power,prev_power_reading,temp
package-0,0.000404895,0.0,0.0,0.0,52304.483653,0.0,52304.483653,27.799999237060547
dram,0.000623384,0.0,0.0,0.0,38760.997573,0.0,38760.997573,27.799999237060547
core,0.000803538,0.00982599999406375,47.873791676721574,0.0,190200.912071,0.0,190200.921897,27.799999237060547
uncore,0.00093554,0.0,0.0,0.0,45.852299,0.0,45.852299,27.799999237060547
package-0,1.001304219,18.088942999995197,18.06989133532384,18.07359699796178,52304.483653,0.0,52322.572596,27.799999237060547
dram,1.001488948,0.4583120000024792,0.4578292959252477,0.4579231847530763,38760.997573,0.0,38761.455885,27.799999237060547
core,1.001669078,16.654497999988962,16.636957123710804,16.630551265004605,190200.912071,0.00982599999406375,190217.566569,27.799999237060547
uncore,1.001891097,0.005736999999996328,0.005730957667936377,0.005732132937633112,45.852299,0.0,45.858036,27.799999237060547
package-0,2.002208267,37.07058399999369,18.51680605220193,18.963770775065168,52304.483653,18.088942999995197,52341.554237,27.799999237060547
dram,2.002422501,0.904354999998759,0.45172652627536025,0.4456230737770521,38760.997573,0.4583120000024792,38761.901928,27.799999237060547
core,2.00263314,34.22189700001036,17.093883103857515,17.55086021016525,190200.912071,16.654497999988962,190235.133968,27.799999237060547
uncore,2.002848002,0.005736999999996328,0.002865639136449336,0.0,45.852299,0.005736999999996328,45.858036,27.799999237060547
package-0,2.704556884,50.418205999994825,18.643565210684148,19.004895428369572,52304.483653,37.07058399999369,52354.901859,27.799999237060547
dram,2.704751356,1.218074999997043,0.4504178648076312,0.44668749188094947,38760.997573,0.904354999998759,38762.215648,27.799999237060547
core,2.704942274,46.54803700000048,17.212460182318598,17.550467171997795,190200.912071,34.22189700001036,190247.460108,27.799999237060547
uncore,2.7051122789999997,0.005736999999996328,0.0021214188702715344,0.0,45.852299,0.005736999999996328,45.858036,27.799999237060547
