zone,time_elapsed,power_j,watts,watts_since_last,start_power,prev_power,prev_power_reading,temp
package-0,0.0006292,0.0,0.0,0.0,60971.281901,0.0,60971.281901,27.799999237060547
dram,0.000814526,0.0,0.0,0.0,38971.470362,0.0,38971.470362,27.799999237060547
core,0.000967113,0.006530000013299286,13.91861132181894,0.0,198202.408738,0.0,198202.415268,27.799999237060547
uncore,0.001088473,0.0,0.0,0.0,47.099916,0.0,47.099916,27.799999237060547
package-0,1.00143547,18.28693999999814,18.26514119326392,18.273704191588834,60971.281901,0.0,60989.568841,27.799999237060547
dram,1.001642524,0.459592999999586,0.4590451456847913,0.4592603535921361,38971.470362,0.0,38971.929955,27.799999237060547
core,1.001835858,16.84517099999357,16.825090842950686,16.82645344830958,198202.408738,0.006530000013299286,198219.253909,27.799999237060547
uncore,1.002007412,0.008482999999998242,0.008472887904834898,0.00847686013391151,47.099916,0.0,47.108399,27.799999237060547
package-0,2.002321648,37.45266299999639,18.70658342753833,19.148147202902916,60971.281901,18.28693999999814,61008.734564,27.799999237060547
dram,2.002532515,0.9112519999980577,0.4551455142582643,0.4512448091568188,38971.470362,0.459592999999586,38972.381614,27.799999237060547
core,2.002741535,34.57638800001587,17.269962532311638,17.714956706985305,198202.408738,16.84517099999357,198236.985126,27.799999237060547
uncore,2.002946923,0.008482999999998242,0.0042370270764402005,0.0,47.099916,0.008482999999998242,47.108399,27.799999237060547
package-0,2.687655076,50.55321499999991,18.811084467564996,19.116383179663156,60971.281901,37.45266299999639,61021.835116,27.799999237060547
dram,2.6878532870000003,1.221188000003167,0.4544096872738238,0.45225997631765125,38971.470362,0.9112519999980577,38972.69155,27.799999237060547
core,2.688049124,46.695498000015505,17.37561017896301,17.684258690505438,198202.408738,34.57638800001587,198249.104236,27.799999237060547
uncore,2.688240146,0.008482999999998242,0.0031565634260515593,0.0,47.099916,0.008482999999998242,47.108399,27.799999237060547
