zone,time_elapsed,power_j,watts,watts_since_last,start_power,prev_power,prev_power_reading,temp
package-0,0.000367565,0.0,0.0,0.0,51287.707997,0.0,51287.707997,27.799999237060547
dram,0.000554056,0.0,0.0,0.0,38736.269548,0.0,38736.269548,27.799999237060547
core,0.000688896,0.008850000012898818,37.09929621544763,0.0,189262.347396,0.0,189262.356246,27.799999237060547
uncore,0.000827564,0.0,0.0,0.0,45.712346,0.0,45.712346,27.799999237060547
package-0,1.001149893,17.498185000004014,17.48196493574323,17.486132368518632,51287.707997,0.0,51305.206182,27.799999237060547
dram,1.001373053,0.461607000004733,0.4611791101862573,0.461289048225041,38736.269548,0.0,38736.731155,27.799999237060547
core,1.001588711,16.057331999996677,16.042447544443334,16.03742791412027,189262.347396,0.008850000012898818,189278.404728,27.799999237060547
uncore,1.001800626,0.007080000000001974,0.007073437144770624,0.007075123343884981,45.712346,0.0,45.719426,27.799999237060547
package-0,2.002143468,35.919708000001265,17.942764745659776,18.403541893004856,51287.707997,17.498185000004014,51323.627705,27.799999237060547
dram,2.002290825,0.9171730000016396,0.4581501433725423,0.4551213255262864,38736.269548,0.461607000004733,38737.186721,27.799999237060547
core,2.002448948,33.06345300000976,16.51599614502248,16.98952145603255,189262.347396,16.057331999996677,189295.410849,27.799999237060547
uncore,2.002577125,0.007080000000001974,0.003536631600660622,0.0,45.712346,0.007080000000001974,45.719426,27.799999237060547
package-0,2.959197242,53.56852700000309,18.103640985367473,18.440140086112255,51287.707997,35.919708000001265,51341.276524,27.799999237060547
dram,2.959378506,1.351925000002666,0.456887023217752,0.45424499977792127,38736.269548,0.9171730000016396,38737.621473,27.799999237060547
core,2.9595528719999997,49.32317700001295,16.668912487847898,16.988762155787835,189262.347396,33.06345300000976,189311.670573,27.799999237060547
uncore,2.959725119,0.007080000000001974,0.0023927067880068842,0.0,45.712346,0.007080000000001974,45.719426,27.799999237060547
