zone,time_elapsed,power_j,watts,watts_since_last,start_power,prev_power,prev_power_reading,temp
package-0,0.000710772,0.01617400000395719,27.451805742843742,0.0,64289.965971,0.0,64289.982145,27.799999237060547
dram,0.000833482,0.0007929999992484227,1.345942990485766,0.0,39051.870608,0.0,39051.871401,27.799999237060547
core,0.000933496,0.006835999985923991,11.602605640271685,0.0,201266.678359,0.0,201266.685195,27.799999237060547
uncore,0.001054527,0.0,0.0,0.0,47.577087,0.0,47.577087,27.799999237060547
package-0,1.001390444,17.766068000004452,17.745500149038712,17.73978466439337,64289.965971,0.01617400000395719,64307.732039,27.799999237060547
dram,1.001612532,0.45831100000214064,0.45778041144737425,0.4572574236294034,39051.870608,0.0007929999992484227,39052.328919,27.799999237060547
core,1.001825032,16.32966999997734,16.310765072962585,16.313537437039248,201266.678359,0.006835999985923991,201283.008029,27.799999237060547
uncore,1.002006317,0.007752000000003534,0.007743025477296176,0.007747584899292144,47.577087,0.0,47.584839,27.799999237060547
package-0,2.002370334,36.879971000002115,18.420556602130524,19.095753746381476,64289.965971,17.766068000004452,64326.845942,27.799999237060547
dram,2.002596808,0.9042330000011134,0.45164013708237044,0.44549858299873896,39051.870608,0.45831100000214064,39052.774841,27.799999237060547
core,2.002808947,34.00912899998366,16.986648002877274,17.662671796200367,201266.678359,16.32966999997734,201300.687488,27.799999237060547
uncore,2.003021716,0.007752000000003534,0.0038719161351773498,0.0,47.577087,0.007752000000003534,47.584839,27.799999237060547
package-0,2.70982764,50.39672200000496,18.599142454603854,19.10449937990481,64289.965971,36.879971000002115,64340.362693,27.799999237060547
dram,2.709987214,1.2204550000024028,0.4504145409393096,0.44694638548388016,39051.870608,0.9042330000011134,39053.091063,27.799999237060547
core,2.710103994,46.5017119999975,17.161671068027598,17.656946123896457,201266.678359,34.00912899998366,201313.180071,27.799999237060547
uncore,2.710216474,0.007752000000003534,0.0028609113169729694,0.0,47.577087,0.007752000000003534,47.584839,27.799999237060547
