zone,time_elapsed,power_j,watts,watts_since_last,start_power,prev_power,prev_power_reading,temp
package-0,0.000326215,0.0,0.0,0.0,56232.225246,0.0,56232.225246,27.799999237060547
dram,0.000438966,0.0,0.0,0.0,38856.590224,0.0,38856.590224,27.799999237060547
core,0.000520511,0.005371000006562099,28.469505701121072,0.0,193826.982317,0.0,193826.987688,27.799999237060547
uncore,0.000599435,0.0,0.0,0.0,46.415713,0.0,46.415713,27.799999237060547
package-0,1.000843695,18.127761999996437,18.11485138238255,18.118267104002317,56232.225246,0.0,56250.353008,27.799999237060547
dram,1.000975604,0.4639880000031553,0.46365754709642176,0.4637449739857931,38856.590224,0.0,38857.054212,27.799999237060547
core,1.001811586,16.71113900002092,16.69923730330172,16.69701791108104,193826.982317,0.005371000006562099,193843.693456,27.799999237060547
uncore,1.001892444,0.008179000000005487,0.008173174904692338,0.008174716031894257,46.415713,0.0,46.423892,27.799999237060547
package-0,2.002108124,36.67861699999776,18.32109119778273,18.52721499622752,56232.225246,18.127761999996437,56268.903863,27.799999237060547
dram,2.002201189,0.9212620000034804,0.4601734334507899,0.45669127973833884,38856.590224,0.4639880000031553,38857.511486,27.799999237060547
core,2.002282412,33.820470000006026,16.893437264061053,17.08752798069533,193826.982317,16.71113900002092,193860.802787,27.799999237060547
uncore,2.002361642,0.008179000000005487,0.00408543770630105,0.0,46.415713,0.008179000000005487,46.423892,27.799999237060547
package-0,2.824599406,51.91368599999987,18.37988959605055,18.523007573357972,56232.225246,36.67861699999776,56284.138932,27.799999237060547
dram,2.824693001,1.2968709999986459,0.459153407066777,0.45667061642654194,38856.590224,0.9212620000034804,38857.887095,27.799999237060547
core,2.8247743830000003,47.866027000010945,16.946827695143394,17.076782434204013,193826.982317,33.820470000006026,193874.848344,27.799999237060547
uncore,2.824854438,0.008179000000005487,0.002895751170629623,0.0,46.415713,0.008179000000005487,46.423892,27.799999237060547
