zone,time_elapsed,power_j,watts,watts_since_last,start_power,prev_power,prev_power_reading,temp
package-0,0.000517386,0.0,0.0,0.0,62598.01913,0.0,62598.01913,27.799999237060547
dram,0.00063925,0.0,0.0,0.0,39010.936508,0.0,39010.936508,27.799999237060547
core,0.000763678,0.0056770000082906336,15.101456699467535,0.0,199704.388718,0.0,199704.394395,27.799999237060547
uncore,0.000891917,0.0,0.0,0.0,47.333008,0.0,47.333008,27.799999237060547
package-0,1.001233555,17.917678999998316,17.899907810424956,17.906632666905594,62598.01913,0.0,62615.936809,27.799999237060547
dram,1.001448721,0.4579460000022664,0.45749179802775825,0.45766367414664044,39010.936508,0.0,39011.394454,27.799999237060547
core,1.001659979,16.47890099999495,16.462556825415664,16.463068180172336,199704.388718,0.0056770000082906336,199720.867619,27.799999237060547
uncore,1.001873012,0.007323999999997,0.007316735878765938,0.007319484719665709,47.333008,0.0,47.340332,27.799999237060547
package-0,2.002186169,36.916897999995854,18.44024112435198,18.980580278949994,62598.01913,17.917678999998316,62634.936028,27.799999237060547
dram,2.002401251,0.9040509999977075,0.45157961074278596,0.44566735955070336,39010.936508,0.4579460000022664,39011.840559,27.799999237060547
core,2.002609925,34.044774000009056,17.005595691824016,17.548640428148712,199704.388718,16.47890099999495,199738.433492,27.799999237060547
uncore,2.002820673,0.007323999999997,0.0036583877116304238,0.0,47.333008,0.007323999999997,47.340332,27.799999237060547
package-0,2.721850297,50.620781999998144,18.599285211851484,19.041708911245312,62598.01913,36.916897999995854,62648.639912,27.799999237060547
dram,2.72202636,1.2258880000008503,0.4504205515790499,0.44719631827934886,39010.936508,0.9040509999977075,39012.162396,27.799999237060547
core,2.7222004440000003,46.72760300000664,17.168838195018843,17.622940911424386,199704.388718,34.044774000009056,199751.116321,27.799999237060547
uncore,2.72237213,0.007323999999997,0.002691012653489815,0.0,47.333008,0.007323999999997,47.340332,27.799999237060547
