zone,time_elapsed,power_j,watts,watts_since_last,start_power,prev_power,prev_power_reading,temp
package-0,0.000361737,0.0,0.0,0.0,60820.017823,0.0,60820.017823,27.799999237060547
dram,0.00047928,0.0,0.0,0.0,38967.809971,0.0,38967.809971,27.799999237060547
core,0.000563256,0.0063479999953415245,25.608442537694692,0.0,198062.734046,0.0,198062.740394,27.799999237060547
uncore,0.000644323,0.0,0.0,0.0,47.0766,0.0,47.0766,27.799999237060547
package-0,1.0008909,18.60694700000022,18.59302248094099,18.597629141457247,60820.017823,0.0,60838.62477,27.799999237060547
dram,1.000988646,0.45965399999840884,0.4593100176737627,0.4594238176395997,38967.809971,0.0,38968.269625,27.799999237060547
core,1.001069586,17.16078400000697,17.14794171782713,17.145845519905862,198062.734046,0.0063479999953415245,198079.89483,27.799999237060547
uncore,1.001149155,0.007629999999998915,0.007624290085286853,0.007626179101240894,47.0766,0.0,47.08423,27.799999237060547
package-0,2.001355759,37.66268399999535,18.819666626986123,19.046369005307138,60820.017823,18.60694700000022,60857.680507,27.799999237060547
dram,2.001447257,0.9053319999948144,0.452385348496329,0.44545890014545125,38967.809971,0.45965399999840884,38968.715303,27.799999237060547
core,2.001528052,34.79581000001053,17.38711835344048,17.626356441335183,198062.734046,17.16078400000697,198097.529856,27.799999237060547
uncore,2.001607216,0.007629999999998915,0.0038126347119579007,0.0,47.0766,0.007629999999998915,47.08423,27.799999237060547
package-0,2.67507635,50.50810999999521,18.88200577408491,19.06718758385664,60820.017823,37.66268399999535,60870.525933,27.799999237060547
dram,2.6751655100000002,1.2065399999992223,0.4510542019222632,0.44709995899259397,38967.809971,0.9053319999948144,38969.016511,27.799999237060547
core,2.675244138,46.669559000001755,17.446997769508954,17.624872815153445,198062.734046,34.79581000001053,198109.403605,27.799999237060547
uncore,2.675321796,0.007629999999998915,0.0028524073471816905,0.0,47.0766,0.007629999999998915,47.08423,27.799999237060547
