zone,time_elapsed,power_j,watts,watts_since_last,start_power,prev_power,prev_power_reading,temp
package-0,0.000440792,0.0,0.0,0.0,58628.482906,0.0,58628.482906,27.799999237060547
dram,0.000559823,0.0,0.0,0.0,38914.815722,0.0,38914.815722,27.799999237060547
core,0.000685212,0.0036620000028051436,10.465907215260286,0.0,196039.187225,0.0,196039.190887,27.799999237060547
uncore,0.000814561,0.0,0.0,0.0,46.77051,0.0,46.77051,27.799999237060547
package-0,1.001126417,18.308058000002347,18.291851602401135,18.298248455391402,58628.482906,0.0,58646.790964,27.799999237060547
dram,1.001349151,0.46001999999862164,0.45961278766487845,0.45977351909322395,38914.815722,0.0,38915.275742,27.799999237060547
core,1.001548804,16.865251999988686,16.850322782506613,16.8525554798136,196039.187225,0.0036620000028051436,196056.052477,27.799999237060547
uncore,1.001772109,0.006163999999998282,0.00615854359196124,0.006160697299461619,46.77051,0.0,46.776674,27.799999237060547
package-0,2.002104885,37.32790699999896,18.646310882738938,19.000727541831978,58628.482906,18.308058000002347,58665.810813,27.799999237060547
dram,2.00230726,0.9083220000029542,0.45373169177920303,0.4478513030540988,38914.815722,0.46001999999862164,38915.724044,27.799999237060547
core,2.002519325,34.45102199999383,17.209228110217413,17.56809028207741,196039.187225,16.865251999988686,196073.638247,27.799999237060547
uncore,2.002733273,0.006163999999998282,0.0030790866544211544,0.0,46.77051,0.006163999999998282,46.776674,27.799999237060547
package-0,2.69320637,50.49364500000229,18.749924234274964,19.050052858369916,58628.482906,37.32790699999896,58678.976551,27.799999237060547
dram,2.693383722,1.2185020000033546,0.45246922022314645,0.4488123184294959,38914.815722,0.9083220000029542,38916.034224,27.799999237060547
core,2.693555538,46.628358999994816,17.314618471659877,17.619894420209782,196039.187225,34.45102199999383,196085.815584,27.799999237060547
uncore,2.693726956,0.006163999999998282,0.0022888926513432222,0.0,46.77051,0.006163999999998282,46.776674,27.799999237060547
