zone,time_elapsed,power_j,watts,watts_since_last,start_power,prev_power,prev_power_reading,temp
package-0,0.000378621,0.0,0.0,0.0,53430.219541,0.0,53430.219541,27.799999237060547
dram,0.000498623,0.0,0.0,0.0,38788.524297,0.0,38788.524297,27.799999237060547
core,0.0005827,0.0061649999988731,24.492471490497397,0.0,191240.028368,0.0,191240.034533,27.799999237060547
uncore,0.000663726,0.0,0.0,0.0,46.007206,0.0,46.007206,27.799999237060547
package-0,1.000896768,17.968337999998766,17.954409435972984,17.95892637320792,53430.219541,0.0,53448.187879,27.799999237060547
dram,1.000994307,0.4580059999934747,0.45765096627276536,0.45776610125938433,38788.524297,0.0,38788.982303,27.799999237060547
core,1.001075439,16.540485000004992,16.527663268560488,16.525659496787597,191240.028368,0.0061649999988731,191256.568853,27.799999237060547
uncore,1.00115505,0.006958000000004461,0.006952606348766852,0.006954355472658038,46.007206,0.0,46.014164,27.799999237060547
package-0,2.001403676,36.84170299999823,18.40933072912153,18.864388399643882,53430.219541,17.968337999998766,53467.061244,27.799999237060547
dram,2.001496494,0.9046609999932116,0.4520476034078457,0.4464425607536448,38788.524297,0.4580059999934747,38789.428958,27.799999237060547
core,2.001577701,33.97403400001349,16.976392978052562,17.42525720879095,191240.028368,16.540485000004992,191274.002402,27.799999237060547
uncore,2.001656579,0.006958000000004461,0.003476824163457261,0.0,46.007206,0.006958000000004461,46.014164,27.799999237060547
package-0,2.779514311,51.463612999999896,18.51609626527224,18.79067766767977,53430.219541,36.84170299999823,53481.683154,27.799999237060547
dram,2.77960659,1.252437999995891,0.4506147396648773,0.4469296765800277,38788.524297,0.9046609999932116,38789.776735,27.799999237060547
core,2.779687116,47.485596000013174,17.08484530128252,17.363764811083904,191240.028368,33.97403400001349,191287.513964,27.799999237060547
uncore,2.779766419,0.006958000000004461,0.0025034192180375496,0.0,46.007206,0.006958000000004461,46.014164,27.799999237060547
