zone,time_elapsed,power_j,watts,watts_since_last,start_power,prev_power,prev_power_reading,temp
package-0,0.000300645,0.0,0.0,0.0,59847.829882,0.0,59847.829882,27.799999237060547
dram,0.000414508,0.0,0.0,0.0,38944.362338,0.0,38944.362338,27.799999237060547
core,0.00049651,0.006409000023268163,34.842315408948224,0.0,197165.00496,0.0,197165.011369,27.799999237060547
uncore,0.00057714,0.0,0.0,0.0,46.942628,0.0,46.942628,27.799999237060547
package-0,1.000824722,18.362990000001446,18.35024696460083,18.35362064184637,59847.829882,0.0,59866.192872,27.799999237060547
dram,1.00095363,0.45794500000192784,0.4576272081092917,0.4577113424809934,38944.362338,0.0,38944.820283,27.799999237060547
core,1.001728579,16.947772000014083,16.936011058110957,16.932718999336124,197165.00496,0.006409000023268163,197181.952732,27.799999237060547
uncore,1.001811661,0.008178999999998382,0.008173324165804626,0.008174826824477928,46.942628,0.0,46.950807,27.799999237060547
package-0,2.002025124,37.440151000002516,18.702213025691524,19.053995818774457,59847.829882,18.362990000001446,59885.270033,27.799999237060547
dram,2.002115218,0.907467999997607,0.453301052390316,0.4489771492917704,38944.362338,0.45794500000192784,38945.269806,27.799999237060547
core,2.002196054,34.58108900001389,17.27404606724514,17.61190506224181,197165.00496,16.947772000014083,197199.586049,27.799999237060547
uncore,2.002275021,0.008178999999998382,0.004085597847537806,0.0,46.942628,0.008178999999998382,46.950807,27.799999237060547
package-0,2.789710661,52.482410000004165,18.81372723014563,19.097147046699657,59847.829882,37.440151000002516,59900.312292,27.799999237060547
dram,2.789803511,1.2611049999977695,0.4520769049769048,0.448965663345917,38944.362338,0.907467999997607,38945.623443,27.799999237060547
core,2.789883987,48.48803500001668,17.38183639844275,17.65579177519386,197165.00496,34.58108900001389,197213.492995,27.799999237060547
uncore,2.789962969,0.008178999999998382,0.0029319818776485005,0.0,46.942628,0.008178999999998382,46.950807,27.799999237060547
