zone,time_elapsed,power_j,watts,watts_since_last,start_power,prev_power,prev_power_reading,temp
package-0,0.000655523,0.0,0.0,0.0,64340.379111,0.0,64340.379111,27.799999237060547
dram,0.000788485,0.0009149999968940392,1.758560242496885,0.0,39053.091796,0.0,39053.092711,27.799999237060547
core,0.000941252,0.008666999987326562,16.657313279967717,0.0,201313.197527,0.0,201313.206194,27.799999237060547
uncore,0.001053208,0.0,0.0,0.0,47.584839,0.0,47.584839,27.799999237060547
package-0,1.001396842,18.395887999999104,18.37466001253187,18.38421450178005,64340.379111,0.0,64358.774999,27.799999237060547
dram,1.001606563,0.4588000000003376,0.45827056643072817,0.45759443943185973,39053.091796,0.0009149999968940392,39053.550596,27.799999237060547
core,1.001807932,16.955034999991767,16.935469688956694,16.93561432523389,201313.197527,0.008666999987326562,201330.152562,27.799999237060547
uncore,1.002023291,0.007201999999999487,0.007193689231541936,0.007197429819197471,47.584839,0.0,47.592041,27.799999237060547
package-0,2.002348868,37.434290999997756,18.697283319836366,19.01996656600689,64340.379111,18.395887999999104,64377.813402,27.799999237060547
dram,2.002562784,0.9063699999969685,0.452704091084413,0.44713658156538794,39053.091796,0.4588000000003376,39053.998166,27.799999237060547
core,2.002774564,34.55819999999949,17.2607638387915,17.58611842369726,201313.197527,16.955034999991767,201347.755727,27.799999237060547
uncore,2.002989992,0.007201999999999487,0.003597178706268538,0.0,47.584839,0.007201999999999487,47.592041,27.799999237060547
package-0,2.691622331,50.53038799999922,18.774466652113286,18.99864589228115,64340.379111,37.434290999997756,64390.909499,27.799999237060547
dram,2.691871597,1.215450999996392,0.45159843749290746,0.448387063032638,39053.091796,0.9063699999969685,39054.307247,27.799999237060547
core,2.692063245,46.667909999989206,17.339370519352336,17.567683879250048,201313.197527,34.55819999999949,201359.865437,27.799999237060547
uncore,2.692252541,0.007201999999999487,0.002675888988394713,0.0,47.584839,0.007201999999999487,47.592041,27.799999237060547
