zone,time_elapsed,power_j,watts,watts_since_last,start_power,prev_power,prev_power_reading,temp
package-0,0.000400846,0.0,0.0,0.0,52770.244302,0.0,52770.244302,27.799999237060547
dram,0.00051381,0.0,0.0,0.0,38772.511093,0.0,38772.511093,27.799999237060547
core,0.000595072,0.0050660000124480575,21.39177439594653,0.0,190630.624472,0.0,190630.629538,27.799999237060547
uncore,0.000674635,0.0,0.0,0.0,45.918217,0.0,45.918217,27.799999237060547
package-0,1.000919602,18.3697650000031,18.355479536011046,18.359824128308297,52770.244302,0.0,52788.614067,27.799999237060547
dram,1.001018654,0.4608749999970314,0.46051659512809084,0.46062559565014344,38772.511093,0.0,38772.971968,27.799999237060547
core,1.001099702,16.94203400000697,16.928858827833608,16.92780249211857,190630.624472,0.0050660000124480575,190647.566506,27.799999237060547
uncore,1.001178695,0.006348000000002685,0.006343063403077161,0.006344564754450082,45.918217,0.0,45.924565,27.799999237060547
package-0,2.00140153,37.48818500000198,18.732053793035305,19.10873011582698,52770.244302,18.3697650000031,52807.732487,27.799999237060547
dram,2.001492467,0.9091169999956037,0.454266552197169,0.4480148152698674,38772.511093,0.4608749999970314,38773.42021,27.799999237060547
core,2.001572474,34.61862399999518,17.29819480480953,17.667630885707112,190630.624472,16.94203400000697,190665.243096,27.799999237060547
uncore,2.001651141,0.006348000000002685,0.0031719614454055896,0.0,45.918217,0.006348000000002685,45.924565,27.799999237060547
package-0,2.683942547,50.47789799999737,18.808195650815307,19.031452539266475,52770.244302,37.48818500000198,52820.7222,27.799999237060547
dram,2.684034667,1.2149629999985336,0.4526983634000593,0.44810024928051306,38772.511093,0.9091169999956037,38773.726056,27.799999237060547
core,2.684116098,46.64148200000636,17.3787371039132,17.614896604230925,190630.624472,34.61862399999518,190677.265954,27.799999237060547
uncore,2.684195321,0.006348000000002685,0.0023652812561932015,0.0,45.918217,0.006348000000002685,45.924565,27.799999237060547
