zone,time_elapsed,power_j,watts,watts_since_last,start_power,prev_power,prev_power_reading,temp
package-0,0.000624821,0.0,0.0,0.0,67823.712845,0.0,67823.712845,27.799999237060547
dram,0.000747107,0.0,0.0,0.0,39137.357144,0.0,39137.357144,27.799999237060547
core,0.000846437,0.008667000016430393,17.935781369365746,0.0,204529.512352,0.0,204529.521019,27.799999237060547
uncore,0.00098427,0.0,0.0,0.0,48.074706,0.0,48.074706,27.799999237060547
package-0,1.001233439,18.51472300000023,18.494593576824183,18.50352520314952,67823.712845,0.0,67842.227568,27.799999237060547
dram,1.00133704,0.460692000000563,0.460191130275327,0.46041337118031245,39137.357144,0.0,39137.817836,27.799999237060547
core,1.001422648,17.0668510000105,17.048295720190126,17.04786712519805,204529.512352,0.008667000016430393,204546.579203,27.799999237060547
uncore,1.001506811,0.007995000000001085,0.007986307742585593,0.007990164584109555,48.074706,0.0,48.082701,27.799999237060547
package-0,2.001728277,37.855555000001914,18.912569628530395,19.330783201646835,67823.712845,18.51472300000023,67861.5684,27.799999237060547
dram,2.001825555,0.9098489999960293,0.4545589825290578,0.4489236342269915,39137.357144,0.460692000000563,39138.266993,27.799999237060547
core,2.001911252,34.98550599999726,17.478698125394878,17.909345113479034,204529.512352,17.0668510000105,204564.497858,27.799999237060547
uncore,2.00199461,0.007995000000001085,0.0039942881349940155,0.0,48.074706,0.007995000000001085,48.082701,27.799999237060547
package-0,2.702391433,51.39427799999248,19.019013085817505,19.323099585283988,67823.712845,37.855555000001914,67875.107123,27.799999237060547
dram,2.702499686,1.2255220000006375,0.45351778178443863,0.45054329093509377,39137.357144,0.9098489999960293,39138.582666,27.799999237060547
core,2.702658908,47.51336700000684,17.582839644610083,17.880349992680195,204529.512352,34.98550599999726,204577.025719,27.799999237060547
uncore,2.702822359,0.007995000000001085,0.002958636944392016,0.0,48.074706,0.007995000000001085,48.082701,27.799999237060547
