zone,time_elapsed,power_j,watts,watts_since_last,start_power,prev_power,prev_power_reading,temp
package-0,0.000374895,0.0,0.0,0.0,65264.169104,0.0,65264.169104,27.799999237060547
dram,0.00049261,0.0,0.0,0.0,39075.401614,0.0,39075.401614,27.799999237060547
core,0.000579359,0.007018999982392415,28.56898635816618,0.0,202166.378754,0.0,202166.385773,27.799999237060547
uncore,0.00066358,0.0,0.0,0.0,47.71228,0.0,47.71228,27.799999237060547
package-0,1.000998138,17.440324000002875,17.42699212447675,17.43127147008413,65264.169104,0.0,65281.609428,27.799999237060547
dram,1.001251716,0.4581899999975576,0.45783974663946164,0.4579521730693741,39075.401614,0.0,39075.859804,27.799999237060547
core,1.002138952,16.031514000002062,16.019259058571887,16.016177366676366,202166.378754,0.007018999982392415,202182.410268,27.799999237060547
uncore,1.002339837,0.006774999999997533,0.006769820998925681,0.006771483385845213,47.71228,0.0,47.719055,27.799999237060547
package-0,2.002668228,35.92770400000154,17.941934294543966,18.456407029869755,65264.169104,17.440324000002875,65300.096808,27.799999237060547
dram,2.002880813,0.9050270000007004,0.4519613880363774,0.44608838829864,39075.401614,0.4581899999975576,39076.306641,27.799999237060547
core,2.003093524,33.06772500000079,16.513689525499252,17.007669256689898,202166.378754,16.031514000002062,202199.446479,27.799999237060547
uncore,2.00330401,0.006774999999997533,0.003383366909432506,0.0,47.71228,0.006774999999997533,47.719055,27.799999237060547
package-0,2.913243473,52.75029299999733,18.10823107732025,18.473918684289725,65264.169104,35.92770400000154,65316.919397,27.799999237060547
dram,2.913383648,1.3119469999946887,0.45036791429958684,0.4468638561461615,39075.401614,0.9050270000007004,39076.713561,27.799999237060547
core,2.913514497,48.57781699998304,16.675894775930693,17.032585079121677,202166.378754,33.06772500000079,202214.956571,27.799999237060547
uncore,2.913644235,0.006774999999997533,0.0023257361916227885,0.0,47.71228,0.006774999999997533,47.719055,27.799999237060547
