zone,time_elapsed,power_j,watts,watts_since_last,start_power,prev_power,prev_power_reading,temp
package-0,0.000325679,0.0,0.0,0.0,55878.975845,0.0,55878.975845,27.799999237060547
dram,0.000442388,0.0,0.0,0.0,38848.020849,0.0,38848.020849,27.799999237060547
core,0.000523722,0.0050660000124480575,27.094241604304578,0.0,193500.919187,0.0,193500.924253,27.799999237060547
uncore,0.000603158,0.0,0.0,0.0,46.365481,0.0,46.365481,27.799999237060547
package-0,1.000846442,18.39814699999988,18.385234094063446,18.38866993922995,55878.975845,0.0,55897.373992,27.799999237060547
dram,1.000945145,0.45818899999721907,0.45786741590192553,0.457952982478874,38848.020849,0.0,38848.479038,27.799999237060547
core,1.001026584,16.96950000000652,16.957589802893278,16.955695458447174,193500.919187,0.0050660000124480575,193517.888687,27.799999237060547
uncore,1.001105815,0.007202999999996962,0.007197944509274984,0.0071992896660853034,46.365481,0.0,46.372684,27.799999237060547
package-0,2.00131572,37.4367940000011,18.707139913082862,19.029110466145557,55878.975845,18.39814699999988,55916.412639,27.799999237060547
dram,2.001407619,0.9042939999999362,0.4518750825874583,0.44588154423741483,38848.020849,0.45818899999721907,38848.925143,27.799999237060547
core,2.001489121,34.56399799999781,17.27160575078775,17.585684846102243,193500.919187,16.96950000000652,193535.483185,27.799999237060547
uncore,2.001567962,0.007202999999996962,0.0035993340881132893,0.0,46.365481,0.007202999999996962,46.372684,27.799999237060547
package-0,2.693100353,50.54680699999881,18.76998683338299,18.951798844918507,55878.975845,37.4367940000011,55929.522652,27.799999237060547
dram,2.6931891,1.214047000001301,0.4508226643303716,0.44777808745398917,38848.020849,0.9042939999999362,38849.234896,27.799999237060547
core,2.6932677910000002,46.67871300000115,17.333613741602033,17.512998785250666,193500.919187,34.56399799999781,193547.5979,27.799999237060547
uncore,2.693344812,0.007202999999996962,0.002674752831782309,0.0,46.365481,0.007202999999996962,46.372684,27.799999237060547
