zone,time_elapsed,power_j,watts,watts_since_last,start_power,prev_power,prev_power_reading,temp
package-0,0.000328918,0.0,0.0,0.0,53633.715907,0.0,53633.715907,27.799999237060547
dram,0.00051622,0.0007939999995869584,3.7434289601233277,0.0,38793.450004,0.0,38793.450798,27.799999237060547
core,0.000645048,0.008544999989680946,40.286650431064544,0.0,191427.982843,0.0,191427.991388,27.799999237060547
uncore,0.000785764,0.0,0.0,0.0,46.035892,0.0,46.035892,27.799999237060547
package-0,1.001040049,18.402357999999367,18.385957854295043,18.389854958291483,53633.715907,0.0,53652.118265,27.799999237060547
dram,1.001143898,0.46575899999879766,0.4653439164827025,0.4646490906582612,38793.450004,0.0007939999995869584,38793.915763,27.799999237060547
core,1.001230008,16.962541999993846,16.947425015511985,16.94247801251319,191427.982843,0.008544999989680946,191444.945385,27.799999237060547
uncore,1.001314369,0.006775000000004638,0.00676896213316459,0.006770396888404974,46.035892,0.0,46.042667,27.799999237060547
package-0,2.001538107,37.4999650000027,18.736697956309953,19.087566348389526,53633.715907,18.402357999999367,53671.215872,27.799999237060547
dram,2.001632978,0.9214460000002873,0.4603965733049116,0.4554474205394159,38793.450004,0.46575899999879766,38794.37145,27.799999237060547
core,2.001718483,34.62173799998709,17.298604082116075,17.64991159934473,191427.982843,16.962541999993846,191462.604581,27.799999237060547
uncore,2.001802168,0.006775000000004638,0.0033850999235353336,0.0,46.035892,0.006775000000004638,46.042667,27.799999237060547
package-0,2.696179728,50.742729000005056,18.821228302709713,19.064787074259133,53633.715907,37.4999650000027,53684.458636,27.799999237060547
dram,2.696373341,1.2380950000006123,0.45922773793763805,0.45585995206757474,38793.450004,0.9214460000002873,38794.688099,27.799999237060547
core,2.696571282,46.884095999994315,17.390004281834432,17.653357282394694,191427.982843,34.62173799998709,191474.866939,27.799999237060547
uncore,2.696762152,0.006775000000004638,0.002512947653070313,0.0,46.035892,0.006775000000004638,46.042667,27.799999237060547
