zone,time_elapsed,power_j,watts,watts_since_last,start_power,prev_power,prev_power_reading,temp
package-0,0.000611566,0.0,0.0,0.0,39923.84799,0.0,39923.84799,27.799999237060547
dram,0.000818796,0.0,0.0,0.0,14226.251056,0.0,14226.251056,27.799999237060547
core,0.000997363,0.01220699999248609,28.596461208388693,0.0,256512.926516,0.0,256512.938723,27.799999237060547
uncore,0.001124901,0.0,0.0,0.0,55.92521,0.0,55.92521,27.799999237060547
package-0,1.001373368,16.74116800000047,16.72061481961682,16.727746643031153,39923.84799,0.0,39940.589158,27.799999237060547
dram,1.001473702,0.45611400000052527,0.4555540275232454,0.4557483344261335,14226.251056,0.0,14226.70717,27.799999237060547
core,1.001558334,15.29598100000294,15.277202079879928,15.271521032553673,256512.926516,0.01220699999248609,256528.222497,27.799999237060547
uncore,1.001641364,0.007385999999996784,0.007376932186430038,0.007380078660304397,55.92521,0.0,55.932596,27.799999237060547
package-0,2.001849017,34.6454190000004,17.307633486813724,17.895072420509656,39923.84799,16.74116800000047,39958.493409,27.799999237060547
dram,2.001973333,0.9015480000016396,0.4503816898504861,0.44520564912641525,14226.251056,0.45611400000052527,14227.152604,27.799999237060547
core,2.002923295,31.78647799999453,15.879407059864588,16.482043178742742,256512.926516,15.29598100000294,256544.712994,27.799999237060547
uncore,2.003011708,0.007385999999996784,0.003689785969497123,0.0,55.92521,0.007385999999996784,55.932596,27.799999237060547
package-0,2.504670039,43.6409399999975,17.42530141120156,17.89383787709725,39923.84799,34.6454190000004,39967.48893,27.799999237060547
dram,2.5048613360000003,1.1261570000006031,0.4496609184253627,0.44679091202384913,14226.251056,0.9015480000016396,14227.377213,27.799999237060547
core,2.505051468,40.03969199999119,15.9873664845799,16.417245124654503,256512.926516,31.78647799999453,256552.966208,27.799999237060547
uncore,2.505241747,0.007385999999996784,0.0029491407889721453,0.0,55.92521,0.007385999999996784,55.932596,27.799999237060547
