zone,time_elapsed,power_j,watts,watts_since_last,start_power,prev_power,prev_power_reading,temp
package-0,0.000623201,0.017027999994752463,39.780213606647,0.0,37635.900478,0.0,37635.917506,27.799999237060547
dram,0.000837099,0.0006709999997838167,1.567566556829116,0.0,14166.694568,0.0,14166.695239,27.799999237060547
core,0.000928103,0.011534999997820705,26.947660559513107,0.0,254415.746582,0.0,254415.758117,27.799999237060547
uncore,0.001070693,0.0,0.0,0.0,55.519328,0.0,55.519328,27.799999237060547
package-0,1.001315616,17.039811999995436,17.019872504521743,17.010137133143562,37635.900478,0.017027999994752463,37652.94029,27.799999237060547
dram,1.001415168,0.4564799999989191,0.4559458402972855,0.4554703623394395,14166.694568,0.0006709999997838167,14167.151048,27.799999237060547
core,1.001499852,15.595724000013433,15.577474334576555,15.572610919523056,254415.746582,0.011534999997820705,254431.342306,27.799999237060547
uncore,1.001582745,0.008178000000000907,0.008168430340782606,0.008171924256035787,55.519328,0.0,55.527506,27.799999237060547
package-0,2.001791907,34.85843099999329,17.414554360825807,17.809496299232528,37635.900478,17.039811999995436,37670.758909,27.799999237060547
dram,2.001916502,0.9016699999992852,0.4504557657949775,0.4449620735177515,14166.694568,0.4564799999989191,14167.596238,27.799999237060547
core,2.002771727,31.980448000016622,15.976773314322715,16.376335418700986,254415.746582,15.595724000013433,254447.72703,27.799999237060547
uncore,2.002856001,0.008178000000000907,0.004085560407548942,0.0,55.519328,0.008178000000000907,55.527506,27.799999237060547
package-0,2.532098476,44.274360999996134,17.486675221840184,17.75895192495804,37635.900478,34.85843099999329,37680.174839,27.799999237060547
dram,2.5322905799999997,1.138240999998743,0.4495615575606467,0.44618566788711805,14166.694568,0.9016699999992852,14167.832809,27.799999237060547
core,2.5324816439999998,40.6267269999953,16.045999633407366,16.30734861987602,254415.746582,31.980448000016622,254456.373309,27.799999237060547
uncore,2.532647877,0.008178000000000907,0.003229996475030715,0.0,55.519328,0.008178000000000907,55.527506,27.799999237060547
