zone,time_elapsed,power_j,watts,watts_since_last,start_power,prev_power,prev_power_reading,temp
package-0,0.000365093,0.0,0.0,0.0,34152.054904,0.0,34152.054904,27.799999237060547
dram,0.000481029,0.0,0.0,0.0,14076.355749,0.0,14076.355749,27.799999237060547
core,0.000572386,0.006286999996518716,27.004621739939164,0.0,251221.156615,0.0,251221.162902,27.799999237060547
uncore,0.000661695,0.0,0.0,0.0,54.906292,0.0,54.906292,27.799999237060547
package-0,1.000902216,17.021684999999707,17.008768813103337,17.012726574541897,34152.054904,0.0,34169.076589,27.799999237060547
dram,1.001007014,0.45611400000052527,0.4557678971517146,0.4558739495431664,14076.355749,0.0,14076.811863,27.799999237060547
core,1.001098758,15.569967999996152,15.558153387244333,15.55548991456434,251221.156615,0.006286999996518716,251236.726583,27.799999237060547
uncore,1.001188936,0.007750999999998953,0.007745118480946419,0.007746920688478179,54.906292,0.0,54.914043,27.799999237060547
package-0,2.001396603,34.51138600000559,17.244603650689974,17.480493324951894,34152.054904,17.021684999999707,34186.56629,27.799999237060547
dram,2.001536723,0.901426000000356,0.45042334985997035,0.4450775598459575,14076.355749,0.45611400000052527,14077.257175,27.799999237060547
core,2.001629339,31.634745999996085,15.807207985216653,16.05632049374306,251221.156615,15.569967999996152,251252.791361,27.799999237060547
uncore,2.001719068,0.007750999999998953,0.0038730094148191644,0.0,54.906292,0.007750999999998953,54.914043,27.799999237060547
package-0,2.5282551939999998,43.71930900000007,17.293149623255076,17.477558351231636,34152.054904,34.51138600000559,34195.774213,27.799999237060547
dram,2.528345689,1.1365929999992659,0.4495787618631308,0.44637047516225986,14076.355749,0.901426000000356,14077.492342,27.799999237060547
core,2.52843003,40.081073999986984,15.854047687316664,16.03197490612932,251221.156615,31.634745999996085,251261.237689,27.799999237060547
uncore,2.528513065,0.007750999999998953,0.003065903963162633,0.0,54.906292,0.007750999999998953,54.914043,27.799999237060547
