zone,time_elapsed,power_j,watts,watts_since_last,start_power,prev_power,prev_power_reading,temp
package-0,0.000431649,0.0,0.0,0.0,48082.319535,0.0,48082.319535,27.799999237060547
dram,0.000551904,0.0,0.0,0.0,14438.493127,0.0,14438.493127,27.799999237060547
core,0.000700794,0.005920000000060099,17.229286294452283,0.0,1848.408842,0.0,1848.414762,27.799999237060547
uncore,0.000831144,0.0,0.0,0.0,57.382116,0.0,57.382116,27.799999237060547
package-0,1.001136897,17.178178999994998,17.162205791820437,17.16809928271223,48082.319535,0.0,48099.497714,27.799999237060547
dram,1.00133579,0.4558710000001156,0.4554471062693686,0.45560350652496817,14438.493127,0.0,14438.948998,27.799999237060547
core,1.001521901,15.751362999999856,15.736716523197387,15.736203975657812,1848.408842,0.005920000000060099,1864.160205,27.799999237060547
uncore,1.001724686,0.006957999999997355,0.00695153007192881,0.006953917223071263,57.382116,0.0,57.389074,27.799999237060547
package-0,2.002041326,34.84347799999523,17.405861503677922,17.649526236136417,48082.319535,17.178178999994998,48117.163013,27.799999237060547
dram,2.002253109,0.9016700000011042,0.45042412649054836,0.4454009607513987,14438.493127,0.4558710000001156,14439.394797,27.799999237060547
core,2.002469689,31.976785999999947,15.973821799558081,16.210935854010117,1848.408842,15.751362999999856,1880.385628,27.799999237060547
uncore,2.002682056,0.006957999999997355,0.003475829374511968,0.0,57.382116,0.006957999999997355,57.389074,27.799999237060547
package-0,2.532486156,44.21265599999606,17.459443288833107,17.661639342956047,48082.319535,34.84347799999523,48126.532191,27.799999237060547
dram,2.5326039700000003,1.1382420000009006,0.44948830144892155,0.4459568750468645,14438.493127,0.9016700000011042,14439.631369,27.799999237060547
core,2.532816297,40.57362599999988,16.022401417580195,16.205721309711862,1848.408842,31.976785999999947,1888.982468,27.799999237060547
uncore,2.533004227,0.006957999999997355,0.0027476930226418748,0.0,57.382116,0.006957999999997355,57.389074,27.799999237060547
