zone,time_elapsed,power_j,watts,watts_since_last,start_power,prev_power,prev_power_reading,temp
package-0,0.000351774,0.0,0.0,0.0,36440.644931,0.0,36440.644931,27.799999237060547
dram,0.000469287,0.0,0.0,0.0,14135.701056,0.0,14135.701056,27.799999237060547
core,0.000561994,0.006653000018559396,30.189723870707375,0.0,253319.716001,0.0,253319.722654,27.799999237060547
uncore,0.000652951,0.0,0.0,0.0,55.307902,0.0,55.307902,27.799999237060547
package-0,1.0008898,17.412736999998742,17.399419188761538,17.40325146220877,36440.644931,0.0,36458.057668,27.799999237060547
dram,1.000995761,0.45599199999924167,0.45564324291517927,0.4557435996846951,14135.701056,0.0,14136.157048,27.799999237060547
core,1.001087824,15.962972000008449,15.950763014833925,15.947626841665599,253319.716001,0.006653000018559396,253335.678973,27.799999237060547
uncore,1.001178059,0.006958000000004461,0.0069526783018367035,0.006954209649760116,55.307902,0.0,55.31486,27.799999237060547
package-0,2.001384804,35.1336999999985,17.55566421543208,17.711949300441017,36440.644931,17.412736999998742,36475.778631,27.799999237060547
dram,2.001481625,0.9013040000008914,0.4503650449580352,0.4450854937684435,14135.701056,0.45599199999924167,14136.60236,27.799999237060547
core,2.001571186,32.256449000007706,16.11795476782603,16.28518938569493,253319.716001,15.962972000008449,253351.97245,27.799999237060547
uncore,2.00166057,0.006958000000004461,0.0034767847283679186,0.0,55.307902,0.006958000000004461,55.31486,27.799999237060547
package-0,2.515330875,44.20661299999483,17.57574781451824,17.65395441726729,36440.644931,35.1336999999985,36484.851544,27.799999237060547
dram,2.515421478,1.1304899999995541,0.44946232697875343,0.44594709516710324,14135.701056,0.9013040000008914,14136.831546,27.799999237060547
core,2.5155058930000003,40.58760400000028,16.136895452714736,16.210651486806594,253319.716001,32.256449000007706,253360.303605,27.799999237060547
uncore,2.515624161,0.006958000000004461,0.0027663746438459473,0.0,55.307902,0.006958000000004461,55.31486,27.799999237060547
