zone,time_elapsed,power_j,watts,watts_since_last,start_power,prev_power,prev_power_reading,temp
package-0,0.000357744,0.0,0.0,0.0,40667.002642,0.0,40667.002642,27.799999237060547
dram,0.000472768,0.0,0.0,0.0,14245.528716,0.0,14245.528716,27.799999237060547
core,0.000557923,0.007080000010319054,29.728912670559367,0.0,257194.32858,0.0,257194.33566,27.799999237060547
uncore,0.000640567,0.0,0.0,0.0,56.065469,0.0,56.065469,27.799999237060547
package-0,1.000980083,17.11238299999968,17.099662834411767,17.103733094854157,40667.002642,0.0,40684.115025,27.799999237060547
dram,1.001197044,0.4559929999995802,0.45565404624504324,0.45576250631573617,14245.528716,0.0,14245.984709,27.799999237060547
core,1.001402847,15.681844000006095,15.670187198472146,15.666840777275803,257194.32858,0.007080000010319054,257210.010424,27.799999237060547
uncore,1.001594329,0.00762900000000144,0.007623329127436806,0.0076251437208172245,56.065469,0.0,56.073098,27.799999237060547
package-0,2.001904517,34.60055899999861,17.285613184423525,17.471524676048798,40667.002642,17.11238299999968,40701.603201,27.799999237060547
dram,2.002077254,0.9012429999984306,0.4502394855280491,0.4448260563017617,14245.528716,0.4559929999995802,14246.429959,27.799999237060547
core,2.002270229,31.72806799999671,15.850585261846529,16.03094562710597,257194.32858,15.681844000006095,257226.056648,27.799999237060547
uncore,2.002450916,0.00762900000000144,0.003811266256825425,0.0,56.065469,0.00762900000000144,56.073098,27.799999237060547
package-0,2.520797103,43.64344300000084,17.314560925350523,17.426223935982428,40667.002642,34.60055899999861,40710.646085,27.799999237060547
dram,2.5209694750000002,1.1328099999991537,0.4494170581782765,0.44624462706756457,14245.528716,0.9012429999984306,14246.661526,27.799999237060547
core,2.521140815,40.02418899998884,15.878702762475397,15.987163204331006,257194.32858,31.72806799999671,257234.352769,27.799999237060547
uncore,2.521291818,0.00762900000000144,0.0030266353023413284,0.0,56.065469,0.00762900000000144,56.073098,27.799999237060547
