zone,time_elapsed,power_j,watts,watts_since_last,start_power,prev_power,prev_power_reading,temp
package-0,0.000617517,0.021178999995754566,45.12343481774974,0.0,45460.845106,0.0,45460.866285,27.799999237060547
dram,0.000777775,0.0007320000004256144,1.5595804481995887,0.0,14370.100419,0.0,14370.101151,27.799999237060547
core,0.000892945,0.009032999980263412,19.24547834646849,0.0,261589.199897,0.0,261589.20893,27.799999237060547
uncore,0.000979631,0.0,0.0,0.0,56.911231,0.0,56.911231,27.799999237060547
package-0,1.001303969,16.812212999997428,16.79419673994331,16.780908232165302,45460.845106,0.021178999995754566,45477.657319,27.799999237060547
dram,1.00152254,0.45599199999924167,0.45550335103586104,0.45498545722407246,14370.100419,0.0007320000004256144,14370.556411,27.799999237060547
core,1.001737441,15.366964999993797,15.350497492849886,15.348670458772006,261589.199897,0.009032999980263412,261604.566862,27.799999237060547
uncore,1.001948802,0.00762900000000144,0.007620824630824705,0.007624399361182908,56.911231,0.0,56.91886,27.799999237060547
package-0,2.002236785,34.27274000000034,17.118830328905872,17.443495171317636,45460.845106,16.812212999997428,45495.117846,27.799999237060547
dram,2.002465176,0.9016699999992852,0.4503735546866743,0.44524326447660856,14370.100419,0.45599199999924167,14371.002089,27.799999237060547
core,2.003311081,31.402507999999216,15.685183220077839,16.01990116850449,261589.199897,15.366964999993797,261620.602405,27.799999237060547
uncore,2.003524021,0.00762900000000144,0.0038105957264941838,0.0,56.911231,0.00762900000000144,56.91886,27.799999237060547
package-0,2.53197194,43.542003000002296,17.198209059793257,17.49821329887067,45460.845106,34.27274000000034,45504.387109,27.799999237060547
dram,2.532144621,1.1385470000004716,0.4497029989733709,0.44716869848406204,14370.100419,0.9016699999992852,14371.238966,27.799999237060547
core,2.532331117,39.89101099999971,15.756141185890582,16.024319957485382,261589.199897,31.402507999999216,261629.090908,27.799999237060547
uncore,2.532521352,0.00762900000000144,0.0030133004427283835,0.0,56.911231,0.00762900000000144,56.91886,27.799999237060547
