zone,time_elapsed,power_j,watts,watts_since_last,start_power,prev_power,prev_power_reading,temp
package-0,0.000348154,0.0,0.0,0.0,41018.065586,0.0,41018.065586,27.799999237060547
dram,0.000466329,0.000731999998606625,3.1912806478762943,0.0,14254.65528,0.0,14254.656012,27.799999237060547
core,0.000554161,0.005310000007739291,23.149863793958758,0.0,257516.154355,0.0,257516.159665,27.799999237060547
uncore,0.000639375,0.0,0.0,0.0,56.127541,0.0,56.127541,27.799999237060547
package-0,1.000873521,17.159929000001284,17.14704914835694,17.15098020166538,41018.065586,0.0,41035.225515,27.799999237060547
dram,1.000977657,0.4561149999990448,0.45577265047459464,0.45514552054276664,14254.65528,0.000731999998606625,14255.111395,27.799999237060547
core,1.001069727,15.70778500000597,15.69599509455465,15.694286255036085,257516.154355,0.005310000007739291,257531.86214,27.799999237060547
uncore,1.001160001,0.006835999999999842,0.00683086905418761,0.006832435067684316,56.127541,0.0,56.134377,27.799999237060547
package-0,2.00136646,34.65115700000024,17.31457191232589,17.482133339700177,41018.065586,17.159929000001284,41052.716743,27.799999237060547
dram,2.001462862,0.9013649999997142,0.4503961905730469,0.4450184898117886,14254.65528,0.4561149999990448,14255.556645,27.799999237060547
core,2.001553564,31.77115899999626,15.87548771440363,16.05502176024005,257516.154355,15.70778500000597,257547.925514,27.799999237060547
uncore,2.001643142,0.006835999999999842,0.0034158286141111023,0.0,56.127541,0.006835999999999842,56.134377,27.799999237060547
package-0,2.520172955,43.752940000005765,17.36175566431597,17.54376547173709,41018.065586,34.65115700000024,41061.818526,27.799999237060547
dram,2.520265157,1.1327489999985119,0.4494900540848187,0.44599466169308327,14254.65528,0.9013649999997142,14255.788029,27.799999237060547
core,2.52035579,40.124408999981824,15.921905710397368,16.100961638664163,257516.154355,31.77115899999626,257556.278764,27.799999237060547
uncore,2.520445232,0.006835999999999842,0.0027126168372055824,0.0,56.127541,0.006835999999999842,56.134377,27.799999237060547
