zone,time_elapsed,power_j,watts,watts_since_last,start_power,prev_power,prev_power_reading,temp
package-0,0.000642018,0.0,0.0,0.0,37328.551716,0.0,37328.551716,27.799999237060547
dram,0.000858394,0.0,0.0,0.0,14158.691048,0.0,14158.691048,27.799999237060547
core,0.001053789,0.010497999988729134,22.46926472708369,0.0,254134.017445,0.0,254134.027943,27.799999237060547
uncore,0.001211676,0.0,0.0,0.0,55.464457,0.0,55.464457,27.799999237060547
package-0,1.001453512,17.255632000000332,17.233036111982443,17.241080872565504,37328.551716,0.0,37345.807348,27.799999237060547
dram,1.001552452,0.45580899999913527,0.45521212767817215,0.4554246307193008,14158.691048,0.0,14159.146857,27.799999237060547
core,1.001638408,15.809284999995725,15.788583073024707,15.785464383776377,254134.017445,0.010497999988729134,254149.82673,27.799999237060547
uncore,1.00172152,0.009032999999995184,0.009021171476040485,0.009025382757455546,55.464457,0.0,55.47349,27.799999237060547
package-0,2.001931973,34.91940500000055,17.443796060574112,17.654724247634338,37328.551716,17.255632000000332,37363.471121,27.799999237060547
dram,2.00202246,0.9015479999998206,0.4503633280926491,0.44551065796805045,14158.691048,0.45580899999913527,14159.592596,27.799999237060547
core,2.002106668,32.04520599998068,16.008005811746795,16.227603703982517,254134.017445,15.809284999995725,254166.062651,27.799999237060547
uncore,2.002188878,0.009032999999995184,0.004512385300238634,0.0,55.464457,0.009032999999995184,55.47349,27.799999237060547
package-0,2.5242884549999998,44.163338999998814,17.49602341117019,17.69616910637799,37328.551716,34.91940500000055,37372.715055,27.799999237060547
dram,2.524391595,1.1346409999987372,0.44950644468372275,0.44622269539079024,14158.691048,0.9015479999998206,14159.825689,27.799999237060547
core,2.524582957,40.52650700000231,16.055233397207854,16.236218988420273,254134.017445,32.04520599998068,254174.543952,27.799999237060547
uncore,2.524776002,0.009032999999995184,0.0035785695341790237,0.0,55.464457,0.009032999999995184,55.47349,27.799999237060547
