zone,time_elapsed,power_j,watts,watts_since_last,start_power,prev_power,prev_power_reading,temp
package-0,0.000593039,0.01751700000022538,41.84313304005967,0.0,44934.185444,0.0,44934.202961,27.799999237060547
dram,0.000793926,0.0007320000004256144,1.748539898540768,0.0,14356.419607,0.0,14356.420339,27.799999237060547
core,0.000906204,0.011596999975154176,27.701935994730913,0.0,261106.358421,0.0,261106.370018,27.799999237060547
uncore,0.001000737,0.0,0.0,0.0,56.813209,0.0,56.813209,27.799999237060547
package-0,1.001272398,17.385635999999067,17.36599800847115,17.355758315705188,44934.185444,0.01751700000022538,44951.57108,27.799999237060547
dram,1.001378723,0.45580900000095426,0.45529413972892463,0.4547531270971757,14356.419607,0.0007320000004256144,14356.875416,27.799999237060547
core,1.001463938,15.942402999993647,15.924395216151368,15.919468234339337,261106.358421,0.011596999975154176,261122.300824,27.799999237060547
uncore,1.00154707,0.007263000000001796,0.007254796058974426,0.007257831009046308,56.813209,0.0,56.820472,27.799999237060547
package-0,2.001754216,35.05606199999602,17.513600616229464,17.661293768860126,44934.185444,17.385635999999067,44969.241506,27.799999237060547
dram,2.001892375,0.9015479999998206,0.450402889188155,0.4455086381742738,14356.419607,0.45580900000095426,14357.321155,27.799999237060547
core,2.002673606,32.18155799998203,16.07753186937465,16.230762462257452,261106.358421,15.942402999993647,261138.539979,27.799999237060547
uncore,2.002759464,0.007263000000001796,0.00362851027807175,0.0,56.813209,0.007263000000001796,56.820472,27.799999237060547
package-0,2.5290980640000003,44.37445899999875,17.546760686489222,17.672642622832537,44934.185444,35.05606199999602,44978.559903,27.799999237060547
dram,2.529217043,1.1369599999998172,0.4495821578378711,0.4464665054649392,14356.419607,0.9015479999998206,14357.556567,27.799999237060547
core,2.529302079,40.735674999974435,16.107895323910842,16.2231607748326,261106.358421,32.18155799998203,261147.094096,27.799999237060547
uncore,2.529385834,0.007263000000001796,0.0028719701769435954,0.0,56.813209,0.007263000000001796,56.820472,27.799999237060547
