zone,time_elapsed,power_j,watts,watts_since_last,start_power,prev_power,prev_power_reading,temp
package-0,0.000710522,0.0,0.0,0.0,50068.082457,0.0,50068.082457,27.799999237060547
dram,0.000844818,0.0,0.0,0.0,14489.958755,0.0,14489.958755,27.799999237060547
core,0.001035769,0.0097049999999399,18.86477040561667,0.0,3669.390813,0.0,3669.400518,27.799999237060547
uncore,0.001141584,0.0,0.0,0.0,57.738987,0.0,57.738987,27.799999237060547
package-0,1.001476149,16.810809000002337,16.78997141980245,16.798602765663546,50068.082457,0.0,50084.893266,27.799999237060547
dram,1.001621377,0.45568699999967066,0.45512216017497575,0.4553561282190719,14489.958755,0.0,14490.414442,27.799999237060547
core,1.002565329,15.378501000000142,15.359438815191455,15.357636803230966,3669.390813,0.0097049999999399,3684.769314,27.799999237060547
uncore,1.002750814,0.007751999999996428,0.007742391127412756,0.007746371316177925,57.738987,0.0,57.746739,27.799999237060547
package-0,2.003052168,34.28427500000544,17.1176122923437,17.4451277681089,50068.082457,16.810809000002337,50102.366732,27.799999237060547
dram,2.003251947,0.9016090000004624,0.45015953527654234,0.4451988097051317,14489.958755,0.45568699999967066,14490.860364,27.799999237060547
core,2.003466331,31.41105299999981,15.683056647637175,16.006550623030055,3669.390813,15.378501000000142,3700.801866,27.799999237060547
uncore,2.00362837,0.007751999999996428,0.0038704546177559885,0.0,57.738987,0.007751999999996428,57.746739,27.799999237060547
package-0,2.533061318,43.51411000000371,17.17966305575929,17.41414375550447,50068.082457,34.28427500000544,50111.596567,27.799999237060547
dram,2.533233477,1.1379969999998139,0.4492888632781421,0.44599872197776724,14489.958755,0.9016090000004624,14491.096752,27.799999237060547
core,2.533404804,39.878071999999975,15.7441308181013,15.97492111685833,3669.390813,31.41105299999981,3709.268885,27.799999237060547
uncore,2.533580486,0.007751999999996428,0.0030605416957435938,0.0,57.738987,0.007751999999996428,57.746739,27.799999237060547
