zone,time_elapsed,power_j,watts,watts_since_last,start_power,prev_power,prev_power_reading,temp
package-0,0.000385203,0.0,0.0,0.0,39479.44599,0.0,39479.44599,27.799999237060547
dram,0.000501187,0.0,0.0,0.0,14214.619372,0.0,14214.619372,27.799999237060547
core,0.000589123,0.007018999982392415,28.85781587731796,0.0,256105.797736,0.0,256105.804755,27.799999237060547
uncore,0.000734433,0.0,0.0,0.0,55.840616,0.0,55.840616,27.799999237060547
package-0,1.000972577,16.959184999999707,16.945161150741033,16.94928026434523,39479.44599,0.0,39496.405175,27.799999237060547
dram,1.001079595,0.45587000000159605,0.4554930330564525,0.4556037565563584,14214.619372,0.0,14215.075242,27.799999237060547
core,1.00117148,15.523519999987911,15.510683327444752,15.50743884043314,256105.797736,0.007018999982392415,256121.321256,27.799999237060547
uncore,1.001261471,0.009216000000002111,0.009208379127019831,0.009210617545374033,55.840616,0.0,55.849832,27.799999237060547
package-0,2.001473355,34.45822500000213,17.21738289103711,17.489684260690535,39479.44599,16.959184999999707,39513.904215,27.799999237060547
dram,2.001602471,0.9011810000010883,0.4502837372251616,0.44507291758875933,14214.619372,0.45587000000159605,14215.520553,27.799999237060547
core,2.002448039,31.589030999981333,15.783762567093515,16.056921686932352,256105.797736,15.523519999987911,256137.386767,27.799999237060547
uncore,2.002550329,0.009216000000002111,0.004604862865798356,0.0,55.840616,0.009216000000002111,55.849832,27.799999237060547
package-0,2.520003826,43.52234899999894,17.271416663308912,17.479964534896084,39479.44599,34.45822500000213,39522.968339,27.799999237060547
dram,2.520096794,1.1330530000013823,0.44964095262037684,0.44716007157911697,14214.619372,0.9011810000010883,14215.752425,27.799999237060547
core,2.520182936,39.90340099998866,15.835272699870094,16.034080373369036,256105.797736,31.589030999981333,256145.701137,27.799999237060547
uncore,2.5202676630000003,0.009216000000002111,0.0036572790675681427,0.0,55.840616,0.009216000000002111,55.849832,27.799999237060547
