zone,time_elapsed,power_j,watts,watts_since_last,start_power,prev_power,prev_power_reading,temp
package-0,0.000327274,0.0,0.0,0.0,43613.215742,0.0,43613.215742,27.799999237060547
dram,0.00045785,0.0,0.0,0.0,14322.002337,0.0,14322.002337,27.799999237060547
core,0.000550903,0.007507000002078712,36.12782136810584,0.0,259895.611948,0.0,259895.619455,27.799999237060547
uncore,0.000643273,0.0,0.0,0.0,56.574928,0.0,56.574928,27.799999237060547
package-0,1.000886828,16.693805000002612,16.681427614252822,16.68489199743715,43613.215742,0.0,43629.909547,27.799999237060547
dram,1.000993764,0.45538200000009965,0.4550443634530386,0.45513886663809705,14322.002337,0.0,14322.457719,27.799999237060547
core,1.001085727,15.2594209999952,15.248107117987153,15.243770838586231,259895.611948,0.007507000002078712,259910.871369,27.799999237060547
uncore,1.001175755,0.008667000000002645,0.008660573975360963,0.008662372595211772,56.574928,0.0,56.583595,27.799999237060547
package-0,2.001383484,34.087314999997034,17.03282138935882,17.38428947716147,43613.215742,16.693805000002612,43647.303057,27.799999237060547
dram,2.001512336,0.9011200000004465,0.4502735404765075,0.445501708567133,14322.002337,0.45538200000009965,14322.903457,27.799999237060547
core,2.002359867,31.22129399998812,15.600721976679715,15.953411406303484,259895.611948,15.2594209999952,259926.833242,27.799999237060547
uncore,2.002450208,0.008667000000002645,0.0043307448234520905,0.0,56.574928,0.008667000000002645,56.583595,27.799999237060547
package-0,2.531890283,43.308970999998564,17.106043023148757,17.382255200239307,43613.215742,34.087314999997034,43656.524713,27.799999237060547
dram,2.531983303,1.1375700000007782,0.44931386991063094,0.44569372812233177,14322.002337,0.9011200000004465,14323.139907,27.799999237060547
core,2.532074133,39.67647299999953,15.671290230950408,15.937493129420375,259895.611948,31.22129399998812,259935.288421,27.799999237060547
uncore,2.53216026,0.008667000000002645,0.003423264775366758,0.0,56.574928,0.008667000000002645,56.583595,27.799999237060547
