zone,time_elapsed,power_j,watts,watts_since_last,start_power,prev_power,prev_power_reading,temp
package-0,0.000379545,0.0,0.0,0.0,40360.771309,0.0,40360.771309,27.799999237060547
dram,0.000499712,0.0,0.0,0.0,14237.583119,0.0,14237.583119,27.799999237060547
core,0.00059435,0.006408999994164333,25.199841126440894,0.0,256913.5558,0.0,256913.562209,27.799999237060547
uncore,0.000683436,0.0,0.0,0.0,56.007058,0.0,56.007058,27.799999237060547
package-0,1.000927807,17.046831999999995,17.03327055285085,17.03760022742956,40360.771309,0.0,40377.818141,27.799999237060547
dram,1.001034329,0.4559929999995802,0.4556302390496351,0.4557460553667179,14237.583119,0.0,14238.039112,27.799999237060547
core,1.001126,15.596396000008099,15.583988433600965,15.581544187040818,256913.5558,0.006408999994164333,256929.152196,27.799999237060547
uncore,1.001216596,0.007568999999996606,0.007562978553110063,0.007564900981094702,56.007058,0.0,56.014627,27.799999237060547
package-0,2.001417346,34.404147999994166,17.190844897133164,17.348464275718307,40360.771309,17.046831999999995,40395.175457,27.799999237060547
dram,2.00154772,0.9013649999997142,0.45038830523290824,0.44514487328629226,14237.583119,0.4559929999995802,14238.484484,27.799999237060547
core,2.002397145,31.541056999994908,15.76023387582918,15.936529688507312,256913.5558,15.596396000008099,256945.096857,27.799999237060547
uncore,2.002487257,0.007568999999996606,0.0037820295688288704,0.0,56.007058,0.007568999999996606,56.014627,27.799999237060547
package-0,2.5358099320000003,43.74018399999477,17.24975320987384,17.470365468850627,40360.771309,34.404147999994166,40404.511493,27.799999237060547
dram,2.535902294,1.1403780000000552,0.4497292253268257,0.44726096405498883,14237.583119,0.9013649999997142,14238.723497,27.799999237060547
core,2.535988455,40.082843999989564,15.807413314717081,15.984100816125192,256913.5558,31.541056999994908,256953.638644,27.799999237060547
uncore,2.5360734750000002,0.007568999999996606,0.002984975601508493,0.0,56.007058,0.007568999999996606,56.014627,27.799999237060547
