zone,time_elapsed,power_j,watts,watts_since_last,start_power,prev_power,prev_power_reading,temp
package-0,0.00036636,0.0,0.0,0.0,40230.453528,0.0,40230.453528,27.799999237060547
dram,0.000476595,0.0,0.0,0.0,14234.196836,0.0,14234.196836,27.799999237060547
core,0.000557842,0.0073250000132247806,30.319336133714607,0.0,256794.08998,0.0,256794.097305,27.799999237060547
uncore,0.000636651,0.0,0.0,0.0,55.981057,0.0,55.981057,27.799999237060547
package-0,1.000872444,16.74263300000166,16.73034411053318,16.73438408658509,40230.453528,0.0,40247.196161,27.799999237060547
dram,1.000969347,0.4561150000008638,0.45578021712531935,0.4558902770947949,14234.196836,0.0,14234.652951,27.799999237060547
core,1.001050278,15.28847400000086,15.277252445593755,15.273620143862882,256794.08998,0.0073250000132247806,256809.378454,27.799999237060547
uncore,1.001129287,0.009095000000002074,0.00908832438035994,0.009090518992294164,55.981057,0.0,55.990152,27.799999237060547
package-0,2.001328912,34.23947500000213,17.10926338860183,17.488275333351876,40230.453528,16.74263300000166,40264.693003,27.799999237060547
dram,2.001415717,0.9013040000008914,0.45037628436810656,0.444971030051015,14234.196836,0.4561150000008638,14235.09814,27.799999237060547
core,2.001495282,31.355999000021257,15.668407465478541,16.059658144359066,256794.08998,15.28847400000086,256825.445979,27.799999237060547
uncore,2.001573242,0.009095000000002074,0.004544717771500861,0.0,55.981057,0.009095000000002074,55.990152,27.799999237060547
package-0,2.524833649,43.393627000004926,17.187358655670156,17.485890129542803,40230.453528,34.23947500000213,40273.847155,27.799999237060547
dram,2.5249205420000003,1.1354340000016236,0.4497229832359457,0.44722563663367293,14234.196836,0.9013040000008914,14235.33227,27.799999237060547
core,2.5250008299999998,39.76515700001619,15.750193348858193,16.06283278558542,256794.08998,31.355999000021257,256833.855137,27.799999237060547
uncore,2.52507913,0.009095000000002074,0.0036023498790119105,0.0,55.981057,0.009095000000002074,55.990152,27.799999237060547
