zone,time_elapsed,power_j,watts,watts_since_last,start_power,prev_power,prev_power_reading,temp
package-0,0.000326097,0.0,0.0,0.0,50331.276058,0.0,50331.276058,27.799999237060547
dram,0.000445022,0.0,0.0,0.0,14496.827573,0.0,14496.827573,27.799999237060547
core,0.000545279,0.007141000000046915,32.238695463950606,0.0,3910.584898,0.0,3910.592039,27.799999237060547
uncore,0.000721338,0.0,0.0,0.0,57.787449,0.0,57.787449,27.799999237060547
package-0,1.000965803,17.02559199999814,17.011571267098656,17.015337128556155,50331.276058,0.0,50348.30165,27.799999237060547
dram,1.001098881,0.4561749999993481,0.45579933565649206,0.45590023622138126,14496.827573,0.0,14497.283748,27.799999237060547
core,1.001944944,15.590779999999995,15.577940848088291,15.574252647117573,3910.584898,0.007141000000046915,3926.175678,27.799999237060547
uncore,1.002030792,0.007568999999996606,0.007562766858305194,0.007564441032417425,57.787449,0.0,57.795018,27.799999237060547
package-0,2.002241121,34.74045099999785,17.351709473468077,17.69168264804721,50331.276058,17.02559199999814,50366.016509,27.799999237060547
dram,2.002331395,0.9019749999988562,0.4505067637812903,0.44521675981112097,14496.827573,0.4561749999993481,14497.729548,27.799999237060547
core,2.002414724,31.85856100000001,15.912300468258024,16.246497860351983,3910.584898,15.590779999999995,3942.443459,27.799999237060547
uncore,2.002496513,0.007568999999996606,0.00378046586109746,0.0,57.787449,0.007568999999996606,57.795018,27.799999237060547
package-0,2.5293687780000003,44.09021899999789,17.432068437534493,17.737289095340618,50331.276058,34.74045099999785,50375.366277,27.799999237060547
dram,2.529471966,1.1371429999999236,0.44959528550454475,0.4461332946434583,14496.827573,0.9019749999988562,14497.964716,27.799999237060547
core,2.529663404,40.45259399999986,15.993850860296895,16.303596818219894,3910.584898,31.85856100000001,3951.037492,27.799999237060547
uncore,2.529856363,0.007568999999996606,0.002992575881821901,0.0,57.787449,0.007568999999996606,57.795018,27.799999237060547
