zone,time_elapsed,power_j,watts,watts_since_last,start_power,prev_power,prev_power_reading,temp
package-0,0.000785498,0.0,0.0,0.0,47812.142188,0.0,47812.142188,27.799999237060547
dram,0.000917079,0.0,0.0,0.0,14431.416607,0.0,14431.416607,27.799999237060547
core,0.001027885,0.008667000000059488,15.096673053578623,0.0,1600.85375,0.0,1600.862417,27.799999237060547
uncore,0.00111374,0.0,0.0,0.0,57.331518,0.0,57.331518,27.799999237060547
package-0,1.001361251,17.243303000002925,17.222333087235906,17.23221407024872,47812.142188,0.0,47829.385491,27.799999237060547
dram,1.001460578,0.45733500000096683,0.4567788261023047,0.45704089418555843,14431.416607,0.0,14431.873942,27.799999237060547
core,1.001545529,15.792257000000063,15.773051732210924,15.773439791494177,1600.85375,0.008667000000059488,1616.646007,27.799999237060547
uncore,1.001628844,0.009032999999995184,0.009022014794781059,0.00902719100258502,57.331518,0.0,57.340551,27.799999237060547
package-0,2.001832131,34.890596000004734,17.43026472784963,17.638343974526205,47812.142188,17.243303000002925,47847.032784,27.799999237060547
dram,2.001922736,0.9026470000007976,0.45093457749506627,0.44508618018527957,14431.416607,0.45733500000096683,14432.319254,27.799999237060547
core,2.002006318,32.01316300000008,15.992788024192146,16.21268030209658,1600.85375,15.792257000000063,1632.866913,27.799999237060547
uncore,2.00208866,0.009032999999995184,0.004512607961370462,0.0,57.331518,0.009032999999995184,57.340551,27.799999237060547
package-0,2.52347673,44.142220000001544,17.49337734596904,17.735562543621217,47812.142188,34.890596000004734,47856.284408,27.799999237060547
dram,2.523579576,1.1357400000015332,0.450089016522889,0.4468443032266306,14431.416607,0.9026470000007976,14432.552347,27.799999237060547
core,2.523769116,40.50825899999995,16.053253785496533,16.285282067463637,1600.85375,32.01316300000008,1641.362009,27.799999237060547
uncore,2.523953149,0.009032999999995184,0.0035797401572926907,0.0,57.331518,0.009032999999995184,57.340551,27.799999237060547
