zone,time_elapsed,power_j,watts,watts_since_last,start_power,prev_power,prev_power_reading,temp
package-0,0.000778256,0.0,0.0,0.0,37285.050179,0.0,37285.050179,27.799999237060547
dram,0.000999889,0.0,0.0,0.0,14157.540721,0.0,14157.540721,27.799999237060547
core,0.001158446,0.011961999989580363,20.48017639725646,0.0,254094.194793,0.0,254094.206755,27.799999237060547
uncore,0.001308983,0.0,0.0,0.0,55.455668,0.0,55.455668,27.799999237060547
package-0,1.001650671,16.258565000003728,16.235479755104464,16.244954587171684,37285.050179,0.0,37301.308744,27.799999237060547
dram,1.001873875,0.4564810000010766,0.45583285081467034,0.4560988694219021,14157.540721,0.0,14157.997202,27.799999237060547
core,1.002088765,14.817466999986209,14.796427944295786,14.793110976585782,254094.194793,0.011961999989580363,254109.01226,27.799999237060547
uncore,1.00230361,0.008789000000000158,0.008776520656502156,0.008781642529129833,55.455668,0.0,55.464457,27.799999237060547
package-0,2.002585643,33.79392000000371,16.876723399439523,17.51825252567975,37285.050179,16.258565000003728,37318.844099,27.799999237060547
dram,2.002812075,0.9023420000012266,0.45063065621615034,0.4454261455986909,14157.540721,0.4564810000010766,14158.443063,27.799999237060547
core,2.003011381,30.91526499998872,15.439119706300012,16.08209759491192,254094.194793,14.817466999986209,254125.110058,27.799999237060547
uncore,2.003222602,0.008789000000000158,0.004389236938409641,0.0,55.455668,0.008789000000000158,55.464457,27.799999237060547
package-0,2.556373743,43.488231000003,17.013104148676536,17.506255030391273,37285.050179,33.79392000000371,37328.53841,27.799999237060547
dram,2.556563737,1.1498389999997016,0.44983045323696097,0.4469369304564678,14157.540721,0.9023420000012266,14158.69056,27.799999237060547
core,2.556752506,39.807697999989614,15.573236630223917,16.05820155127006,254094.194793,30.91526499998872,254134.002491,27.799999237060547
uncore,2.556942856,0.008789000000000158,0.0034383595038094436,0.0,55.455668,0.008789000000000158,55.464457,27.799999237060547
