zone,time_elapsed,power_j,watts,watts_since_last,start_power,prev_power,prev_power_reading,temp
package-0,0.000659264,0.0,0.0,0.0,49629.763694,0.0,49629.763694,27.799999237060547
dram,0.000877179,0.0,0.0,0.0,14478.545454,0.0,14478.545454,27.799999237060547
core,0.001077797,0.012512999999671592,26.22297386435556,0.0,3267.630489,0.0,3267.643002,27.799999237060547
uncore,0.001210938,0.0,0.0,0.0,57.652928,0.0,57.652928,27.799999237060547
package-0,1.001554662,16.017781000002287,15.996729991193265,16.0043568655506,49629.763694,0.0,49645.781475,27.799999237060547
dram,1.001690859,0.45593100000041886,0.45533180292703435,0.4555488946985236,14478.545454,0.0,14479.001385,27.799999237060547
core,1.002598298,14.590783000000101,14.57160739125233,14.566052286663421,3267.630489,0.012512999999671592,3282.221272,27.799999237060547
uncore,1.002808841,0.006835999999999842,0.006827015940583719,0.006830270905369836,57.652928,0.0,57.659764,27.799999237060547
package-0,2.003102536,33.55985099999816,16.755503750085197,17.514062999142997,49629.763694,16.017781000002287,49663.323545,27.799999237060547
dram,2.003317149,0.9022190000014234,0.45045294861180385,0.4455754735775745,14478.545454,0.45593100000041886,14479.447673,27.799999237060547
core,2.003524022,30.689618999999766,15.322476438980917,16.07313321158402,3267.630489,14.590783000000101,3298.320108,27.799999237060547
uncore,2.003712284,0.006835999999999842,0.0034130253926212615,0.0,57.652928,0.006835999999999842,57.659764,27.799999237060547
package-0,2.585937998,43.729379999997036,16.91162724847774,17.44813880018381,49629.763694,33.55985099999816,49673.493074,27.799999237060547
dram,2.586110823,1.161801000000196,0.4493076610945166,0.4453719307952608,14478.545454,0.9022190000014234,14479.707255,27.799999237060547
core,2.586283056,40.01704900000004,15.475943548070324,16.003326534495482,3267.630489,30.689618999999766,3307.647538,27.799999237060547
uncore,2.586459733,0.006835999999999842,0.0026437119362451283,0.0,57.652928,0.006835999999999842,57.659764,27.799999237060547
