zone,time_elapsed,power_j,watts,watts_since_last,start_power,prev_power,prev_power_reading,temp
package-0,0.000402142,0.0,0.0,0.0,42426.039826,0.0,42426.039826,27.799999237060547
dram,0.000555246,0.0,0.0,0.0,14291.229527,0.0,14291.229527,27.799999237060547
core,0.000684006,0.009399000002304092,32.37428657841126,0.0,258807.007984,0.0,258807.017383,27.799999237060547
uncore,0.000811923,0.0,0.0,0.0,56.366005,0.0,56.366005,27.799999237060547
package-0,1.001058968,17.30934300000081,17.293527049196225,17.298544625697843,42426.039826,0.0,42443.349169,27.799999237060547
dram,1.001158964,0.45568699999967066,0.4552706281492611,0.4554027212265831,14291.229527,0.0,14291.685214,27.799999237060547
core,1.00124385,15.859396000014385,15.844904899634281,15.840109033709316,258807.007984,0.009399000002304092,258822.86738,27.799999237060547
uncore,1.001326759,0.007812999999998738,0.007805861079495735,0.00780812588672771,56.366005,0.0,56.373818,27.799999237060547
package-0,2.00152973,35.065522999997484,17.520300221506794,17.747165557964657,42426.039826,17.30934300000081,42461.105349,27.799999237060547
dram,2.001620609,0.9009990000013204,0.45017931086616525,0.4450859243924716,14291.229527,0.45568699999967066,14292.130526,27.799999237060547
core,2.001704304,32.18894399999408,16.083032974959668,16.321257829241684,258807.007984,15.859396000014385,258839.196928,27.799999237060547
uncore,2.001786187,0.007812999999998738,0.0039037234844784803,0.0,56.366005,0.007812999999998738,56.373818,27.799999237060547
package-0,2.520744881,44.30048499999975,17.575029772637265,17.785991479383537,42426.039826,35.065522999997484,42470.340311,27.799999237060547
dram,2.520846448,1.1323210000009567,0.449218000371764,0.4455125122319376,14291.229527,0.9009990000013204,14292.361848,27.799999237060547
core,2.52103375,40.68373399999109,16.140180774813242,16.360463915180397,258807.007984,32.18894399999408,258847.691718,27.799999237060547
uncore,2.521198398,0.007812999999998738,0.003099598291386506,0.0,56.366005,0.007812999999998738,56.373818,27.799999237060547
