zone,time_elapsed,power_j,watts,watts_since_last,start_power,prev_power,prev_power_reading,temp
package-0,0.000449791,0.0,0.0,0.0,46085.755677,0.0,46085.755677,27.799999237060547
dram,0.000669091,0.0,0.0,0.0,14386.481297,0.0,14386.481297,27.799999237060547
core,0.000862032,0.01129099999999994,41.845175445098135,0.0,18.340346,0.0,18.351637,27.799999237060547
uncore,0.000993661,0.0,0.0,0.0,57.020544,0.0,57.020544,27.799999237060547
package-0,1.00124054,17.28651600000012,17.26754903059658,17.27220444139423,46085.755677,0.0,46103.042193,27.799999237060547
dram,1.001340594,0.4556269999993674,0.4551270806767917,0.4552497850352349,14386.481297,0.0,14386.936924,27.799999237060547
core,1.001425348,15.838581999999999,15.82120372087253,15.814187538161942,18.340346,0.01129099999999994,34.178928,27.799999237060547
uncore,1.001544701,0.006835999999999842,0.006828499460108369,0.006830340455032548,57.020544,0.0,57.02738,27.799999237060547
package-0,2.001756779,34.98159999999916,17.476388183865698,17.685341622803264,46085.755677,17.28651600000012,46120.737277,27.799999237060547
dram,2.001880663,0.9008770000000368,0.45006735420670857,0.4450048588390662,14386.481297,0.4556269999993674,14387.382174,27.799999237060547
core,2.002707682,32.123086,16.048308842354697,16.275538245420133,18.340346,15.838581999999999,50.463432,27.799999237060547
uncore,2.002792623,0.006835999999999842,0.003415183685849304,0.0,57.020544,0.006835999999999842,57.02738,27.799999237060547
package-0,2.518804817,44.13349300000118,17.522361079863206,17.700336670261695,46085.755677,34.98159999999916,46129.88917,27.799999237060547
dram,2.518907609,1.1315279999998893,0.44925159646831,0.446093540793038,14386.481297,0.9008770000000368,14387.612825,27.799999237060547
core,2.519094546,40.519671,16.087562026854364,16.23952349316546,18.340346,32.123086,58.860017,27.799999237060547
uncore,2.519289777,0.006835999999999842,0.0027141033305915514,0.0,57.020544,0.006835999999999842,57.02738,27.799999237060547
