zone,time_elapsed,power_j,watts,watts_since_last,start_power,prev_power,prev_power_reading,temp
package-0,0.000380649,0.0,0.0,0.0,39566.563382,0.0,39566.563382,27.799999237060547
dram,0.000534077,0.0,0.0,0.0,14216.892681,0.0,14216.892681,27.799999237060547
core,0.000661581,0.006774999987101182,26.62940510145187,0.0,256185.634507,0.0,256185.641282,27.799999237060547
uncore,0.000851396,0.0,0.0,0.0,55.859109,0.0,55.859109,27.799999237060547
package-0,1.001200024,16.733232999999018,16.716994696445703,16.721244753736563,39566.563382,0.0,39583.296615,27.799999237060547
dram,1.001426029,0.4561150000008638,0.45567237580354136,0.455788224001031,14216.892681,0.0,14217.348796,27.799999237060547
core,1.001637202,15.29109799998696,15.276259176491985,15.273372801190165,256185.634507,0.006774999987101182,256200.925605,27.799999237060547
uncore,1.001848444,0.00701900000000677,0.007012188605422064,0.007013971354286229,55.859109,0.0,55.866128,27.799999237060547
package-0,2.002150351,34.28189399999974,17.12424387552973,17.531489764819078,39566.563382,16.733232999999018,39600.845276,27.799999237060547
dram,2.002364846,0.9017920000005688,0.45045662100849976,0.4452409083467838,14216.892681,0.4561150000008638,14217.794473,27.799999237060547
core,2.003184761,31.413065999979153,15.691227651008962,16.10619277337412,256185.634507,15.29109799998696,256217.047573,27.799999237060547
uncore,2.003420626,0.00701900000000677,0.003506080141384837,0.0,55.859109,0.00701900000000677,55.866128,27.799999237060547
package-0,2.541254013,43.721261999999115,17.206072373285455,17.509950885917085,39566.563382,34.28189399999974,39610.284644,27.799999237060547
dram,2.541445142,1.1423919999997452,0.4495771286441441,0.4463110436140965,14216.892681,0.9017920000005688,14218.035073,27.799999237060547
core,2.541635382,40.06288599999971,15.766354502728982,16.045345765987005,256185.634507,31.413065999979153,256225.697393,27.799999237060547
uncore,2.5418271900000002,0.00701900000000677,0.0027622583718697217,0.0,55.859109,0.00701900000000677,55.866128,27.799999237060547
