zone,time_elapsed,power_j,watts,watts_since_last,start_power,prev_power,prev_power_reading,temp
package-0,0.000750883,0.0,0.0,0.0,253832.251799,0.0,253832.251799,27.799999237060547
dram,0.000867942,0.0008549999984097667,1.4847977521547222,0.0,13075.330357,0.0,13075.331212,27.799999237060547
core,0.000980549,0.007689999998547137,13.354496763917394,0.0,211947.288834,0.0,211947.296524,27.799999237060547
uncore,0.001082817,0.0,0.0,0.0,48.63696,0.0,48.63696,27.799999237060547
package-0,1.001336738,18.875989000021946,18.85355688720909,18.864406782460904,253832.251799,0.0,253851.127788,27.799999237060547
dram,1.00143723,0.458067999999912,0.45752363471913415,0.45693245626746276,13075.330357,0.0008549999984097667,13075.788425,27.799999237060547
core,1.001522128,17.433548999979394,17.412831074264588,17.415166575328257,211947.288834,0.007689999998547137,211964.722383,27.799999237060547
uncore,1.001604985,0.007018999999999664,0.007010658662238065,0.007014693174801745,48.63696,0.0,48.643979,27.799999237060547
package-0,2.001818091,38.56185200001346,19.26450636035863,19.67573306687643,253832.251799,18.875989000021946,253870.813651,27.799999237060547
dram,2.001911466,0.9047219999993104,0.4519757693001107,0.4464241611985503,13075.330357,0.458067999999912,13076.235079,27.799999237060547
core,2.001995579,35.69631999998819,17.83296050409948,18.25337336025451,211947.288834,17.433548999979394,211982.985154,27.799999237060547
uncore,2.002078041,0.007018999999999664,0.0035065113092416717,0.0,48.63696,0.007018999999999664,48.643979,27.799999237060547
package-0,2.760996639,53.48954800001229,19.3746414386551,19.6650625706,253832.251799,38.56185200001346,253885.741347,27.799999237060547
dram,2.761197065,1.244686999998521,0.45084255205000245,0.44785431032351075,13075.330357,0.9047219999993104,13076.575044,27.799999237060547
core,2.761301106,49.52215099998284,17.937596311252847,18.213516118325106,211947.288834,35.69631999998819,211996.810985,27.799999237060547
uncore,2.761489532,0.007018999999999664,0.0025423772184031616,0.0,48.63696,0.007018999999999664,48.643979,27.799999237060547
