zone,time_elapsed,power_j,watts,watts_since_last,start_power,prev_power,prev_power_reading,temp
package-0,0.000431802,0.0,0.0,0.0,9253.480522,0.0,9253.480522,27.799999237060547
dram,0.00057836,0.0008550000002287561,3.036372547742985,0.0,13486.397481,0.0,13486.398336,27.799999237060547
core,0.000706468,0.00872799998614937,30.99585911994691,0.0,228202.154814,0.0,228202.163542,27.799999237060547
uncore,0.000831926,0.0,0.0,0.0,51.178579,0.0,51.178579,27.799999237060547
package-0,1.001088223,19.01435599999968,18.99651620066699,19.001861838797847,9253.480522,0.0,9272.494878,27.799999237060547
dram,1.001225409,0.4578239999991638,0.4573944567482814,0.45666872980570694,13486.397481,0.0008550000002287561,13486.855305,27.799999237060547
core,1.002053849,17.58577099998365,17.569271538957974,17.565493284156823,228202.154814,0.00872799998614937,228219.740585,27.799999237060547
uncore,1.002138636,0.006225999999998066,0.006220158593081876,0.006221908951758379,51.178579,0.0,51.184805,27.799999237060547
package-0,2.002358254,38.77022500000021,19.363426730366548,19.73020473888438,9253.480522,19.01435599999968,9292.250747,27.799999237060547
dram,2.002452526,0.9038670000009006,0.45142793028705824,0.4454635588229623,13486.397481,0.4578239999991638,13487.301348,27.799999237060547
core,2.002537726,35.896758999995654,17.92830097720707,18.28720074077643,228202.154814,17.58577099998365,228238.051573,27.799999237060547
uncore,2.002620993,0.006225999999998066,0.003109517544023127,0.0,51.178579,0.006225999999998066,51.184805,27.799999237060547
package-0,2.7531320900000003,53.58256500000061,19.463352811922487,19.72985151946606,9253.480522,38.77022500000021,9307.063087,27.799999237060547
dram,2.753328127,1.2393769999998767,0.4501918080625551,0.4468951214511466,13486.397481,0.9038670000009006,13487.636858,27.799999237060547
core,2.753518978,49.628169000003254,18.02695639256476,18.29006628615425,228202.154814,35.896758999995654,228251.782983,27.799999237060547
uncore,2.7537102449999997,0.006225999999998066,0.002261534784812754,0.0,51.178579,0.006225999999998066,51.184805,27.799999237060547
