zone,time_elapsed,power_j,watts,watts_since_last,start_power,prev_power,prev_power_reading,temp
package-0,0.000382382,0.0,0.0,0.0,253192.17458,0.0,253192.17458,27.799999237060547
dram,0.000505336,0.0,0.0,0.0,13060.335889,0.0,13060.335889,27.799999237060547
core,0.000590276,0.006225999997695908,24.504478965726427,0.0,211355.006964,0.0,211355.01319,27.799999237060547
uncore,0.000672319,0.0,0.0,0.0,48.549985,0.0,48.549985,27.799999237060547
package-0,1.001017629,19.046521000011126,19.03173469340751,19.036567673493334,253192.17458,0.0,253211.221101,27.799999237060547
dram,1.001219588,0.45764000000053784,0.4572847222385738,0.4574008465956927,13060.335889,0.0,13060.793529,27.799999237060547
core,1.001426466,17.595780000003288,17.58211994113954,17.580362054964066,211355.006964,0.006225999997695908,211372.602744,27.799999237060547
uncore,1.001620851,0.006897000000002151,0.006891645680615157,0.006893395767345007,48.549985,0.0,48.556882,27.799999237060547
package-0,2.001960687,38.66542800000752,19.316007092910922,19.600229510091182,253192.17458,19.046521000011126,253230.840008,27.799999237060547
dram,2.002158671,0.9041109999998298,0.451664843559267,0.4460459529976695,13060.335889,0.45764000000053784,13061.24,27.799999237060547
core,2.002364149,35.77969399999711,17.87438698689672,18.16660264466846,211355.006964,17.595780000003288,211390.786658,27.799999237060547
uncore,2.002558015,0.006897000000002151,0.003445519881994382,0.0,48.549985,0.006897000000002151,48.556882,27.799999237060547
package-0,2.7532736079999998,53.33964600000763,19.374503887820623,19.530348778804704,253192.17458,38.66542800000752,253245.514226,27.799999237060547
dram,2.753450836,1.2401090000003023,0.4504434964158511,0.44718963075170365,13060.335889,0.9041109999998298,13061.575998,27.799999237060547
core,2.753623353,49.37902399999439,17.935891296776553,18.099748692435064,211355.006964,35.77969399999711,211404.385988,27.799999237060547
uncore,2.753796137,0.006897000000002151,0.002505190104079832,0.0,48.549985,0.006897000000002151,48.556882,27.799999237060547
