zone,time_elapsed,power_j,watts,watts_since_last,start_power,prev_power,prev_power_reading,temp
package-0,0.000601392,0.0,0.0,0.0,1108.303681,0.0,1108.303681,27.799999237060547
dram,0.000732693,0.0,0.0,0.0,13296.038532,0.0,13296.038532,27.799999237060547
core,0.000909363,0.006104000000050291,11.944317252435809,0.0,220663.479838,0.0,220663.485942,27.799999237060547
uncore,0.001066014,0.0,0.0,0.0,49.976373,0.0,49.976373,27.799999237060547
package-0,1.001412706,19.193187999999964,19.17072428206652,19.18051478174616,1108.303681,0.0,1127.496869,27.799999237060547
dram,1.001559643,0.4576409999990574,0.4571053767175703,0.45733882069070714,13296.038532,0.0,13296.496173,27.799999237060547
core,1.001715755,17.747758000012254,17.726986014156473,17.729939226347422,220663.479838,0.006104000000050291,220681.227596,27.799999237060547
uncore,1.001845496,0.006957999999997355,0.006949856352918983,0.006953405648469619,49.976373,0.0,49.983331,27.799999237060547
package-0,2.002149988,38.9156109999999,19.43895409800903,19.707292194320853,1108.303681,19.193187999999964,1147.219292,27.799999237060547
dram,2.002358818,0.9036849999993137,0.45140473919440705,0.44570180040904367,13296.038532,0.4576409999990574,13296.942217,27.799999237060547
core,2.002565127,36.030426000012085,17.997759232045667,18.268641757037535,220663.479838,17.747758000012254,220699.510264,27.799999237060547
uncore,2.002749338,0.006957999999997355,0.0034756294232125965,0.0,49.976373,0.006957999999997355,49.983331,27.799999237060547
package-0,2.746592142,53.563094999999976,19.502691660509957,19.674078622469725,1108.303681,38.9156109999999,1161.866776,27.799999237060547
dram,2.746688124,1.2360200000002806,0.4500433917462947,0.44638279987317026,13296.038532,0.9036849999993137,13297.274552,27.799999237060547
core,2.746773086,49.6131549999991,18.06449131197648,18.243930374215985,220663.479838,36.030426000012085,220713.092993,27.799999237060547
uncore,2.746856879,0.006957999999997355,0.0025334557044132113,0.0,49.976373,0.006957999999997355,49.983331,27.799999237060547
