zone,time_elapsed,power_j,watts,watts_since_last,start_power,prev_power,prev_power_reading,temp
package-0,0.000658237,0.0,0.0,0.0,256445.305778,0.0,256445.305778,27.799999237060547
dram,0.000859467,0.0,0.0,0.0,13136.641846,0.0,13136.641846,27.799999237060547
core,0.00103135,0.009766000002855435,20.467186700426772,0.0,214364.77056,0.0,214364.780326,27.799999237060547
uncore,0.001140652,0.0,0.0,0.0,49.011776,0.0,49.011776,27.799999237060547
package-0,1.001490934,18.39381300000241,18.370949196357746,18.37970824647669,256445.305778,0.0,256463.699591,27.799999237060547
dram,1.001691858,0.45782299999882525,0.45725391869001863,0.45747193192102165,13136.641846,0.0,13137.099669,27.799999237060547
core,1.001902143,16.95210500000394,16.93103326245372,16.92934726654461,214364.77056,0.009766000002855435,214381.722665,27.799999237060547
uncore,1.002107622,0.007141000000004283,0.0071321236228318804,0.007135524134563701,49.011776,0.0,49.018917,27.799999237060547
package-0,2.002437163,38.09792499998002,19.027895784200428,19.685022744446528,256445.305778,18.39381300000241,256483.403703,27.799999237060547
dram,2.002652719,0.9036839999989752,0.45134229682689797,0.4454290518585459,13136.641846,0.45782299999882525,13137.54553,27.799999237060547
core,2.002846975,35.22073500000988,17.590891761781773,18.25093143301275,214364.77056,16.95210500000394,214399.991295,27.799999237060547
uncore,2.003053623,0.007141000000004283,0.0035665512963009927,0.0,49.011776,0.007141000000004283,49.018917,27.799999237060547
package-0,2.780886829,53.308273999980884,19.17111575293251,19.539489063540756,256445.305778,38.09792499998002,256498.614052,27.799999237060547
dram,2.781055369,1.2509119999995164,0.44986222492837874,0.44605536063408674,13136.641846,0.9036839999989752,13137.892758,27.799999237060547
core,2.7811638260000002,49.31969800000661,17.736714553131844,18.11178253343735,214364.77056,35.22073500000988,214414.090258,27.799999237060547
uncore,2.781313838,0.007141000000004283,0.002568099233372708,0.0,49.011776,0.007141000000004283,49.018917,27.799999237060547
