zone,time_elapsed,power_j,watts,watts_since_last,start_power,prev_power,prev_power_reading,temp
package-0,0.000675536,0.0,0.0,0.0,261589.988347,0.0,261589.988347,27.799999237060547
dram,0.000808584,0.0009160000008705538,1.6172373505389388,0.0,13257.260128,0.0,13257.261044,27.799999237060547
core,0.001006031,0.0073850000044330955,13.038534748415595,0.0,219125.588329,0.0,219125.595714,27.799999237060547
uncore,0.001159816,0.0,0.0,0.0,49.731928,0.0,49.731928,27.799999237060547
package-0,1.001516317,18.869459000008646,18.84560794206035,18.856274598527982,261589.988347,0.0,261608.857806,27.799999237060547
dram,1.001676202,0.458372999999483,0.45779361502692406,0.45713736726573334,13257.260128,0.0009160000008705538,13257.718501,27.799999237060547
core,1.001824979,17.42848299999605,17.406453340429042,17.40892559217294,219125.588329,0.0073850000044330955,219143.016812,27.799999237060547
uncore,1.002034184,0.006835999999999842,0.006827359273621069,0.006831223574320559,49.731928,0.0,49.738764,27.799999237060547
package-0,2.00238239,38.64180799998576,19.300082222088072,19.754726105139607,261589.988347,18.869459000008646,261628.630155,27.799999237060547
dram,2.002594726,0.9063700000006065,0.4526966109777296,0.44759770480263467,13257.260128,0.458372999999483,13258.166498,27.799999237060547
core,2.002789111,35.76315300000715,17.862305858501966,18.318328493936587,219125.588329,17.42848299999605,219161.351482,27.799999237060547
uncore,2.002995232,0.006835999999999842,0.0034143164851458204,0.0,49.731928,0.006835999999999842,49.738764,27.799999237060547
package-0,2.771664077,53.85984799999278,19.433713611743517,19.781495665476,261589.988347,38.64180799998576,261643.848195,27.799999237060547
dram,2.7718421380000002,1.2512790000000678,0.45148656443281077,0.44833736068967195,13257.260128,0.9063700000006065,13258.511407,27.799999237060547
core,2.772016576,49.88128100000904,17.99816682626377,18.351751463167652,219125.588329,35.76315300000715,219175.46961,27.799999237060547
uncore,2.772193789,0.006835999999999842,0.002466565933307005,0.0,49.731928,0.006835999999999842,49.738764,27.799999237060547
