zone,time_elapsed,power_j,watts,watts_since_last,start_power,prev_power,prev_power_reading,temp
package-0,0.000527791,0.0,0.0,0.0,11182.404051,0.0,11182.404051,27.799999237060547
dram,0.00069207,0.0,0.0,0.0,13531.482205,0.0,13531.482205,27.799999237060547
core,0.000846698,0.009581999998772517,27.203815685127665,0.0,229987.415381,0.0,229987.424963,27.799999237060547
uncore,0.000989924,0.0,0.0,0.0,51.463613,0.0,51.463613,27.799999237060547
package-0,1.001359369,18.722486000000572,18.701764332909125,18.70834668057971,11182.404051,0.0,11201.126537,27.799999237060547
dram,1.001581019,0.4614239999991696,0.4609133052914269,0.4610755301792728,13531.482205,0.0,13531.943629,27.799999237060547
core,1.001790624,17.27955700000166,17.260432337409217,17.25693262449168,229987.415381,0.009581999998772517,230004.694938,27.799999237060547
uncore,1.002007013,0.008300999999995895,0.008291812621859998,0.008294731041348388,51.463613,0.0,51.471914,27.799999237060547
package-0,2.002327877,38.205957000000126,19.08281105059357,19.463896723517717,11182.404051,18.722486000000572,11220.610008,27.799999237060547
dram,2.002529699,0.9075290000000678,0.453285450484472,0.44565681586523015,13531.482205,0.4614239999991696,13532.389734,27.799999237060547
core,2.002741034,35.32644699999946,17.64457603273216,18.02875899990561,229987.415381,17.27955700000166,230022.741828,27.799999237060547
uncore,2.002940793,0.008300999999995895,0.004146118222634715,0.0,51.463613,0.008300999999995895,51.471914,27.799999237060547
package-0,2.768802097,53.12968499999988,19.19006439675138,19.470215944546663,11182.404051,38.205957000000126,11235.533736,27.799999237060547
dram,2.768930939,1.2498130000003584,0.45142356770803305,0.4465602290774114,13531.482205,0.9075290000000678,13532.732018,27.799999237060547
core,2.7690185080000003,49.15514700001222,17.7544895355961,18.041589556751855,229987.415381,35.32644699999946,230036.570528,27.799999237060547
uncore,2.769219185,0.008300999999995895,0.0029982621684535643,0.0,51.463613,0.008300999999995895,51.471914,27.799999237060547
