zone,time_elapsed,power_j,watts,watts_since_last,start_power,prev_power,prev_power_reading,temp
package-0,0.00051294,0.0,0.0,0.0,7325.744063,0.0,7325.744063,27.799999237060547
dram,0.000715903,0.0008539999998902204,2.580738743688584,0.0,13441.422987,0.0,13441.423841,27.799999237060547
core,0.000896004,0.011291000002529472,34.1207507789947,0.0,226417.864216,0.0,226417.875507,27.799999237060547
uncore,0.001096148,0.0,0.0,0.0,50.899588,0.0,50.899588,27.799999237060547
package-0,1.001443617,19.018750000000182,18.995823712411788,19.002104175744332,7325.744063,0.0,7344.762813,27.799999237060547
dram,1.001660851,0.4583120000006602,0.4577595245373817,0.4570576179844732,13441.422987,0.0008539999998902204,13441.881299,27.799999237060547
core,1.00186635,17.583024000021396,17.561828418561095,17.556353651776263,226417.864216,0.011291000002529472,226435.44724,27.799999237060547
uncore,1.002073107,0.008178999999998382,0.008169140566219325,0.00817184147503809,50.899588,0.0,50.907767,27.799999237060547
package-0,2.002398975,38.74391899999955,19.350855476368103,19.705969749555955,7325.744063,19.018750000000182,7364.487982,27.799999237060547
dram,2.002597576,0.9041109999998298,0.4515630258155235,0.44536508702998756,13441.422987,0.4583120000006602,13442.327098,27.799999237060547
core,2.002805105,35.872039000008954,17.916479805045572,18.271213612362025,226417.864216,17.583024000021396,226453.736255,27.799999237060547
uncore,2.003010416,0.008178999999998382,0.0040850448541662815,0.0,50.899588,0.008178999999998382,50.907767,27.799999237060547
package-0,2.7631284689999998,53.71903999999995,19.442780418854706,19.684713639386334,7325.744063,38.74391899999955,7379.463103,27.799999237060547
dram,2.763287058,1.243953999999576,0.45023002036424636,0.446721741837331,13441.422987,0.9041109999998298,13442.666941,27.799999237060547
core,2.763401927,49.74657700001262,18.005008525857765,18.2380033796621,226417.864216,35.872039000008954,226467.610793,27.799999237060547
uncore,2.763496119,0.008178999999998382,0.0029602632706351665,0.0,50.899588,0.008178999999998382,50.907767,27.799999237060547
