zone,time_elapsed,power_j,watts,watts_since_last,start_power,prev_power,prev_power_reading,temp
package-0,0.000555398,0.01647999999113381,41.38176939992369,0.0,258801.105228,0.0,258801.121708,27.799999237060547
dram,0.000714102,0.0007939999995869584,1.993757579133741,0.0,13191.989787,0.0,13191.990581,27.799999237060547
core,0.000865805,0.010864000010769814,27.279826665552978,0.0,216544.475063,0.0,216544.485927,27.799999237060547
uncore,0.000985865,0.0,0.0,0.0,49.331599,0.0,49.331599,27.799999237060547
package-0,1.001229964,18.642591999989236,18.622212781431877,18.613155252334863,258801.105228,0.01647999999113381,258819.74782,27.799999237060547
dram,1.001328974,0.45971599999938917,0.45921345974971206,0.45860276340597594,13191.989787,0.0007939999995869584,13192.449503,27.799999237060547
core,1.001414696,17.199419000011403,17.180617391369157,17.176598249722815,216544.475063,0.010864000010769814,216561.674482,27.799999237060547
uncore,1.001498244,0.006835999999999842,0.006828527201257146,0.006831244722729637,49.331599,0.0,49.338435,27.799999237060547
package-0,2.001717708,38.28035899999668,19.124748400317944,19.627572811612975,258801.105228,18.642591999989236,258839.385587,27.799999237060547
dram,2.00181106,0.9071640000001935,0.4532163153911705,0.4472157246505196,13191.989787,0.45971599999938917,13192.896951,27.799999237060547
core,2.001895723,35.39315899999929,17.68231225228305,18.18429542244708,216544.475063,17.199419000011403,216579.868222,27.799999237060547
uncore,2.001978657,0.006835999999999842,0.0034152443571540637,0.0,49.331599,0.006835999999999842,49.338435,27.799999237060547
package-0,2.778629017,53.5330660000036,19.26705984158812,19.633730351996107,258801.105228,38.28035899999668,258854.638294,27.799999237060547
dram,2.778737431,1.2556129999993573,0.45190706635151395,0.4485337394472449,13191.989787,0.9071640000001935,13193.2454,27.799999237060547
core,2.778932722,49.53081799999927,17.826612703422064,18.198407968785126,216544.475063,35.39315899999929,216594.005881,27.799999237060547
uncore,2.779120462,0.006835999999999842,0.002460341447229727,0.0,49.331599,0.006835999999999842,49.338435,27.799999237060547
