zone,time_elapsed,power_j,watts,watts_since_last,start_power,prev_power,prev_power_reading,temp
package-0,0.00044557,0.0,0.0,0.0,3141.348037,0.0,3141.348037,27.799999237060547
dram,0.000631312,0.0007930000010674121,2.2927490757226265,0.0,13343.725239,0.0,13343.726032,27.799999237060547
core,0.000758693,0.006835999985923991,19.764479985208414,0.0,222544.909836,0.0,222544.916672,27.799999237060547
uncore,0.000896439,0.0,0.0,0.0,50.265862,0.0,50.265862,27.799999237060547
package-0,1.001145726,18.795666999999867,18.776614988399434,18.78310497209316,3141.348037,0.0,3160.143704,27.799999237060547
dram,1.001244163,0.46191300000100455,0.46144478720310755,0.46081181182505937,13343.725239,0.0007930000010674121,13344.187152,27.799999237060547
core,1.001329031,17.34651400000439,17.32893090566913,17.328089078011626,222544.909836,0.006835999985923991,222562.25635,27.799999237060547
uncore,1.001412155,0.00799599999999856,0.00798789494659678,0.007990655897278395,50.265862,0.0,50.273858,27.799999237060547
package-0,2.00163618,38.282860999999684,19.12695763801953,19.477480969789802,3141.348037,18.795666999999867,3179.630898,27.799999237060547
dram,2.00173022,0.9111910000010539,0.45525102361510955,0.4490540657185568,13343.725239,0.46191300000100455,13344.63643,27.799999237060547
core,2.001814584,35.38974099999177,17.681491384025115,18.034233688331685,222544.909836,17.34651400000439,222580.299577,27.799999237060547
uncore,2.001897345,0.00799599999999856,0.003994977106689541,0.0,50.265862,0.00799599999999856,50.273858,27.799999237060547
package-0,2.77031997,53.29728799999975,19.23979692147237,19.53362472412281,3141.348037,38.282860999999684,3194.645325,27.799999237060547
dram,2.7705102200000002,1.2559780000010505,0.4533957085744653,0.4485645617882077,13343.725239,0.9111910000010539,13344.981217,27.799999237060547
core,2.7706946329999997,49.313472999987425,17.801678877399414,18.114641048051567,222544.909836,35.38974099999177,222594.223309,27.799999237060547
uncore,2.770878464,0.00799599999999856,0.002886477379187963,0.0,50.265862,0.00799599999999856,50.273858,27.799999237060547
