zone,time_elapsed,power_j,watts,watts_since_last,start_power,prev_power,prev_power_reading,temp
package-0,0.000731023,0.019225999999434862,32.64193196134252,0.0,5073.831371,0.0,5073.850597,27.799999237060547
dram,0.000854529,0.0,0.0,0.0,13388.773036,0.0,13388.773036,27.799999237060547
core,0.000944338,0.008850000012898818,15.025543445720128,0.0,224333.874373,0.0,224333.883223,27.799999237060547
uncore,0.001031292,0.0,0.0,0.0,50.555656,0.0,50.555656,27.799999237060547
package-0,1.001374791,18.833874999999352,18.81249228857683,18.804351248343195,5073.831371,0.019225999999434862,5092.665246,27.799999237060547
dram,1.001604138,0.4580069999992702,0.4574870097417964,0.4577563207363707,13388.773036,0.0,13389.231043,27.799999237060547
core,1.001814416,17.389360000001034,17.369617293484062,17.37099719028081,224333.874373,0.008850000012898818,224351.263733,27.799999237060547
uncore,1.002001257,0.008361999999998204,0.008352506349174086,0.008357423257729268,50.555656,0.0,50.564018,27.799999237060547
package-0,2.002374494,38.32155700000021,19.140608595606967,19.468779217133125,5073.831371,18.833874999999352,5112.152928,27.799999237060547
dram,2.002580355,0.9061869999986811,0.4526165437746162,0.44774527157836785,13388.773036,0.4580069999992702,13389.679223,27.799999237060547
core,2.002792485,35.438079999992624,17.700387765029024,18.03121299042522,224333.874373,17.389360000001034,224369.312453,27.799999237060547
uncore,2.003003934,0.008361999999998204,0.004176598802507691,0.0,50.555656,0.008361999999998204,50.564018,27.799999237060547
package-0,2.763881672,53.12754899999982,19.223486178816408,19.441364344686605,5073.831371,38.32155700000021,5126.95892,27.799999237060547
dram,2.764060507,1.2462130000003526,0.45092534536777135,0.4464793276059504,13388.773036,0.9061869999986811,13390.019249,27.799999237060547
core,2.764232291,49.137813000008464,17.77985408404463,17.988764324487107,224333.874373,35.438079999992624,224383.012186,27.799999237060547
uncore,2.764404152,0.008361999999998204,0.0030256767807456887,0.0,50.555656,0.008361999999998204,50.564018,27.799999237060547
