zone,time_elapsed,power_j,watts,watts_since_last,start_power,prev_power,prev_power_reading,temp
package-0,0.000330126,0.0,0.0,0.0,258104.042926,0.0,258104.042926,27.799999237060547
dram,0.000446074,0.0,0.0,0.0,13175.582237,0.0,13175.582237,27.799999237060547
core,0.000529169,0.006408999994164333,27.776694249042542,0.0,215899.548247,0.0,215899.554656,27.799999237060547
uncore,0.000609428,0.0,0.0,0.0,49.238094,0.0,49.238094,27.799999237060547
package-0,1.000854271,18.249891999992542,18.236851083098934,18.241056889365005,258104.042926,0.0,258122.292818,27.799999237060547
dram,1.00095075,0.45800599999893166,0.4576787203535089,0.4577842708140101,13175.582237,0.0,13176.040243,27.799999237060547
core,1.001031425,16.798723999992944,16.786720051498197,16.784185529385066,215899.548247,0.006408999994164333,215916.346971,27.799999237060547
uncore,1.001110714,0.006835999999999842,0.006831115165180834,0.006832690565826212,49.238094,0.0,49.24493,27.799999237060547
package-0,2.001317883,37.763758000015514,18.870543247667637,19.50438029822188,258104.042926,18.249891999992542,258141.806684,27.799999237060547
dram,2.001409475,0.9036839999989752,0.45157073626514965,0.4454613556607156,13175.582237,0.45800599999893166,13176.485921,27.799999237060547
core,2.001490539,34.8879120000056,17.4334835059757,18.08039483502977,215899.548247,16.798723999992944,215934.436159,27.799999237060547
uncore,2.001569718,0.006835999999999842,0.0034159480007524673,0.0,49.238094,0.006835999999999842,49.24493,27.799999237060547
package-0,2.7856277350000003,53.07121399999596,19.05279987103038,19.517853630965483,258104.042926,37.763758000015514,258157.11414,27.799999237060547
dram,2.7857171640000002,1.2545739999986836,0.45039759869398893,0.44740417091987944,13175.582237,0.9036839999989752,13176.836811,27.799999237060547
core,2.7857953479999997,49.07220100000268,17.61713656831176,18.085753541386,215899.548247,34.8879120000056,215948.620448,27.799999237060547
uncore,2.785872135,0.006835999999999842,0.0024541541468859293,0.0,49.238094,0.006835999999999842,49.24493,27.799999237060547
