zone,time_elapsed,power_j,watts,watts_since_last,start_power,prev_power,prev_power_reading,temp
package-0,0.000539813,0.0,0.0,0.0,9093.23081,0.0,9093.23081,27.799999237060547
dram,0.000697696,0.0,0.0,0.0,13482.661407,0.0,13482.661407,27.799999237060547
core,0.000825958,0.008239999995566905,21.283300346543022,0.0,228053.831463,0.0,228053.839703,27.799999237060547
uncore,0.000938084,0.0,0.0,0.0,51.157766,0.0,51.157766,27.799999237060547
package-0,1.001187056,19.169568000001163,19.149327868968797,19.15673672196111,9093.23081,0.0,9112.400378,27.799999237060547
dram,1.001288881,0.45794500000010885,0.4574614801416739,0.4576384714637301,13482.661407,0.0,13483.119352,27.799999237060547
core,1.001374362,17.724686000001384,17.705971443306755,17.704587378856523,228053.831463,0.008239999995566905,228071.556149,27.799999237060547
uncore,1.001457463,0.006896999999995046,0.00688971782317551,0.006892383447100261,51.157766,0.0,51.164663,27.799999237060547
package-0,2.001672836,38.70559000000139,19.33772993182844,19.526236660812504,9093.23081,19.169568000001163,9131.9364,27.799999237060547
dram,2.001765638,0.904050000001007,0.45167312382754904,0.4458815518117863,13482.661407,0.45794500000010885,13483.565457,27.799999237060547
core,2.00185005,35.83676199999172,17.90443254287112,18.10300389682349,228053.831463,17.724686000001384,228089.668225,27.799999237060547
uncore,2.001933276,0.006896999999995046,0.003445815535681542,0.0,51.157766,0.006896999999995046,51.164663,27.799999237060547
package-0,2.7723466070000002,53.841598000000886,19.42189339203978,19.640484571553692,9093.23081,38.70559000000139,9147.072408,27.799999237060547
dram,2.7725438159999998,1.247921000000133,0.450153589863545,0.4462070230200593,13482.661407,0.904050000001007,13483.909328,27.799999237060547
core,2.772735017,49.86052899999777,17.98583093147883,18.197240606551727,228053.831463,35.83676199999172,228103.691992,27.799999237060547
uncore,2.772932579,0.006896999999995046,0.002487905331576525,0.0,51.157766,0.006896999999995046,51.164663,27.799999237060547
