zone,time_elapsed,power_j,watts,watts_since_last,start_power,prev_power,prev_power_reading,temp
package-0,0.000387993,0.0,0.0,0.0,253459.143196,0.0,253459.143196,27.799999237060547
dram,0.000501571,0.0,0.0,0.0,13066.585018,0.0,13066.585018,27.799999237060547
core,0.000588325,0.007874000002630055,29.535326871483647,0.0,211602.052657,0.0,211602.060531,27.799999237060547
uncore,0.000672378,0.0,0.0,0.0,48.585874,0.0,48.585874,27.799999237060547
package-0,1.001030259,18.803968000021996,18.78934896584847,18.794355570482406,253459.143196,0.0,253477.947164,27.799999237060547
dram,1.001249054,0.4576410000008764,0.4572852097007539,0.45740705778894897,13066.585018,0.0,13067.042659,27.799999237060547
core,1.001455754,17.37605399999302,17.362545089148952,17.359301533143356,211602.052657,0.007874000002630055,211619.428711,27.799999237060547
uncore,1.001650095,0.008606000000000336,0.008599309315986342,0.00860160068552492,48.585874,0.0,48.59448,27.799999237060547
package-0,2.00196756,38.29470100000617,19.130554227306764,19.471691360399163,253459.143196,18.803968000021996,253497.437897,27.799999237060547
dram,2.002179441,0.9045999999998457,0.45190323731776777,0.4465223395518089,13066.585018,0.4576410000008764,13067.489618,27.799999237060547
core,2.002385219,35.42819299999974,17.6985574939435,18.034502807228492,211602.052657,17.37605399999302,211637.48085,27.799999237060547
uncore,2.002592351,0.008606000000000336,0.004299225359670047,0.0,48.585874,0.008606000000000336,48.59448,27.799999237060547
package-0,2.756177325,53.00016900000628,19.23072804113956,19.496583140633025,253459.143196,38.29470100000617,253512.143365,27.799999237060547
dram,2.756447031,1.241939999999886,0.450628947681428,0.4472470618862234,13066.585018,0.9045999999998457,13067.826958,27.799999237060547
core,2.756633506,49.035092000005534,17.792028525876074,18.040094857219596,211602.052657,35.42819299999974,211651.087749,27.799999237060547
uncore,2.756819821,0.008606000000000336,0.003122624864121356,0.0,48.585874,0.008606000000000336,48.59448,27.799999237060547
