zone,time_elapsed,power_j,watts,watts_since_last,start_power,prev_power,prev_power_reading,temp
package-0,0.000530553,0.0,0.0,0.0,10376.783188,0.0,10376.783188,27.799999237060547
dram,0.000687617,0.0,0.0,0.0,13512.661086,0.0,13512.661086,27.799999237060547
core,0.000814439,0.007872999995015562,20.154209255155827,0.0,229241.655083,0.0,229241.662956,27.799999237060547
uncore,0.000953059,0.0,0.0,0.0,51.35198,0.0,51.35198,27.799999237060547
package-0,1.001298893,18.846693000001324,18.82675067022014,18.834100200427613,10376.783188,0.0,10395.629881,27.799999237060547
dram,1.001535804,0.45733499999914784,0.45685107821029824,0.45702942235785915,13512.661086,0.0,13513.118421,27.799999237060547
core,1.001723097,17.401994000014383,17.38358035560481,17.382498765842044,229241.655083,0.007872999995015562,229259.057077,27.799999237060547
uncore,1.001869674,0.00762900000000144,0.007620927494448309,0.007623902529164097,51.35198,0.0,51.359609,27.799999237060547
package-0,2.002184427,38.43929399999979,19.200694081275394,19.57469141013844,10376.783188,18.846693000001324,10415.222482,27.799999237060547
dram,2.002399267,0.903744999999617,0.45142689853968104,0.4460019367724463,13512.661086,0.45733499999914784,13513.564831,27.799999237060547
core,2.002612169,35.555328999995254,17.760133552088963,18.136741042678246,229241.655083,17.401994000014383,229277.210412,27.799999237060547
uncore,2.002823188,0.00762900000000144,0.003810738437237646,0.0,51.35198,0.00762900000000144,51.359609,27.799999237060547
package-0,2.764096685,53.27763500000037,19.27627444188922,19.47486405117026,10376.783188,38.43929399999979,10430.060823,27.799999237060547
dram,2.764274757,1.2451139999993757,0.4504922032561365,0.44803626404589164,13512.661086,0.903744999999617,13513.9062,27.799999237060547
core,2.764447005,49.31554700000561,17.842759315874062,18.059860928162863,229241.655083,35.555328999995254,229290.97063,27.799999237060547
uncore,2.764624049,0.00762900000000144,0.0027602332145036015,0.0,51.35198,0.00762900000000144,51.359609,27.799999237060547
