zone,time_elapsed,power_j,watts,watts_since_last,start_power,prev_power,prev_power_reading,temp
package-0,0.00065242,0.02105699999992794,44.24036910029233,0.0,10806.118637,0.0,10806.139694,27.799999237060547
dram,0.000883492,0.0008550000002287561,1.796339250178071,0.0,13522.702747,0.0,13522.703602,27.799999237060547
core,0.001070362,0.013611000002129003,28.596460270709382,0.0,229639.136182,0.0,229639.149793,27.799999237060547
uncore,0.001207184,0.0,0.0,0.0,51.41155,0.0,51.41155,27.799999237060547
package-0,1.001497839,18.06452900000113,18.04059481347102,18.02813515894319,10806.118637,0.02105699999992794,10824.183166,27.799999237060547
dram,1.001597135,0.4611190000014176,0.4605080508779386,0.4598727784107575,13522.702747,0.0008550000002287561,13523.163866,27.799999237060547
core,1.001682299,16.62507900001947,16.60305198000338,16.597348353617992,229639.136182,0.013611000002129003,229655.761261,27.799999237060547
uncore,1.001765397,0.008178999999998382,0.008168163420111372,0.008172047899925101,51.41155,0.0,51.419729,27.799999237060547
package-0,2.00199094,37.78536499999973,18.8750224250183,19.710102292202414,10806.118637,18.06452900000113,10843.904002,27.799999237060547
dram,2.002085529,0.9079570000012609,0.45355414023329566,0.4465947938536013,13522.702747,0.4611190000014176,13523.610704,27.799999237060547
core,2.00217019,34.90219300001627,17.434783958223733,18.26716608495742,229639.136182,16.62507900001947,229674.038375,27.799999237060547
uncore,2.002253196,0.008178999999998382,0.004085677309566687,0.0,51.41155,0.008178999999998382,51.419729,27.799999237060547
package-0,2.817047859,53.888412000000244,19.130350832981637,19.757482644977554,10806.118637,37.78536499999973,10860.007049,27.799999237060547
dram,2.817211953,1.2723970000006375,0.4517000985081064,0.44714624351050286,13522.702747,0.9079570000012609,13523.975144,27.799999237060547
core,2.817297451,49.83782400001655,17.69239475590234,18.325132521459135,229639.136182,34.90219300001627,229688.974006,27.799999237060547
uncore,2.817380585,0.008178999999998382,0.002903539623006986,0.0,51.41155,0.008178999999998382,51.419729,27.799999237060547
