zone,time_elapsed,power_j,watts,watts_since_last,start_power,prev_power,prev_power_reading,temp
package-0,0.000737556,0.0,0.0,0.0,253939.48889,0.0,253939.48889,27.799999237060547
dram,0.000929259,0.0,0.0,0.0,13077.830168,0.0,13077.830168,27.799999237060547
core,0.001049661,0.00909400000819005,16.10461092009154,0.0,212046.542486,0.0,212046.55158,27.799999237060547
uncore,0.001137066,0.0,0.0,0.0,48.652829,0.0,48.652829,27.799999237060547
package-0,1.001490312,18.65376099999412,18.63063122037907,18.641144505622414,253939.48889,0.0,253958.142651,27.799999237060547
dram,1.00171212,0.45977599999969243,0.4592058995490495,0.459465029932249,13077.830168,0.0,13078.289944,27.799999237060547
core,1.001906353,17.20784200000344,17.18650509142448,17.187115605469426,212046.542486,0.00909400000819005,212063.750328,27.799999237060547
uncore,1.00210081,0.008728000000004954,0.008717177693635728,0.00872209680638752,48.652829,0.0,48.661557,27.799999237060547
package-0,2.002414814,38.12386500000139,19.04092521843495,19.45133253045142,253939.48889,18.65376099999412,253977.612755,27.799999237060547
dram,2.002623978,0.9056369999998424,0.45231946949880725,0.4454311375716986,13077.830168,0.45977599999969243,13078.735805,27.799999237060547
core,2.002817296,35.23672600000282,17.598946610174803,18.011502035982556,212046.542486,17.20784200000344,212081.779212,27.799999237060547
uncore,2.003022568,0.008728000000004954,0.004359190635749774,0.0,48.652829,0.008728000000004954,48.661557,27.799999237060547
package-0,2.763587074,52.908861000003526,19.14662450029248,19.424668363279284,253939.48889,38.12386500000139,253992.397751,27.799999237060547
dram,2.763780278,1.2459679999992659,0.45089009637468425,0.44713010465008224,13077.830168,0.9056369999998424,13079.076136,27.799999237060547
core,2.763948798,48.92492400002084,17.704919947788785,17.983684719374583,212046.542486,35.23672600000282,212095.46741,27.799999237060547
uncore,2.764067112,0.008728000000004954,0.003158483011732883,0.0,48.652829,0.008728000000004954,48.661557,27.799999237060547
