zone,time_elapsed,power_j,watts,watts_since_last,start_power,prev_power,prev_power_reading,temp
package-0,0.000380498,0.0,0.0,0.0,252924.335605,0.0,252924.335605,27.799999237060547
dram,0.000496855,0.0,0.0,0.0,13054.046354,0.0,13054.046354,27.799999237060547
core,0.000585893,0.006530999991809949,25.0226049861686,0.0,211107.25064,0.0,211107.257171,27.799999237060547
uncore,0.000672498,0.0,0.0,0.0,48.511045,0.0,48.511045,27.799999237060547
package-0,1.001020546,18.30714300001273,18.292756021792933,18.297527996703494,252924.335605,0.0,252942.642748,27.799999237060547
dram,1.001240929,0.4578239999991638,0.4574642112589718,0.45758354853849426,13054.046354,0.0,13054.504178,27.799999237060547
core,1.001439852,16.884539999999106,16.87127099842791,16.869144585041603,211107.25064,0.006530999991809949,211124.13518,27.799999237060547
uncore,1.001651561,0.008055999999996288,0.008049669056028759,0.008051768948397516,48.511045,0.0,48.519101,27.799999237060547
package-0,2.001977526,37.81813999998849,18.892490432149497,19.492115689223773,252924.335605,18.30714300001273,252962.153745,27.799999237060547
dram,2.002162781,0.9039279999997234,0.45156771568755105,0.44567229329424807,13054.046354,0.4578239999991638,13054.950282,27.799999237060547
core,2.002377892,34.95730799998273,17.46332862810222,18.055278501689067,211107.25064,16.884539999999106,211142.207948,27.799999237060547
uncore,2.002588455,0.008055999999996288,0.004024468229304047,0.0,48.511045,0.008055999999996288,48.519101,27.799999237060547
package-0,2.777242175,52.96605099999579,19.07280574942229,19.53836948919527,252924.335605,37.81813999998849,252977.301656,27.799999237060547
dram,2.777420656,1.2500579999996262,0.450139532009024,0.44645204419870177,13054.046354,0.9039279999997234,13055.296412,27.799999237060547
core,2.777595342,48.97796299998299,17.636715531258734,18.084390505753976,211107.25064,34.95730799998273,211156.228603,27.799999237060547
uncore,2.777752482,0.008055999999996288,0.0029009246529873903,0.0,48.511045,0.008055999999996288,48.519101,27.799999237060547
