zone,time_elapsed,power_j,watts,watts_since_last,start_power,prev_power,prev_power_reading,temp
package-0,0.000360622,0.0,0.0,0.0,254364.612863,0.0,254364.612863,27.799999237060547
dram,0.000483964,0.0,0.0,0.0,13087.840274,0.0,13087.840274,27.799999237060547
core,0.00056548,0.00756800000090152,32.42710543051833,0.0,212439.722388,0.0,212439.729956,27.799999237060547
uncore,0.000643642,0.0,0.0,0.0,48.717404,0.0,48.717404,27.799999237060547
package-0,1.000889225,18.82136200001696,18.807290836388155,18.811677917530115,254364.612863,0.0,254383.434225,27.799999237060547
dram,1.000986234,0.45757899999989604,0.4572369063202729,0.45734356364942136,13087.840274,0.0,13088.297853,27.799999237060547
core,1.001066682,17.373978999996325,17.360989923998947,17.357475527810983,212439.722388,0.00756800000090152,212457.096367,27.799999237060547
uncore,1.001145645,0.00762900000000144,0.007623296432569705,0.007625074680181755,48.717404,0.0,48.725033,27.799999237060547
package-0,2.001361591,38.40169600001536,19.18888406659763,19.570572413754714,254364.612863,18.82136200001696,254403.014559,27.799999237060547
dram,2.001452317,0.9030129999991914,0.4512251690031627,0.4452119331843542,13087.840274,0.45757899999989604,13088.743287,27.799999237060547
core,2.001532836,35.52853400001186,17.753198191614427,18.14550422211009,212439.722388,17.373978999996325,212475.250922,27.799999237060547
uncore,2.001611441,0.00762900000000144,0.0038121232078927553,0.0,48.717404,0.00762900000000144,48.725033,27.799999237060547
package-0,2.755769373,53.184800000017276,19.3003461859402,19.596032000979175,254364.612863,38.40169600001536,254417.797663,27.799999237060547
dram,2.755860833,1.2402920000004087,0.4500922250652866,0.44708676048556883,13087.840274,0.9030129999991914,13089.080566,27.799999237060547
core,2.755940984,49.216488000005484,17.860276929798907,18.144334546504663,212439.722388,35.52853400001186,212488.938876,27.799999237060547
uncore,2.756019769,0.00762900000000144,0.0027685041788728685,0.0,48.717404,0.00762900000000144,48.725033,27.799999237060547
