zone,time_elapsed,power_j,watts,watts_since_last,start_power,prev_power,prev_power_reading,temp
package-0,0.000507539,0.019835999992210418,53.47740634096677,0.0,257671.255887,0.0,257671.275723,27.799999237060547
dram,0.000663016,0.0007939999995869584,2.1406060006711862,0.0,13165.52672,0.0,13165.527514,27.799999237060547
core,0.000815777,0.009581999998772517,25.8328547940476,0.0,215498.810931,0.0,215498.820513,27.799999237060547
uncore,0.000939494,0.0,0.0,0.0,49.183467,0.0,49.183467,27.799999237060547
package-0,1.001290819,18.80927800000063,18.78940298289219,18.776545236030326,257671.255887,0.019835999992210418,257690.065165,27.799999237060547
dram,1.001434909,0.457763000000341,0.4572793000169276,0.4566553439944547,13165.52672,0.0007939999995869584,13165.984483,27.799999237060547
core,1.001612393,17.363053999986732,17.34470715034665,17.341560862201952,215498.810931,0.009581999998772517,215516.173985,27.799999237060547
uncore,1.001814911,0.007568999999996606,0.007561002138276784,0.0075638047628762,49.183467,0.0,49.191036,27.799999237060547
package-0,2.002127566,38.42397400000482,19.193552619566383,19.59778086137602,257671.255887,18.80927800000063,257709.679861,27.799999237060547
dram,2.002338127,0.9035020000010263,0.45131753365492566,0.4453546077584099,13165.52672,0.457763000000341,13166.430222,27.799999237060547
core,2.002543297,35.54104699997697,17.753472239713005,18.162316831897876,215498.810931,17.363053999986732,215534.351978,27.799999237060547
uncore,2.002747954,0.007568999999996606,0.0037808686779096452,0.0,49.183467,0.007568999999996606,49.191036,27.799999237060547
package-0,2.762391046,53.359542999998666,19.317843839001323,19.6451245232521,257671.255887,38.42397400000482,257724.61543,27.799999237060547
dram,2.7625686480000002,1.243771999999808,0.4502848397205959,0.44756557460287,13165.52672,0.9035020000010263,13166.770492,27.799999237060547
core,2.762741022,49.386713999992935,17.87955396794361,18.211549377389506,215498.810931,35.54104699997697,215548.197645,27.799999237060547
uncore,2.76291262,0.007568999999996606,0.0027402176217539774,0.0,49.183467,0.007568999999996606,49.191036,27.799999237060547
