zone,time_elapsed,power_j,watts,watts_since_last,start_power,prev_power,prev_power_reading,temp
package-0,0.00064026,0.0,0.0,0.0,256763.685395,0.0,256763.685395,27.799999237060547
dram,0.000819267,0.0,0.0,0.0,13144.131084,0.0,13144.131084,27.799999237060547
core,0.000952936,0.00921700001345016,19.8651660497915,0.0,214659.303131,0.0,214659.312348,27.799999237060547
uncore,0.001110815,0.0,0.0,0.0,49.05804,0.0,49.05804,27.799999237060547
package-0,1.001458236,19.066907000000356,19.043747574830896,19.052576813928106,256763.685395,0.0,256782.752302,27.799999237060547
dram,1.001682026,0.4572749999988446,0.45671957555877474,0.456931324129645,13144.131084,0.0,13144.588359,27.799999237060547
core,1.00189271,17.627153000008548,17.605742357430056,17.604694822436045,214659.303131,0.00921700001345016,214676.930284,27.799999237060547
uncore,1.002085666,0.0073860000000038895,0.00737702867002878,0.007380448876566317,49.05804,0.0,49.065426,27.799999237060547
package-0,2.002400233,38.58467899999232,19.27124905466636,19.498805862508007,256763.685395,19.066907000000356,256802.270074,27.799999237060547
dram,2.002602665,0.9033179999987624,0.4511652449808568,0.44560956359837783,13144.131084,0.4572749999988446,13145.034402,27.799999237060547
core,2.002827293,35.70755099999951,17.83425769729297,18.06282861173125,214659.303131,17.627153000008548,214695.010682,27.799999237060547
uncore,2.003029152,0.0073860000000038895,0.003688962800957059,0.0,49.05804,0.0073860000000038895,49.065426,27.799999237060547
package-0,2.743573446,53.003587999992305,19.31999014666731,19.45164113691566,256763.685395,38.58467899999232,256816.688983,27.799999237060547
dram,2.743667941,1.2342499999995198,0.4498883705480148,0.44643949862895405,13144.131084,0.9033179999987624,13145.365334,27.799999237060547
core,2.743752111,49.06420600001002,17.884071857067227,18.01862123200825,214659.303131,35.70755099999951,214708.367337,27.799999237060547
uncore,2.7438408819999998,0.0073860000000038895,0.002692222406214851,0.0,49.05804,0.0073860000000038895,49.065426,27.799999237060547
