zone,time_elapsed,power_j,watts,watts_since_last,start_power,prev_power,prev_power_reading,temp
package-0,0.000695826,0.0,0.0,0.0,1803.799032,0.0,1803.799032,27.799999237060547
dram,0.000850563,0.0,0.0,0.0,13312.335915,0.0,13312.335915,27.799999237060547
core,0.000987085,0.008849999983794987,16.893213860061174,0.0,221307.071025,0.0,221307.079875,27.799999237060547
uncore,0.001074178,0.0,0.0,0.0,50.072503,0.0,50.072503,27.799999237060547
package-0,1.001328178,19.121533,19.099020430746684,19.109019458607527,1803.799032,0.0,1822.920565,27.799999237060547
dram,1.001427437,0.45751800000107323,0.45697934519449146,0.4572185904071451,13312.335915,0.0,13312.793433,27.799999237060547
core,1.001513074,17.676040999998804,17.65523026808014,17.655629211226035,221307.071025,0.008849999983794987,221324.747066,27.799999237060547
uncore,1.001600718,0.007384999999999309,0.007376305334988103,0.007380167097575461,50.072503,0.0,50.079888,27.799999237060547
package-0,2.001822494,38.932944000000134,19.449901617417304,19.801012003521187,1803.799032,19.121533,1842.731976,27.799999237060547
dram,2.001918125,0.9029520000003686,0.45109169153140066,0.44520019198846783,13312.335915,0.45751800000107323,13313.238867,27.799999237060547
core,2.002006843,36.06637499999488,18.017837167586837,18.38068092589082,221307.071025,17.676040999998804,221343.1374,27.799999237060547
uncore,2.002091546,0.007384999999999309,0.003689356845056794,0.0,50.072503,0.007384999999999309,50.079888,27.799999237060547
package-0,2.7926416769999998,54.58897100000013,19.5483515994249,19.797550066003264,1803.799032,38.932944000000134,1858.388003,27.799999237060547
dram,2.792737572,1.2562219999999797,0.4498540436479796,0.44672128579040377,13312.335915,0.9029520000003686,13313.592137,27.799999237060547
core,2.792821994,50.58501499998965,18.114531942395065,18.359287595133445,221307.071025,36.06637499999488,221357.65604,27.799999237060547
uncore,2.792904802,0.007384999999999309,0.002644574058040754,0.0,50.072503,0.007384999999999309,50.079888,27.799999237060547
