zone,time_elapsed,power_j,watts,watts_since_last,start_power,prev_power,prev_power_reading,temp
package-0,0.000385404,0.0,0.0,0.0,254900.069439,0.0,254900.069439,27.799999237060547
dram,0.000506254,0.0,0.0,0.0,13100.364229,0.0,13100.364229,27.799999237060547
core,0.000596997,0.007324000005610287,27.569073272642807,0.0,212935.222523,0.0,212935.229847,27.799999237060547
uncore,0.000684686,0.0,0.0,0.0,48.792416,0.0,48.792416,27.799999237060547
package-0,1.00093826,19.071788999979617,19.05650396871135,19.061563805307536,254900.069439,0.0,254919.141228,27.799999237060547
dram,1.001047211,0.45757899999989604,0.45721227460655683,0.457333672497958,13100.364229,0.0,13100.821808,27.799999237060547
core,1.001139854,17.64167899999302,17.627540126333088,17.624900474625807,212935.222523,0.007324000005610287,212952.864202,27.799999237060547
uncore,1.001230361,0.006225999999998066,0.006221010189934821,0.006222661977433513,48.792416,0.0,48.798642,27.799999237060547
package-0,2.001447433,38.63448299997253,19.304398341682738,19.552360499259613,254900.069439,19.071788999979617,254938.703922,27.799999237060547
dram,2.001547094,0.90295100000003,0.4511753344035623,0.44513674345067333,13100.364229,0.45757899999989604,13101.26718,27.799999237060547
core,2.001637696,35.76058999999077,17.868407202288925,18.109340141295714,212935.222523,17.64167899999302,212970.983113,27.799999237060547
uncore,2.001727458,0.006225999999998066,0.0031109303073983117,0.0,48.792416,0.006225999999998066,48.798642,27.799999237060547
package-0,2.748762932,53.21183799998835,19.359429054103035,19.50680663319679,254900.069439,38.63448299997253,254953.281277,27.799999237060547
dram,2.748862418,1.2369349999989936,0.45001932421546303,0.4469234169404745,13100.364229,0.90295100000003,13101.601164,27.799999237060547
core,2.748949761,49.26922200000263,17.92503404712523,18.07668622345822,212935.222523,35.76058999999077,212984.491745,27.799999237060547
uncore,2.7490400040000003,0.006225999999998066,0.002265131403482707,0.0,48.792416,0.006225999999998066,48.798642,27.799999237060547
