zone,time_elapsed,power_j,watts,watts_since_last,start_power,prev_power,prev_power_reading,temp
package-0,0.000710729,0.01843199999996159,35.74801836267713,0.0,893.175997,0.0,893.194429,27.799999237060547
dram,0.000874351,0.0,0.0,0.0,13291.027071,0.0,13291.027071,27.799999237060547
core,0.000985081,0.010009999998146668,19.413935750048328,0.0,220464.364564,0.0,220464.374574,27.799999237060547
uncore,0.001073036,0.0,0.0,0.0,49.945062,0.0,49.945062,27.799999237060547
package-0,1.001430655,19.213206999999898,19.19061264434389,19.18208114271126,893.175997,0.01843199999996159,912.389204,27.799999237060547
dram,1.001652838,0.45739599999978964,0.4568581112496382,0.4570935156232649,13291.027071,0.0,13291.484467,27.799999237060547
core,1.001852427,17.753129000018816,17.73225166753427,17.73138514950967,220464.364564,0.010009999998146668,220482.117693,27.799999237060547
uncore,1.002063401,0.007567999999999131,0.007559100180015687,0.007562995142585555,49.945062,0.0,49.95263,27.799999237060547
package-0,2.002382946,38.90883599999995,19.433334483918355,19.676101158264018,893.175997,19.213206999999898,932.084833,27.799999237060547
dram,2.002572469,0.9035009999988688,0.4512609202581325,0.44566269537211667,13291.027071,0.45739599999978964,13291.930572,27.799999237060547
core,2.002758574,36.011261000006925,17.986117091778834,18.240029409200506,220464.364564,17.753129000018816,220500.375825,27.799999237060547
uncore,2.002957943,0.007567999999999131,0.0037798991307341446,0.0,49.945062,0.007567999999999131,49.95263,27.799999237060547
package-0,2.751300344,53.53086799999994,19.45799204407846,19.523910967021575,893.175997,38.90883599999995,946.706865,27.799999237060547
dram,2.75147758,1.2384000000001834,0.4501473308333121,0.44717028788955104,13291.027071,0.9035009999988688,13292.265471,27.799999237060547
core,2.751649289,49.573543000005884,18.019539778262086,18.10889117720568,220464.364564,36.011261000006925,220513.938107,27.799999237060547
uncore,2.751825561,0.007567999999999131,0.0027509003550917396,0.0,49.945062,0.007567999999999131,49.95263,27.799999237060547
