zone,time_elapsed,power_j,watts,watts_since_last,start_power,prev_power,prev_power_reading,temp
package-0,0.000632268,0.0,0.0,0.0,11558.361951,0.0,11558.361951,27.799999237060547
dram,0.000844524,0.0,0.0,0.0,13540.242497,0.0,13540.242497,27.799999237060547
core,0.001032459,0.00872799998614937,16.849615991979388,0.0,230335.415161,0.0,230335.423889,27.799999237060547
uncore,0.001197667,0.0,0.0,0.0,51.519277,0.0,51.519277,27.799999237060547
package-0,1.00155709,19.039684999999736,19.014874581794157,19.024716429212095,11558.361951,0.0,11577.401636,27.799999237060547
dram,1.00177413,0.4578850000016246,0.45728833475531916,0.45752502114508764,13540.242497,0.0,13540.700382,27.799999237060547
core,1.00194159,17.598222000000533,17.575289937443056,17.57566553667279,230335.415161,0.00872799998614937,230353.013383,27.799999237060547
uncore,1.002077572,0.009520999999999447,0.00950859328257028,0.00951351480460524,51.519277,0.0,51.528798,27.799999237060547
package-0,2.002390444,38.73323799999889,19.345531297208503,19.676329895238922,11558.361951,19.039684999999736,11597.095189,27.799999237060547
dram,2.002598937,0.9036840000007942,0.451350003446715,0.4454091240393064,13540.242497,0.4578850000016246,13541.146181,27.799999237060547
core,2.002806845,35.85354599999846,17.907253100267393,18.23935870629577,230335.415161,17.598222000000533,230371.268707,27.799999237060547
uncore,2.003017319,0.009520999999999447,0.004755316441158798,0.0,51.519277,0.009520999999999447,51.528798,27.799999237060547
package-0,2.751360053,53.400375999999596,19.410181846632025,19.583007968774893,11558.361951,38.73323799999889,11611.762327,27.799999237060547
dram,2.751538835,1.2387050000015734,0.450249438400266,0.44730736921694453,13540.242497,0.9036840000007942,13541.481202,27.799999237060547
core,2.75171098,49.44341599999461,17.971890229360522,18.14468047580426,230335.415161,35.85354599999846,230384.858577,27.799999237060547
uncore,2.75188394,0.009520999999999447,0.0034607310885184433,0.0,51.519277,0.009520999999999447,51.528798,27.799999237060547
