zone,time_elapsed,power_j,watts,watts_since_last,start_power,prev_power,prev_power_reading,temp
package-0,0.000701144,0.01843300000018644,30.450253408265063,0.0,2392.508828,0.0,2392.527261,27.799999237060547
dram,0.000834902,0.0,0.0,0.0,13326.183047,0.0,13326.183047,27.799999237060547
core,0.00103796,0.007813000003807247,12.906625616682051,0.0,221851.865834,0.0,221851.873647,27.799999237060547
uncore,0.001143874,0.0,0.0,0.0,50.153924,0.0,50.153924,27.799999237060547
package-0,1.001388918,19.3922849999999,19.368094849943265,19.361390602418794,2392.508828,0.01843300000018644,2411.901113,27.799999237060547
dram,1.001487034,0.472288999999364,0.47169986149505244,0.47198522039982505,13326.183047,0.0,13326.655336,27.799999237060547
core,1.001571561,17.94203199999174,17.91965091151244,17.92268358445662,221851.865834,0.007813000003807247,221869.807866,27.799999237060547
uncore,1.001654676,0.007567999999999131,0.007558559593382344,0.00756313220928346,50.153924,0.0,50.161492,27.799999237060547
package-0,2.001861497,39.08901199999991,19.527467747384996,19.68696057447646,2392.508828,19.3922849999999,2431.59784,27.799999237060547
dram,2.001955778,0.9335919999994076,0.4663890627167841,0.4610742675109711,13326.183047,0.472288999999364,13327.116639,27.799999237060547
core,2.002039822,36.186370000010356,18.077411960940427,18.235291727086892,221851.865834,17.94203199999174,221888.052204,27.799999237060547
uncore,2.002122263,0.007567999999999131,0.003780701234203439,0.0,50.153924,0.007567999999999131,50.161492,27.799999237060547
package-0,2.7465470720000003,53.75114399999984,19.57136515937033,19.68936523104066,2392.508828,39.08901199999991,2446.259972,27.799999237060547
dram,2.746653667,1.27795100000003,0.46531559731608946,0.4624300287030713,13326.183047,0.9335919999994076,13327.460998,27.799999237060547
core,2.746841372,49.76928199999384,18.12152671097678,18.240111006282103,221851.865834,36.186370000010356,221901.635116,27.799999237060547
uncore,2.747031131,0.007567999999999131,0.0027555895652397297,0.0,50.153924,0.007567999999999131,50.161492,27.799999237060547
