zone,time_elapsed,power_j,watts,watts_since_last,start_power,prev_power,prev_power_reading,temp
package-0,0.000440832,0.0,0.0,0.0,66807.816703,0.0,66807.816703,27.799999237060547
dram,0.000599962,0.0,0.0,0.0,1764.163635,0.0,1764.163635,27.799999237060547
core,0.000728088,0.007872999995015562,25.793917297668823,0.0,61091.8115,0.0,61091.819373,27.799999237060547
uncore,0.000854065,0.0,0.0,0.0,10.268833,0.0,10.268833,27.799999237060547
package-0,1.001194681,16.723163000002387,16.707143522507266,16.7122396628996,66807.816703,0.0,66824.539866,27.799999237060547
dram,1.001410889,0.4570299999998042,0.45659220113366916,0.4567314743706463,1764.163635,0.0,1764.620665,27.799999237060547
core,1.001606838,15.288106999993033,15.273462193503414,15.270253164016724,61091.8115,0.007872999995015562,61107.099607,27.799999237060547
uncore,1.001800892,0.007567999999999131,0.007560750450037617,0.007563056687828229,10.268833,0.0,10.276401,27.799999237060547
package-0,2.002117046,33.98672899999656,16.97717595630808,17.247211245694384,66807.816703,16.723163000002387,66841.803432,27.799999237060547
dram,2.002324083,0.9028299999999945,0.4509849644146421,0.44537766839924237,1764.163635,0.4570299999998042,1765.066465,27.799999237060547
core,2.00251849,31.12278399999923,15.546567609322164,15.819675913223103,61091.8115,15.288106999993033,61122.934284,27.799999237060547
uncore,2.00272706,0.007567999999999131,0.0037803952135946305,0.0,10.268833,0.007567999999999131,10.276401,27.799999237060547
package-0,2.339419281,39.80525699999998,17.016565797935197,17.250348786094115,66807.816703,33.98672899999656,66847.62196,27.799999237060547
dram,2.339585716,1.0535249999998086,0.4503771319016086,0.4467695799205085,1764.163635,0.9028299999999945,1765.21716,27.799999237060547
core,2.3396980210000002,36.46133199999895,15.587053113570965,15.827338978388708,61091.8115,31.12278399999923,61128.272832,27.799999237060547
uncore,2.339860374,0.007567999999999131,0.003235285478969746,0.0,10.268833,0.007567999999999131,10.276401,27.799999237060547
