zone,time_elapsed,power_j,watts,watts_since_last,start_power,prev_power,prev_power_reading,temp
package-0,0.000601129,0.015258999992511235,35.47622865418927,0.0,72998.139479,0.0,72998.154738,27.799999237060547
dram,0.000739092,0.0006719999998949788,1.5623583238475371,0.0,1929.028569,0.0,1929.029241,27.799999237060547
core,0.000828919,0.010375999991083518,24.123556483399984,0.0,66757.372069,0.0,66757.382445,27.799999237060547
uncore,0.000915342,0.0,0.0,0.0,11.400666,0.0,11.400666,27.799999237060547
package-0,1.001162661,16.92646999999124,16.90923487343409,16.901253558859512,72998.139479,0.015258999992511235,73015.065949,27.799999237060547
dram,1.001263486,0.4557489999999689,0.45528494035296047,0.454809047430544,1929.028569,0.0006719999998949788,1929.484318,27.799999237060547
core,1.001349194,15.485434000001987,15.469666186938626,15.465946175957553,66757.372069,0.010375999991083518,66772.857503,27.799999237060547
uncore,1.001433239,0.007324000000000552,0.007316542445832162,0.0073196875767859385,11.400666,0.0,11.40799,27.799999237060547
package-0,2.001642769,34.15140199998859,17.06261286685558,17.216068186778912,72998.139479,16.92646999999124,73032.290881,27.799999237060547
dram,2.001734211,0.9016090000000077,0.45045896869118474,0.4456305639847573,1929.028569,0.4557489999999689,1929.930178,27.799999237060547
core,2.001818931,31.272319999989122,15.624175242012546,15.778762193820311,66757.372069,15.485434000001987,66788.644389,27.799999237060547
uncore,2.00190174,0.007324000000000552,0.003659193160998235,0.0,11.400666,0.007324000000000552,11.40799,27.799999237060547
package-0,2.329363926,39.77138199999172,17.074818308497356,17.149365241154452,72998.139479,34.15140199998859,73037.910861,27.799999237060547
dram,2.329555583,1.0484599999999773,0.4501292915526667,0.4481157290643119,1929.028569,0.9016090000000077,1930.077029,27.799999237060547
core,2.329748107,36.41830299999856,15.635260218739926,15.702963710170586,66757.372069,31.272319999989122,66793.790372,27.799999237060547
uncore,2.329940256,0.007324000000000552,0.0031443707259523977,0.0,11.400666,0.007324000000000552,11.40799,27.799999237060547
