zone,time_elapsed,power_j,watts,watts_since_last,start_power,prev_power,prev_power_reading,temp
package-0,0.000342686,0.0,0.0,0.0,67521.214535,0.0,67521.214535,27.799999237060547
dram,0.000453191,0.0,0.0,0.0,1783.157422,0.0,1783.157422,27.799999237060547
core,0.000534638,0.005126999996718951,22.730698620813424,0.0,61744.764235,0.0,61744.769362,27.799999237060547
uncore,0.000613245,0.0,0.0,0.0,10.397556,0.0,10.397556,27.799999237060547
package-0,1.000860541,15.98891200000071,15.977420942993982,15.981022936066273,67521.214535,0.0,67537.203447,27.799999237060547
dram,1.00095775,0.45580900000004476,0.4554814150334642,0.45558409999791255,1783.157422,0.0,1783.613231,27.799999237060547
core,1.0010388,14.544700999998895,14.534247881716876,14.532400051651877,61744.764235,0.005126999996718951,61759.308936,27.799999237060547
uncore,1.001118273,0.007811999999999486,0.0078063856006371935,0.0078081454933603975,10.397556,0.0,10.405368,27.799999237060547
package-0,2.00132396,32.92697899999621,16.45346035082837,16.929604110985274,67521.214535,15.98891200000071,67554.141514,27.799999237060547
dram,2.001411815,0.9012430000000222,0.4503469925669064,0.44521144458657747,1783.157422,0.45580900000004476,1784.058665,27.799999237060547
core,2.001492267,30.0653519999978,15.023518466899716,15.512896304803789,61744.764235,14.544700999998895,61774.829587,27.799999237060547
uncore,2.001571304,0.007811999999999486,0.003903620561749001,0.0,10.397556,0.007811999999999486,10.405368,27.799999237060547
package-0,2.360938861,39.034384999991744,16.534165266735748,16.98328223387258,67521.214535,32.92697899999621,67560.24892,27.799999237060547
dram,2.361026464,1.0621309999999085,0.449896917523499,0.447392282753653,1783.157422,0.9012430000000222,1784.219553,27.799999237060547
core,2.361106396,35.65090899999632,15.100994195641116,15.53214097186707,61744.764235,30.0653519999978,61780.415144,27.799999237060547
uncore,2.361184909,0.007811999999999486,0.0033090030511242455,0.0,10.397556,0.007811999999999486,10.405368,27.799999237060547
