zone,time_elapsed,power_j,watts,watts_since_last,start_power,prev_power,prev_power_reading,temp
package-0,0.000530196,0.0,0.0,0.0,74146.773684,0.0,74146.773684,27.799999237060547
dram,0.000699032,0.0,0.0,0.0,1959.676745,0.0,1959.676745,27.799999237060547
core,0.000822373,0.010009999998146668,25.589046554033963,0.0,67808.445062,0.0,67808.455072,27.799999237060547
uncore,0.000909895,0.0,0.0,0.0,11.614472,0.0,11.614472,27.799999237060547
package-0,1.001160036,16.885332999998354,16.868224774122144,16.87481922825229,74146.773684,0.0,74163.659017,27.799999237060547
dram,1.001260438,0.45580999999992855,0.4553481731329882,0.45552618668694417,1959.676745,0.0,1960.132555,27.799999237060547
core,1.001346353,15.44155000000319,15.425904615616702,15.421931442729308,67808.445062,0.010009999998146668,67823.886612,27.799999237060547
uncore,1.00143015,0.007385000000001085,0.007377517515166712,0.007380401677637842,11.614472,0.0,11.621857,27.799999237060547
package-0,2.001639192,34.14127000000735,17.057575864910895,17.247021066233703,74146.773684,16.885332999998354,74180.914954,27.799999237060547
dram,2.001730721,0.9010599999999158,0.45018534192875265,0.44501994471446743,1959.676745,0.45580999999992855,1960.577805,27.799999237060547
core,2.001815246,31.275554000007105,15.625814009617208,15.825822761798092,67808.445062,15.44155000000319,67839.720616,27.799999237060547
uncore,2.001898547,0.007385000000001085,0.003689675216017399,0.0,11.614472,0.007385000000001085,11.621857,27.799999237060547
package-0,2.332489877,39.79793299999437,17.063222673074957,17.097384001792175,74146.773684,34.14127000000735,74186.571617,27.799999237060547
dram,2.332581087,1.0489480000001095,0.4497327360313167,0.446994619489645,1959.676745,0.9010599999999158,1960.725693,27.799999237060547
core,2.332730257,36.45742600000813,15.630992140355104,15.662318125077554,67808.445062,31.275554000007105,67844.902488,27.799999237060547
uncore,2.332930305,0.007385000000001085,0.0031662925670208775,0.0,11.614472,0.007385000000001085,11.621857,27.799999237060547
