zone,time_elapsed,power_j,watts,watts_since_last,start_power,prev_power,prev_power_reading,temp
package-0,0.000659101,0.0,0.0,0.0,69554.84208,0.0,69554.84208,27.799999237060547
dram,0.000776676,0.0006720000001223525,1.2186077046514774,0.0,1837.172298,0.0,1837.17297,27.799999237060547
core,0.00086601,0.008179000004020054,14.83183395748302,0.0,63606.407723,0.0,63606.415902,27.799999237060547
uncore,0.000951607,0.0,0.0,0.0,10.767428,0.0,10.767428,27.799999237060547
package-0,1.001293599,17.000688999993145,16.9827560078384,16.992116409296187,69554.84208,0.0,69571.842769,27.799999237060547
dram,1.001517472,0.4557489999999689,0.45526825811700544,0.4548475276027808,1837.172298,0.0006720000001223525,1837.628047,27.799999237060547
core,1.001712844,15.563010000005306,15.546593527929707,15.54698748262835,63606.407723,0.008179000004020054,63621.970733,27.799999237060547
uncore,1.00191172,0.006835999999999842,0.0068287891196425875,0.006832552949706503,10.767428,0.0,10.774264,27.799999237060547
package-0,2.002214089,34.039829999994254,17.0027698659391,17.022785626730446,69554.84208,17.000688999993145,69588.88191,27.799999237060547
dram,2.002402217,0.9014260000001286,0.4502589710106894,0.44524920767816706,1837.172298,0.4557489999999689,1838.073724,27.799999237060547
core,2.002566646,31.17490800000087,15.571751865856207,15.596912595552144,63606.407723,15.563010000005306,63637.582631,27.799999237060547
uncore,2.002769482,0.006835999999999842,0.0034145568530623283,0.0,10.767428,0.006835999999999842,10.774264,27.799999237060547
package-0,2.323623182,39.51576799999748,17.007713788082963,17.03851107416883,69554.84208,34.039829999994254,69594.357848,27.799999237060547
dram,2.323819073,1.0455300000000989,0.44999947860958184,0.4483830167233581,1837.172298,0.9014260000001286,1838.217828,27.799999237060547
core,2.324009567,36.19418300000689,15.578092908573975,15.617593309466056,63606.407723,31.17490800000087,63642.601906,27.799999237060547
uncore,2.324201394,0.006835999999999842,0.00294223641193915,0.0,10.767428,0.006835999999999842,10.774264,27.799999237060547
