zone,time_elapsed,power_j,watts,watts_since_last,start_power,prev_power,prev_power_reading,temp
package-0,0.000641418,0.0,0.0,0.0,69991.098654,0.0,69991.098654,27.799999237060547
dram,0.000857908,0.0,0.0,0.0,1848.777493,0.0,1848.777493,27.799999237060547
core,0.001038731,0.011108000006061047,24.195269868439958,0.0,64005.73269,0.0,64005.743798,27.799999237060547
uncore,0.001232666,0.0,0.0,0.0,10.848421,0.0,10.848421,27.799999237060547
package-0,1.001587576,16.471088000005693,16.44880738310656,16.456352241672647,69991.098654,0.0,70007.569742,27.799999237060547
dram,1.001805924,0.45605399999999463,0.4554370908766074,0.4556459940728321,1848.777493,0.0,1849.233547,27.799999237060547
core,1.002013514,15.040183000004617,15.019837983602795,15.015629329793338,64005.73269,0.011108000006061047,64020.772873,27.799999237060547
uncore,1.002220538,0.006287000000000376,0.006278495507859673,0.0062813753738287575,10.848421,0.0,10.854708,27.799999237060547
package-0,2.002531566,33.55771399999503,16.75923872731913,17.069784165721362,69991.098654,16.471088000005693,70024.656368,27.799999237060547
dram,2.00274041,0.9028909999999541,0.4509176582692542,0.44639656461506827,1848.777493,0.45605399999999463,1849.680384,27.799999237060547
core,2.002948218,30.699749999999767,15.331927529958914,15.644131779950987,64005.73269,15.040183000004617,64036.43244,27.799999237060547
uncore,2.003141384,0.006287000000000376,0.0031398245386642623,0.0,10.848421,0.006287000000000376,10.854708,27.799999237060547
package-0,2.347031144,39.4209189999965,16.797343808888442,17.018813953044287,69991.098654,33.55771399999503,70030.519573,27.799999237060547
dram,2.34720403,1.0574930000000222,0.4506001875931613,0.4487550196128314,1848.777493,0.9028909999999541,1849.834986,27.799999237060547
core,2.347368577,36.06137000000308,15.365832290963104,15.562889796102096,64005.73269,30.699749999999767,64041.79406,27.799999237060547
uncore,2.347456174,0.006287000000000376,0.0026789050891101074,0.0,10.848421,0.006287000000000376,10.854708,27.799999237060547
