zone,time_elapsed,power_j,watts,watts_since_last,start_power,prev_power,prev_power_reading,temp
package-0,0.0006001,0.0,0.0,0.0,75816.065187,0.0,75816.065187,27.799999237060547
dram,0.000803314,0.0,0.0,0.0,2004.337154,0.0,2004.337154,27.799999237060547
core,0.00098281,0.01080299999739509,25.34291404192874,0.0,69335.549612,0.0,69335.560415,27.799999237060547
uncore,0.001136201,0.0,0.0,0.0,11.914459,0.0,11.914459,27.799999237060547
package-0,1.001378853,15.927999000006821,15.908232003615481,15.915007722438064,75816.065187,0.0,75831.993186,27.799999237060547
dram,1.001478031,0.4557479999998577,0.45518240672782434,0.45537628044052064,2004.337154,0.0,2004.792902,27.799999237060547
core,1.001563419,14.48787799999991,14.469898225381387,14.465267132629553,69335.549612,0.01080299999739509,69350.03749,27.799999237060547
uncore,1.001646743,0.007201999999999487,0.007193062159909821,0.007196125867219208,11.914459,0.0,11.921661,27.799999237060547
package-0,2.00185566,33.00321199999598,16.48720361976315,17.06660231885482,75816.065187,15.927999000006821,75849.068399,27.799999237060547
dram,2.001947972,0.9012419999999111,0.45022770403931966,0.4452693464755986,2004.337154,0.4557479999998577,2005.238396,27.799999237060547
core,2.00203225,30.14018099999521,15.056937527277588,15.644409863309324,69335.549612,14.48787799999991,69365.689793,27.799999237060547
uncore,2.002114976,0.007201999999999487,0.0035978570955317985,0.0,11.914459,0.007201999999999487,11.921661,27.799999237060547
package-0,2.380506309,39.48525100000552,16.588399369520946,17.123521514884626,75816.065187,33.00321199999598,75855.550438,27.799999237060547
dram,2.38069925,1.0707370000000083,0.44983411592648614,0.44775282579490255,2004.337154,0.9012419999999111,2005.407891,27.799999237060547
core,2.380888271,36.073820999998134,15.155201863412161,15.674822721905963,69335.549612,30.14018099999521,69371.623433,27.799999237060547
uncore,2.38107737,0.007201999999999487,0.003025677923619243,0.0,11.914459,0.007201999999999487,11.921661,27.799999237060547
