zone,time_elapsed,power_j,watts,watts_since_last,start_power,prev_power,prev_power_reading,temp
package-0,0.000379995,0.0,0.0,0.0,61922.081835,0.0,61922.081835,27.799999237060547
dram,0.000495423,0.0007319999999708671,3.139838632758413,0.0,1633.733305,0.0,1633.734037,27.799999237060547
core,0.000586232,0.008484000005410053,36.39124450596892,0.0,56621.15345,0.0,56621.161934,27.799999237060547
uncore,0.000672925,0.0,0.0,0.0,9.370581,0.0,9.370581,27.799999237060547
package-0,1.000925729,16.790240000002086,16.7771957135576,16.781104903487986,61922.081835,0.0,61938.872075,27.799999237060547
dram,1.001027269,0.45623700000010103,0.4558825508609241,0.4552571725636161,1633.733305,0.0007319999999708671,1634.189542,27.799999237060547
core,1.001117581,15.3474950000018,15.335571577764517,15.330665476292392,56621.15345,0.008484000005410053,56636.500945,27.799999237060547
uncore,1.00120889,0.007080000000000197,0.007074499569510404,0.007076147971481259,9.370581,0.0,9.377661,27.799999237060547
package-0,2.001421036,34.00430700000288,16.99101774838382,17.20489197520826,61922.081835,16.790240000002086,61956.086142,27.799999237060547
dram,2.001517313,0.9019140000000334,0.4506616406420255,0.44543945604681173,1633.733305,0.45623700000010103,1634.635219,27.799999237060547
core,2.001607759,31.123515999999654,15.551565651611636,15.767612447631782,56621.15345,15.3474950000018,56652.276966,27.799999237060547
uncore,2.00169725,0.007080000000000197,0.0035376814371941355,0.0,9.370581,0.007080000000000197,9.377661,27.799999237060547
package-0,2.333109368,39.69038900000305,17.012620507732585,17.142966178854117,61922.081835,34.00430700000288,61961.772224,27.799999237060547
dram,2.33320291,1.0496800000000803,0.44992775189370743,0.4454996499145257,1633.733305,0.9019140000000334,1634.782985,27.799999237060547
core,2.333289599,36.347075000005134,15.57956495566557,15.748505784886728,56621.15345,31.123515999999654,56657.500525,27.799999237060547
uncore,2.333379484,0.007080000000000197,0.0030347234237170315,0.0,9.370581,0.007080000000000197,9.377661,27.799999237060547
