zone,time_elapsed,power_j,watts,watts_since_last,start_power,prev_power,prev_power_reading,temp
package-0,0.000533109,0.0,0.0,0.0,70465.59219,0.0,70465.59219,27.799999237060547
dram,0.000726821,0.0,0.0,0.0,1861.442927,0.0,1861.442927,27.799999237060547
core,0.0009065,0.013245000001916196,36.841505041309205,0.0,64439.915599,0.0,64439.928844,27.799999237060547
uncore,0.00103795,0.0,0.0,0.0,10.93503,0.0,10.93503,27.799999237060547
package-0,1.001286946,16.97487099999853,16.95528058057596,16.961371376674347,70465.59219,0.0,70482.567061,27.799999237060547
dram,1.001388623,0.45568699999989803,0.45516109912822655,0.45532460532522123,1861.442927,0.0,1861.898614,27.799999237060547
core,1.001473869,15.534444999997504,15.516516952529761,15.508856439120265,64439.915599,0.013245000001916196,64455.450044,27.799999237060547
uncore,1.001557074,0.006470000000000198,0.006462533079417176,0.00646485459636753,10.93503,0.0,10.9415,27.799999237060547
package-0,2.0017668,34.28677800000878,17.129181568629697,17.303195879076892,70465.59219,16.97487099999853,70499.878968,27.799999237060547
dram,2.001858341,0.9013039999999819,0.450278526157458,0.4453927714632185,1861.442927,0.45568699999989803,1862.344231,27.799999237060547
core,2.00194334,31.424175000000105,15.699066247031379,15.88173449958613,64439.915599,15.534444999997504,64471.339774,27.799999237060547
uncore,2.002026402,0.006470000000000198,0.003232319022481761,0.0,10.93503,0.006470000000000198,10.9415,27.799999237060547
package-0,2.333611918,40.009969000006095,17.14598117035378,17.247319189131087,70465.59219,34.28677800000878,70505.602159,27.799999237060547
dram,2.333804782,1.0496189999998933,0.44980658720432887,0.44695977218577,1861.442927,0.9013039999999819,1862.492546,27.799999237060547
core,2.333994218,36.67214799999783,15.715582261118326,15.815209631645201,64439.915599,31.424175000000105,64476.587747,27.799999237060547
uncore,2.334183361,0.006470000000000198,0.0027726714352659322,0.0,10.93503,0.006470000000000198,10.9415,27.799999237060547
