zone,time_elapsed,power_j,watts,watts_since_last,start_power,prev_power,prev_power_reading,temp
package-0,0.000648582,0.019531000005372334,43.37080249724052,0.0,62358.556365,0.0,62358.575896,27.799999237060547
dram,0.000845744,0.0007320000001982407,1.625489090566036,0.0,1645.397826,0.0,1645.398558,27.799999237060547
core,0.001010151,0.010559000002103858,23.447458068385696,0.0,57020.504295,0.0,57020.514854,27.799999237060547
uncore,0.001168952,0.0,0.0,0.0,9.450476,0.0,9.450476,27.799999237060547
package-0,1.001512863,16.745378999999957,16.724032328068184,16.71204249921479,62358.556365,0.019531000005372334,62375.301744,27.799999237060547
dram,1.001726398,0.45642000000020744,0.4558381649755655,0.4553118755105755,1645.397826,0.0007320000001982407,1645.854246,27.799999237060547
core,1.001935662,15.311607000003278,15.292088071743887,15.288418527935198,57020.504295,0.010559000002103858,57035.815902,27.799999237060547
uncore,1.002145929,0.006591999999999487,0.006583596651148785,0.006586558968779998,9.450476,0.0,9.457068,27.799999237060547
package-0,2.002450834,33.75827500000014,16.860164074530356,16.996336910852698,62358.556365,16.745378999999957,62392.31464,27.799999237060547
dram,2.002661871,0.9022800000000188,0.4506328845643773,0.44542603299693934,1645.397826,0.45642000000020744,1646.300106,27.799999237060547
core,2.002867599,30.8957339999979,15.43050243067836,15.5689585684543,57020.504295,15.311607000003278,57051.400029,27.799999237060547
uncore,2.003074323,0.006591999999999487,0.003292295047045354,0.0,9.450476,0.006591999999999487,9.457068,27.799999237060547
package-0,2.328261583,39.33418800000072,16.895529568192053,17.112852012233432,62358.556365,33.75827500000014,62397.890553,27.799999237060547
dram,2.328435948,1.0474830000000566,0.44993378276117324,0.44563777281545053,1645.397826,0.9022800000000188,1646.445309,27.799999237060547
core,2.328608043,36.00234900000214,15.464378012681859,15.67254488700144,57020.504295,30.8957339999979,57056.506644,27.799999237060547
uncore,2.328779682,0.006591999999999487,0.002831514684210878,0.0,9.450476,0.006591999999999487,9.457068,27.799999237060547
