zone,time_elapsed,power_j,watts,watts_since_last,start_power,prev_power,prev_power_reading,temp
package-0,0.0004749,0.0,0.0,0.0,64064.222591,0.0,64064.222591,27.799999237060547
dram,0.000652612,0.0,0.0,0.0,1691.025761,0.0,1691.025761,27.799999237060547
core,0.000779739,0.008544999996956903,25.49467728708261,0.0,58581.006587,0.0,58581.015132,27.799999237060547
uncore,0.000903573,0.0,0.0,0.0,9.771276,0.0,9.771276,27.799999237060547
package-0,1.001246794,16.473652000000584,16.4570743611127,16.462586540756522,64064.222591,0.0,64080.696243,27.799999237060547
dram,1.001463165,0.45605299999988347,0.45559406824948995,0.45574666623220217,1691.025761,0.0,1691.481814,27.799999237060547
core,1.001657498,15.03816899999947,15.023035905333094,15.019528503762482,58581.006587,0.008544999996956903,58596.044756,27.799999237060547
uncore,1.00186461,0.007140999999998954,0.007133813923754393,0.007136203343831771,9.771276,0.0,9.778417,27.799999237060547
package-0,2.002179307,33.47855200000049,16.72269538063956,16.988324797285042,64064.222591,16.473652000000584,64097.701143,27.799999237060547
dram,2.00237272,0.901913999999806,0.4505103172183398,0.4454264054737771,1691.025761,0.45605299999988347,1691.927675,27.799999237060547
core,2.002579963,30.631634999997914,15.300646847447126,15.578266565719069,58581.006587,15.03816899999947,58611.638222,27.799999237060547
uncore,2.002785321,0.007140999999998954,0.003566963341578449,0.0,9.771276,0.007140999999998954,9.778417,27.799999237060547
package-0,2.34374973,39.28218700000434,16.761619860955406,16.98974331378065,64064.222591,33.47855200000049,64103.504778,27.799999237060547
dram,2.343872173,1.0543179999999666,0.44987509296669936,0.4461522545774218,1691.025761,0.901913999999806,1692.080079,27.799999237060547
core,2.344029047,35.93942199999583,15.335269637261318,15.538182310590967,58581.006587,30.631634999997914,58616.946009,27.799999237060547
uncore,2.344206373,0.007140999999998954,0.0030470484605923747,0.0,9.771276,0.007140999999998954,9.778417,27.799999237060547
