zone,time_elapsed,power_j,watts,watts_since_last,start_power,prev_power,prev_power_reading,temp
package-0,0.000584295,0.0,0.0,0.0,64542.345208,0.0,64542.345208,27.799999237060547
dram,0.000756474,0.0,0.0,0.0,1703.899141,0.0,1703.899141,27.799999237060547
core,0.000848179,0.0060429999939515255,14.011453996038687,0.0,59018.181554,0.0,59018.187597,27.799999237060547
uncore,0.000973136,0.0,0.0,0.0,9.855748,0.0,9.855748,27.799999237060547
package-0,1.001313269,16.711322000002838,16.693312236470085,16.700507235831623,64542.345208,0.0,64559.05653,27.799999237060547
dram,1.001529836,0.4558089999998174,0.45531777540932145,0.45551402232886384,1703.899141,0.0,1704.35495,27.799999237060547
core,1.001737106,15.274618999996164,15.258157568863261,15.25869491167956,59018.181554,0.0060429999939515255,59033.456173,27.799999237060547
uncore,1.001933007,0.006043000000000021,0.006036487469092627,0.006039089260928232,9.855748,0.0,9.861791,27.799999237060547
package-0,2.002237247,33.70840899999894,16.83704479008303,16.980794488051036,64542.345208,16.711322000002838,64576.053617,27.799999237060547
dram,2.00243054,0.9016699999999673,0.45037599300145237,0.44543362113997564,1703.899141,0.4558089999998174,1704.800811,27.799999237060547
core,2.002624715,30.842634000000544,15.405616150621741,15.55309232117426,59018.181554,15.274618999996164,59049.024188,27.799999237060547
uncore,2.002830428,0.006043000000000021,0.0030184237311964295,0.0,9.855748,0.006043000000000021,9.861791,27.799999237060547
package-0,2.331766091,39.36452300000383,16.88323176783156,17.163832004881403,64542.345208,33.70840899999894,64581.709731,27.799999237060547
dram,2.331941559,1.05065599999989,0.450620696109013,0.4521073435004529,1703.899141,0.9016699999999673,1704.949797,27.799999237060547
core,2.33210058,36.03585799999564,15.455585288472424,15.759163323008874,59018.181554,30.842634000000544,59054.217412,27.799999237060547
uncore,2.332252838,0.006043000000000021,0.0025918101325144104,0.0,9.855748,0.006043000000000021,9.861791,27.799999237060547
