zone,time_elapsed,power_j,watts,watts_since_last,start_power,prev_power,prev_power_reading,temp
package-0,0.000609812,0.0,0.0,0.0,68682.060257,0.0,68682.060257,27.799999237060547
dram,0.000788352,0.0,0.0,0.0,1813.887324,0.0,1813.887324,27.799999237060547
core,0.000917187,0.007935000001452863,17.148191933224407,0.0,62807.729409,0.0,62807.737344,27.799999237060547
uncore,0.001029116,0.0,0.0,0.0,10.610019,0.0,10.610019,27.799999237060547
package-0,1.001277953,16.959917000000132,16.940702042589727,16.948535770105398,68682.060257,0.0,68699.020174,27.799999237060547
dram,1.001377778,0.45587000000000444,0.45535351618497866,0.4555640809750403,1813.887324,0.0,1814.343194,27.799999237060547
core,1.001463414,15.515035999997053,15.497458039210994,15.496694706056672,62807.729409,0.007935000001452863,62823.244445,27.799999237060547
uncore,1.001553822,0.008300000000000196,0.00829059640760606,0.00829443014914973,10.610019,0.0,10.618319,27.799999237060547
package-0,2.001760735,34.39261199999601,17.182098037220534,17.4236423375357,68682.060257,16.959917000000132,68716.452869,27.799999237060547
dram,2.001851848,0.901548000000048,0.45040156069747544,0.4454465628929338,1813.887324,0.45587000000000444,1814.788872,27.799999237060547
core,2.001935874,31.52494399999705,15.749448702119498,16.00159417972479,62807.729409,15.515035999997053,62839.254353,27.799999237060547
uncore,2.002017982,0.008300000000000196,0.004146571179558865,0.0,10.610019,0.008300000000000196,10.618319,27.799999237060547
package-0,2.338522199,40.24910299999465,17.21292008234032,17.3961797205806,68682.060257,34.39261199999601,68722.30936,27.799999237060547
dram,2.338717344,1.051633000000038,0.4497410733589482,0.4458139922632463,1813.887324,0.901548000000048,1814.938957,27.799999237060547
core,2.338909554,36.89510799999698,15.778551522833878,15.95158911249287,62807.729409,31.52494399999705,62844.624517,27.799999237060547
uncore,2.339098657,0.008300000000000196,0.003549575668393083,0.0,10.610019,0.008300000000000196,10.618319,27.799999237060547
