zone,time_elapsed,power_j,watts,watts_since_last,start_power,prev_power,prev_power_reading,temp
package-0,0.000686334,0.0,0.0,0.0,64421.017027,0.0,64421.017027,27.799999237060547
dram,0.000903346,0.0,0.0,0.0,1700.611552,0.0,1700.611552,27.799999237060547
core,0.001033793,0.011657999995804857,23.196491666543682,0.0,58907.301284,0.0,58907.312942,27.799999237060547
uncore,0.001168082,0.0,0.0,0.0,9.833348,0.0,9.833348,27.799999237060547
package-0,1.001509405,15.774922999997216,15.754853270532363,15.762765179214487,64421.017027,0.0,64436.79195,27.799999237060547
dram,1.001723005,0.45776200000000244,0.45717960986730316,0.45740920028382354,1700.611552,0.0,1701.069314,27.799999237060547
core,1.001911246,14.340661000002001,14.322416017974689,14.317959557799265,58907.301284,0.011657999995804857,58921.641945,27.799999237060547
uncore,1.002047866,0.00860599999999856,0.00859505097084802,0.008599367307993903,9.833348,0.0,9.841954,27.799999237060547
package-0,2.002338091,32.4569479999991,16.211046282271703,16.667420539437455,64421.017027,15.774922999997216,64453.473975,27.799999237060547
dram,2.002545819,0.9035010000000057,0.45126536626546837,0.44534877293539155,1700.611552,0.45776200000000244,1701.515053,27.799999237060547
core,2.002750984,29.59141599999566,14.779818926101687,15.237403560346783,58907.301284,14.340661000002001,58936.8927,27.799999237060547
uncore,2.002957359,0.00860599999999856,0.004298379019038104,0.0,9.833348,0.00860599999999856,9.841954,27.799999237060547
package-0,2.604928036,42.455275000000256,16.299408286400432,16.59301099378673,64421.017027,32.4569479999991,64463.472302,27.799999237060547
dram,2.605119028,1.17211599999996,0.4499981979394024,0.4457877450992301,1700.611552,0.9035010000000057,1701.783668,27.799999237060547
core,2.6053081479999998,38.73836499999743,14.872414028234626,15.180082159407105,58907.301284,29.59141599999566,58946.039649,27.799999237060547
uncore,2.60549894,0.00860599999999856,0.003304011285116815,0.0,9.833348,0.00860599999999856,9.841954,27.799999237060547
