zone,time_elapsed,power_j,watts,watts_since_last,start_power,prev_power,prev_power_reading,temp
package-0,0.000588901,0.016174999997019768,39.05712360165783,0.0,68157.704177,0.0,68157.720352,27.799999237060547
dram,0.000804455,0.0006710000000111904,1.620236781575156,0.0,1800.002411,0.0,1800.003082,27.799999237060547
core,0.000974487,0.013793999998597428,33.307818423848694,0.0,62327.610948,0.0,62327.624742,27.799999237060547
uncore,0.001103085,0.0,0.0,0.0,10.518405,0.0,10.518405,27.799999237060547
package-0,1.001356255,17.000688999993145,16.97997446692194,16.970838864097757,68157.704177,0.016174999997019768,68174.704866,27.799999237060547
dram,1.001496635,0.45629699999994955,0.45574102375117553,0.4552591512653305,1800.002411,0.0006710000000111904,1800.458708,27.799999237060547
core,1.002328798,15.580221999996866,15.561238238581328,15.553894640589094,62327.610948,0.013793999998597428,62343.19117,27.799999237060547
uncore,1.002415353,0.006225999999999843,0.006218413914347587,0.006220987116139684,10.518405,0.0,10.524631,27.799999237060547
package-0,2.002628893,34.39285699999891,17.1748286711827,17.369668200302506,68157.704177,17.000688999993145,68192.097034,27.799999237060547
dram,2.002721715,0.9021580000000995,0.45051241553846605,0.4452842011102418,1800.002411,0.45629699999994955,1800.904569,27.799999237060547
core,2.002810364,31.514201999998477,15.73730905981536,15.913366620549683,62327.610948,15.580221999996866,62359.12515,27.799999237060547
uncore,2.002895148,0.006225999999999843,0.0031090898702246274,0.0,10.518405,0.006225999999999843,10.524631,27.799999237060547
package-0,2.333935867,40.13411399998586,17.19746161507748,17.33430262595757,68157.704177,34.39285699999891,68197.838291,27.799999237060547
dram,2.334057608,1.0501070000000254,0.44997068638991183,0.44669533853167426,1800.002411,0.9021580000000995,1801.052518,27.799999237060547
core,2.334222401,36.78433000000223,15.762079691396806,15.911845372852195,62327.610948,31.514201999998477,62364.395278,27.799999237060547
uncore,2.334408774,0.006225999999999843,0.0026678400329332654,0.0,10.518405,0.006225999999999843,10.524631,27.799999237060547
