zone,time_elapsed,power_j,watts,watts_since_last,start_power,prev_power,prev_power_reading,temp
package-0,0.000770352,0.0,0.0,0.0,72641.551647,0.0,72641.551647,27.799999237060547
dram,0.000988641,0.0,0.0,0.0,1919.536589,0.0,1919.536589,27.799999237060547
core,0.001135039,0.01239000000350643,21.59153486973008,0.0,66431.001628,0.0,66431.014018,27.799999237060547
uncore,0.001286578,0.0,0.0,0.0,11.331636,0.0,11.331636,27.799999237060547
package-0,1.001616295,16.445697000002838,16.42265448844868,16.43207059044122,72641.551647,0.0,72657.997344,27.799999237060547
dram,1.001816301,0.4562980000000607,0.45565866851188236,0.45591992521064034,1919.536589,0.0,1919.992887,27.799999237060547
core,1.002023983,15.014242999997805,14.993206137418836,14.989422916115151,66431.001628,0.01239000000350643,66446.015871,27.799999237060547
uncore,1.002217852,0.007324000000000552,0.007313738145205182,0.00731793155403385,11.331636,0.0,11.33896,27.799999237060547
package-0,2.002522684,33.434361999999965,16.697792049852143,16.973062614027555,72641.551647,16.445697000002838,72674.986009,27.799999237060547
dram,2.002716789,0.9020370000000639,0.45049539893339563,0.4453296334064721,1919.536589,0.4562980000000607,1920.438626,27.799999237060547
core,2.002849788,30.574506000004476,15.2695225114519,15.545972458100396,66431.001628,15.014242999997805,66461.576134,27.799999237060547
uncore,2.002996421,0.007324000000000552,0.0036577527327462224,0.0,11.331636,0.007324000000000552,11.33896,27.799999237060547
package-0,2.339257946,39.163228999997955,16.74300582058216,17.011841752043576,72641.551647,33.434361999999965,72680.714876,27.799999237060547
dram,2.339430642,1.0528540000000248,0.45011458708434243,0.4478503231997167,1919.536589,0.9020370000000639,1920.589443,27.799999237060547
core,2.339602625,35.81777900000452,15.312763977593177,15.569872810591491,66431.001628,30.574506000004476,66466.819407,27.799999237060547
uncore,2.339774834,0.007324000000000552,0.003131145662937022,0.0,11.331636,0.007324000000000552,11.33896,27.799999237060547
