zone,time_elapsed,power_j,watts,watts_since_last,start_power,prev_power,prev_power_reading,temp
package-0,0.00051866,0.0,0.0,0.0,74540.569002,0.0,74540.569002,27.799999237060547
dram,0.000711388,0.0006720000001223525,1.940833461246444,0.0,1970.228537,0.0,1970.229209,27.799999237060547
core,0.000872632,0.009095000001252629,26.26767906138934,0.0,68168.657213,0.0,68168.666308,27.799999237060547
uncore,0.00101687,0.0,0.0,0.0,11.685028,0.0,11.685028,27.799999237060547
package-0,1.001270566,16.858964999992168,16.84005508321851,16.84588130935563,74540.569002,0.0,74557.427967,27.799999237060547
dram,1.001411821,0.4561149999999543,0.4556033970225935,0.4550895456024489,1970.228537,0.0006720000001223525,1970.684652,27.799999237060547
core,1.001497695,15.41817400000582,15.400880151472292,15.397120518411532,68168.657213,0.009095000001252629,68184.075387,27.799999237060547
uncore,1.00158106,0.0067139999999987765,0.006706469218529191,0.006708789484469873,11.685028,0.0,11.691742,27.799999237060547
package-0,2.00179997,34.19748299999628,17.084366730915114,17.328815855938615,74540.569002,16.858964999992168,74574.766485,27.799999237060547
dram,2.001893783,0.9028909999999541,0.4510659735409057,0.44652599679228583,1970.228537,0.4561149999999543,1971.131428,27.799999237060547
core,2.001977874,31.31553300000087,15.644603146557523,15.888463287727202,68168.657213,15.41817400000582,68199.972746,27.799999237060547
uncore,2.002060697,0.0067139999999987765,0.003354177798154199,0.0,11.685028,0.0067139999999987765,11.691742,27.799999237060547
package-0,2.336612659,40.012592999992194,17.12491532478975,17.367322793987675,74540.569002,34.19748299999628,74580.581595,27.799999237060547
dram,2.336716054,1.053098000000091,0.45071345610394487,0.448606037533377,1970.228537,0.9028909999999541,1971.281635,27.799999237060547
core,2.3369053490000002,36.648893000005046,15.685291612380349,15.928535263594288,68168.657213,31.31553300000087,68205.306106,27.799999237060547
uncore,2.3370763549999998,0.0067139999999987765,0.0028735123837297888,0.0,11.685028,0.0067139999999987765,11.691742,27.799999237060547
