zone,time_elapsed,power_j,watts,watts_since_last,start_power,prev_power,prev_power_reading,temp
package-0,0.000498415,0.0,0.0,0.0,66291.182283,0.0,66291.182283,27.799999237060547
dram,0.000617623,0.0,0.0,0.0,1750.412205,0.0,1750.412205,27.799999237060547
core,0.000831278,0.00805699999909848,19.67300376294355,0.0,60618.937954,0.0,60618.946011,27.799999237060547
uncore,0.000982156,0.0,0.0,0.0,10.174412,0.0,10.174412,27.799999237060547
package-0,1.001319618,16.96754699999292,16.94912971970776,16.95606647128687,66291.182283,0.0,66308.14983,27.799999237060547
dram,1.00153515,0.4556880000000092,0.4551933773171554,0.45537967380736605,1750.412205,0.0,1750.867893,27.799999237060547
core,1.001730127,15.533712999997078,15.516852062691864,15.515151079081111,60618.937954,0.00805699999909848,60634.471667,27.799999237060547
uncore,1.00193817,0.007445999999999842,0.007437917802319567,0.007440961910714145,10.174412,0.0,10.181858,27.799999237060547
package-0,2.002232652,34.24570099999255,17.10536695903183,17.261624337580464,66291.182283,16.96754699999292,66325.427984,27.799999237060547
dram,2.002439837,0.9014869999998609,0.45028326165078947,0.4453725130628329,1750.412205,0.4556880000000092,1751.313692,27.799999237060547
core,2.002647658,31.37986400000227,15.673911561765607,15.830991306054482,60618.937954,15.533712999997078,60650.317818,27.799999237060547
uncore,2.002841475,0.007445999999999842,0.0037191985755226915,0.0,10.174412,0.007445999999999842,10.181858,27.799999237060547
package-0,2.329457628,39.917623000001186,17.137590172539113,17.334755242935923,66291.182283,34.24570099999255,66331.099906,27.799999237060547
dram,2.329647503,1.047604999999976,0.4497618796766003,0.4465716853273808,1750.412205,0.9014869999998609,1751.45981,27.799999237060547
core,2.329839039,36.584012999999686,15.706391677200298,15.905128660547092,60618.937954,31.37986400000227,60655.521967,27.799999237060547
uncore,2.3300279010000002,0.007445999999999842,0.003196745868979216,0.0,10.174412,0.007445999999999842,10.181858,27.799999237060547
