zone,time_elapsed,power_j,watts,watts_since_last,start_power,prev_power,prev_power_reading,temp
package-0,0.000748452,0.0,0.0,0.0,71098.640435,0.0,71098.640435,27.799999237060547
dram,0.000914611,0.0,0.0,0.0,1878.319837,0.0,1878.319837,27.799999237060547
core,0.001005023,0.008605999995779712,15.270968295403826,0.0,65019.232964,0.0,65019.24157,27.799999237060547
uncore,0.001162353,0.0,0.0,0.0,11.05295,0.0,11.05295,27.799999237060547
package-0,1.001404364,17.03871400000935,17.017140707066513,17.026724019329073,71098.640435,0.0,71115.679149,27.799999237060547
dram,1.001504878,0.4557480000000851,0.455170962019865,0.4554272944752977,1878.319837,0.0,1878.775585,27.799999237060547
core,1.001590576,15.599202999997942,15.57945232069236,15.579626045455715,65019.232964,0.008605999995779712,65034.832167,27.799999237060547
uncore,1.001675818,0.006958000000000908,0.006949190240514588,0.006953103721703536,11.05295,0.0,11.059908,27.799999237060547
package-0,2.001883468,34.27090899999894,17.120253726320307,17.22344504209863,71098.640435,17.03871400000935,71132.911344,27.799999237060547
dram,2.001975729,0.9010599999999158,0.4501303371508825,0.4450858847981202,1878.319837,0.4557480000000851,1879.220897,27.799999237060547
core,2.002060666,31.410808000000543,15.691471816774913,15.80357637231248,65019.232964,15.599202999997942,65050.643772,27.799999237060547
uncore,2.002143415,0.006958000000000908,0.0034759137969686167,0.0,11.05295,0.006958000000000908,11.059908,27.799999237060547
package-0,2.324663295,39.787679000000935,17.116775177119198,17.095197592706175,71098.640435,34.27090899999894,71138.428114,27.799999237060547
dram,2.324834988,1.0455910000000586,0.44981628795738055,0.44786822783493996,1878.319837,0.9010599999999158,1879.365428,27.799999237060547
core,2.324948693,36.46340799999598,15.68666412854809,15.656841839844317,65019.232964,31.410808000000543,65055.696372,27.799999237060547
uncore,2.325032602,0.006958000000000908,0.002993351828399142,0.0,11.05295,0.006958000000000908,11.059908,27.799999237060547
