zone,time_elapsed,power_j,watts,watts_since_last,start_power,prev_power,prev_power_reading,temp
package-0,0.000673186,0.01825000000098953,32.36877344694542,0.0,63827.589835,0.0,63827.608085,27.799999237060547
dram,0.000791789,0.0006710000000111904,1.1901066839498602,0.0,1684.678548,0.0,1684.679219,27.799999237060547
core,0.000879704,0.007384999997157138,13.098268043874565,0.0,58364.571228,0.0,58364.578613,27.799999237060547
uncore,0.00096434,0.0,0.0,0.0,9.725133,0.0,9.725133,27.799999237060547
package-0,1.001304524,16.134541999999783,16.117327227843667,16.108169036949516,63827.589835,0.01825000000098953,63843.724377,27.799999237060547
dram,1.001527904,0.4558089999998174,0.4553226739496758,0.45490860051037524,1684.678548,0.0006710000000111904,1685.134357,27.799999237060547
core,1.001735375,14.697045000000799,14.681363967279623,14.682256090631283,58364.571228,0.007384999997157138,58379.268273,27.799999237060547
uncore,1.001942006,0.008727999999999625,0.008718687648190782,0.008723600897433471,9.725133,0.0,9.733861,27.799999237060547
package-0,2.002252287,33.04178600000159,16.50397383569532,16.890653611539523,63827.589835,16.134541999999783,63860.631621,27.799999237060547
dram,2.002459885,0.9015479999998206,0.45031235913275885,0.4453016145122921,1684.678548,0.4558089999998174,1685.580096,27.799999237060547
core,2.00266639,30.178266999995685,15.073680610803914,15.466030908717633,58364.571228,14.697045000000799,58394.749495,27.799999237060547
uncore,2.002874489,0.008727999999999625,0.004359530796487078,0.0,9.725133,0.008727999999999625,9.733861,27.799999237060547
package-0,2.3592063469999998,39.09944900000119,16.57467003103743,16.971202296206442,63827.589835,33.04178600000159,63866.689284,27.799999237060547
dram,2.359326913,1.061031999999841,0.44978268855831033,0.4468117864940186,1684.678548,0.9015479999998206,1685.73958,27.799999237060547
core,2.359411991,35.72219799999584,15.14301760705882,15.531926176352012,58364.571228,30.178266999995685,58400.293426,27.799999237060547
uncore,2.359639166,0.008727999999999625,0.0036998915261154727,0.0,9.725133,0.008727999999999625,9.733861,27.799999237060547
