zone,time_elapsed,power_j,watts,watts_since_last,start_power,prev_power,prev_power_reading,temp
package-0,0.000793804,0.01715100000728853,29.51786287177178,0.0,70940.689118,0.0,70940.706269,27.799999237060547
dram,0.000916968,0.0,0.0,0.0,1874.066735,0.0,1874.066735,27.799999237060547
core,0.00100615,0.008605999995779712,14.811423686195589,0.0,64874.84161,0.0,64874.850216,27.799999237060547
uncore,0.001091021,0.0,0.0,0.0,11.021578,0.0,11.021578,27.799999237060547
package-0,1.001413718,15.427756000004592,15.409535364741403,15.401342817243128,70940.689118,0.01715100000728853,70956.116874,27.799999237060547
dram,1.001618262,0.45641999999998006,0.4558809545064668,0.4561456794620997,1874.066735,0.0,1874.523155,27.799999237060547
core,1.001823839,13.988245000000461,13.971724469722625,13.971236865808427,64874.84161,0.008605999995779712,64888.829855,27.799999237060547
uncore,1.002016618,0.008727999999999625,0.008717691974349163,0.008722754240272575,11.021578,0.0,11.030306,27.799999237060547
package-0,2.002334649,32.46604300000763,16.215804742282206,17.022268568656415,70940.689118,15.427756000004592,70973.155161,27.799999237060547
dram,2.002541354,0.9021579999998721,0.45060058519242147,0.4453189424061575,1874.066735,0.45641999999998006,1874.968893,27.799999237060547
core,2.002746417,29.598861999998917,14.783734709697336,15.595940783035278,64874.84161,13.988245000000461,64904.440472,27.799999237060547
uncore,2.002952175,0.008727999999999625,0.00435937153753538,0.0,11.021578,0.008727999999999625,11.030306,27.799999237060547
package-0,2.401946958,39.29116000000795,16.359459950394122,17.07918958945602,70940.689118,32.46604300000763,70979.980278,27.799999237060547
dram,2.402134917,1.0804419999999482,0.4498581265536396,0.44613832067167997,1874.066735,0.9021579999998721,1875.147177,27.799999237060547
core,2.402319062,35.845549999998184,14.924828883257753,15.631727435319037,64874.84161,29.598861999998917,64910.68716,27.799999237060547
uncore,2.402507974,0.008727999999999625,0.003634032857441849,0.0,11.021578,0.008727999999999625,11.030306,27.799999237060547
