zone,time_elapsed,power_j,watts,watts_since_last,start_power,prev_power,prev_power_reading,temp
package-0,0.000359684,0.0,0.0,0.0,66410.565462,0.0,66410.565462,27.799999237060547
dram,0.000475973,0.0,0.0,0.0,1753.569729,0.0,1753.569729,27.799999237060547
core,0.000561823,0.005798000005597714,26.59645230298173,0.0,60728.262931,0.0,60728.268729,27.799999237060547
uncore,0.000644498,0.0,0.0,0.0,10.198094,0.0,10.198094,27.799999237060547
package-0,1.000977129,16.57313800000702,16.5607374357403,16.564345744671826,66410.565462,0.0,66427.1386,27.799999237060547
dram,1.001178129,0.4555649999999787,0.45522413135698747,0.4553233171151939,1753.569729,0.0,1754.025294,27.799999237060547
core,1.001373023,15.150901000000886,15.139564600005352,15.13706833494551,60728.262931,0.005798000005597714,60743.413832,27.799999237060547
uncore,1.001579282,0.006530000000001479,0.006525114040283912,0.006526535753982481,10.198094,0.0,10.204624,27.799999237060547
package-0,2.001892872,33.781102000008104,16.87631472313647,17.191832250510803,66410.565462,16.57313800000702,66444.346564,27.799999237060547
dram,2.002087098,0.9013649999999416,0.4503026402281154,0.4453820810687769,1753.569729,0.4555649999999787,1754.471094,27.799999237060547
core,2.00229355,30.930035000004864,15.451982740455987,15.764341719123937,60728.262931,15.150901000000886,60759.192966,27.799999237060547
uncore,2.002500641,0.006530000000001479,0.003262248080067953,0.0,10.198094,0.006530000000001479,10.204624,27.799999237060547
package-0,2.339140044,39.61208099999931,16.93573758544324,17.28840324331851,66410.565462,33.781102000008104,66450.177543,27.799999237060547
dram,2.339312864,1.0526709999999184,0.4500586530610459,0.4486106263008487,1753.569729,0.9013649999999416,1754.6224,27.799999237060547
core,2.339484483,36.264555000001565,15.50453729338054,15.816440578782663,60728.262931,30.930035000004864,60764.527486,27.799999237060547
uncore,2.33963931,0.006530000000001479,0.0027918343000705092,0.0,10.198094,0.006530000000001479,10.204624,27.799999237060547
