zone,time_elapsed,power_j,watts,watts_since_last,start_power,prev_power,prev_power_reading,temp
package-0,0.000574438,0.0,0.0,0.0,72088.491112,0.0,72088.491112,27.799999237060547
dram,0.000757439,0.0,0.0,0.0,1904.681891,0.0,1904.681891,27.799999237060547
core,0.000887404,0.010864000010769814,26.989963258396635,0.0,65925.192315,0.0,65925.203179,27.799999237060547
uncore,0.001012522,0.0,0.0,0.0,11.229219,0.0,11.229219,27.799999237060547
package-0,1.001264723,16.690141999992193,16.671464924494355,16.67817070926416,72088.491112,0.0,72105.181254,27.799999237060547
dram,1.001364919,0.4556870000001254,0.4551770642247204,0.4553601506804497,1904.681891,0.0,1905.137578,27.799999237060547
core,1.001449533,15.266196000011405,15.249112388903892,15.244389851364344,65925.192315,0.010864000010769814,65940.458511,27.799999237060547
uncore,1.001533673,0.007080000000000197,0.007072077137838523,0.007074921748517703,11.229219,0.0,11.236299,27.799999237060547
package-0,2.00174265,33.77859999999055,16.87550736937641,17.079673394501686,72088.491112,16.690141999992193,72122.269712,27.799999237060547
dram,2.001833902,0.9009379999999965,0.45010112492392934,0.4450221113323274,1904.681891,0.4556870000001254,1905.582829,27.799999237060547
core,2.001918419,30.918438000007882,15.446594243659792,15.644195705175239,65925.192315,15.266196000011405,65956.110753,27.799999237060547
uncore,2.00200123,0.007080000000000197,0.0035371090624010987,0.0,11.229219,0.007080000000000197,11.236299,27.799999237060547
package-0,2.337011947,39.50002099999983,16.90272895543596,17.06524900886277,72088.491112,33.77859999999055,72127.991133,27.799999237060547
dram,2.337114904,1.0505350000000817,0.44954174488161347,0.4462020983906192,1904.681891,0.9009379999999965,1905.732426,27.799999237060547
core,2.337306586,36.16512900000089,15.475672104715954,15.64927460980315,65925.192315,30.918438000007882,65961.357444,27.799999237060547
uncore,2.337502919,0.007080000000000197,0.003029652085615105,0.0,11.229219,0.007080000000000197,11.236299,27.799999237060547
