zone,time_elapsed,power_j,watts,watts_since_last,start_power,prev_power,prev_power_reading,temp
package-0,0.000743741,0.01800599999842234,31.249186487533713,0.0,66370.422925,0.0,66370.440931,27.799999237060547
dram,0.000919691,0.0006719999998949788,1.1662475462723965,0.0,1752.518462,0.0,1752.519134,27.799999237060547
core,0.001048612,0.009643999997933861,16.73704067797486,0.0,60691.480981,0.0,60691.490625,27.799999237060547
uncore,0.001161091,0.0,0.0,0.0,10.190769,0.0,10.190769,27.799999237060547
package-0,1.001410869,16.90999099999317,16.888621927999402,16.880352968208943,66370.422925,0.01800599999842234,66387.332916,27.799999237060547
dram,1.001513673,0.45599300000003495,0.4554167639011714,0.4550074602743619,1752.518462,0.0006719999998949788,1752.974455,27.799999237060547
core,1.001600462,15.469625999998243,15.450077110131257,15.449336063360416,60691.480981,0.009643999997933861,60706.950607,27.799999237060547
uncore,1.001686472,0.007324999999999804,0.007315743433727569,0.007319955913539211,10.190769,0.0,10.198094,27.799999237060547
package-0,2.001895281,34.312778999999864,17.141070542397262,17.393706676176233,66370.422925,16.90999099999317,66404.735704,27.799999237060547
dram,2.001986167,0.9016699999999673,0.45043244897077095,0.4454444316803743,1752.518462,0.45599300000003495,1753.420132,27.799999237060547
core,2.002072232,31.43387999999686,15.702906328315722,15.955923348594622,60691.480981,15.469625999998243,60722.914861,27.799999237060547
uncore,2.002156395,0.007324999999999804,0.003659229750031529,0.0,10.190769,0.007324999999999804,10.198094,27.799999237060547
package-0,2.334533673,40.10963899998751,17.182605264883705,17.43263957256591,66370.422925,34.312778999999864,66410.532564,27.799999237060547
dram,2.334726924,1.0507179999999607,0.45011805363576135,0.4482254294596086,1752.518462,0.9016699999999673,1753.56918,27.799999237060547
core,2.33491845,36.767056999997294,15.75067347733121,16.038226284213184,60691.480981,31.43387999999686,60728.248038,27.799999237060547
uncore,2.335107664,0.007324999999999804,0.0031379635096019927,0.0,10.190769,0.007324999999999804,10.198094,27.799999237060547
