zone,time_elapsed,power_j,watts,watts_since_last,start_power,prev_power,prev_power_reading,temp
package-0,0.000304332,0.0,0.0,0.0,62279.817064,0.0,62279.817064,27.799999237060547
dram,0.000423106,0.0006099999998241401,3.2294269610782056,0.0,1643.282658,0.0,1643.283268,27.799999237060547
core,0.00050349,0.006592000005184673,34.898987787390794,0.0,56948.489587,0.0,56948.496179,27.799999237060547
uncore,0.000581595,0.0,0.0,0.0,9.436011,0.0,9.436011,27.799999237060547
package-0,1.000825922,16.74806499999977,16.736379024182682,16.739538715954797,62279.817064,0.0,62296.565129,27.799999237060547
dram,1.000922042,0.4558089999998174,0.45549095890365443,0.4549672624248772,1643.282658,0.0006099999998241401,1643.738467,27.799999237060547
core,1.00100313,15.309531000006245,15.298848762444054,15.295148416155293,56948.489587,0.006592000005184673,56963.799118,27.799999237060547
uncore,1.0010828,0.006895999999999347,0.006891188310455831,0.006892489310569009,9.436011,0.0,9.442907,27.799999237060547
package-0,2.001288398,33.85031599999638,16.9150322050144,17.093720959738167,62279.817064,16.74806499999977,62313.66738,27.799999237060547
dram,2.001375533,0.9016090000000077,0.4505347977056577,0.4455776496237856,1643.282658,0.4558089999998174,1644.184267,27.799999237060547
core,2.001455655,30.992413000007218,15.486935602204868,15.675059894312753,56948.489587,15.309531000006245,56979.482,27.799999237060547
uncore,2.001534456,0.006895999999999347,0.0034459371689700246,0.0,9.436011,0.006895999999999347,9.442907,27.799999237060547
package-0,2.332860867,39.519797000000835,16.941259145689315,17.099558493332275,62279.817064,33.85031599999638,62319.336861,27.799999237060547
dram,2.332948903,1.049496999999974,0.4498960520880884,0.4460407410236247,1643.282658,0.9016090000000077,1644.332155,27.799999237060547
core,2.33302921,36.18057100000442,15.509807131602257,15.64785404405311,56948.489587,30.992413000007218,56984.670158,27.799999237060547
uncore,2.333107624,0.006895999999999347,0.002956162023521021,0.0,9.436011,0.006895999999999347,9.442907,27.799999237060547
