zone,time_elapsed,power_j,watts,watts_since_last,start_power,prev_power,prev_power_reading,temp
package-0,0.000386108,0.0,0.0,0.0,65217.708469,0.0,65217.708469,27.799999237060547
dram,0.000505098,0.0,0.0,0.0,1721.972947,0.0,1721.972947,27.799999237060547
core,0.00059756,0.007813000003807247,29.898209106869917,0.0,59636.033671,0.0,59636.041484,27.799999237060547
uncore,0.000687686,0.0,0.0,0.0,9.97495,0.0,9.97495,27.799999237060547
package-0,1.001036152,16.716082999999344,16.702624075627078,16.706986430148817,65217.708469,0.0,65234.424552,27.799999237060547
dram,1.001253692,0.45580999999992855,0.4554430053925123,0.45556195699227126,1721.972947,0.0,1722.428757,27.799999237060547
core,1.001459793,15.277671000003465,15.265370210483969,15.26154843789084,59636.033671,0.007813000003807247,59651.311342,27.799999237060547
uncore,1.001609324,0.008238999999999663,0.008232366383864645,0.008234516495161926,9.97495,0.0,9.983189,27.799999237060547
package-0,2.001913471,33.85825100000511,16.91464022497989,17.126634947060623,65217.708469,16.716082999999344,65251.56672,27.799999237060547
dram,2.002100944,0.9016699999999673,0.4504492465264896,0.44545599235140765,1721.972947,0.45580999999992855,1722.874617,27.799999237060547
core,2.002300669,31.005109000005177,15.489289859399246,15.713186878023127,59636.033671,15.277671000003465,59667.03878,27.799999237060547
uncore,2.002488487,0.008238999999999663,0.0041159751817535575,0.0,9.97495,0.008238999999999663,9.983189,27.799999237060547
package-0,2.335321206,39.593282000001636,16.95561135728121,17.201598701632523,65217.708469,33.85825100000511,65257.301751,27.799999237060547
dram,2.335511833,1.0505350000000817,0.4498859977614906,0.44650429801025393,1721.972947,0.9016699999999673,1723.023482,27.799999237060547
core,2.335700942,36.25173799999902,15.524613002628598,15.7366902801914,59636.033671,31.005109000005177,59672.285409,27.799999237060547
uncore,2.335890605,0.008238999999999663,0.003528307705651388,0.0,9.97495,0.008238999999999663,9.983189,27.799999237060547
