zone,time_elapsed,power_j,watts,watts_since_last,start_power,prev_power,prev_power_reading,temp
package-0,0.000374594,0.0,0.0,0.0,62913.852367,0.0,62913.852367,27.799999237060547
dram,0.000499213,0.0,0.0,0.0,1660.240012,0.0,1660.240012,27.799999237060547
core,0.000585368,0.005615000001853332,23.39632076440481,0.0,57528.586674,0.0,57528.592289,27.799999237060547
uncore,0.000669232,0.0,0.0,0.0,9.549597,0.0,9.549597,27.799999237060547
package-0,1.000992985,16.375080999998318,16.36219608146589,16.366120777998052,62913.852367,0.0,62930.227448,27.799999237060547
dram,1.001195452,0.4565420000001268,0.45618276474036634,0.4562921864161545,1660.240012,0.0,1660.696554,27.799999237060547
core,1.001391814,14.956749000004493,14.94498011212082,14.942952942467977,57528.586674,0.005615000001853332,57543.543423,27.799999237060547
uncore,1.001573161,0.005371000000000237,0.0053667737676269325,0.005368061061721798,9.549597,0.0,9.554968,27.799999237060547
package-0,2.001865959,33.4980230000001,16.734968485075548,17.107702407374187,62913.852367,16.375080999998318,62947.35039,27.799999237060547
dram,2.002074061,0.9022800000000188,0.45076174688620385,0.4453412886439441,1660.240012,0.4565420000001268,1661.142292,27.799999237060547
core,2.002280057,30.65305800000351,15.313678649072815,15.682339125259219,57528.586674,14.956749000004493,57559.239732,27.799999237060547
uncore,2.002485512,0.005371000000000237,0.0026832483735934045,0.0,9.549597,0.005371000000000237,9.554968,27.799999237060547
package-0,2.351675037,39.48079500000313,16.78964793608356,17.102526817838402,62913.852367,33.4980230000001,62953.333162,27.799999237060547
dram,2.351849776,1.0588960000000043,0.45030732134258694,0.44770707292555634,1660.240012,0.9022800000000188,1661.298908,27.799999237060547
core,2.352022044,36.13223100000323,15.36563378815575,15.662924004462134,57528.586674,30.65305800000351,57564.718905,27.799999237060547
uncore,2.352194547,0.005371000000000237,0.0022840775892355165,0.0,9.549597,0.005371000000000237,9.554968,27.799999237060547
