zone,time_elapsed,power_j,watts,watts_since_last,start_power,prev_power,prev_power_reading,temp
package-0,0.000598128,0.0,0.0,0.0,64979.049229,0.0,64979.049229,27.799999237060547
dram,0.000811841,0.0,0.0,0.0,1715.583864,0.0,1715.583864,27.799999237060547
core,0.000964915,0.011046999999962281,26.512969682915443,0.0,59417.696706,0.0,59417.707753,27.799999237060547
uncore,0.001099483,0.0,0.0,0.0,9.933202,0.0,9.933202,27.799999237060547
package-0,1.001439092,16.55836800000543,16.538428790641,16.54531432608815,64979.049229,0.0,64995.607597,27.799999237060547
dram,1.001654895,0.4559320000000753,0.45538297707680514,0.45557256918802586,1715.583864,0.0,1716.039796,27.799999237060547
core,1.001790408,15.127096999996866,15.108881294550597,15.104133367414683,59417.696706,0.011046999999962281,59432.823803,27.799999237060547
uncore,1.001991806,0.0063469999999998805,0.006339357087254131,0.006341996386820553,9.933202,0.0,9.939549,27.799999237060547
package-0,2.002304832,33.5895140000066,16.777070226697703,17.015783861063078,64979.049229,16.55836800000543,65012.638743,27.799999237060547
dram,2.002511616,0.9016699999999673,0.4503602198978823,0.4453359431397145,1715.583864,0.4559320000000753,1716.485534,27.799999237060547
core,2.002716144,30.730694999998377,15.349166056112017,15.589523513151937,59417.696706,15.127096999996866,59448.427401,27.799999237060547
uncore,2.002922483,0.0063469999999998805,0.003170157946579024,0.0,9.933202,0.0063469999999998805,9.939549,27.799999237060547
package-0,2.3739058650000002,39.896687000000384,16.807473687736227,16.9712647075036,64979.049229,33.5895140000066,65018.945916,27.799999237060547
dram,2.37414066,1.0671970000000783,0.4495833324990665,0.44539804651681536,1715.583864,0.9016699999999673,1716.651061,27.799999237060547
core,2.374312802,36.51717899999494,15.383771720011815,15.570201053589736,59417.696706,30.730694999998377,59454.213885,27.799999237060547
uncore,2.37448388,0.0063469999999998805,0.002673831927349226,0.0,9.933202,0.0063469999999998805,9.939549,27.799999237060547
