zone,time_elapsed,power_j,watts,watts_since_last,start_power,prev_power,prev_power_reading,temp
package-0,0.000588634,0.019654000003356487,45.12538401200455,0.0,71177.741795,0.0,71177.761449,27.799999237060547
dram,0.000778478,0.0007929999999305437,1.8207199304097967,0.0,1880.422493,0.0,1880.423286,27.799999237060547
core,0.000902004,0.010680999999749474,24.52346731141767,0.0,65091.668692,0.0,65091.679373,27.799999237060547
uncore,0.000990729,0.0,0.0,0.0,11.066744,0.0,11.066744,27.799999237060547
package-0,1.001330249,16.515339000005042,16.497254709392603,16.484794188842475,71177.741795,0.019654000003356487,71194.257134,27.799999237060547
dram,1.001543084,0.4567859999999655,0.45628581948464636,0.4556919434720446,1880.422493,0.0007929999999305437,1880.879279,27.799999237060547
core,1.001738151,15.077475999998569,15.060966168884237,15.056847573194808,65091.668692,0.010680999999749474,65106.746168,27.799999237060547
uncore,1.001946655,0.008483000000000018,0.008473711117872606,0.00847739933830797,11.066744,0.0,11.075227,27.799999237060547
package-0,2.002263114,33.44901100000425,16.70735915498534,16.917492955611106,71177.741795,16.515339000005042,71211.190806,27.799999237060547
dram,2.002471155,0.9024019999999382,0.4507384184295952,0.44519024231173787,1880.422493,0.4567859999999655,1881.324895,27.799999237060547
core,2.002676839,30.583599999998114,15.276122497383055,15.491308886745704,65091.668692,15.077475999998569,65122.252292,27.799999237060547
uncore,2.002870864,0.008483000000000018,0.004237151517326564,0.0,11.066744,0.008483000000000018,11.075227,27.799999237060547
package-0,2.337823094,39.14296599999943,16.744868925778572,16.968665555788984,71177.741795,33.44901100000425,71216.884761,27.799999237060547
dram,2.338017161,1.0521819999999025,0.45011023630815744,0.44636227840712067,1880.422493,0.9024019999999382,1881.474675,27.799999237060547
core,2.338205763,35.78787200000079,15.30960187770551,15.50935176506964,65091.668692,30.583599999998114,65127.456564,27.799999237060547
uncore,2.3383953699999998,0.008483000000000018,0.003628920789941723,0.0,11.066744,0.008483000000000018,11.075227,27.799999237060547
