zone,time_elapsed,power_j,watts,watts_since_last,start_power,prev_power,prev_power_reading,temp
package-0,0.00032802,0.0,0.0,0.0,62240.481227,0.0,62240.481227,27.799999237060547
dram,0.000435783,0.0,0.0,0.0,1642.22956,0.0,1642.22956,27.799999237060547
core,0.000517158,0.004700000004959293,22.231577377521948,0.0,56912.496637,0.0,56912.501337,27.799999237060547
uncore,0.00064685,0.0,0.0,0.0,9.429358,0.0,9.429358,27.799999237060547
package-0,1.000856179,16.600483000001987,16.588537362008083,16.592042578166346,62240.481227,0.0,62257.08171,27.799999237060547
dram,1.000953354,0.4559309999999641,0.4556029139631785,0.45569918445773294,1642.22956,0.0,1642.685491,27.799999237060547
core,1.001034311,15.157066000007035,15.146159038836943,15.144661865077326,56912.496637,0.004700000004959293,56927.653703,27.799999237060547
uncore,1.001113891,0.00665300000000002,0.006648212529082853,0.006649617319720627,9.429358,0.0,9.436011,27.799999237060547
package-0,2.001319098,33.58164100000431,16.78062855870854,16.9727630507515,62240.481227,16.600483000001987,62274.062868,27.799999237060547
dram,2.001406362,0.9012430000000222,0.45034797507765006,0.44509185178397165,1642.22956,0.4559309999999641,1643.130803,27.799999237060547
core,2.001486587,30.721723000002385,15.351537536432685,15.556962324189294,56912.496637,15.157066000007035,56943.21836,27.799999237060547
uncore,2.001565382,0.00665300000000002,0.0033244808316863945,0.0,9.429358,0.00665300000000002,9.436011,27.799999237060547
package-0,2.339822537,39.335837000005995,16.812349165110646,16.999890343516064,62240.481227,33.58164100000431,62279.817064,27.799999237060547
dram,2.339910061,1.053098000000091,0.4500997724054664,0.4486323281506302,1642.22956,0.9012430000000222,1643.282658,27.799999237060547
core,2.339988756,35.98355100000481,15.379564024849785,15.54526453503799,56912.496637,30.721723000002385,56948.480188,27.799999237060547
uncore,2.34006553,0.00665300000000002,0.0028435281292086,0.0,9.429358,0.00665300000000002,9.436011,27.799999237060547
