zone,time_elapsed,power_j,watts,watts_since_last,start_power,prev_power,prev_power_reading,temp
package-0,0.000453607,0.0,0.0,0.0,171199.55599,0.0,171199.55599,27.799999237060547
dram,0.000646665,0.0007320000004256144,2.3681273367484006,0.0,11740.977694,0.0,11740.978426,27.799999237060547
core,0.000786814,0.009947999991709366,32.183238678472904,0.0,132914.63453,0.0,132914.644478,27.799999237060547
uncore,0.000922476,0.0,0.0,0.0,22.349613,0.0,22.349613,27.799999237060547
package-0,1.001275307,18.55891300001531,18.53984725145672,18.54557389199218,171199.55599,0.0,171218.114903,27.799999237060547
dram,1.001495206,0.46026500000152737,0.4597921653715929,0.45920271339826024,11740.977694,0.0007320000004256144,11741.437959,27.799999237060547
core,1.001694665,17.12330799998017,17.10571706214784,17.101059874562026,132914.63453,0.009947999991709366,132931.757838,27.799999237060547
uncore,1.001903766,0.007201999999999487,0.007194601316621918,0.007196823605456203,22.349613,0.0,22.356815,27.799999237060547
package-0,2.002223805,37.89162700000452,18.92678365055134,19.31373776978695,171199.55599,18.55891300001531,171237.447617,27.799999237060547
dram,2.002418206,0.9067970000014611,0.45294309040872305,0.4460937017855869,11740.977694,0.46026500000152737,11741.884491,27.799999237060547
core,2.0025741,35.02383599997847,17.494328406217683,17.882957547134307,132914.63453,17.12330799998017,132949.658366,27.799999237060547
uncore,2.002702451,0.007201999999999487,0.0035973830274230447,0.0,22.349613,0.007201999999999487,22.356815,27.799999237060547
package-0,2.721476989,51.820668000000296,19.042736581036916,19.365478351538506,171199.55599,37.89162700000452,171251.376658,27.799999237060547
dram,2.721655569,1.22906200000034,0.451648054937631,0.4480434712582681,11740.977694,0.9067970000014611,11742.206756,27.799999237060547
core,2.721830169,47.92693999997573,17.61189364742836,17.939123101128967,132914.63453,35.02383599997847,132962.56147,27.799999237060547
uncore,2.722004664,0.007201999999999487,0.0026465461397876485,0.0,22.349613,0.007201999999999487,22.356815,27.799999237060547
