zone,time_elapsed,power_j,watts,watts_since_last,start_power,prev_power,prev_power_reading,temp
package-0,0.000378557,0.0,0.0,0.0,170568.011403,0.0,170568.011403,27.799999237060547
dram,0.000490933,0.0007929999992484227,3.337120730751263,0.0,11725.858043,0.0,11725.858836,27.799999237060547
core,0.000574058,0.00604199999361299,25.426082538454697,0.0,132330.573708,0.0,132330.57975,27.799999237060547
uncore,0.000653741,0.0,0.0,0.0,22.262089,0.0,22.262089,27.799999237060547
package-0,1.000904061,18.518751999974484,18.504442680989257,18.50883753755028,170568.011403,0.0,170586.530155,27.799999237060547
dram,1.000999869,0.4677109999993263,0.46734960275766024,0.46666802413959924,11725.858043,0.0007929999992484227,11726.325754,27.799999237060547
core,1.001081274,17.069963999994798,17.056774150055528,17.054786416054775,132330.573708,0.00604199999361299,132347.643672,27.799999237060547
uncore,1.001161057,0.007201999999999487,0.007196435061534318,0.007198144234860497,22.262089,0.0,22.269291,27.799999237060547
package-0,2.001376587,37.89113899998483,18.933632356000032,19.362944563279346,170568.011403,18.518751999974484,170605.902542,27.799999237060547
dram,2.001467984,0.929562999999689,0.46448865244567117,0.4616268853415915,11725.858043,0.4677109999993263,11726.787606,27.799999237060547
core,2.001548749,35.01388699997915,17.495912799359225,17.935176821331545,132330.573708,17.069963999994798,132365.587595,27.799999237060547
uncore,2.001628172,0.007201999999999487,0.003598731097208693,0.0,22.262089,0.007201999999999487,22.269291,27.799999237060547
package-0,2.70796902,51.590932999999495,19.05252817274975,19.38928629670651,170568.011403,37.89113899998483,170619.602336,27.799999237060547
dram,2.708058894,1.2565269999995508,0.4640353386769028,0.46275138186069653,11725.858043,0.929562999999689,11727.11457,27.799999237060547
core,2.708138147,47.68920899997465,17.6116217554774,17.939353479372922,132330.573708,35.01388699997915,132378.262917,27.799999237060547
uncore,2.708216149,0.007201999999999487,0.0026596981275786437,0.0,22.262089,0.007201999999999487,22.269291,27.799999237060547
