zone,time_elapsed,power_j,watts,watts_since_last,start_power,prev_power,prev_power_reading,temp
package-0,0.000532714,0.019287000002805144,43.56586381303552,0.0,169997.590806,0.0,169997.610093,27.799999237060547
dram,0.000790544,0.0007940000014059478,1.7935031847239333,0.0,11712.131515,0.0,11712.132309,27.799999237060547
core,0.000927151,0.0073850000044330955,16.681386654513677,0.0,131803.319992,0.0,131803.327377,27.799999237060547
uncore,0.001054307,0.0,0.0,0.0,22.183292,0.0,22.183292,27.799999237060547
package-0,1.001314587,18.42902999999933,18.40752669546422,18.39639694750662,169997.590806,0.019287000002805144,170016.019836,27.799999237060547
dram,1.001416132,0.4579460000004474,0.4574116608464797,0.45682058990885965,11712.131515,0.0007940000014059478,11712.589461,27.799999237060547
core,1.001502707,16.981646000000183,16.961831527646215,16.96195559310966,131803.319992,0.0073850000044330955,131820.301638,27.799999237060547
uncore,1.001586587,0.007873999999997494,0.007864812483350693,0.00786829178248976,22.183292,0.0,22.191166,27.799999237060547
package-0,2.001804937,37.8817379999964,18.924882319208347,19.44257243144798,169997.590806,18.42902999999933,170035.472544,27.799999237060547
dram,2.001898542,0.9038070000005973,0.4515220794328303,0.44562869019891976,11712.131515,0.4579460000004474,11713.035322,27.799999237060547
core,2.001983284,34.99234199998318,17.481403689113638,18.001311772145687,131803.319992,16.981646000000183,131838.312334,27.799999237060547
uncore,2.002066594,0.007873999999997494,0.003933677049912896,0.0,22.183292,0.007873999999997494,22.191166,27.799999237060547
package-0,2.707637827,51.60881500001415,19.06214979386864,19.451499058793683,169997.590806,37.8817379999964,170049.199621,27.799999237060547
dram,2.707834704,1.2198460000017803,0.4505603776695716,0.4478325801667144,11712.131515,0.9038070000005973,11713.351361,27.799999237060547
core,2.708026266,47.70483400000376,17.620181583310142,18.013815044018678,131803.319992,34.99234199998318,131851.024826,27.799999237060547
uncore,2.708194978,0.007873999999997494,0.002908328111715659,0.0,22.183292,0.007873999999997494,22.191166,27.799999237060547
