zone,time_elapsed,power_j,watts,watts_since_last,start_power,prev_power,prev_power_reading,temp
package-0,0.000613602,0.0,0.0,0.0,170515.974366,0.0,170515.974366,27.799999237060547
dram,0.000821472,0.0,0.0,0.0,11724.603529,0.0,11724.603529,27.799999237060547
core,0.000968603,0.01135200000135228,27.25099142849803,0.0,132282.509439,0.0,132282.520791,27.799999237060547
uncore,0.001104368,0.0,0.0,0.0,22.254825,0.0,22.254825,27.799999237060547
package-0,1.001360499,17.7515419999836,17.729844659335622,17.73722445918847,170515.974366,0.0,170533.725908,27.799999237060547
dram,1.00146603,0.4655139999995299,0.46494501191757054,0.4651385387756147,11724.603529,0.0,11725.069043,27.799999237060547
core,1.001551788,16.30641600000672,16.286485006817504,16.281921184379573,132282.509439,0.01135200000135228,132298.815855,27.799999237060547
uncore,1.00163571,0.007263999999999271,0.007255121363852223,0.007258141206642846,22.254825,0.0,22.262089,27.799999237060547
package-0,2.00184826,37.19039599999087,18.579150073328094,19.429066704800057,170515.974366,17.7515419999836,170553.164762,27.799999237060547
dram,2.001982409,0.912413000000015,0.45581278714698137,0.4466739902112861,11724.603529,0.4655139999995299,11725.515942,27.799999237060547
core,2.002070518,34.324680000019725,17.147528650662565,18.00919195960931,132282.509439,16.30641600000672,132316.834119,27.799999237060547
uncore,2.002154949,0.007263999999999271,0.003628865531108485,0.0,22.254825,0.007263999999999271,22.262089,27.799999237060547
package-0,2.765468952,52.02214499999536,18.812880531730386,19.42565924426082,170515.974366,37.19039599999087,170567.996511,27.799999237060547
dram,2.765663193,1.2537200000006123,0.4533854684433839,0.4470216883855385,11724.603529,0.912413000000015,11725.857249,27.799999237060547
core,2.765826325,48.0523670000257,17.377281148988143,17.979630714752812,132282.509439,34.324680000019725,132330.561806,27.799999237060547
uncore,2.765941721,0.007263999999999271,0.002626895991745208,0.0,22.254825,0.007263999999999271,22.262089,27.799999237060547
