zone,time_elapsed,power_j,watts,watts_since_last,start_power,prev_power,prev_power_reading,temp
package-0,0.000660232,0.0,0.0,0.0,168174.611769,0.0,168174.611769,27.799999237060547
dram,0.000792732,0.0,0.0,0.0,11668.246191,0.0,11668.246191,27.799999237060547
core,0.000909511,0.010009999998146668,18.184724827774975,0.0,130118.564661,0.0,130118.574671,27.799999237060547
uncore,0.000996718,0.0,0.0,0.0,21.951115,0.0,21.951115,27.799999237060547
package-0,1.001253941,18.927991000004113,18.90686624490748,18.917267860221155,168174.611769,0.0,168193.53976,27.799999237060547
dram,1.001357393,0.4593490000006568,0.45883633940562085,0.45908876828688605,11668.246191,0.0,11668.70554,27.799999237060547
core,1.001444327,17.484024999997928,17.464511796180982,17.464115570873126,130118.564661,0.010009999998146668,130136.048686,27.799999237060547
uncore,1.001529007,0.007506999999996822,0.007498621744929481,0.007502747112812407,21.951115,0.0,21.958622,27.799999237060547
package-0,2.001748906,38.33187199998065,19.15031320320462,19.39390688820909,168174.611769,18.927991000004113,168212.943641,27.799999237060547
dram,2.001844238,0.907772999998997,0.4535165219012063,0.44819349811600057,11668.246191,0.4593490000006568,11669.153964,27.799999237060547
core,2.001930927,35.46499700000277,17.71804414616401,17.971729301370708,130118.564661,17.484024999997928,130154.029658,27.799999237060547
uncore,2.002014946,0.007506999999996822,0.0037504403963487306,0.0,21.951115,0.007506999999996822,21.958622,27.799999237060547
package-0,2.7022367750000003,51.9277230000007,19.217487370253515,19.40943954492064,168174.611769,38.33187199998065,168226.539492,27.799999237060547
dram,2.702487247,1.2233849999993254,0.45275210288816853,0.4505677528864383,11668.246191,0.907772999998997,11669.469576,27.799999237060547
core,2.702684746,48.04833900000085,17.781799288487257,17.963981498595672,130118.564661,35.46499700000277,130166.613,27.799999237060547
uncore,2.7028809369999998,0.007506999999996822,0.0027782014953444062,0.0,21.951115,0.007506999999996822,21.958622,27.799999237060547
