zone,time_elapsed,power_j,watts,watts_since_last,start_power,prev_power,prev_power_reading,temp
package-0,0.000340562,0.0,0.0,0.0,169264.301179,0.0,169264.301179,27.799999237060547
dram,0.000455431,0.0,0.0,0.0,11694.434417,0.0,11694.434417,27.799999237060547
core,0.000539473,0.00567600000067614,23.590630250021363,0.0,131125.814341,0.0,131125.820017,27.799999237060547
uncore,0.000621336,0.0,0.0,0.0,22.092533,0.0,22.092533,27.799999237060547
package-0,1.000862906,18.152968999987934,18.139886405073277,18.14424883770803,169264.301179,0.0,169282.454148,27.799999237060547
dram,1.000961388,0.4678329999987909,0.46749583919458876,0.46760826653067966,11694.434417,0.0,11694.90225,27.799999237060547
core,1.001042662,16.720354999997653,16.708304870275384,16.70664975071348,131125.814341,0.00567600000067614,131142.534696,27.799999237060547
uncore,1.001121853,0.006409000000001441,0.006404381121910034,0.006405921301412139,22.092533,0.0,22.098942,27.799999237060547
package-0,2.001333407,37.49465499998769,18.73590687806906,19.332060373819026,169264.301179,18.152968999987934,169301.795834,27.799999237060547
dram,2.001422907,0.9291969999994762,0.46431547278877594,0.46113439657328753,11694.434417,0.4678329999987909,11695.363614,27.799999237060547
core,2.00150381,34.61380300001474,17.296358366394266,17.884543107158603,131125.814341,16.720354999997653,131160.428144,27.799999237060547
uncore,2.001583304,0.006409000000001441,0.003202547861331463,0.0,22.092533,0.006409000000001441,22.098942,27.799999237060547
package-0,2.7071456019999998,51.08763799999724,18.872341395800984,19.259191011278084,169264.301179,37.49465499998769,169315.388817,27.799999237060547
dram,2.70723809,1.2559779999992315,0.463972235349814,0.4629990119054314,11694.434417,0.9291969999994762,11695.690395,27.799999237060547
core,2.707318919,47.187074000015855,17.431429693368706,17.81441408595999,131125.814341,34.61380300001474,131173.001415,27.799999237060547
uncore,2.707398252,0.006409000000001441,0.002367555846009601,0.0,22.092533,0.006409000000001441,22.098942,27.799999237060547
