zone,time_elapsed,power_j,watts,watts_since_last,start_power,prev_power,prev_power_reading,temp
package-0,0.00035258,0.0,0.0,0.0,167295.871282,0.0,167295.871282,27.799999237060547
dram,0.000463927,0.0,0.0,0.0,11647.300688,0.0,11647.300688,27.799999237060547
core,0.000545845,0.005858999997144565,25.09164724006683,0.0,129306.05783,0.0,129306.063689,27.799999237060547
uncore,0.000625884,0.0,0.0,0.0,21.830022,0.0,21.830022,27.799999237060547
package-0,1.00087391,18.445691999979317,18.43227490745461,18.43657679048491,167295.871282,0.0,167314.316974,27.799999237060547
dram,1.000973163,0.4696030000013707,0.4692614185144356,0.46937093878489694,11647.300688,0.0,11647.770291,27.799999237060547
core,1.001054578,17.012407999995048,17.000033454642978,16.998144964144323,129306.05783,0.005858999997144565,129323.070238,27.799999237060547
uncore,1.001134978,0.007018999999999664,0.007013894495016114,0.007015531458106993,21.830022,0.0,21.837041,27.799999237060547
package-0,2.001352082,37.78914799998165,18.882757897085007,19.333332873576403,167295.871282,18.445691999979317,167333.66043,27.799999237060547
dram,2.001441271,0.9319430000014108,0.46568009532573423,0.46209804084487344,11647.300688,0.4696030000013707,11648.232631,27.799999237060547
core,2.001522165,34.90896799998882,17.443568486412996,17.887194086298244,129306.05783,17.012407999995048,129340.966798,27.799999237060547
uncore,2.001601668,0.007018999999999664,0.0035073052633972507,0.0,21.830022,0.007018999999999664,21.837041,27.799999237060547
package-0,2.718010768,51.55626399998437,18.96915407050706,19.21041666613265,167295.871282,37.78914799998165,167347.427546,27.799999237060547
dram,2.718101723,1.2628750000003492,0.46465101596200786,0.46177729657649164,11647.300688,0.9319430000014108,11648.563563,27.799999237060547
core,2.718182524,47.65747099999862,17.534666786754954,17.789060141541785,129306.05783,34.90896799998882,129353.715301,27.799999237060547
uncore,2.718262118,0.007018999999999664,0.002582508546797011,0.0,21.830022,0.007018999999999664,21.837041,27.799999237060547
